2990683
1211180500
153344
79648
2521916
1071098
55659
153310
149987
153712
2892484
90689
1669059
87565
44125
2009947
305639493
138885
2545593
56240
1942624
2772031
172193
2531584
56029
1777967
145819
1083334
1029026
279245
532309
44754
536461
145810
42568
453031
3795000
415485
456972
2465165
571802
1269449
1206399
55091
47772
974227
58032
3323098
42153
3333251
146468
279338
3011045
3348459
386602
153622
156106
2171963
169849
2752783
1154624
349041
36996
123561
62761
148182
1639542076
73984
1983629
3006199
184468
133987
1161681
57963
532765
1209616
156261
182514
184482
153292
1450201
2094154
1457019
168174
106714
3348644
1920087
152508
1729920
2787497
121688
198269
1395137
1167368
92955
71525
79480
3258165
1107289
1069716
119567324
1960191
2563285683
287082
1536462
145739
108089
288763
1151630
153310
2171253
119593162
152468
223026
158079
2985127
531494
1152643
76377
144839
974234
54786
1352398
216373
2425986
1550620
58166
119089549
137780739
556073
102905
1351548
106752
2892459
3009667371
131841
3013005
159868003
153800
910727
969369
1122577
240071610
1631530
141549
304716
452648
1167368
90306
482067
153745
1106257
410820
37332618
280280
1216537
279228
280412
2917876
158863
1206388
3319514
114366
11240
90813
1813385
145223
2954021
76467
114366
184843
55404
901990
226708
2411900
145501
224368
1249704
2438729
152995
3955977
419138
148027
1267391
240354
3018139
1632167
134188
3354571
1383665
1777256
129645
1019690
696768134
105267
164051
227225
47504
142858
1395105
124535
1210971
3309230
5811935
90205
55166
1312553
131822
145780
54814
141933
377017579
1455009
1106185
126495
169849
287940
167603
567267943
1120592
122419
53391
123706
148034
1240069
104891
344962
3247790
1216375
1252276
138910
1553155
1671443
1805044
161644
2776280
3342022
1107424
2815477
400417
62363
1877808
106511
1225441
1244795
136446
557841
2117791
2468628
58897
2022530
152314
56132
9070
55076
469335290
1831206
2815640
3356937
1019746
5812080
149199
146146
1155788
55871
179366
2171405
1067583
72196
56312
172204
152311
280502
153683
122813
198831
531491
5326784
35183
112993
77159
197565
88627
2177187
446100
166563
168951
104371
1550590
1216541
185383
2340636
172191
44807
74811
7379
2861745
2533318
965755
3589982
4703444617
167609
1206426
55893
144725
1392201
1194075612
124458
380973
120189
156737
106802
32662994
296561
2950481
2955082
1141620
1945133
139237
120745
2460505
54187
1106179
2420744
3017296
111147
3007852
1820692
2076861
44239
1672462
122821
56906
56255
417761133
178747
437354
145224
1268700
149435
74820
168233
1235975
1421330
272939
74859
56093
2145268
1150941
153497
138741
2016768
1067762
3019461
57516
106511
152136
104886
1225227
261657499
1135467
279141
242620
42414
2536070
1107722
104332
1162527
1059914
1800742
106864
2992480
192782
1217000
55706
74034
1380268
126281
33120283
1060289
1530587
60072
153016
158850
1227136
2032400
135582
114347
74174
1729920
302696627
141971
168023
1107720
163602
133912
76383
152241
280540
178351
3358794
1826563
2808164
387496
2399800
59874
1268492
411551
114351
147061
180049
75618
13234283
150378
126401
90259
939906
73977
341906
1395105
2917182
11318
2904795
2196336
134107
168589
180049
288760
53859
169036
3168167
1079085
114377
1627251
2720006
536118
1347195
1150937
115229
2799538
3013116
1672628
1161288
74796
1582777
154287
174737
1107351
2460472
150534
1069690
1381329
1539375
1804856
903230
42004
44383
152747
58404
146300
2917182
136333955
133904
123510
1346852
2032127
3958665
301829
1223833
152245
1116474
107015
307763
1216380
443174
244081110
2401505
2531584
56843
152127
169034
1151556
3006333
1550551
155940
4422604
3018574
170568
1160505
1240083
137780738
131226
280177
76352
149346
157319
40442
2027869
280209
542629
1987491
104886
47036191
136454429
1106282
131603
44915
155947
168994
146661
44204
138896
3163307
532298
324899693
152306
139264
139540
1161680
145759
1289010
165941
154297
1403839
198402
532306
153133
1359817
55317
148015
56325
1155794
1734911
1672622
108083
136147
86048
3359744
2442883
107028
25735371
1658233
946158
152760
1155956
1014452
152411
192756
158419
1309642
1152727
168239
138333
2917332
130323
126574
149309
3008436
2032842
1334216
1004432
102880
58140
341381
839039
1721119244
57582
2171392
60244
305095
398863
157753
3020470
1269374
58024
119089544
91246
147173
1429268
1067583
3326620
450381
139830
2369652
153429
122381
3332449
1403918
127167
279163
2415761
3350423
2026303
1284995
1135953
7382
1067587
74718
134026
165941
549165036
231974114
1197613
2950567
56840
974218
342627
1253817
131272
20995224
150573
3323266
153366
2873684
550365
1987154
1538253
107008
151090
149596
3240074
2946612
152970
2917393
4145201092
531460
342935
2769604
58144
536224
3325425
3010032
7388499
1066801
280404
1149379
1157700
190870
74002
74157
1166204
132483
1772919
3349604
3325806
1861519
1225379
1204665
54837
422390
416189
44239
1395273
68000
349043
44126
2850582
44056
279181
1253406
28699
123845821
55617
1775054
2850346
59709
1872673
443174
575380
2067293
413137
1158717
185534
1361468
334051
552250
2398104
279198
1376769
54809
185262
131001
1210057
82933
149029
536224
126419
149352
912940
139350
402695
3168167
345740
1135953
1550561
3019941
1395469
974215
55428
56171
109772
1175376
190861
131411
2184073
428039507
391186
156393
62478
2980961
1824791
62418
347796
145596
349041
3352914
149714
2932315
1354337
83814
184431
196158
1964157
162219
115106
1637028
2610460
2730708
2443353
121987
55077
130981
172590
131027
115218
1265999
349052
148841
1340037
3348772
3795031
2016138
2815484
6927733
1800608
195273
149806
181703
79096099
58207
78312
1775054
2751685
1106399
58140
1151579
122804
139237
2103721
57983
1206388
532356
452648
58380
1028992
457020
532298
151120
158985
3630439
1243070
564957290
240377
2018151
156732
152249
186579
279188
139561
1664257
488260
129575
1083319
1345819
409863
3355910
1216375
1224652
2950867
55623
56078
3326609
2034933
4670891
3220685
1158564
4072985
168227
2952127
1158718
168198
23608718
1529412
1401321
3014991
1028987
44788
153422
117905
74034
1934100
58112
3350102
324269
3159819
2146988
192777
55075
1529748
178176
113358
406574
36996
370131193
2720417
134029
7455
2195069
401092
153420
2390836
965761
245711197
969360
349011
139672
1820891
1553174
131297
139345
2202162
280622
1066455
897495
897467
136460540
3691783
1792386
2147147
1106287
53662
1611887
129551
1157700
152278
4703444604
357800
309478
54839
192830
146211
1143169
3020527
1444234
59041
1357320
1144811
1163971
132376
1922120
56909
2351743
2872088
165794
74557
2414646
34920
2755981
74157
3347385
135848
27027
1411101
50046
3249766
286780
1269641
2316593
129471
90306
4097196
122806
153009
2265848
3594027
3007014
188022
2444605
370134561
7388
121688
288599
531460
3326960
158871
453052
62430
122804
2811800
2032445
1928217
913105
2673506
132471
161438
184985
550089
3011922
153707
1069729
55906
3354596
1069729
92949
240090728
2793044
142043
1355581
8642
51854
152604
148553
3333246
1106399
2216724
440364
156986
1084381
287517
571805
1428125
121739
422689
1813385
3246441
3359689
2952388
3358867
38246
4703402618
2092425
172591
44232
1553735
67213
191713
153618
146336
1235963
1307672
5815715
3359840
2679956
214394
155952
534266439
1279979
287072
30295
3231415
1847663
79395
172171
1761742
2959874
1099982
1067724
223616
280441
1240076
153231
280485
901533
145728
4819615
123394
1855926
1686631
74131
122841
130072481
137968
120958
1143142
2580605
3349077
420762
107015
45037
3012406
3010989
2552985
2264749
158987
44415
406169
1686359
2668761
124328387
2952303
2860044
2109291
444869
2868289
2949161
2949504
1151563
135799
2723259
189450
531383
7401
45253
139113
90284
146445
55460
166888
298442
280582
62422
2162970
3002965
911088
2910925
1448683
901990
226708
146211
1345803
3325806
240106077
1405131
56331
42568
2966074
1240538
2403848
3775072
2145227
113764
139113
153465
2848213
3350106
410422
7419
1529412
1346719
2147227
536900
107402
240369
2952389
1433688
2027973
109754
1775848
94436
2951840
149987
1746535
1230248
533705
1204451
74812
287668
3009198
131610
150337
8655
169024
162221
1740406
1206797
276953319
2442883
2804536
3326941
198336
1606296
542626
153699
3333241
172630
241086
423229
3342022
55904
2521916
1291402
1067849
7446
151088
80409
111716
279434
53706
1777255
349053
280528
1194102
279249
2816505
1529146
120027
543228
36473
344165
1014465
1776943
56312
303940
1362003
2225912
278721
131351
298227
2946473
196177
3007441
304716
3377982
2195080
1162677
1775848
83124
192306
2415518
2539350
62636
156990
192789
73984
41038
135857
1404342
1591241
145805
349043
1159668
1823294
1128379
1160512
1666494
1079075
1640528
1823621
1420351
139108
536121
154304
280564
185301
171961
1060330
74143
55580
131171
1826074
280141
411203
1154624
286393
536794
2434875
138882
1155986
58395
2814058
88613
59563
2952117
1381329
1209609
1188508
153133
228340
3358385
3330374
147109
2951098
2682940
969477
7146560
287827
130072480
132506
143149
2691153
1592502
318807
1206573
452648
1772521
1404367
55128
413194
1111036
1251254
3213219
158866
2917414
109772
1255333
2755498
2027869
111134
1815270
190861
1188476
286393
1261619
120308
7388
1479989
1244004
2429069
159060
2259401
106211
1547285
73947
1479603
4703402616
160892
3775058
2379886
58974
77159
456972
53845
536790
552196
153418
180045
148051
154613
340611
531620
3009719
294001443
172198
165466
138356
4703402619
2103532
151931
74039
53461
1842545
74157
135602
138877
2743139
3007852
3328405
8648
1450201
571805
27308486
2691157
145836
54701
131838
104650
114367
55390
41946
85587
191740
131627
969477
2429377
172058
1107709
153707
1513057
969268
240074382
2915664
139791
3019518
969369
280622
58161
153004
3301465
54881
2420076
55152
107976
172207
370368642
171496
2147147
184433
1539375
2671262
1269641
142197
145317
132580
122829
2673801
401161
3010736
2020070
106864
137556
536465
1004400
151088
1851826
2152285
154297
109655
120714
153812
102505
1539723
410246
184425
74040
224374
2531274
117905
138911
397221
188409113
1361458
56025
2171253
148858
157319
2032116
73943
192758
869555482
3295229
2506300
280372
106995
3013597
288592
57983
4703444593
75618
157853
1083111
1103581
405836
141194
136446
107008
107402
1163975
135409
2084698
1924257
241086
76835
1446311
105278
142703
152233
141933
2705167
2953123
139238
1141566
159868003
2460577
7168979
1401835
1067835
153824
1734929
142193
2316598
162239
167718
1950884
1847663
1106819
148603
279167
185489
1877750
2085598
109934
133767
198376
1433721
8651
2162098
122888
1922197
79096099
1479603
1268595
3020742
2954509
121027781
136712
453052
1415887
172202
167608
153719
224045
2954439
55054
8644
3359752
1530644
139784
153129
58184
1960191
196177
153434
135875
44917852
304934
3154415
2307251
3013630
149307
153737
158851
130956
198336
218896252
44012
153726
162018
139269
1216468
1751833
153449
153437
153567
191740
136219
2952240
346317
192318
7384
1392622
419153
1197894
1003302
112993
122855
55091
2954314
3349833
1553735
1004349
109657
957268
414720
1224252
7433
279198
1413934
1303516
104024
1235974
153475
145989
2713484
54801
3325425
3329387
2342818
3012405
116869
3325425
56311
52395
148182
280340
296095
2673321
2307203
1734305
46085
1433701
224459
129543
59759
150534
89726
1154833
1993208
173016322
44959
3027886
43761
153018
1602787
4165116689
47608
2690419
152313
2667807
1999345
3237066
443174
1255333
148074
1201656
2273921
365331
3010032
76383
164051
154304
153673
109976
189975223
2827425
4351432485
912999
55670
109876
4703444620
1084180
1197893
2084668
1206478
1983629
3019128
279147
157815
3256329
1402912
3087994
153128
57856
166739
135824
1894771
114811
148184
453913
2165312
1529753
2148493
151097
1399708
134124
164051
1878201
153013
1592502
470054
1206604
76155
1668045
358309
23571101
198402
149441
1156112
2444025
231974104
74001
1230278
145933
1203006
1295607
2533822
74148
74051
2954819
89248
153722
191739
2533746
2669965
3327158
130928
153105
1109203
142702
1342360
90262
1767434
303702
78593
1672416
395658
1019734
1236015
377687879
1230248
1155339
1158715
3019518
90332
2732936
132463
104730
1942809
83124
3013186
3325394
153017
117877
3301368
179368
2171405
142863
115032
122823
1179644
131029
550360
126415
536475
104333
2995467
966739
2946664
145836
131187
130980
1672622
3008857
404193
2066368
2755967
240393
1673977
1176736
55830
180751
147008
3010745
3864712
1529146
1403897
131898821
1231489
110019
1230373
153151
106499
3349708
54821
1158564
80513
2444605
1922627
963658
2117795
248770992
610744
1225243
1157702
1176780
56117
194571
280580
1117583
129471
109383
1664973
178338
241066
149309
176173908
900260
1403211
185301
79096099
1631531
3210999
43858
134161
3006243
3011596
142271
150303
390867
114373
135879
1028987
383444094
108849
1942601
156299
73962
157299
380346
173297
2155874
1188515
148011
62652
150488
2917151
1135408
2944314
135628
2953977
255401637
153695
729167774
2809922
55909
2668761
3355910
216359
179546
138057
1704198
223647
168180
398863
900365
2805848
147059
56245
2171963
1480032
277023297
2947961
2451539
90780
206672
114346
3238668
1141526
1750339
55877
550365
56331
131179
1602787
1776966
2741711
1919982
153687
1959473
343535
1405383
1235970
2369778
6677259
1145294
141549
54836
1187159
2804536
550087
1269568
120136
11235057
3309232
152426
2888417
2892455
2646516
72020
27431648
43863
55164
1143143
180022
134108
357800
73947
1764573
2951716
153465
279434
163594
1151569
153683
1027785
150399
2563285709
56132
2460525
97218
3006339
550119
279143
2505782
1074553
448658
2533313
2815754
71525
307763
117571
44126
53706
145751
180038
136454429
29095278
188218
42481
117858
163565
2206549
279438
153667
418783
190367
287516
149309
3347719
1059674
1539381
149370
188176
2992480
2443356
198268
366694000
107015
64484
139089
2798531
3218955
139502
1345803
279167
55864
198268
240074382
59470
54541
136219
1290654
2955270
1673426
3339993
120565105
1959916
231974114
2745046
448658
2438728
54795
58686
2917358
131274
51701
1342360
150532
169036
2027869
2952389
62772
58888
58383
1084201
1402912
170100
62403
1671443
2105378
153441
7436
143048
3307089
106956
1154551
41256
139778
172599
1552664
1356925
1340513
7405
3010032
2950160
2907537
151092
1060289
144782
542634
1078995
76373657
1203006
151684
2873415
169831
80071
913105
44933
21335
2811800
1422612
1107289
122820
53293
2789106
279206
3348382
74149
1272374
1450201
156972
149596
73986
1248154
55147
1243590
949522007
3357537
1777967
45144
543230
1348707
7394
139346
229786
155005
1401303
54545
2692246
1014425
969477
30432487
144667
1187382
1828595
55909
58888
280481
167728
2084805
54777
161648
2186665
279244
55617
965765
346397
153467
171496
106511
280572
121027786
547426105
280533
2137636
62467
178094
2000314677
921599
106782
135765
2076861
4629949172
918574
2814001
153086
153343
1947869
2155859
191605
107079
57397
2947194
2317365
139642
2247233
104337
2066778
803018184
965617
3158121
2444984
1204639
240028160
3231415
179549
138910
346134
3249766
134124
120130
28699
131168
2690410
1804856
177922
1156583
156555
418647
114148
2665484
131360
156826
279420
128158
129543
913110
8648
404193
62422
197384
2415687
3018574
3792634
190827
73967
138057
303585
139528
1806492
123845821
130935
3246442
115401
1140595
185681
305640275
2947032
1159665
58161
2078292
74142
387146
1800297
3158042
1872673
47534
1230151
74805
1111036
2713484
2265848
105777
491153
88826
1216541
131182
1014436
2313658
42568
280485
2811520
36966065
145214
150394
62430
408105
114339
114829
7433
2815484
149027
287077
1455187
7446
197384
1405150
2770659
571802
45511
59064
88977
340516
1553735
179052
2610683
120534
1074640
375151
2816505
131195
37775
420107
132525
3007014
2690095
132379
74818
298227
153004
159868002
404940
919703
55234
114352
1785276
120236
152248
156292
2892484
280485
1474716
1131673
27365302
154292
136372
168023
1536593
248770992
74319
104762
3324274
167676
73956
913109
153491
2674904
269952
104237
190861
1381444
152617
134107
280551
45319
182644
280254
2094521
1166432
2632581
168009
4629949163
214673
141947
2952540
74002
3359627
913100
1860340
151684
195296
3018139
109877
137913
133863
152314
44818
1106824
279317
76469
114686
152127
135848
280333
2414647
3020440
157754
3359572
1160508
153614
531300
404810
303427
2429756
3020471
4629949167
54813
364087
42568
5379538
1390849
253256
3256084
1948194
3359719
1351952
1947852
910714
60187
90724
542626
107085
391196
162353
1014465
25735371
1216468
54854
6679920
103125
142013
3163078
180033
85640
72894
1231312
2411584
1013863
192783
153756
231974112
44952
103703
1547427
2952019
2427626
153014
44299
91278
54773
131358
1792374
186579
150378
130884
3019951
279351
2247331
3234489
123305
1059674
104760
305639344
3217684
1448718
24535523
1402724
170051
107007
1972004
172060
2798105
1255558
43656
126561
963199
106388
8648
280344
3358712
1923798
74718
5812110
398407
3020516
1402747
153105
1530586
123845823
117858
2816593
368650
3163284
103807
1839460
152994
2995467
3006300
253556
286363
73444
280564
3007324
1152136
63355
279175
214599
419698
1411101
3437391
185511
152752
138332
74806
1144794
2200642
180030
269915
1029030
158863
153685
391194
420674
269538499
3293120
146216
172635
74585
1380948
139563
149339
405836
138304
1106819
3354571
153007
454716
126829
3000952
55454
133992
197564
1268702
1206399
913073
62611
113314
551832
2177266
54786
1225243
3163463
26769661
280340
2673383
134090
279279
115239
98279662
1120885
1216603
3356984
85944
1947869
103625
550369
3248309
244080670
1750226
56241
3357208
401444978
1159671
1213691
151327029
1520612
61423
4703444613
663358886
1235978
131283
1359772
224376
150406
3356894
2958755
3328411
1751717
55151
2950160
146139
1456633
1553148
1141876
150568
2842383
162571
141916
3012206
146455
2015297
190380
1479980
132490
1622687
1538253
1066471
1959489
1965259
2084703
2713205
142863
3316629
1150938
1067724
2755981
54881
418783
107069
2443356
3559887
357000807
131254
1249525
196158
910673
280141
121799
158985
1240069
240056905
225564
1650630003
1230279
2732956
1206604
2313832
6927733
1777254
280485
146213
410437
288247
508103295
104759
44134
85626
152752
131324
1937057
1066455
113314
443158
74123
398862
179365
1162542
23074930
550357
2087675
1079221
53403
166888
7231014
2723259
469335290
2317350
149996
1279979
4629949172
61549
55872
71525
58974
1154627
145768
312144
159868003
901534
121799
305095
2811698
1206838
55346
58658
3795635
139264
1900605
122806
44290
130072482
77189
2316741
3018637
44290
91734
152617
1084372
1491393
2952303
1410703
440364
280295
131833
23571101
1188395
158079
73965
131770
1158568
179480
68000
145810
1553155
2371819
1965547
147973
1952429
3012719
3006416
1550553
55828
4491048
1251275
39230
2066363
154502
1404228
1206581
192798
56035
165473
137780739
114762
1231404
58065
1226244
1164734
3006339
79374
536223
1242338
550369
62449
126354
122888
418077
1314591
56040
161638
3325806
153671
3016468
280172
110194036
1229109
62405
375151
7375
1029029
307829
1120709
3316590
3986076
966730
1231459
1083109
280440
1152139
1682891
10187
1342811
276958564
901577
1188386
3076268
45104
371363775
4629949167
3007481
1458053
1672624
3218318
1155339
152760
965761
139128
145780
153240
1206419
117651
53853
153014
117659
288756
2128285
2952349
1959485
549470
1466455
525577
405156
151689
3298774
1103578
272775
3017741
416658
144839
1084151
37307
280195
153139
153812
168647
55555
111134
1235972
390265
178760
3011922
1078979
3019964
1076946
151110
443158
178747
350902
153136
2155862
166907
74051
155449
231974111
3326873
54545
149025
90786
3351055
2438128
180033
1307487
168227
1143169
74023
3358794
158716
130323
151077
334547
571802
69141
55841
2951676
1152642
168251
122852
153714
61449
157543
3333137
2953347
3327158
7463
2351738
1999345
1145269
55595
156094
51296461
1430613
1145295
135598
1201020
55563
51490
42398
2369778
1600068
3357552
172162
62782
157753
1060300
74007
970101
74157
1106282
1804202
453066
34719
377017579
148229
162353
7376
2193837
3020742
536807
1999099
3352782
120148
2307251
153445
218896605
231974102
3160990
7146560
2638183
138882
131596
1156067
957327
3010028
153743
1107720
1231762
1216719
2399800
280480
198268
39202
286780
1965233
2379848
137780740
270098
85362
62149
2764712
175905
1240070
3156188
52373
3219173
2917365
1942586
2032458
2078291
542292
43872
1082290
1948243
399976
550091
231960258
1387273
965762
2952826
32662994
114993
113764
2772031
168172
2181664
307828
1060215
2609539356
135595
3327158
153743
172575
58446
42004
150508
1225197
137916
2964661
1376330
88065
58173
152300
406166
869508901
153473
122374
136454429
410183
162219
3986076
1376609
1107288
8636
58974
1084361
550087
371403808
2670303
536224
1547434
75580
1721119244
2868289
303427
1334017
153310
449587
1069700
144325
55575
102268
192784
139276
279241
89253
131187
2174036
387146
3775060
1281207
1069682
44233
131828
56004
60189
1792372
184460
1231310
155036
2202144
1145173
331414
158262738
2087180
17721995
120114
150534
1141565
153269
2918047
572571
533706
1894502
55943
155445
1019746
54801
79374
172685
2963979
1152722
1067587
1299536
1141566
1155789
2247382
307829
226966
1268674
2417529
156383
974234
3354254
112405
197239
153363
1964310
107974
2371819
2923822
280262
1165366
1281234
45757
216374
1552192
903988
73979
1204451
1187159
3331501
2955293
56075
139237
440364
1622702
60163
53937
153729
2720007
1130433
138806
85609
180040
2315704
1418659
113764
1702421
913109
2816505
55724
2712453
280526
550311
158419
2651806
74112
1729920
778545155
1283313
47036191
104754
1179288
184468
11235057
185383
153724
162138
1668045
62352
550371
344337
163614
2097692241
74155
114003
1140595
2552450
138910
414972
6064379
130931
1145294
1028988
417327
149593
167704
55885
1383408
2066363
43890
2673388
131346
1014053
1116471
3009396
147488
1867188
721604
102303
3325146
1162677
109976
2946644
1160505
74051
1550630
1211145
123281
123265
163576
131889382
3243586
113465
1225197
115229
2917911
1230279
357113
1404343
137541
1998320
1640522
122805
3018489
2915747
2563285702
288755
910521
148183
55147
138882
1236000
57993
55464
3161168
1268683
149027
180045
153691
4491048
116874
152405
538362
2596323
1400524
1230123
173372
2413664
166909
454064
1547295
422728
76932
1359759
131324
1405383
145606
144860
91246
123883
160885
184843
1299536
410803
58024
172072
302091707
114884
148841
2730708
178351
2436519
1206838
132462
1792374
1550593
1145288
152233
1067777
1127162
1151569
281003
180442
3251562
543311
185686
4442556
2433239
3015639
146598
2505979
1155339
1539774
153703
1405230
127319
85956
1004330
145214
114378
297514
3006874
153013
43083
155005
1014452
153677
240060919
2691151
55584
3161168
288761
2273913
295355
3594027
1284869
241077
3009288
152230
56294
1084372
56022
1362067
162068
160907
153726
307828
4430941
161128
2032132
1149379
568575
399747
158716
346956
153976
41946
3349604
179480
3019909
190380
550088
902344
3017029
2015101
2531521
62761
1268207
550370
90724
1197644
1163972
1029019
1415887
252645
2691153
919417
117634
3017000
913100
62273
2873684
3354399
1014488
168645
156563
305639493
1828595
240102963
1206427
1386979
123302
296083
2810954
455082
969375
3221112
1029505
1771739
144875
8636
1411878
1141565
334547
44800
1107394
151120
1767164377
2953046
531548
55166
280597
3324640
158866
3310948
149806
76680
2993601
536209
56313
1320226
119557
54908
1433688
551830
122704
1398615
7388
1025105
2657331
55721
74123
1835900
543226
1842563
1216719
1529814
1229108
3018438
273622
55591
1240078
54836
122678
2776280
453674
153420
287499
149997
332493
76352
562654
131358
1216556
1240076
1227093
1163974
2815568
180047
184425
392915
1243833
1249525
970101
280554
1231749
3018626
4703444288
969643
307823
142106
139346
134183
225564
2668838
4703444614
536173
150533
218896252
1410142
1775848
142004
1944643
60243
2425988
3792634
149441
141933
2427331
2452669
1686631
227232
971074
168927
55547
133767
3332766
142033
104962
2207891
240028160
147096
143137
2202144
4703444613
3158051
43933
419138
145947
271514
184532
44290
4703444611
1387968
7430
55233
172598
7390
91914
3007393
1426915
55189
55589
4703444614
1076927
1149379
43740
286390
123706
3019109
1106402
186960
1108117
186978
1142934
115134
145268
453031
20995224
74122
3327639
1175408
139375
172170
3355910
1225243
188553
138906
420676
1947852
2907653
145223
139236
27308495
161435
532354
223287694
1021584
51856
168645
104184
3019589
122703
1078979
1611887
1374629
73947
1473946
1066584
153493
149346
106814
4670178
536124
1790696
123282
162431
123389
140078
131802
1823287
1227127
151119
1079081
2947961
3355367
3757780
170568
140253
120321
55434
1067767
53428
3315921
422391
25340549
2438729
249203962
287083
74845
3223995
961595
26225
1392121
145779
3357030
536124
55589
1379335
1629146
55660
104762
371816372
154391
552195
279186
130981
1166327
3579531
4629949174
180033
62629
150507
542292
73977
167669
423229
152292
145743
153695
153622
147267
304938
536471
542792
1392622
334927
1453939
190178
559621143
7392435
120318
276939493
1245224
158878
120114
1987516
3006415
3306879
1877580
3349708
114373
141969
55726
4703444613
191742
286937
405836
269538499
11358
1079412
128126
2690163
391196
112997
1060610
185048
961284
145734
3012406
122586
1084364
1205479
447325
2259407
2753128
346956
1162541
3006057
1616886
156234
75021
1861591
1744281
56141
897992
7418
156981
89395
114907
2989154
1209614
1176777
153013
1155789
49915
43921
62405
78775
4115866
153737
287517
153714
153692
120580
7361997
949522007
7450
1340091
2955196
153118
1376609
2657331
73981
153344
114348
140989
2355168
297514
145804
192758
2952564
47381
135576
419190
3795064
1161610
138502
2322446
287931
2755499
89564
146137
531524
128150
2225912
84518800
1151579
1151563
3103093
3006112
141258
55078
156177
901577
1405241
153702
2515282
2464719
1151556
145169
80349
3160959
70040693
90243
156732
2770659
186960
287499
62496
153743
3012824
167691
3352934
56076
185546
103091
151148
288763
3019916
161753
166753
2460472
139642
1135467
393835
2084776
59874
76932
157699
1761717
48311069
7394
135808
2016159
68942
1320707
1016561
1751833
76072
120892
23443256
1107707
122815
139499
1362148
153139
1948194
169023
1933745
185241
1345977
62366
85809
184633
88605
121511793
3332449
3351055
152244
2929054
114883
7146560
1452155
342462529
149430
1108113
1231314
2668838
1245052
3648962
168210
3007509
2822827
145990
4703444618
106211
1240074
3713815561
550363
1965259
2919649
78775
2327259
133890998
173351
74019
1426915
150388
975727
3019951
2770659
1029029
114350
4629949169
7394
24517001
139830
23021291
134068
73953
56907
2087433
55121
143137
1152139
167797
1175569
3325757
227225
240098830
74148
411190
27308737
3663636
94446
3326620
188553
139098
1216636
2427331
151092
190827
1150941
3006899
109752
138675
153570
1231635
153578
144851
2032280
131596
286776
2804460
2955951
869508901
3314266
43843
85802
135628
1362067
3720376
97218
154471
3879783
1332082
1473946
447871
557841
2273921
104752
2755498
190333
969552
229395587
67991
88621
658312593
280437
131382
2994939
2483364661
532009
74800
44134
913105
56204
1550556
59551
44804
56093
178739
536206
27308495
2307310
252565
4430941
3355367
552255
43989
152239
156177
74034
1079343
25341887
121869
1420611
115274
5812079
1156164
1162528
3009208
2032132
1964153
153470
3323098
3329824
1014063
131291
2087675
2712700
58002
1473946
55121
1405479
3355367
8647
2316596
3251416
552256
1155955
139800
43933
964255
2025886
1079418
1152556
3358871
1829065
144721
88066
3238668
114351
75021
126415
135860
166888
138330
152298
2958956
115229
3006802
3349905
1402718
1253405
1829636
412712
3005662
172063
241068
122704
1167795
141868
1060123
1701435
32662994
136219
146210
112729
2108121
1154776
195269
1359759
150024
160837
168169
2758781
1410876
1156067
1433414
279323
109879
3007364
225494
1325307
55081
552194
130947
161645
149248
145624
2399800
107069
1163973
3309230
1359190
73982
74829
3140016266
74135
62780
2571989
74175
156272
88629
146468
2692254
1679959
416643
4703444600
1761717
60163
2682940
224246
148342
55572
158848
7466
11240
1965556
1404342
1154756
287519
114661
150563
552251
152744
1854763
412707
73962
913073
1392169
3308102
43839
25341887
157754
104915
1402749
1777905
8654
1550595
47207
2566603
223647
126354
145612
162112
74816
1283501
974215
1399708
106719
142013
62591
178750
1154627
1558556
114354
2460551
110008
1163972
147219
178351
115079
146297
2628521
2259448
839039
146342
44917852
69587534
1204465
555358
180442
3359840
73973
56324
3358867
412135
163602
3202959
3350401
1944556
123394
149593
3864712
2955204
1550553
56253
28699
4819631
2711874
55893
7464
397230310
149025
2892459
39859
131346
62636
2950484
148024
178748
79480
280481
1014067
1948243
1674666
74844
44800
453052
55233
3016826
536464
280605
569470
152983
56240
2815538
115065
1116474
185497
3357223
543310
1547434
287083
121027781
131300
305640074
550357
412712
2667257
55081
1106209
1083319
975783
2666025
2670303
3329208
145735
3013038
2917151
345576
3578391
1156116
229395587
2533318
55860
4283101
3358836
180658
3347372
1255333
970101
1216407
148838
3357208
192756
163602
104962
119089561
1162528
1361505
56014
3007637
61315
62607
41946
43709
244080670
152750
3019909
2757697
2951840
2690188
2954731
160885
1540548
3013038
168585
2755965
411560
279186
106879697
2162970
59551
119581355
2622229
2892455
171496
55248
2552985
166909
44126
21063362
3579531
191731
2015101
3008257
150368
120850
269915
166727
3352139
1354393
134190
223621
454714
1188419
1163977
102268
1303516
62654
109934
54771
1067835
2440454
104754
191731
1016039
3007509
1847663
2145227
24517022
158880
164937
420679
280367
1216406
3315921
1204574
1164628
2531512
2723923694
150568
908959
3019504
6677259
227232
1405115
2147227
30137197
1809448
53296
3010736
1782722
571129
1832843
1776943
4283101
3350401
188185
104401
133946
1073990
536206
167699
2690163
1106185
2954777
142308
279241
306562096
945587
115177
910727
1149451
2752783
2443353
1777254
370131193
104730
1122560
1175406
145317
2718490
2379848
4189263789
192306
104345
158161
1066644
1121023
58166
74040
280372
1383412
62691
2746229
132342
1538252
2267562
149593
1345963
2723260
2719041
417365
173016321
296561
168251
158161
43826
2670059
1346218
178176
135799
1029019
3258165
153269
145760
2196135
1265682
3795063
54809
120318
120842
1003302
55826
138333
370193443
2671821
2949526
7523933
163590
3318382
1376769
4348295445
3018139
61320
2671821
171973
185494
2245475
2955019
7606486
1433688
58897
2691151
286394
1160506
2032458
2152285
454721
156977
199073
1448559
376544
252565
128122
1120891
1084185
3010736
115074
58383
1084091
1944643
3296957
42499
2436520
2929054
173351
46116
7219605
3354994
146498570
3006074
1227093
1359295
2673492
2997071
1151471
2952095
2829595
390558
1345803
73966
1877808
84518800
1362086
2805690
179053882
51296461
400311
2712700
157772
147104
240090728
280325
167704
391187
447325
391153
3009194
549165036
149025
269907
43811
244081110
138741
1402912
393835
231974100
184633
122813
2375172
2842383
92956
114883
56288
149377
2919649
1014067
2673321
3163195
1320707
1402733
1448559
3019916
2755981
1465057
153118
121360
55059
3087984
192318
469335290
55673
153467
1156164
2972852
40218
1079084
4283101
126354
168994
2947577
130975
1348707
168852
148229
2860044
172162
1180853
206546
1747944
439840
478818045
124328387
1831008
3007045
2067293
1877989
134129607
1176758
172639
145518
2723341
1316098
1923997
208428926
1019690
58103
154964
1269468
4703444592
149987
129336
1529146
153656
223287694
1059914
532765
223616
135798
176095
158160
152621
4670891
1076949
1395469
1232837
49915
337131
2665955
279167
106752
56329
123292
55562
35738
1997192
169037
1435626
966958
157879
1924172
1629146
240060919
550621
1231485
131889382
87515
1206612
119557
1076898
135576
74828
160885
90290
58033
56016
153673
1552662
382225
7430
531383
139672
146342
147301
122864
131840
2196165
157927105
1856449
192780
51800
901533
3986076
147301
3347257
3006333
2732936
1059689
159868002
120741
75801
146345
280254
139502
150375
393835
166760
143137
912998
128122
145760
3007383
555017
2247303
406831
2815653
185384
2015297
2531584
969359
1265638
418082
457016
3011922
536785
2317355
7439
161352
197472
4629911076
105281
2988827
88129
149997
415695
167454
150496
44754
150548
240053395
224384
419483
965620
2915674
3305871
130914
1082276
4583125
324899692
25930131
223407
198830
167593
1107711
370133195
171989
55315
1279979
150532
107008
2989154
1340091
119581355
138739
1235974
279192
2433239
58655
2208659
1625798
168994
8640
170100
2690138
178759
51490
195271
1395349
312144
1721119349
536792
134036
2317346
112729
6667566
59974
153714
412070
2690410
3295229
280129
74317
126439
2932315
160882
224368
179546
551815
288761
418066
155908
62499
134033
149436
120965
74042
1298955
192736
165471
280480
114350
214395
71949
67213
130931
1235963
963662
153221
536795
157853
141998
149001
456997
1076946
1375910
412070
161352
69376388
153713
156231
2917889
1380268
1640644
2771635
56014
106499
215693
172058
106864
3332449
1210971
133927
1357420
532302
1748992
135838
3087248
91877
383890
135857
134026
119581355
301482
1227118
1259562
971033
3009288
3352914
146745
3255205
1550620
3319485
456810
57397
122798
3349380
43172
961617
56304
172590
3161168
410422
147008
104965
152765
134129607
114347
2448882
150573
2120173
47554
149296
104752
126415
398997886
1383412
141112
188203
76377
170486
61911
3793581
131185
151091
1107350
4703444594
3513476360
921589
1135467
1959472
296083
128142
1777267
62352
2690418
184489
306562096
2832490
3560284
40442
178747
4703444612
44233
1309655
1028988
1529748
97218
508103295
1159674
142098
1150939
74148
2562137
54765
123322
1295577
550360
153569
172198
150532
3359627
2018151
135593
54825
237385
280564
3249857
240377
3407643
28722
1721119349
1078989
44319
231974104
167200630
453066
1069702
149199
144784
1155794
184428
54190
1834655
92968
159010
148031
2804803
535774
1395137
55875
74791
23074927
1119076
223617
525577
969459
1404340
1539832
1446311
132493
102786
869576948
1360887
195340
1106282
552197
2697338
2955293
543231
168180
422728
1416560
42414
224459
965756
138349
143149
195295
186984
74172
2553300
1284789
145989
1348625
2465058
145511
131442
1176777
2954181
149999
1536462
1107715
56906
280485
122415
42153
168236
1347195
147994
2955300
2109291
89766
1383408
150505
115997
231974105
40683
185820
139269
971040
151104
161650
1672457
23074728
1358731
132520
152315
54821
2379919
3296957
1357320
139316
73965
1106257
184420
1467738
158861
2712154
208428926
3354399
120775
280435
2032812
965634
1211180500
147977
1244795
198359
198257
148553
134125
143116
158025
44766
4703444615
7523933
138895
3327682
2178622
2952864
2666952
146211
156819
2196171
4549670214
153565
218657
225502
964557
26487666
1160504
165131
55657
115056
2539242
2434875
2741717
25341887
1503354
409957
155952
288601
156977
439841
1029505
532000
1217159
3018438
3355367
3017000
1029026
139283
188231
163584
2820906
3320809
1870135
2917393
3328411
195296
3005198
106809
135857
181703
54886
157635
2398104
153656
55726
423229
550086
55657
192775
148024
1076897
73972
1340048
48925383
138908
1083121
56016
131802
55575
1230210
153570
2955721
55575
2317348
185579
1664272
2531584
176173908
62532
280516
55208
214672
3163570
373171673
1014063
122886481
812310
1198660
147875
145831
2917313
1124039
132428
1658233
3016826
160896
162061
1942587
1803923
190273
1143135
1066792
1120602
11978
2755618
132428
1457019
62428
3156216
168850
1163207
1059674
2954148
160839
2839668
135628
62581
1163208
113532
132367
1176738
43955
413194
135559
240379
970101
40784
177922
110009
55938
58177
964519
3154340
1103581
145990
1249704
91916
1268702
1213589
1685018
132520
78312
43989
393835
89697
1187382
3014850
172207
153692
1154756
297758543
565666208
56319
181703
120536
156283
2692246
144864
55185
973320
228340
44164
131842
1314591
2846508
2074733
129523
1898419
3005662
1411877
3154340
89396
55877
2413295
3156208
1348707
439073
149996
282427
24535523
1747246
132422
149159
2094194
1281172
131842
109934
7402
180029
869609474
1161610
1469724
90724
74017
113646
149199
149347
190868
1405383
240055326
186981
2178622
3087156
1150939
152410
161751
167797
74315
1751445
1154461
130956
303781
155918
357000807
536469
55637
280496
1016146
1187157
152279
129567706
399976
1628927045
1164845
153723
190811
409676
133946
1824791
43992
165504
90745
90773
114366
1067598
1066471
415487
31248510
162050
111767
185384
114883
197564
1340513
1204733
17859918
2956632
1059649
2661906
1231459
448660
1151569
179367
149335
53660
456781
1066767
1877989
3006243
172594
117542
56145
1673921
133912
122382
1235972
2953012
410804
2665233
1999114
138910
56117
161366
155987
74143
23074725
178388
1152728
2043639
1824907
36989
80413
1359295
1628927045
1478019
184633
420041
419572
135765
2451539
74153
3355312
58049
418066
152229
307828
74859
131889382
3020742
129523
3087983
1216406
48925381
145168
58867
2073463
900995
160907
156563
1395142
1295607
168170
1230272
1145310
102523
3213790
114854
170486
131274
2177266
1550551
192833
44741
2549937
3018530
1253409
4097196
3015002
44800
2436893
1383415
400410
158850
655969
3986076
1957077
55637
1154776
41256
2196335
1334824
2826006
56113
1446283
146128
168992
112857
1131673
531409608
132490
169831
545474
2799215
2804771
531383
157772
288763
4703444600
532000
2556598
150548
1999099
542631
74126
153470
1824937
56113
132471
225502
1388175
172199
416184
182706
103091
160885
141112
54801
58091
47608
2673321
153344
145518
2531532
76910
72596
241066
138885
121749
73986
404810
1279709
307833
2917186
279204
152306
4629949174
454713
305639710
116874
538380
8646
1268674
146314
1405115
152297
345769
557822
154030
88604
168022
759198
11318
218657
131842
531461
223287694
116869
193047
56113
1108115
76464
552257
55619
44164
2433239
411466
2954508
1777967
25871341
3015075
1345514
1236192
339887
280526
1073957
166807
1776915
3352883
153719
2950481
2671158
155952
139540
280172
409957
86708
122828
148018
1402733
3008213
456985
190271
1792387
2951716
1188393
2972852
88810
1387968
1360062
147296
104650
130949
1149574
241086
1776966
406169
2723923694
2805169
117659
571804
177922
131195
106809
453050
435514
2137636
149241
2965129
1928217
147296
123337
3015119
1346955
280487
1225379
149441
1284879
2473088
167720
136259088
7146560
1734934
407492
152752
2127079
2434875
2145268
160891
3163135
2932315
2917955
135847
79374
2956062
192799
1079081
2438128
136379
44754
2220322
2946664
542625
56255
131838
132490
154443
1120701
1121015
145774
240058050
1550551
134197
5937556
721604
3247809
170666
55080
139276
402695
143048
55260
2549937
307584
3019128
9071
156561
122841
2838555
412864
1395104
161646
2831099
1121069
3008014
275926
7428
1152128
1156582
88807
169037
1379215
150527
26528071
41946
1082276
122786
1952549
406166
3318382
253750
7394
1453939
148863
2433239
2713676
119567328
2355168
1412656
1748992
3324274
456862
346956
1084369
184633
79396
287507
111018
147101
153677
224246
157697
3058686
2809659
131803
1410843
1180853
2097692241
54771
454722
167792
152226
74557
786882074
1538253
59064
3315921
113358
3007492
1404367
168209
23074935
902344
117634
2245475
6677259
28595
536177
975768
169022
171963
27021
58049
1244004
88600
1014436
134176
1106183
288719
195271
2787498
1107710
1216636
2954980
298227
159010
2917876
969360
147108
1301935
1152558
88580
74566
2442172567
241076
1383415
214599
349015
150546
111074
158822
2186600
2787499
1268700
188217
173299
558161
3156208
55822
1550618
58383
2155862
550355
160882
3163548
2955236
7450
156171
120251
242620
2954980
3213219
139779
3348459
55869
152136
1553165
2732849
1059984
1107723
88847
1858224
343535
69730
1790696
1582777
135409
2689702
3009223
55871
305640074
27768
3152851
73977
1192497
108850
121736
26543901
279178
44974
73998
156279
1824976
3152830
306562098
1211180500
3778610
3212258
165794
147303
2431742
74048
224045
55260
134122
166713
190273
1163209
153108
131770
112997
192798
131037
2690110
153699
1459535
3320809
412148
1658233
542632
151081
156563
54174
1480032
7395
138294
1230248
1411876
73943
132422
344342
152743
141234
27852990
139792
172594
44749
1004432
43981
152237
3010204
1083329
1550562
1316098
107069
131862
2918483
162109
1067849
1084091
68008
146445
551831
2965129
90298
3310895
2351729
306562098
54541
40095
422728
402594
1141565
3160990
124464
3020516
133943
120706
304716
58144
152123
152297
138294
1751717
144789
2657332
508103259
1674609
55074
58003
153153
146135
3243124
43452
1067262
3319485
3172807
1405241
721604
74807
1392609
172162
139499
91246
154387
147299
224457
414972
1076898
1314593
391115
2531274
5400890
3348459
409120
158459
59043
2598542
145168
74796
162110
3258085
104492
3159826
56117
2952564
1326916
568575
123264
76469
2351723
2145227
1175448
1227315
153314
913011
2816597
1339877
2991079
74047
1082292
913073
1539774
105272
137913
1714886
1404291
54813
81816
153292
168630
2438130
280564
58950371
2904798
409120
2690289
3234092
2690188
123312
167652
152766
1206581
3011446
144869
5815685
172591
1422612
145999
153725
3019969
3314276
4098808
28595
175549
1251296
54913
307866
152410
150375
550362
42398
137916
147176
409120
1702499
2713483
1224252
131187
3328405
145274
1529823
2671821
3250832
729167774
2917889
43761
537569
139502
1156523
1274127
153672
3330374
153038
401092
280228
130935
1198634
40545
6837601
550088
542638
43452
280254
3986076
1014042
134125
1363697
73960
122886481
2815484
3298774
2808164
1824650
58392
133861
543228
1627497
240056905
2615716
1067808
42527
1547434
1106282
410183
131237
1664257
3359727
168637
129955
168233
62496
3018214
1346287
90203
153438
3578391
3007481
302696627
114347
3654543
62411
152625
186382
2171392
166754
178390
153741
198831
437354
288762
179511
1965547
2420076
532759
129520
1348737
1658233
280302
1433619
88595
1109200
1792373
1298955
1392177
3247831
131840
869606611
1154557
55399
2414645
3018649
55909
73981
374978
1223832
166806
1513057
192789
778545155
153125
1851826
55547
148838
1145295
2952240
280582
457016
131841
2888899
154391
3357088
62717
1539383
150303
135786
195271
7411
2503801
192833
1539382
3019138
58047
131442
536118
55885
192776
1959473
131293
107423527
3777290
139641
49903
1216604
3986076
114854
1872673
536222
116874
54882
131862
4189298057
75618
276953318
152230
104639
3158103
2892476
139298
1300499
1824838
2414645
3630439
163602
402594
3320809
288719
134033
53439
11358
44282
1923764
1279409
2155866
1069730
1161682
137968
1999133
1244004
1851826
2955019
146130
2438229
3020790
2531584
415676
910704
114027
147559
1131673
3012374
2675127
74040
102533
151940
68007
3013597
2395674
131283
1156523
88826
130979
62870
531494
123730
106798
149198
1346719
185820
44974
2954148
73943
1346218
150397
172058
145413
130978
4703402618
152412
550367
27303345
92965
195294
155446
1274015
168227
149806
56117
153578
1912453
129910
138894
3244962
180049
138908
44909
1235978
146344
1175407
151124
178750
1187267
1689030
2264749
74045
2162970
1550561
1831008
3013630
136333955
1346218
949522007
58112
154297
179511
912201
4098808
122617
76835
138014
91906
1538252
1403080
74112
55818
149344
3559887
161093
2992521
2815585
3007014
552194
1014065
1975754
305640123
44915
122370
133945
153467
1073990
3329816
898229
62534
3352914
249203962
3219160
145823
180049
2316596
134141448
3349854
131254
969362
2121672
148252
155005
154605
2351738
282525
3327639
3795063
241069
392340
1376757
1347672
1106396
2445563
1379056
444400
1631524
63512
54711
2804803
2954439
1227111
138895
280441
1082277
2764710
1673887
1213691
2369778
65335
156094
37332618
154301
1059914
83090
447595
202905256
7168979
2812042
3715845
1413399
2804803
1016039
90804
1016039
3469133
62564
145497
572571
56365
2815640
150319
270098
153492
3348881
74844
55428
279340
1084361
336819
542636
1307611
157853
85799
168209
88084
2953198
2952349
80409
3019951
27303345
349015
167609
1161667
231974105
152607
280190
2811800
1673982
129471
56159
162353
1383408
3007014
1547702
191713
2673388
214395
1889154
2078292
2375172
1160505
2815477
110450
3012207
157306
280582
54191
1230277
2121672
138513
1947863
1152554
91294
4521144
2196155
184843
1079421
536785
556073
150576
190367
2533318
157879
108843
226966
2915747
1016033
43992
2088990
139647
1107263
1392121
240102963
2415688
37774
130919
91290
3019128
139089
156171
1188395
453674
1176759
178746
3293501
90284
145738
202816646
2720897
104371
197609
3325425
58161
402695
123561
305640292
74807
42819
132556
147559
2597485
301464
126520
420754
7457
231974099
8652
3020473
2671262
1206581
1361845
1530644
406830
510542745
3331768
1160513
145746
130976
43978
2958956
224458
3019909
44804
3298774
141073
55315
2917166
132492
56256
1156583
939906
1176736
287083
3226004
1067835
1067782
231975489
2725478
543227
412864
1790696
58187
3010032
120832
3007492
3016772
179272
2918021
3359744
1434381
2622204
62366
127298
27564996
1164669
1084793
471417175
3163195
88210
11358
31172722
64484
153745
180904
1669044
153685
1637045
2924862
1162528
190789
1286998
3212258
1016564
535828
552263
1004349
153566
1540176
1159758
55572
58894
121686
2954646
147488
240057351
3326941
3202950
1767164377
3359848
1825877
2799215
142047
123706
536123
168645
3295975
216351
941125358
145792
58213
166806
76363
2778914
2952376
382225
148603
406060
157221822
1225483
531388
142276
104335
57813
3309232
1309066
85939
446100
39859
123322
74568
2965130
156994
131300
346134
68942
2985127
571802
1357420
547594701
2959850
1467738
152430
123302
1230276
1084089
74148
139371
3870502
1074553
2355168
3018214
131898821
106467
2671821
53662
1550568
152298
117571
3213790
1458053
1332064
3156258
62630
349034
132510
3663587
547511
1176743
2743139
1964153
3006243
556706
2451579
1082277
198257
552194
1694459
166717
2050278
3070202
152311
155468
139330
305639493
279202
1122554
1269513
7432
1216469
1965226
555358
1116270
415482
3006333
2563285714
1076927
2861745
2032100
162221
53824
55171
2460525
4703444591
162030
180033
132505
1843107
2842383
57925
2552485
17859918
1175391
2810954
2529848
33003571
131841
306394560
2131942
1231483
1529814
1165366
1152135
2989282
1949080
1085326
155952
413134
166896
3160959
83175
2013124
39727
288601
3578391
131840
55077
1230373
74150
2440455
120321
970000
167792
169021
2917365
54767
185490
56315
2755619
1141620
131828
2950430
90205
56299
31585309
61423
7219605
543021
6845078
185400
74516
1674666
241086
153120
43336
536177
214451
5937556
1540548
139563
152245
53453
2953012
114955
3010204
7326620
371363775
1066266
1206421
172198
2552450
1107423
3219160
4703444614
3317887
1187381
134010
508103245
3586169
155449
3009667371
5812066
454723
543227
195273
169034
401160
2632581
1019713
121694
63355
156990
1852574
111601
3012849
55595
137968
148015
3317408
3349708
1777256
324269
1185209
168173
185403
1268492
140078
107358036
2815623
3215936
192796
2413662
1225483
2955194
131358
1069716
3009289
44145
86048
7429
154350
156948
550311
2768922
147074
154605
3310895
115079
145819
1131673
2196335
610738
269915
1179321
2696995
457025
2019939
93006
2667594
54761
158848
135782
418042
3317408
216272
2956612
3247792
136454429
51856
173351
137556
165479
1639542076
307763
151304
334547
139342
130981
7453
122382
43839
53845
54809
1786760799
2646485
149002
1066473
3015851
55568
190911
195266
411560
183750
153719
288758
1900605
58437
7454
168647
153314
3006243
2755498
245711197
2953367
126401
166807
2194745
2455086
1160508
1282528
4703402617
2084823
391115
158974
2950481
131648
136259087
107014
1835596
2952389
3253888
2953123
2713483
56049
50046
119089561
1951964
144634
416658
1143142
531491
1253409
342792
3298774
2078291
4819631
7418
1547430
2317364
2379886
162068
1014067
1106185
1374629
2952178
138502
3103093
318467
224461
3333246
57925
155941
2351737
2195080
136454444
2815590
104752
73943
56236
2689687
296961
136222
2177266
41256
3020472
151124
153474
2918444
113358
1066589
1141565
134103
44144
294001443
1166322
3349674
279240
53428
5812083
1084381
107091
1135408
2132505
2955270
456805
261657500
119423328
126415
1162686
87645
55390
2200824
41946
902344
324899692
138896
163592
153500
1162686
1311713179
82933
198268
141933
1158717
5811956
151075
27303322
287670
56420
153492
532353
44818
1395273
1761742
161950
3020879
2812109
3790801
97213
161349
185494
206544
1082277
1269641
1106175
3159823
40452
129955
1758858
60189
2443356
164761439
192829
3778629
34719
340611
1615610
57418
1106173
543230
280437
54195
2892484
543181
74009
420754
1339820
74022
166786
111705
146455
2549937
27308495
1628355
3290008
3009348
198830
53407
3020473
1630145
151115
2743139
1263319
139588
532311
146216
176885144
54761
416658
444877
106959
7436
240074718
3156104
3016826
91914
311575798
1824937
912999
104886
1107725
58169
1666494
3009289
3162704
227225
7439
2805690
444877
55075
2307251
1912453
146143
154504
53460
172598
1156071
1253507
280333
104756
168172
397221
2092350
345576
126518
2027521
153292
162798
1194102
1960177
2923822
36996
1356925
663358886
149375
1386972
280329
2315704
119557
151090
543309
39727
2563285683
168183
271202
1348707
141971
8641
2831099
1159518
2317329
90262
59839
153115
3388394
1351952
172580
3332766
168852
3154366
76373657
153470
1919982
74496
3630439
1857436
132381
70070
414972
253556
223407
969676
282427
145831
2860044
11358
44385
453050
1669034
104908
62636
45319
1284995
1959445
131274
2954074
1382494
2696995
137968
1016039
145933
655969
1066767
1920087
3020516
918574
153470
1135474
92949
161644
3012849
3349904
1965233
152314
382225
1176724
2963947
163562
171989
536207
1131963
145776
3015397
1236192
1083319
240036844
122370
337131
1550595
1164628
2478628079
127864
1741311
3240074
280597
1240082
166786
153019
102272
2691151
4703444600
149991
1956850
146444
5404608
2317362
2436894
1066562
114364
1107712
422686
493986879
2567380
1453925
1106819
152767
44372
138739
1067576
30305
54174
113541
2167656
134107
1752948
153422
3349631
148863
342999
3359578
141112
1253513
144721
153667
3009194
345576
45253
145789
2322522
133960
3161266
542631
2185366
969360
1106780
7433
178338
153438
103076
172186
3006851
2220322
3097346
1083121
286388
536170
139630
306004
44917852
58032
1964164
6678712
1236093
134115
246673103
78763
939906
536126
168992
2195069
550626
420224
167719
1131944
150368
3030976
89697
73970
171957
114854
2452669
3359869
2812075
2125492
550087
142714
192758
132428
172065
161437
418225
305640306
196311
70553656
117884
332346
1923929
1359190
1107351
167682
287668
3012442
1355581
168174
152604
56050
2862866
106814
56243
553607
3247680
2390840
1240538
6956667
919417
58140
148863
2589843
1987507
148027
1337397
2412574
132520
3087982
1383408
279245
112443
286796
298285
2200642
168953
1965556
1019746
420107
3327158
415693
3328412
1265682
90262
106291
7404
1229108
1156112
159868003
152232
167728
2893622
105268
336819
206546
3159894
114349
122786
1550562
1151557
1894738
172710
1538253
46902829
166899
1422314245
142276
57983
154941
2524225
3016772
2084789
422688
214672
536118
2420076
4703444622
3163068
2162970
139375
1268683
131770
3358871
412436
442736
8638
1777255
404810
565666208
52411
2139059
53804
1370746
1664272
2666952
139026
253750
168235
173372
109921
1225243
179549
3625910
503080952
139311
73962
3014836
1552703
152127
2973029
156819
153726
1268683
3231415
62532
147096
3348459
114148
152759
1940362
104891
167652
344342
1206612
3006850
410430
103786
1176967
1076957
964255
148841
1402718
3864712
59761
154387
56325
89394
1017362
115106
1164651
123314
1066657
1726294
416184
1777256
3156216
3154415
965776
161646
169037
1891495
2725551
1823621
216274
55572
963641
1158568
148047
1028983
54534
57983
1278736
3168167
149279
55428
1224499
1248154
62369
420086
1169130
122822
1161610
913068
4136816
156171
3006415
1175407
2915674
2621967
2460551
57958
532386
192734
1741311
74131
412132
1944556
3359700
3087983
5937556
1161681
74828
1016561
151697
961284
428039507
170100
153707
2993601
16307924
54837
78593
8636
55952
375589
45916
76024
149370
138884
150569
115079
2713724
1370746
2184073
1381329
87565
1151470
306394560
1165370
1456792
134036
88065
3374767
911088
129471
132481
178750
119009
156231
62518
305142
102480
542785
1416560
1121075
2907649
56010
1740406
131429
2787926
120130
43083
280271
151120
2665128
971003
721570
149341
1922197
1179330
44204
1673921
31248510
143116
139563
543178
7382
34920
1353532
2804495
1863606
1547295
55571
536794
153800
57959
1243590
1669034
1185221
939334
163612
1334216
1924172
252565
1274015
163602
7429
3006802
145268
2193837
2674904
166563
107974
1083319
280233
141991
145275
26161363
149431
1155981
3020472
72525
2174036
2148431
4189298057
44232
73965
190273
55575
1204574
158851
2171446
373983
1777268
913068
55712
145900
2563285683
77677
1842151
453814
197385
975590
173299
168003
2216724
55667
55673
2952094
89766
58390
2812042
3020440
2502058
3358836
2954021
137944474
3778610
131291
3007364
1175406
107015
1997192
1672628
1015968
334443
1060300
4703444612
1075038
3348882
111716
36097
443174
153756
1459394
166905
120129
23074725
74287
172063
1236192
280344
55726
415487
1179645
57992
145820
419550
2120173
44555
137556
1539833
150576
156981
1325307
45401
59761
138356
120196
3342022
58380
1152554
2412574
965762
126419
108887
1131944
54813
2713484
1299601
62467
3348882
56159
2955003
110808
2556598
2425990
120251
135566
3211745
56049
1672462
812623
88613
136454429
280551
73986
1151588
3234489
46085
44909
119089561
168951
415484
6566419
62467
2812109
1274015
215693
4549670214
2691205
542292
167652
74175
74542
1159669
26543901
68614
144725
57032
2147147
1809448
171961
2917182
286390
2187211
74568
1079075
2952564
111705
168023
913073
3330421
227225
54839
107014
86754
55291
1236013
119581351
26480399
55244
3017814
2950675
133914
1127158
1107265
7375
55725
134125
2026244
53402
153724
4016543
1216397
1303516
1017362
168203
58206
153621
5811955
2103120
1820891
10187
288763
374900
2673321
56028
54773
536124
152123
40095
1340125
1013802
3087985
1539833
74542
179479
87565
1359759
287952
160839
3219356
104908
383890
778545155
156613
56010
88625
1346246
133863
1448546
2202244
1550556
158478
1404228
153451
163617
1156067
1067777
1418624
137910
901571
306001
3256204
1161680
122829
369519
3349833
139774
2259407
2369778
438171
422688
55054
4098808
3233214
168204
456998
103625
166713
405908
136259088
2085598
139792
3256329
279179
107085
2723258
1283520
1159663
2170323
143116
1768185
2989340
305640074
144864
646451
1860340
56004
1231749
135410
542629
170587
1107424
11957
549165036
58039
58177
536209
152759
62685
903230
1669059
961595
152234
2259448
149368
1668045
156103
1084361
2429523
57954
1999345
224045
531609
55623
2403848
2989340
74845
3019384
2090949
7467
2545593
58042
154030
1185209
488260
96905
1286998
195825
80409
418647
80500
531494
107024
190178
456862
1225202
1107720
90689
3349905
114336
2953069
1714886
59064
74165
1395126
60148
231975491
138057
145151
224383
2195076
170559
165131
1154468
153467
141991
88210
1231489
1180853
3009289
132451
397221
2972852
131842
149300
74042
7403
55234
153704
149432
1624718
869565029
2093234
139537
134036
398673
2453270
1155981
85939
131178
2195080
153438
2904506
2436519
147299
1284879
139778
121499
153143
3347918
1269641
7381
550120
454713
1076369
913068
183747
2755967
73986
191696
973320
7415
179180
3009722
108393822
157753
130919
1823621
153732
1162548
1188393
3357552
191712
2398104
53448
1014054
131178
149377
354480754
149192
129471
279240
760746
240109398
214626
1824937
2997071
419550
168235
4443571
192781
56236
131814
168169
142182
533705
347950
43933
1145295
156234
2953123
74155
410804
166739
1552657
180021
153149
404810
3154366
536468
1401303
3251562
192785
75456
2034933
1640521
3986076
1206589
1835900
1107348
3358920
3775072
126413
131862
2468328
365307
2873415
415485
1230279
161638
141970
2671158
153005
4703444611
367988
185401
2946612
240098830
2155874
169024
2016159
106879697
26213889
1225218
139334
168008
2066363
1362320
1292909
153451
3019916
422391
552194
55461
3005971
1269680
1558108
869606611
3529725
969564
2815585
417365
224246
106255
2438992
148034
24517022
35998895
139342
1163974
2799538
307573
1830231415
1359295
1204665
280172
25735371
179367
62691
214626
106298
142706
2758781
2196155
398710
1547308
148252
1251168
280538
3018477
6474878
4629911079
155446
440145
3359744
46116
44879
191528
1167803
130972
139026
1066792
532306
302588
74047
3012244
2032165
280333
453050
3795031
180033
1539381
3154524
185262
1067788
73947
1029029
2438230
269907
331463
442814
1283657
111767
170641
2505782
57810
76469
2460505
46663
279198
166739
2862911
1465933
1674110
3019382
1156582
538363
45589944
1107355
1842527
55660
1066917
1161684
2440453
104756
114003
2132505
86708
131358
3020144
2171492
2804565
1794561
3293501
279434
1159758
1540176
111600
447871
44144
44239
2073952
3007393
1431094
153480
1067808
153565
149714
250255750
25735371
133890998
141913
1377054
1934100
60186
448668
3328405
696768134
151094
58039
1003538
168951
2416265
139311
123262
185546
3625910
185241
106499
122680
271973
146598
1772919
1377054
138899
141970
2672149
1735473
2027973
151710
2146988
240057351
2743139
1361458
448664
1640530
144631
2915738
1077290
55877
533709
416063
1203046
148043
550091
1122560
2000314677
418066
1959916
3019504
62522
2860044
131898821
305640306
1855926
36996
558161
44219
149990
103786
135836
2692262
2155862
55623
160907
1547434
139375
439840
131648
2955270
152765
565666208
410430
154964
1282528
272775
565666208
2952695
158412
1170074
1450201
418783
184985
151079
56025
57965
2598542
146468
55261
281346
281346
1550595
77159
550620
1152554
1223832
4348290729
1299601
74807
2954980
1106282
286390
2956624
190362
1402718
1550593
4703444613
1163973
3161111
142004
152315
3012297
32894598
2436894
1401694
191742
721604
1144831
1292909
131175
550370
7432
73444
1013579
2066778
398947
90409
74849
55571
1970744
2963969
42809
74143
1230248
2691169
240074718
280497
531300
139350
1940319
131627
75139
176021667
170559
54919
2666909
55818
149596
5812083
54814
1378841
422688
2892476
910566
105870
2811800
1550551
391220
1109200
124464
1107288
7424
2442881
2672050
1640543
2719041
280528
54771
123302
2267562
90328
122628
54725
113395
345576
111603
4788218377
2759370
1209821
390265
130072481
231974104
3007045
177923
3348412
2952105
1453925
74805
2200642
153231
168234
536173
1122551
179368
1782722
2073151
149370
112859
87515
129645
1374629
510542745
3396084
130072483
387496
224461
145735
161033
2452287
88629
558158
141933
139559
567267943
103125
55877
127167
2743135
2032445
149162
1154468
279418
303781
102473
2892455
1066470
1290654
1260552
536797
152468
193054
2379909
111147
1240078
2027869
62594
531527
2752783
941536
1735475
157543
406470
2067286
55078
7441
3332766
192785
89257
146509
56033
2673492
1244795
3161186
85606
1842151
1231489
1107393
151684
279198
1378626
3202959
153490
2705167
7459
186967
102875
2444605
536793
1403080
153367
85802
2713484
1130433
2162098
190262
107079
1206612
2947194
358688
1266960
54725
131814
1230151
1252279
156677
280564
2954141
191210
145150
150023
2267562
1952171
45037
1999133
1959458
26225
287938
3008257
146210
4703402616
1401576
3027886
2438993
180758
2016768
2657350
1158715
104647
50312
160900
5379538
153566
153007
167704
57881
74792
279192
5812080
1806492
153614
897467
1003538
161424
122868
145622
3332870
2692156
131187
153119
2396450
536206
1672416
2094193
1231461
126520
137556
178202
56033
1164667
105162
131293
507415012
70534140
910521
7606486
145804
184840
54804
2307313
2280261249
1272374
1630104
1140595
34914
901533
153143
2465058
73444
2754881
115077
1640529
2016768
280274
1959489
1640529
3352782
62449
2137636
73911
171961
3231415
1721119244
150394
54537
106803
186984
1269513
184467
3223995
1552703
195340
969262
73962
7401
412070
169849
114366
280440
2027973
185511
58974
53461
120338
2202144
2273935
2015297
39202
1216389
60243
280485
73943
1225218
6872713
1167368
61315
1342041
198918
54809
35735
1236015
27593232
138739
74847
1402724
55459
56033
2000314677
90277
55106
141194
153494
3152838
2991079
2545593
1413957
88068
134039
180022
3007014
2307251
151227
74317
913067
146328
130949
149279
146346
161352
1106408
2955194
120567
3019964
84271
131362
1674536
128151
3009296
287517
56329
307756
151109
1404367
74171
3775072
1155980
1075118
1042900
172639
153622
1363069
420687
2413663
965620
3352914
57983
2460551
3513471346
103234
3009262
192799
104762
442739
2952376
2668999
132478
2651867
2436520
5326784
158959
2955721
1398615
1163211
121840
1529412
390184
1820891
152300
278477461
104730
1146940
1111039
54816
172635
134141448
1898419
1613214
167699
3010028
1745232
59874
135628
1345963
3013005
3358385
1206394
2087180
1105920
2949526
140253
2805152
279225
349043
279186
1163208
1159237
3210999
1014488
1016561
152967
390841
148342
1669024
3015119
158848
442814
326287
415673
6797616
2351737
1388175
231974100
1152726
279178
2915747
532303
1538255
414315
1323775
156679
397230310
2894029
155953
42527
57959
87645
7117066
531441
130072484
62374
131814
1682891
1934100
535774
155449
85799
43083
280133
1014042
2675127
965756
55074
171980
62411
2265849
287507
157927105
1405383
3654543
2520287
367988
419038
56421
1334436
1163972
2862896
188022
184490
53407
4308338842
145286
1246635
153050
37307
152601
1901725
152279
1410876
5812110
170582
2956754
3020527
106956
180837
143117
153838
551815
1628927045
2425990
2954181
44879
1107715
88065
3358738
383890
491153
2945004
106714
280555
1627497
2690188
1965233
166563
58102
171979
151839
155446
156393
364654
62508
188218
108082
1240070
55858
4629949164
494043969
1777265
2787499
412070
370476571
54545
1631541
120722
4703444621
74791
8650
1019750
1158568
1149575
2178689
3513476360
138899
113038
163614
1351952
90813
267933614
1800297
145624
1188459
44232
114172
1141566
2918424
172590
1231461
8640
76467
54732
122888
3156216
2307315
558157
73967
1418659
117659
402695
3007014
168951
54921
158950
122405
58175
227232
4629949174
145776
141916
2563295942
271108
3012405
127864
2917186
139282
241077
2615480
1145287
1224499
158868
3012206
2180404
147081
1685018
4491048
152279
7437
2122060
543230
1164669
107976
154387
2185366
154501
105267
1467358
73973
3332997
3212258
1747246
131401
342792
172597
2725478
536792
3357223
3864569
156231
1268207
153490
45236
286395
1675657
1956850
1224652
109879
3019461
7445
400417
56113
1473475
127298
1176746
120196
91925
104238
1348699
1361845
1547688
144721
7328360
2815484
287517
3218318
136333949
62717
2814058
194571
6663864
542786
145511
149430
550090
153795
136430
58047
141933
1422612
107985
2817441
2989282
47696
161008
1266960
74051
1529748
301464
2050519
7413
131885
62631
113624
27768
1804307
2674666
428039507
55171
189445
75630
1589521
2196133
1529813
1159670
531554
965776
8651
1312553
1380258
272914
121027781
161993
122382
2097683
562654
3002965
62745
550120
129418
131189
55195
1480032
1714886
148051
43921
1210057
122820
55464
2442881
348905
128152
1375910
55906
85939
1206388
44544
76467
2425991
58039
133943
113079
2950481
539651838
147101
52399
374978
2137636
152967
2850582
2918481
1230369
132367
192795
1877750
280565
3007532
151088
280280
43999
1152130
58388
279434
149806
114690
123272
109657
145319
142865
114367
156743
3359695
391184
1019741
146277
226967
224246
406060
447325
134125
2539350
542634
2536070
214396
74149
1164845
180042
145947
140989
1206421
2670303
7409
156563
189450
1225244
131842
47554
3349936
2084706
176095
1552660
104978
3359727
1067734
378685
3006057
171979
154292
153050
58168
43452
148011
577359740
3018808
59874
1268683
1107348
189975223
131304
2443356
2259401
114907
1504057971
23074929
3012412
2128285
1204444
2814103
1790696
74386
62782
111147
536121
2919649
55826
197384
3158106
145754
153729
131291
2109291
1856449
1152727
1079084
119557
2533326
54825
115106
144667
132510
1348650
556073
1156585
1083109
552256
3309232
72525
148031
3437391
74091
3251562
2580605
54881
4703444592
135857
305639344
183746
1669034
969479
1083334
658312593
3011198
39152
1084365
1180676
58404
122805
130980
1433699
179053882
2155863
122822
152749
2657331
1231406
153504
146330
2144405
1253409
6678712
70534140
902329
3152838
149347
107231
168620
4703444593
90332
154502
1640530
1504057971
1423776
36996
2396450
324899689
2148431
146345
134141447
25871341
1050399
134161
2155864
149368
153619
1856674
169024
3307621
3006205
122703
286395
109657
131822
1455009
2826006
58392
179368
3007481
147164
1290654
508103295
45024
117869
3329824
53806
44917852
122805354
1141666
55086
1232837
1206388
115168
2954181
1206007
3016841
279188
531524
122419
550355
3310895
132471
550356
62594
114352
152298
1300499
2815484
3374767
1253778
145949
161646
142043
1552664
1244004
224045
78312
160907
152239
3235880
1145294
172599
2955236
1392619
145729
155470
153480
140078
80379
127319
2828837
134139
1947201
26161367
306562097
1395142
121978
1079421
1269641
272644
2483364661
59709
155924
111600
349044
148044
122604
58175
1553098
153665
139330
163566
74002
1539381
1473938
153013
88607
69376453
1347238
143124
2808146
76931
398673
3008389
2032400
134139
3790801
2371819
416062
167669
532386
74009
158822
1701436
153687
129955
3159767
1067724
106793
900995
387496
4703444286
62418
2247211
7454
43083
391220
145836
1158715
552255
2013124
74091
1154551
55869
2962381
145722
3012405
153800
1855926
404589
56312
152313
1829636
144631
279181
1964153
1355581
2460551
1942624
2304454
373983
46085
1225197
288720
3358794
1672622
2351743
543227
1279979
114339
974189
382225
1269568
123262
54732
160902
131421
1143135
16239
123845823
122843
2953089
157576
7446
910711
3360429
2032098
191712
237385
2429756
2723923694
1870135
1361468
2197548
185241
3087156
62748
2954252
1230211
106211
390841
4703444600
53391
1290654
43826
122888
2954141
2917313
114378
368650
1415883
1210978
2078292
145166
89723
120741
1761580
334051
4703444604
152759
1269641
1381444
50312
2803566
173351
6803636
1540176
1244795
114872
1206593
1169130
43999
67991
1376831
1920473
2395674
1028985
1550553
1029017
973320
133946
1348737
4703402618
55338
145754
2862911
70553657
3307249
153115
2952019
53453
136372
153742
287516
2032445
115079
231974111
1674536
130884
68841
319872
97218
151148
147875
185405
74123
155368
542784
143149
2148431
2132438
3359872
531494
344685
1520612
2787499
2103120
1250113
138882
3215936
1934100
97216
154501
148863
146337
1605981
144782
3350423
1764573
1143142
85583
3010628
1028987
3258056
1457019
7401
39152
155908
324269
2915747
151929
62481
89773
136373
2247233
3251416
122808
1016039
1016564
152617
173350
58446
153719
1630104
903831
25293125
287668
90804
141258
420261
253985
910566
43452
3016468
296083
1673921
104009
475555429
1357320
531463
2103721
1194101
90409
137944474
110587
336075
2449428
1236194
420041
3243197
535828
1764574
1937057
1141526
163614
1165366
1402724
123337
1071098
74169
79480
192778
77601
185241
202073792
558158
7399
1152728
114354
44204
7374
153278
1342041
180021
145989
59877
158025
134136
41395652
1669021
1176736
2992480
146215
216351
151929
375773
150003
3018818
1924326
1225379
132490
1942816
104498
1283450
130973
92955
1402561
195825
2415518
1641691
4819615
1923997
2947032
2764710
2850417
1648932137
571747
1211180500
122418
1550568
3019589
4703402615
1142929
415675
1253406
1152555
56093
3017000
62693
382313
17859918
196158
913094
153704
1252279
457020
138676
1669044
1240070
2805108
131814
2963969
58648
198590
53812
2665925
23074935
136488
252645
3010204
145933
3009208
147164
3016772
286783
158958
7399
102533
115079
1160506
147303
897992
161435
3015417
156393
2105378
139375
1167513
369519
153423
550123
552254
55179
3349833
155920
362362
107010
1119076
3233214
3161062
902329
3359645
2812075
55175
410422
411466
1923997
158862
153697
135793
54773
184428
1376609
4629949168
1309662
897495
55830
279279
1805044
280220
1547427
1142933
1282528
146130
571129
145774
165471
1963115
156383
110019
2073151
287952
171262
65606
3331052
2690410
152625
1253511
445954
2958206
109166
134097
370134561
910564
1824650
103624
44974
172639
1152729
44597
139503
55106
306562097
357000807
3794962
55260
59470
1079416
115056
2803566
1159663
430739591
149368
166904
52399
138899
128150
279165
1808721
1380268
2868289
153490
2952376
454889
149999
1210978
132376
2622204
127309
56908
1152717
153785
149025
970997
145413
123845821
1235992
55659
167591
454722
74569
1224468
1059685
3358794
43843
900363
1216590
1404342
1942168
3316327
158881
1167524
1155986
3005198
1135472
55565
1152132
75021
152765
3342227
110008
3240056
47806
279345
2032098
17859918
148015
2713483
3074390
1928217
123393
542793
1107351
2691205
435514
2307310
1853865
1164669
2103532
1377054
172206
27308737
7374
54781
409122
1152133
148838
2764565
2952481
2714130
251075
104664
2141214
280490
306004
151124
550626
57582
1166327
4351323483
575380
2646516
153607
56099
192774
2946418
31010602
557830
192835
965762
123305
139334
3018818
72596
9122
150579
53461
442736
79397
196159
3354254
1669034
1253407
172205
1066781
134161
280608
153622
3333238
1999114
1402750
74023
1987507
261657500
74791
1149378
122880
1433690
130972
88629
51684
2264749
3020441
47806
1735485
1309641
1029030
3327682
131351
1230123
123510
55583
149339
3328412
7463
3347893
1550551
104748
1664257
1259176
111604
148047
4788255110
1135409
1801075
182514
418077
2892484
153665
38246
229786
74048
147109
224374
31172722
88606
44290
58655
3342023
120706
152314
1227118
159054
89859
1107398
1346955
56356
149435
154605
62599
55904
36473
117869
2956077
1107423
1223664
2529822
2793104
1135408
4189263789
2946612
167797
445954
2946473
525577
2917332
129520
3328411
2825993
148550
185686
963660
172639
126495
1130433
56009
3306879
68008
59551
59761
146498570
1144006
307763
36458
148603
56014
4642463209
53439
4629949168
2751685
59760
10187
1418336
286837
45511
106220037
62478
2804536
59709
1878201
1066792
543021
162431
74859
869565029
134039
1592502
1243590
1227136
1792374
280609
2139813
1289010
56159
2085649
114686
1083109
74168
2006941
149159
1547430
965620
2073463
1410876
1179330
1547427
120757
120114
1268584
535774
3007492
139346
3019267
2932285
1452090
153109
115286
1216558
54722
1942805
152237
549472
1188473
1158715
120534
1356925
120175
456972
1230206
184840
1312553
6426101
349034
3011596
122852
16307200
168951
301079
945587
456813
1426915
139350
287670
1162542
1791324
3325806
364654
114375
1159937
74542
180049
1826563
131029
147067
104401
177921
3289689
159010
1067576
971023
1194075612
280363
202905256
156245
1326916
1324150
149363
190870
1073990
240369
1223673
3246441
60189
144691
89757
132491
45104
88580
442737
73444
2460525
269918
1631530
2963979
1131944
435514
1383415
2952389
1079081
3544925
2724049
298227
139326
88850
2755738
344337
57958
542786
1539376
144789
129567706
1028988
2952086
375773
2764712
269659
62591
2953192
2953118
346134
152114
1704857
156575
2679956
131343
7463
150417
3347918
43761
2084703
2953192
454722
149991
1672515
145816
454889
2171446
1361458
280271
2956616
7459
286389
147067
281350
362362
141916
3009208
7455
3350102
1412656
6845078
58886
420215
115142
144844
1392609
244080661
1629622
1354392
27308801
1459394
131594
3318845
2456294
1151469
1401321
3247886
2141759
2632573
447595
373983
124127
76931
3347731
1345819
43811
900995
145268
1426915
195294
346134
2105378
104909
79648
123302
153673
7389
3323488
52411
2772008
109294
562958
54809
3019951
536468
1188507
2444605
117869
2768922
77189
3357208
1792387
214671
415484
62870
136388
161638
134103
153120
963197
337422
161950
44836
152766
280344
41099
280497
43843
3322815
44754
2196921
1420351
2434439
543082
191740
572571
3163307
2955003
287072
2110382406
1392613
1380268
161435
168235
1729920
759198
62782
157306
531383
398942
144661
415675
106437
1390849
147107
1877989
26161367
280255
3353620
55338
1144831
55822
146509
153343
131799
180451
3652281
168631
543082
286780
1861591
136259086
2202244
145738
106809
1216719
2904506
1029030
3293494
1120703
1216590
120565105
132481
156737
1301935
2178689
2793044
404193
197239
249196828
1163207
1529146
131596
3013597
172643
122855
1230277
2952928
332476
190870
1403918
1188386
279434
3298537
1204733
2144405
2032165
1154468
417365
3298774
131382
280274
142860
44917852
62467
371700504
897467
152298
2032148
5379538
122837
3013116
185262
41256
154387
1235978
7403
147104
3007852
970997
420216
913068
1405383
1067608
912999
280166
3009257
172170
3074405
287931
7328360
2084703
153795
7447
138014
156814
1268492
946158
913011
153292
85606
1792387
55584
146444
1069700
126406
71949
1043582
153269
102269
288599
280502
532352
91734
1631507
89780
1418633
1268584
156972
168953
153726
2679956
190362
2427331
172193
1151627
1067724
2027521
1083010
55838
161751
1069730
150568
153566
450381
939961
107085
2811291
74568
1028989
4703444616
130971
298165
102533
152315
191039
112859
279418
2743135
153569
131175
550365
93006
2265848
1161683
249196828
62372
401187
1804856
1225379
145779
145178
135605
1208546
2714132
380973
307756
139841
1942587
60148
45681
1167367
897495
3256164
90724
131362
39513
1225197
1151627
4703444596
2898443
1706936
149375
142858
168251
2917368
1206581
121773
139089
137780740
135598
453913
136454448
2952303
8644
252645
7413
139330
131027
47806
1800742
123337
149331
202073792
185524
532352
1947863
3347893
571771
1014017
2563285709
3357712
2815754
356912
1539381
536173
3353156
901588
1179288
55875
55945
149345
76909
7404
1206317
3246577
4549670214
4308338842
55875
552197
75456
150499
1014465
575380
1152726
286380
11957
1418336
141868
2087180
1428125
3327621
56125
180023
109294
1223832
1079343
62539
1135408
271975
56203
1082277
164209
55390
1704198
1957077
152311
104982
1403897
3396084
136400
106783
1629146
3018691
87334
190869
2918493
119557
418700
901533
144875
1268207
1392624
447584
7423
131898821
88580
3163135
2390836
1013863
1230211
232873
2692246
1842184
172630
1106396
2452671
74140
51701
2712453
62772
105281
106499
2438231
538363
54886
113646
231974107
150381
2609539356
190281
2505782
370193443
153494
153143
1107394
171968
2610683
145747
287668
186976
148229
2438993
132378
62772
2732849
2939653
58885
173299
122783
1392619
1474898
104756
3020446
106255
965761
141868
168233
1176736
88616
115129
3161111
1777256
2564500
156673
1734929
56125
387318
550371
1622687
132367
88616
135600
135589
77677
2692921
2280261249
1997192
153578
241066
1582777
186960
42527
157300
2689653
2009947
1107394
151092
3211745
1194075612
90287
1103584
106469
56035
1216380
53461
127864
3775052
897992
3019964
2120626
280372
2429523
1124039
4703444618
2316595
733759
74818
132856673
280130
88210
43944
1672628
214671
55164
123389
3777290
1311341
1376761
3579531
3326873
1771756
166806
2804765
1216719
969643
90767
3231415
1772214
81996
2805691
152601
963658
192757
188203
131324
145606
149342
371700504
493986879
324899691
913069
3464353
180030
89393
1164845
6837742
1268683
1324150
152278
149192
168998
2956754
3234489
1748162
2952695
444400
270265
2646310
68841
106956
1259088
152123
2955687
3162704
3355442
2066778
74123
56013
144334
2755966
1004330
280262
1176724
1669034
1014425
1405479
58112
42278
456788
1066606
1640528
1828595
16239
62467
2553300
190333
92968
721572
186964
1404367
3015397
72196
543227
74792
1227134
146610
114923
3218990
121686
1079422
150133
1216537
1361460
1342360
144873
1176964
4703444615
1411877
55147
138389
137735
132580
286342
172171
545474
2093234
901588
280249
3016776
62410
1457128
132381
419203
76373
551831
3218318
123533
121840
1284869
171262
123292
531441
121511793
1403918
939334
2918047
54788
1156144
1440895
122805
192763
74557
73984
2084776
165471
192824
1230373
1637028
1176759
86754
36996
3513471344
1135400
44097
194571
493986879
169759
2915660
1159237
65606
72639
1752948
3992237
62508
1268561
74319
131333
153619
1672457
912999
11318
439073
975727
1539722
231960256
1076927
3221548
104650
2200642
1216556
2139813
131610
3817704696
150374
663358886
404713
2955025
42014
531459
3017296
3354596
54535
3011446
8643
3160990
4703444593
1209609
1227093
162219
1127242
3015904
153036
149331
1521463
1352398
1640644
102505
2084776
3795635
2904506
3879784
1685906
3162738
149348
4351323483
56250
149602
1392191
89726
3227127
55230
1176746
107010
149428
244081506
1630145
90745
139372
120321
3358867
4629949167
150568
7461
2106876
2953347
1624675
1150941
172072
1231460
192758
55459
1998693
2951716
130884
153681
149689
62646
1395142
3513471346
3007562
132367
1282528
3359572
137776728
146357
318807
115006
172646
1235974
2671799
2950736
103083
1074640
23074720
1277291
56422
120114
3321262
911088
2247277
1223833
2032864
4098808
449220
150570
1558556
141194
180042
136147
23074927
136488
111721
3010987
1083333
1083010
44364
136333955
386602
1279409
162798
145319
2120285
1059984
70070
398407
44613
56014
149278
3355442
137776727
349034
53462
131802
1188508
161644
2067293
240056905
2175078
150533
229395587
153092
1776249
939334
147173
2815590
3870502
3154524
60072
1099982
44555
121360
391187
168203
2917414
89395
54781
1775913
153429
114348
3663636
1228408
123272
76909
491153
1311713179
150417
2066785
167748
58198
280512
1362076
114373
126574
2888899
1734306
2812075
287519
1889339
2369778
3159826
122852
123262
56040
62685
157221822
1933745
1421537
3357552
3161111
2202429
139371
3018649
62780
2163933
179272
3347850
107402
157320
2962381
1250106
139371
90262
910707
3338115
153036
69376397
1639542076
2755967
437057
1152728
3630439
1359190
1422335
970997
154605
3333112
2164745
919417
131343
159060
1083109
307787
2671234
2952748
3158102
1140595
102430
119581355
114811
145278
1016569
287953
1116472
145829
167609
3326620
68007
54881
1279412
2202429
70553656
2673388
3348459
3330596
78312
153240
3349910
181040
156292
55657
169037
149997
102875
55670
3255205
2438230
1107709
60244
1347588
3009396
1014017
969358
1246635
70553656
286937
169019
104664
240036844
442736
7384
2690419
55109
550725
74009
3356110
1669034
147075
1547432
2675270
88629
3240203
531548
1933745
3161033
2196133
398997886
760746
1307354
72525
1076124
50371
55081
3011643
56141
153016
83090
44143
138739
1265638
157543
571099
1246640
171980
150388
1552703
1188470
3006035
2427626
1640522
74122
897495
1206408
168210
79191
1547428
153129
141972
54767
969268
531609
556075
974234
442794
2954252
543309
167798
1831146
3359848
27021
7326620
2016159
141933
2460551
153658
279407
157815
2910925
2666025
127319
456985
119089544
1204733
55399
1206317
178388
1539723
337131
44741
331414
3333238
2369652
173372
280477
153049
55885
3006300
3359608
2524314
2955003
120197
812319
90813
47207
1741406
186430
1631507
171963
1216448
168850
44971
1120701
550358
1503354
3313226
1127182
141970
280344
3323612
3295975
231974096
1071098
172679
1301935
3794962
1141528
180035
543235
3227810
1347588
132585
3160990
1230248
1987491
140078
279257
154350
406091
2066778
1141682
1151563
55234
153467
1948243
2440453
279279
198376
2327259
2673492
2691151
2829595
144645
3158121
142108
3015851
150533
3324235
3330596
2915738
134067
3648962
55261
2939653
1154833
1078990
3357030
370368642
30295
387318
280173
1402718
2528474
2638183
7384
454716
1029018
2439316
1202656
3326960
120846
3011656
415485
28234964
130072484
3087155
1360062
3354996
550620
111134
302819
131171
3009198
270098
2815754
3163622
280129
152601
2671799
161993
2610460
3219356
3007014
1109201
279318
27431648
150533
74829
2907537
153614
1060300
102269
3298729
153366
149375
57397
139791
166563
189975223
62464
964950
1357320
562959
901577
69141
62495
1150940
1950071
195295
2954021
1521463
1141666
155941
1142929
145947
132510
120516
2689653
324899691
106013
177921
44145
1188476
74818
26769661
1083334
123393
58380
2771635
1003358
113487
21335
280580
138906
332321
2674666
475555429
154941
141957
1192497
146345
1016200
172590
7449
54795
275926
172186
76306
374978
1107707
1216556
543231
1028989
53443
2713484
153434
48311069
142043
1066796
2915664
902349
122382
1631530
104639
184476
1402747
7444
139774
1674110
2690163
120580
104501
225494
1265682
414720
1227118
536125
55869
149344
56194
102478
55091
44126
7160849
2815754
7384
122324
543310
184432
1128379
145780
2563285683
86708
416921
55095
287494
43978
3792412
56324
7444
1768185
11235057
2819250
1151569
165479
139642
198918
114769
3013621
1942805
141008
141262
154301
244081110
43944
138885
964950
298165
3317381
156269
88823
45589944
1113031
2672323
3359700
2026303
55946
154888
398020
158311
172578
144721
106802
3358587
3015904
4670178
3359572
2598542
3014991
104498
38738602
1176756
166760
1231489
162526
2956754
240072888
158959
1268593
2904797
1359295
1940408
1236194
76363
224040
2207891
1285772
399976
55072
910714
2196133
1066796
1543125
2973029
145760
73973
137919
1235978
3560284
152966
160902
92949
145223
132373
136333949
3018626
114690
1664257
58198
2032400
1362076
1161610
59761
153458
147060
2078292
197472
56113
2755618
1202314
1223723
2825240
1216375
141947
1383408
113646
1066562
164937
1283513
1433701
173371
1415887
401161
2265849
74177
1161680
55315
349043
279315
122855
3087994
114368
1435626
1383413
178747
1771854
131838
131603
224458
133345
1279709
844710
3082668
969359
919417
130957
512552945
1640637
3464353
122405
1145178
1378841
1539833
1162528
1452155
2952540
1265063
88832
57516
5812082
216274
116871
115274
172593
2953977
114367
1204444
1107396
65335
1861519
130884
2413662
149159
2955194
139298
165479
1249525
7231014
124535
153737
89394
1352398
240099245
3992237
75457
198269
44780
40767
280516
1079069
44097
812190
153292
1339877
248770993
240029417
478385
3228947
340746
102867
1771733
2671262
223408
153977
55952
1014042
115056
127309
145743
2918485
532352
1259550
156042
3006243
1682248
120177
2438993
162061
56366
2804778
150375
168995
88081
966958
3355367
1726294
139540
1203009
7394
1761717
55109
2067278
154028
184532
107402
121881
157927105
122820
921599
3333227
2307315
1402561
3233214
2952988
163587
106864
1422335
288603
1145287
2669965
2351723
153136
2917118
158869
161950
135589
531527
1959916
1206394
1283657
168650
2032280
1948788074
2917785
169019
149029
137944474
88081
2917118
269878
31585309
2714120
1230115
5746665
2989282
58175
149307
3478916
144645
53461
2436520
3359689
340611
2304454
153492
151104
37774
1154546
115250
131421
154304
2009947
138883
186977
116871
296095
146125
36996
1151474
154613
1162527
74849
1230211
241076
1213659
168994
123009
195826
90298
1940314
406389
91906
158955
70514356
1083107
417761133
2265848
152630
531609
3074390
1383408
1362164
131802
153732
25735371
2032400
104498
126561
2092425
58027
2207892
2162098
1363697
1748490
2918495
146612
55434
3047134
280538
2186665
62411
1167524
149300
3323454
178202
1877750
4703444595
74143
164051
153092
3160688
121511807
1339778
1777967
178380
3082668
7396
188185
1418624
1225244
1059674
1105920
2952481
2016768
55834
147977
131254
141055
136392
165131
149593
1244795
1274127
122828
149596
1210971
76947
1832843
86538
536124
131038
53662
214451
2497864
288727
420224
152354
4097659
1016039
1947869
132483
73444
1141876
2420744
92949
59760
89564
7397
195266
543181
69712
185260
184489
1928333
134085
1211145
397221
279202
1175392
86048
2084776
451516
3219170
1772214
2175078
27365302
131182
138877
55201
73981
288589
207455
2563285702
163584
2915738
3358871
966958
26543901
142700
3324640
152759
104639
532358
76373
134097
144864
2196171
55726
1117583
2443353
163562
92968
154881
207455
1958982
1144743
1043582
190367
165789
3348459
2949161
3792412
2989155
78593
7392
130928
1156584
1230210
8641
170486
52395
1842114
1127242
153741
1404338
60072
3219356
1162686
3791413
1085441
1942168
4703444591
168019
7384
1175391
157530
23443256
153715
1179644
2073463
1477917
963658
3015851
223408
456788
56422
68008
1029018
1415883
179547
1552703
1672416
106705
153692
1268506
3237192
390265
2691153
1083010
240036844
2952481
114339
1141567
3009396
143490
2815754
964504
149701
3018198
2168233
4189263789
2132438
453050
55091
287666
188185
156561
139630
55244
145806
1376609
153183
3006199
898051
145286
508103295
43890
169012
1004349
190281
454860
21063362
412436
2997071
2171253
138679
345901
969359
3226004
73960
3006199
224042
74005
1014042
531460
112653
87328
63355
1111036
2120626
89771
302635
3329387
162239
55583
279178
1283449
119423353
2918489
2429244
146125
79186
141991
54854
62631
307829
142099
124535
2247244
68013
2952556
141973
78621
1120701
53853
3008857
3015904
55189
72020
1107263
1433414
412377
1107396
1952549
224370
1240194
3356956
3326960
869565029
153472
2316595
17721995
3020446
1069716
147977
3020473
114362
1156768
3010032
1164630
158438
172174
419138
1323775
145252
1066683
54913
1014488
368782
3020516
2000314677
120892
542634
57925
288603
190826
1378841
343207
2950484
3358663
287827
74023
149278
107085
56132
153036
1363697
418225
2952086
176021667
224461
2259321
278746
114349
114373
2746229
3357553
1307519
7407
7380
2950699
1480431
3256164
2804460
1698501
2135921
152759
2157162589
125215
1163972
2668761
62539
120745
1158564
2755498
1180676
74121
2420744
2918415
1360887
1552660
1558108
1553174
68066
142004
2955082
3227127
52345
1872673
1060250
147059
69376397
3018530
3317381
55564
2313658
3357220
131783
216274
240036844
3013059
142197
420685
112100
149027
44836
1122566
1539379
2247277
168209
231975489
152248
3333137
90745
1734306
2316593
157300
149375
153113
1131944
69376397
913106
2741708
151094
1291402
224922
1209609
194119
85685
26213889
532000
1161666
542631
5762849
2415518
7439
1066767
178759
62652
51800
6502363
280597
1120590
1513057
1106173
89396
1942587
3007486
1106288
2985127
453913
3012297
154027
1179651
538363
58003
214672
375216670
553284
2952574
975783
536170
2952759
2952481
127167
1778024
120965
43983
531383
1166322
8642
969262
2202429
375589
1162686
143117
1253406
52822
124328387
1080402
3012297
1721119270
36996
2951545
134176
1740406
551830
146336
163587
142086
970997
1325307
6837601
2764712
1354280
3339993
552196
54825
111767
3019138
184467
2416265
412297
532381
4189263789
147081
115185
28699
1401223
42659
1627497
913069
3254946
1679959
14296
192763
1742393
536173
184417
111600
280141
415692
240110547
2468628
111134
3759193
550362
1734929
1083330
108082
420041
1106396
168231
1084364
7458
184818
54813
373171673
149991
2671158
120714
964945
552249
74790
1120703
552263
3323098
1339877
961595
910714
1015968
1750339
1392613
2440453
1957077
2755242
162353
4703444593
2671205
280220
1122554
3332997
152123
1216590
90332
3256761
1071170
369838
53835
73966
2812042
39514
1111051
1259885
55151
3017741
27852990
2395867
1591241
1947863
135450
130219375
552255
288741
1791324
4629949168
131770
1744280
301482
295807
250255750
36097
2564500
169831
1284995
1268683
62640
149307
1158566
287516
1832843
2741710
1085326
52399
172643
1309662
2225912
408121597
2713466
1355581
149432
159868002
1074553
147164
419698
141969
246673103
138739
1175392
145497
369838
71033
55869
1529146
2340636
3087156
144873
3019382
910544
279192
34917
1227148
812623
167669
448660
123869
58648
59761
152293
2506300
153038
1288755
3247678
142703
53838
151327029
417761133
134591
114339
370134561
1029019
145195
2952556
453027
2610460
3019518
145819
141998
2816593
1640644
536173
1919982
44364
56288
7400
27383264
2196165
2955190
2952385
494043969
106511
121869
153128
1066727
148182
3227810
1016569
58395
149596
135593
113646
913067
1079412
139283
123758
107358036
1773030
2754517
55818
113038
1268492
104237
2460541
123262
1370746
192791
2720417
61449
166753
1362164
120256
552198
1965556
7449
166727
2832490
1161612
2954140
109876
2425988
198257
171967
1824838
139103
131000
1209821
1268595
75457
7382
122805354
2896660
56319
2505979
152123
2067278
4567438900
54784
963635
1216719
149996
975783
3240420
241072
57867
104631
214395
112653
1650684518
157394
2665925
2815576
153314
376544
62581
1480404
1145288
2972955
1386972
3018530
129523
123533
2009947
153445
251075
139563
2155874
1067771
58083
59049
3016973
170559
1135474
58392
41946
552248
1194102
1347672
172646
142108
550728
1666494
288247
2034933
114357
160885
171971
1959445
135628
153129
185524
349053
59418
279206
153014
377687879
1161612
41256
120296
7450
412072
58879
1539774
536207
4351432485
306562097
1230248
114343
161650
132342
531386
1107740
45016
536120
1066801
135449
151234
2702400314
156393
74151
1135953
134071
536177
2502058
150505
1079416
1682891
7459
53461
76072
1253405
165131
1643184
1325307
102271
145150
1083104
1127182
1066562
2952361
42659
153010
174737
147994
2178622
2675360
2440455
345769
1348625
2200642
166768
1452155
44204
114829
106220037
44232
157530
1071098
3348882
53418
2959804
1776249
43981
2145227
1741406
55486
279241
2460463
1630104
1223832
57965
1958982
3333656
1083109
156679
1553165
140253
126424
1069606
130921
180751
152604
157853
89773
1160506
3870502
23074720
55706
1395137
2829595
1950071
2764565
1066606
150399
1411876
135836
279257
122837
68000
153018
141947
44952
1175408
153494
61320
53453
6679920
192794
400417
2787926
1131963
2850346
3578391
305092
144721
1155789
2946644
402695
1203046
2340910
1777255
53812
153470
2589843
305640292
153501
165794
279202
231975491
65606
1076960
131803
57810
958128
114923
370368642
2811291
55875
3318889
371700504
536225
3063241
1679959
55885
168606
74151
54767
3163284
1141566
1231461
111101
1106282
1203006
3213790
1792374
3716089
2185077
27303358
40857
1067583
1704857
131885
6426101
1143143
269918
131862
253642
145312
73943
2032100
1412723
3007014
1225218
168202
3227399
111018
144636
44971
1122551
86048
1192497
457020
138885
135410
1223673
387146
55390
2815477
342627
131226
8642
295480
1029026
1187159
2804461
897495
3317908
128122
2563285702
113465
192763
23074721
306004
2720006
98279662
2947577
3087977
2168233
456985
160906
1167513
198271
420676
131838
419517
391201
7433
59551
121736
58437
2720417
192786
61549
411195
2084790
163577
1640521
152310
1281172
404197
179240
2117791
1231406
102480
144788
411190
1395104
2953069
195296
1903516
1059671
138864
53460
151136
144844
158288
536471
1327628
131596
3308101
2725478
6838331
43512
172186
192830
910713
158716
1459394
371700504
153699
1346218
231974104
1421537
78821
1376831
2954731
138886
3256330
198359
281003
2815619
25293125
88580
3331723
174916
3347731
1227315
3315921
149027
74127
2714612
153314
104748
3012833
2804671
3020069
532310
1155986
2927066
1413957
3298729
4703444601
153618
371816372
3349833
62559
153672
2952086
55185
1145310
869593771
40442
42672
3652281
240110547
325866
240029417
3004178
55454
53461
151684
1216448
411466
1154461
1078993
1631524
550366
1814965
49915
279358
1672402
7112170
142706
131885
1067849
965634
114902
2415687
111721
280333
2972955
3716089
271973
2438727
241071
146143
241067
150387
2547643
3663587
132556
1143146
2196921
3221546
164051
161093
1468000
1083109
1923764
150375
3347918
557822
542626
456793
153479
1107424
2152285
44788
1277291
139588
56149
2666909
154471
1429268
3307249
1379056
115065
92968
1768185
1342813
104908
562958
2952826
1083109
153605
342627
2808164
184433
1268207
306394560
1965226
148065
55280
2723260
2247211
152410
2615716
119567323
2247382
3648962
145624
130921
279420
47806
69712
1016564
346956
151104
1151563
1894771
122942464
44768
2145735
106752
305640292
2720007
4703444590
3012962
550363
178747
2425989
2951593
3228947
331414
453066
2769604
2768921
106959
1230248
44749
153342
305142
412132
1253407
26701367
191528
56329
2369652
542793
85385
43933
150397
1084089
145596
2793045
3864569
1084206
2429377
131802
126766
2566603
142095
88850
406830
901989
74172
55834
106956
214395
3713815561
74586
1669042
45144
910714
897529
4798638637
195267
1340074
249196828
1383665
812072
3020761
172205
3012245
410804
536123
1390434
1966020
162112
562959
1232835
2947958
169831
114762
7453
1673977
1106183
398673
2667594
271202
2915747
280342
122907
1395119
1106780
133912
117884
166739
3349380
62713
1107423
551815
139528
7452
131799
62691
969262
3324274
2598542
1999345
132428
73965
1681788
73977
192824
138910
166807
85809
119009
2804771
1383413
112405
1225441
1392121
240048753
965755
123327
4629911076
3234489
1067724
2032464
2667594
3347359
447862
533707
3020069
4703444595
73444
1268683
44383
78828
3437391
3359645
1402709
169024
178202
154028
1067788
231974114
3074390
130975
52411
2545593
198830
55866
1059914
130935
542638
44780
116871
906558
88626
162221
1334436
134136
61320
126495
401092
272644
1346288
2225912
418082
158880
110450
404159
2094194
58177
1209616
3324254
139588
36473
2893622
1240079
3020879
161782
812190
145795
371403808
2952361
2670059
167609
76383
1014488
4629911080
1922627
1472876649
1269641
48311069
1702499
3240074
128145
114811
531620
2103120
1279709
54732
2812042
145999
104759
104752
179075
168180
1392613
114365
404200
153007
141933
74175
55858
148044
1472876649
122826
2939672
90287
123552429
898338
1069702
1346852
2952105
1127092
173016322
1244825
69376397
1877808
1771734
56047
7395
74112
139025
1843107
2808164
1082290
2953367
3162738
1824937
37332618
131393
2563285717
23074720
152279
1167803
1829065
5937556
1142934
114811
128145
179547
543309
141549
269878
897984
179052
132451
1150940
1228443
2811754
2763541
163565
153473
138884
1066796
2815754
1227118
419190
7376
146277
1188386
152615
134183
2955025
26701367
113038
55074
2860044
2919649
55595
4703444596
195295
141625
153710
157394
2247277
1107725
214626
147107
1159674
156967
3329387
1164669
1843107
57516
279279
2949504
2952748
152970
279423
1127162
286937
192798
162115
279201
172635
74319
152756
655969
1420628
214599
298204
2804541
1176758
2202244
1003358
27852583
180045
3019504
135786
2668824
1259176
1920539
2946389
172645
157654
2873244
3017808
57992
431467282
1278326
3347849
167659
3020545
139026
145312
1230373
3356894
3251416
241071
1017408
2915747
1188473
142047
3011596
3356894
3307249
1167513
149348
402221
3314276
51856
3329208
44754
80513
966958
2186600
151649
113079
3325146
1735473
1107265
168992
155947
280196
1307519
3359572
1351267
131822
3332746
550088
195305
129551
1243070
3006765
1326916
2547643
1540519
3251667
1431094
3018489
180021
2917182
2438130
147142
128143
76072
152230
2804771
154030
139774
1170074
542629
3347910
2066778
2904795
141973
2081686
1792374
169861
3013116
57867
190826
3246452
1206571
156613
374900
58638
163575
280517
1856449
2453270
56329
241086
1236192
55064
3020473
78312
138882
141868
169861
279438
3014850
167591
974215
6956667
151090
1107398
151119
2671314
58652
419698
3256204
3359727
1235975
1362157
2259321
2225912
152430
55460
3020526
296584
2304454
165479
231975680
153824
4703402619
1225483
115056
3359869
412297
24517001
1014449
2962339
5812080
2815538
226728
156274
152234
58003
124535
493986879
3358587
149026
111716
536205
158519
56451
2025886
131442
2944314
40969647
269915
3342022
305640123
281346
151115894
1165370
401802
108858
307829
146333
1650684518
1230116
3251295
1947201
3331522
1628164
542784
1122565
141163
1216375
1346319
383444094
1263319
1851826
337131
420086
531409608
156977
2120626
2049400
1162686
146345
186967
152298
2179568
111101
2665233
1550568
415673
1155980
2758781
121799
1231461
2247233
1347070
414315
2434875
161644
2580605
280480
141549
1390849
2563285714
3355312
2917186
114373
1592502
24535523
345740
151641
57983
3020077
456981
901534
536900
120027
575380
149309
550370
2171405
226710
1284789
531494
419203
104748
2200642
53845
153722
154028
2798531
158288
106959
5400890
2954012
74123
122855
3009623
2395674
148863
2892484
550620
153699
1268492
1079067
553302
1430508
62590
4703444620
1071098
3010626
169085747
1835261
158868
3023079
191210
2755966
2556679
1348699
126354
3326960
175905
92968
1650684518
191645
1772919
1067848
83175
167200630
1216380
168998
901985
189450
185382
240050358
1422314245
1775913
147108
145750
161943
1107354
89258
418066
1187382
120189
1188511
421866
91278
7408
158478
7435
157403
1452202
3007981
2953089
374900
141973
152599
47796
1359817
6566419
180751
102268
89766
74807
1547688
2667807
3010626
56164
442814
271970
168927
304938
3333246
1435635
1402561
531527
106314
106793
3006851
2438728
156383
160900
232874
315173
3006205
286783
102880
73999
288720
184460
550360
172206
89780
1268506
130947
62630
2027460
1242356
2207890
190811
122942464
1121069
85609
2954646
3358842
157221822
2672050
969651
114944
1069702
27593232
150378
57993
3560284
1166394
139499
1958982
240359
1550548
412297
1903477
1792374
280318
168197
153366
4703444622
2825885
531494
102523
130956
1016564
55653
91906
4703402618
3246491
2946393
380973
240071747
126411
1076946
2825993
231975491
152615
531491
1106179
88826
158957
577359740
152230
1792372
2174036
1106183
139561
5812082
174916
23074728
1386967
195270
185383
129520
280402
3357086
1809448
1826074
332924
231328650
1194104
116874
1863732
2184073
74122
913094
1412656
1820692
6838331
47554
2379919
2667594
43706
2949504
108849
550362
55828
114942
346345
91914
1359190
114902
2147147
8638
102905
1307487
1339820
131192
139311
184417
342792
161653
241076
2815585
1550561
151091
105143
2632581
168019
147109
2822827
153092
2181458
225494
550358
161991
149714
138323
410183
55081
54190
88129
138894
373748931
2665484
1084365
44915
109879
122808
55622
3012207
106879697
240106077
2573997
3015002
1161610
43944
7459
1949374
224951
969268
109934
153118
1309655
153121
1231488
2690095
919703
1144743
532354
3289820
2032165
123435666
180030
151929
1230115
131442
191740
180027
280565
1448559
939961
1553189
145153
55086
3020069
1805044
135582
332493
2963947
134083
532354
1145825
73947
7467
1474716
1329869
58175
56909
43933
3359845
131597
44802
240058050
110597
2839668
1834655
135836
2451580
1898414
1794561
180036
122815
122822
305639190
132428
282525
162068
280567
58201
168641
153441
142700
44667
3331723
442797
190262
1539801
1669029
153019
1747246
1113031
538380
1552660
1815270
11950
131195
240377
48311065
3586169
324269
155370
287687798
167591
1919982
1004349
1187382
180030
156261
145717
121777
153667
3163195
1066767
2947221
55944
2994939
6838331
144626
4703444613
957327
2067293
3019848
121777
1150940
3016776
280302
31988486
138323
126520
146661
3333143
35735
2950430
4703444610
44125
336075
7437
1455009
55571
188225
197696
139537
3327623
3012207
2675832
1162677
3716089
912940
237385
4703444606
224042
2772031
150041
7384
2816597
419500
224362
128151
55864
1161680
3349708
107014
55869
162116
1013579
2442883
269907
1920087
106255
3246441
897554
198332
2917918
2067293
1067835
416062
3293120
1067782
280608
2633746
26487666
7402
2515282
2202121
1141681
167679
412377
3006899
2473088
114346
2959804
145224
9407
1477917
278721
1640530
131029
172578
192734
2184073
339887
1830913
2675270
253642
184843
2247303
7328360
345576
2317329
1144831
55869
280582
2355168
729167774
148551
202073792
153730
1255555
1014008
1014714
1176964
1521463
166754
1083010
153013
2146238
3349708
133890998
280280
157681
400118
119557
2929054
3350393
419550
1278736
401820
55569
73911
2259407
150406
902338
56253
152993
150337
1167813
26621545
1120713
5038117
516775939
2952224
2712154
3359872
2094193
54545
241065
227225
115219
547511
965625
2959850
2426005
2772031
4703444624
1388175
3016826
171982
112729
3329911
532311
965634
1156164
391194
114347
52939
3002965
3358842
420216
2610460
139346
158079
2564500
1066683
280342
2712700
122381
111705
139026
1539833
2105525
324899693
553302
1270518
104965
47608
74123
2460577
152752
536464
80513
184476
3353156
6927733
2429069
122704
7376
420261
1434381
154027
1354393
1154546
1412715
5815685
305138
1395349
2811698
2412675
104307611
74037
3020545
562654
2438231
2741717
410183
4703444605
147303
357644127
1124039
1467738
1231483
1729920
56050
2399800
309478
3020742
184467
107976
451042
272939
2196335
199073
4663238347
3007364
150413
3301465
185301
1076960
44915
136712
3293494
152244
124328387
409957
58583
138305
142865
35735
149428
130957
133914
510542745
3018477
120752
74823
3009623
2954777
2379915
166896
153118
377687879
3015417
2220322
151327029
56149
130975
55594
106783
147064
152997
2741708
160891
174916
167741
1751445
2755242
158861
156740
2379915
85587
3232786
2434875
1106290
55059
1162686
2952388
153153
192833
162018
153013
126429
166910
168227
1121026
3356110
1606296
414972
1960177
73982
58655
1180675
133770
2950481
156814
171496
3359634
1135400
279340
2155874
1149250
135799
419479
1342361
73975
1151472
157677
150496
3357613
2667594
4703444618
135411
130072480
139237
106511
2307235
56076
2768922
3323266
162798
120752
1395469
153500
131178
279141
3015119
398932
3012833
401160
3478916
185266
3349631
3258165
106719
1747944
1942586
1103581
1155986
2917736
139311
1650684518
130072483
167792
158957
2460523
180751
2155859
86048
2918047
2327259
2755608
2917332
152236
132422
55568
345576
2814001
135602
43863
62638
3010626
121736
62422
231974104
2147147
550311
185579
542789
2730708
2416264
133571
104186
1867188
152995
114883
1106183
55460
1255558
139334
1059689
1869355
854798
2087433
1154757
112859
153127
2425988
2322446
62512
413137
3307249
1282528
115274
192763
138741
216359
869576948
1078988
152750
280254
55351
378734
62772
157697
3258165
3156258
23074929
1206426
1116270
150368
172061
189445
138389
532312
180904
135449
2178623
2952233
56365
287518
158822
122828
150563
3087248
146472
231960258
1066917
1469724
143115
138502
231974100
84518800
79480
132347
1187382
1225379
168022
7466
1547432
206548
1894502
1376609
184466
156106
1107396
139676
146130
7382
144788
153467
3163622
130206844
2016159
11358
195826
2918454
555358
45319
3870502
550620
1399708
1376609
339887
2609539356
240090160
2609539356
3009868
197696
47381
80458
2632573
298227
1029018
56290
71937
453066
280272
508103245
240060919
1309066
145762
969262
154446
104756
113764
3332870
7431
3000952
1823116
89257
2401505
117858
3076268
453913
162571
2177266
2436519
269915
122826
342110021
111604
2793044
62748
391178
149291
2497864
130914
1376757
1714886
280228
1552661
146314
420215
2917368
180047
4136816
145740
1136727225
1227137
1824791
56256
23074728
1208546
3347918
280245
114843
1828382
2460505
1019741
3018990
56018
54908
280233
92955
55667
131192
306562097
153677
904542
55166
55428
135856
1478019
3006203
120534
532352
163565
163612
6872713
287519
2464719
3357030
130943
153704
3006802
2675360
131171
349050
4703444599
153683
139098
122885
104756
145168
2952127
224368
343207
911088
8637
3315955
1159668
122899549
452648
280538
279423
1965233
192793
349011
1459535
457009
3007509
74144
137913
1210057
42398
1539376
453674
107974
3019267
1513057
2963969
1204430
58405
163612
364087
240393
3795064
157292
1358731
166760
1342041
121939
34920
2307203
1726294
145970
280440
1348625
149346
2399800
120189
173298
2247352
197696
447585
1942624
1342811
374900
2307208
1552192
1842185
413134
2963969
106419
121777
146224
1079067
2692254
1240081
286776
547511
73964
6426101
139540
276953318
1014065
3010204
150545
1176503
79648
2304454
812190
555717
184420
56100
3009198
1235978
45511
1473475
2015101
172196
913073
2442881
1108117
1016200
3293120
150403
422431
179509
550090
2793044
120203
5805195
404810
142706
134036
288720
414720
556073
139784
1230360
1669044
158863
152234
1152717
2675832
1106780
2915709
286394
543312
153710
147008
1230272
3775060
153710
106521
4703444611
120534
73982
153672
2456288
192782
1701436
2317365
3355625
2531274
2610683
1259550
55154
550365
62631
3007014
1159526
2720007
3317908
2202144
839039
2998589
41099
2689487
2743050
153717
279323
128150
56356
35998895
354480754
1405383
251075
2862881
168233
946158
261657499
377017579
139311
1268584
1751717
279238
55064
108886
1529753
2918021
1550566
147299
175342
73973
3007509
456862
1540519
80470
2939672
2953012
154391
177923
532367
1298370
542634
240053395
913006
969643
2956538
134036
280318
279211
130921
208428926
44544
168236
141234
48311069
1144851
6678712
240394
151327029
109754
131178
1392613
4629949172
279361
1402724
2646485
195298
131020
2952127
149291
391220
240102654
190380
26161283
417761133
1251296
2436893
1106275
2872088
286783
162353
54737
142086
2099810
1265063
29095278
1107707
1127182
241077
2506300
69141
2092425
106298
227225
7361997
444869
162110
8642
2741708
419913
129471
131770
2452671
3289820
2456288
1620629
185287
531494
2954980
1834655
2915709
1161684
2804541
2988827
54713
146468
122680
2443354
3332997
1253409
280368
1259088
107079
1402709
44917852
172170
149435
119008
1120667
150378
150532
71525
1279709
56171
3315955
3347372
2415688
456810
1402733
1550554
1079085
280630
1074640
2389061853
970101
3246441
114686
2247277
1377054
3327158
168170
189924
172205
26701367
155366
180035
54174
3348412
139610
58658
175031
167792
1503354
1772841
3228947
56047
3158042
3009296
3012207
2950699
286830
137944474
2815484
1079075
231960258
3775063
227232
120565105
104891
302635
372366515
134067
3087982
420086
1141529
302696627
134108
72020
130072483
196311
3355910
73986
2139813
1278736
1066917
442736
106707
1121029
1340088
225549
420687
3355442
56256
150548
156737
153566
44884
3359719
2505979
3018198
153116
1208546
551833
3006205
2067293
145743
144783
80409
1398638
280534
168008
153785
2755966
3156258
172593
2962339
3350102
3014836
729167774
3161030
913006
3794962
342563
1345825
227228
167679
97218
3357223
151088
4629949168
3326960
1159664
456862
1361397
147488
2954207
166910
164209
168637
1433690
3256242
168181
138741
2429377
2460472
41038
105143
145813
1206612
414720
156171
2817441
180039
170568
1386972
3318845
406872
1316098
2393403
7375
120892
59049
136379
3316327
1075118
132451
1206572
1648932137
532000
2074733
152295
280390
21262495
3310895
2444025
69376453
148858
903230
192829
1158566
2425991
1127092
2452642
25869574
2755608
1159673
1270518
162061
3007981
1547430
1381444
44804
531459
1225243
1143146
134122
1076927
1231459
1267391
161650
37244
2524314
1197613
153429
180038
168998
2207890
85947
1334824
123279
150367
154443
1028992
422688
104762
2195080
1217162
43843
152229
3087983
44839
304751
1231488
190869
127319
104650
1071170
55838
152621
550371
3298774
150027
1835596
157383
109102
26213889
90205
1552661
148039
1380268
3009348
54821
152313
1339786
135604
3005662
1149571
240058050
195271
1901725
3010046
3019951
438344
2755499
54830
166888
170568
144853
192756
119423353
1452081
4703444620
178739
442794
975372
156234
1347195
3349631
69182
532009
280481
1131673
342462529
1403918
3006899
2665733
45159
163562
2412710
155987
108990
44251
157754
1159758
113919
7406
153113
149342
54825
74318
153681
251075
532312
30432487
139499
2998589
3009223
111528
153107
2073952
1362157
2196155
3007393
554457
1279709
93281
298204
168650
171963
36966057
159010
971040
3648962
158262738
2953977
198422
7421
153017
1362164
55161
1118870
154502
1167813
153800
1014054
102268
127319
74718
158161
130983
1263319
162068
1163207
56035
89773
3159767
307584
1433701
161008
142047
370133195
2596555
1402753
1149378
123278
88638
1877989
106716
155370
150387
121027781
970997
1319715
2918424
57533
1206577
5038117
150423
1346668
3159805
1216719
1669096
152232
167679
1351267
1547688
153627
963199
2078291
2690234
76211
163575
188553
969449
3023076
3087983
536123
2202121
102905
152615
1079067
415675
1076964
1771854
7461
2915711
410256
1279979
3330279
1029029
2436521
7459
44667
3778610
1281172
3321893
122756
305640005
3352911
1698501
2665233
2917118
240056905
1152643
27308495
144873
975568
108393822
151694
3349905
114377
1777905
342999
153449
1299572
2955003
58032
415485
169860
156299
80513
156990
1207551
1107424
126766
73964
3357709
4442556
411573
55095
1121015
1669030
1319715
869606611
2994939
54819
58143
106707
143115
969643
152995
1154548
3352782
158851
158862
2225912
1552192
2862841
7396
1679959
26487666
44282
406474
318807
59709
153565
2904506
55230
447584
148039
1152554
146277
3159823
1176758
1067764
135409
104335
373983
1539383
2688911
378685
2162970
14808039
141163
2952675
146135
288758
419548
7405
44830
1410876
149996
2164745
16307924
145317
53407
133861
550088
1017381
3246577
536170
305639190
158079
55575
114379
1043606
1418633
62422
1067821
3016772
171496
55648
43989
1898419
368782
1151573
155941
152233
134083
1620629
4629949168
2714612
119423353
3349930
1107424
2094154
196159
108661
162068
2177266
104374
7467
42568
3775060
3017000
1076927
62149
2175078
58201
78619
152410
153665
114686
1188459
1235978
55569
44917852
2981211
4798638637
43850
185494
2815653
1060215
543311
1231311
1206612
168251
2468328
153619
2084789
123322
1824791
3359869
1806492
148182
152234
1428125
157630
1107262
110194036
55469
150337
145813
150041
121511807
55864
2692265
161424
378685
120714
173371
571804
46260
281346
1804307
151104
55547
396248
162061
138886
142004
55828
76363
2869330
130072483
3332997
1176743
137776727
172064
412070
4629911077
7429
107069
410437
3159819
2438993
240354
1964164
288599
149197
3006339
1553735
122899549
162018
152983
2513111
74178
171987
191739
963199
102874
2553300
1529146
1161681
571804
7461
4347988419
214665
1999150
280534
58072
149431
121716
58028
1105920
109090
536121
370133195
75454
1413403
2952613
3087984
158288
1158566
3018477
4098808
975778
269921
149377
53461
73975
241068
51854
4703444611
279201
150413
2962339
1158716
1631507
1640522
1160702
271970
306001
269915
285864
3006257
3221548
119089551
411466
2598542
3324235
90205
133904
533817
1231485
166807
1853865
3004178
422391
102874
55073
1418624
190273
1552664
279244
1067175
286776
2804765
1231459
160892
79480
109383
186977
157772
975768
2907537
2563285696
1016039
3594027
542785
1225363
364656
531449
3775063
157753
2952695
7411
136400
3349674
180046
1249525
2610683
552194
74829
1972004
2815754
3215936
186382
2395867
241084
2808146
1289010
41094
197353
62381
1669096
457025
1630104
119585293
412148
111603
454713
53462
3162704
286390
3246491
345740
280550
168231
1612961
1151470
1277479
869565029
134085
45016
7523933
26487666
1405131
105389
55872
167659
5875927
3226004
1240444
3243197
77189
178138
59149739
249399679
229786
55896
122852
2954181
56085
54191
3295975
400311
1418336
130979
411560
438171
225564
240098830
162353
1108111
786882074
396250
139318
139800
139089
7606486
1682248
1894771
3010628
1547308
2809922
131030
2460577
79397
1084365
3016826
74132
280274
9071
1066638
1107289
2531532
1166327
44219
7168979
302588
129336
3586169
60072
1491393
1069702
54881
169012
153621
166910
104184
105389
1965233
279318
120175
3247886
135857
152136
1664257
77159
2420076
453025
2952443
1084793
206672
106211
153465
152967
136259088
1059984
406106
2989219
42611
2892459
58638
3158121
123758
139103
2805848
1106275
1960191
2928265
2947221
412672
398945
152759
71937
869609474
55619
153127
138896
2991079
2953069
53403
2955025
55617
171987
124127
1206427
45112
74569
158959
23074725
58050
531441
342935
122826
123552429
76464
1151471
1152558
533787
3357220
303585
280564
6837681
134065
184433
162068
2014597
1923798
1160702
107985
131027
3349910
1028985
2816901
1108110
1028983
152966
2646485
384005
78597
85685
112729
147299
74559
1067587
1462008
332321
3879784
150034
1076898
142703
3327623
2724049
139610
131304
59418
114355
86538
147296
1332064
279322
185524
149025
104492
160882
127864
155468
2414645
1920087
444869
21335
1108014
536465
2963979
2812042
2892455
1167522
2415761
168006
202073792
193222
146300
161961
2952086
195295
180049
4703444613
153627
2171347
411577626
125618
152229
144839
280440
240046032
73967
165475
157772
2444025
156279
1547428
2928265
141971
963635
2955300
145768
1206528
151074
156677
286796
401187
1204574
2152285
59563
1160504
152599
228340
152244
2531512
3329816
275926
552247
1361815
1140615
155918
153139
155369
131783
4703402617
4703444598
108661
2690410
150406
1121033
3333143
146131
144325
1067598
27852583
1122561
2646485
190273
55874
913006
157574
1108115
131017
7155943
117884
1826074
552198
225548
2247302
1513057
2804460
178175
3210999
231975680
2963979
105280
279244
536206
3778611
107423527
550119
111031
1791324
161993
271110
1404342
286383
1999150
1223723
122419
3012442
106714
1216608
106419
2739991
91877
1283501
146200
122942464
88915
1777268
1403918
156274
149278
145274
1162686
1190905
3244962
280412
280630
2812075
148342
214672
1145310
109934
1283449
2956632
1066801
2674914
1059984
1210977
1828593
152354
406474
161648
55578
844710
2997071
965761
1291589
961522
2952540
196159
913068
3489649
1456633
1150955
2171347
1175406
171968
3355910
123282
139113
532302
280597
2907537
2050519
134141447
1550564
1067751
2121672
116874
295807
1067849
1004400
149241
2741618
1147213
430739591
3006851
3287346
400417
37775
1778024
2034933
571980
1253778
167593
531449
1067757
74569
1940314
139558
38738602
121881
131648
2682940
62532
92968
56306
74022
2681149
152994
454714
139590
139590
2396450
62504
56306
1792374
138088
184532
135628
62772
58173
1188519
1066830
3349380
168851
1141528
92968
3152830
79337
2066363
55830
145195
44933
135582
149339
1963109
54823
40442
31941291
184506
2084776
1106819
145970
1612961
157677
1085326
418225
168010
456813
2917876
4521144
428039507
2679956
1161681
148031
1643184
1108014
3293148
280274
2918485
3221112
3258056
191361
1017399
97213
2809403
1794561
1206838
1166322
1380258
302696627
146216
543227
27431648
963199
3006257
7438
1107289
532414
139238
344685
149436
2954148
134183
2086237
571980
54886
1083121
1267391
105272
5610766
122805354
130983
120114
2074756
23443256
2505979
74088
1188515
3310895
142857
7444
1160508
3437391
135857
913094
5811935
69182
58102
131195
1453939
142271
1198634
7419
2924862
154030
122907
241069
1059914
1550590
1108111
149340
152617
2603248
198590
3019384
1286942
3006874
3019382
3579531
58028
150496
86708
2764710
1539755
1842527
172598
85809
1209614
73941
44804
88146
269952
1016569
2815653
145779
7392
3156208
26701367
1251275
2207892
7382
2825885
144782
74038
145322
1814965
1082288
1382494
131297
974218
1539832
1076960
145169
153703
345740
1197644
3359840
415695
153617
1083100
135802
44544
1107724
280624
2848213
420676
56253
3355442
1923997
4097196
106802
1209614
173351
104886
111147
172204
147446
1066266
405156
1959458
146010
1473474
970997
74319
1834655
3005198
1142933
168210
1842245
2029046
913067
398710
3795658
108661
1547390
2185374
151109
2950699
407492
106809
898229
288247
147268
2084805
39727
127167
2904798
114690
178746
117996387
280141
1380223
116871
153482
1420611
62453
3794962
7449
195272
445970
413134
134097
1552662
2531521
55586
1206573
1999686
2952349
2954731
449696
282427
3161319
3020467
3010626
153457
3358938
2185077
2412675
56237
1179644
162110
114923
145831
279434
41038
152298
156679
59840
74177
62532
2811920
2603247
165941
415673
1685906
2755608
3012374
1078988
50371
139259
164937
44879
178009
963199
2690438
91290
1225363
56164
145286
969479
167699
108990
74047
1162528
1376769
1152130
1159672
3009290
178737
1108117
2954819
286394
398673
1345977
55617
3019518
1130433
131168
1401835
1826208
2809403
62410
151081
2399780
131799
1418633
1013581
3324640
3348644
1459535
147107
44290
287494
303781
139231
1206420
2562137
158851
345576
3001265
1411877
162116
1067583
571037
145780
305640123
153363
1067583
104962
286388
156814
1079421
302819
1213589
68007
396248
3358587
1179321
2918495
901534
1675657
4703444623
44125
166807
3087155
307573
58140
1029029
547594701
1987491
69730
975769
114923
2713205
2953192
33120283
1686359
812071
106752
1960177
2638183
1672624
2963969
1383408
296083
90689
166733
280280
406574
168017
969676
1014017
1378690
26480399
543311
2947054
139835
152967
1154624
2815754
2597485
58404
73956
114872
153434
1230248
2778914
1069729
3234092
183746
1392183
162219
2954819
1388016
145816
1206482
531480
2120626
56047
7146560
1176759
1448718
1421330
88801
1149379
7452
47796
3007853
1135953
1143142
3358920
44780
202905255
7388499
1266960
2132500
2950867
131442
2545593
104337
6678712
44836
152766
1203006
3243124
296584
156274
151108
2809659
6566419
1395273
3256330
56049
153688
167653
965755
153704
419038
62525
1231635
7523933
456862
112653
2032280
161008
542625
123278
135582
3331723
113919
176021667
1999133
1999114
166925
1332064
1160513
1161683
127298
141973
72020
901533
3247792
1824716
1804307
110293
3159823
556075
569470
1159937
62734
332321
55389
128126
74020
1814965
1937072
148863
168006
1155794
349050
1456792
192789
74157
74040
412712
1342037
543178
1067598
2799557
3328411
1249525
969289
2322446
295092
135602
1378626
152249
123327
129471
1342811
3246442
2168714
1942809
113465
167720
1147213
2651867
185401
869508901
2814103
175031
3006405
149279
150024
1433721
418077
1122565
1879617
326287
903230
1120893
132483
192763
1751445
121771
1161684
122370
1106396
2692156
2317346
126413
279315
23443256
139283
1624675
114352
157559
2955204
114345
165075
54194
106995
8637
1082294
2953995
3325757
1223673
3330279
1004068
2772031
145413
142308
115079
1550620
2505782
1808721
2032165
6076060
3358613
44766
375773
1307611
2425989
27303358
1162541
3354596
1772909
371403808
167792
2826006
240071610
191713
73965
72380
2086237
2196921
2146178
56025
4545343340
3162900
154391
2032458
2953995
115053
122805354
120308
23074930
1298370
357981
3161033
2917876
375151
191251613
74017
532367
3354170
61911
62363
547594701
153688
151649
1813385
122617
54886
132470
2322446
55095
357113
456981
1359759
72196
2954207
401444978
280605
4145201092
74011
107040
288589
197566
163602
2549937
3331723
131610
3349820
1298371
2956077
1539376
918574
418066
54737
45253
2846508
74091
1942624
1395119
42819
138741
1748992
153106
346134
3006405
1650407
488260
150024
420224
106803
55079
3317908
1747955
125634
280325
58042
287827
155924
2927066
135558
1213691
542785
147488
151109
73970
139372
139558
3012406
150376
1462008
146128
2669920
1106287
1966020
106521
5610766
4430941
1152556
1411101
2952443
1877989
198402
1176963
1167815
7445
416640
138894
2026244
3347752
1004400
415482
57813
172060
3006899
2806514
551814
185524
3020471
167653
119089544
1269641
1550590
149028
151672
131833
532367
4189298057
142858
1164667
1322070
44251
571129
974227
454713
27768
2429523
190827
1539723
1530586
3010028
90767
1141620
76072
2820906
1411877
364087
160891
324899693
2952574
2379919
57581
2237699956
1261462
3251562
180029
5176019
3358920
122586
1750339
1392121
2146159
44279
131401
2739991
442736
1188511
151079
7467
80513
3011656
2816505
137968
114942
1084185
2674914
150034
1105920
2097692241
134161
1951964
138294
57943
1703756
58167
110293
1016588
195826
1944556
547426105
253985
1076124
123758
444877
44383
1204733
47696
3332770
1403839
279231
1166191
180035
178390
2445563
1999389
6956667
44909
280608
43392
54531
416658
406470
970997
4443571
963641
2609539356
1255237
7374
2478628079
42398
279361
1547702
142108
280262
2563285714
1167524
55594
2451579
172072
163579
2953192
138294
172590
167676
1167524
408121597
89859
1948194
74143
145762
43999
2533313
1940307
1013863
120296
1920539
153482
142108
154028
1152554
3007586
144860
55858
1480431
1473946
3909995
44780
74169
2110264
2732956
44383
3374767
3012207
1223658
3396084
2016013
24517022
113919
153437
1107394
151839
2690438
1242356
2989154
390188
3163068
21262495
1824976
534266441
146007
62495
2170323
412148
126829
5937556
2531521
401820
2950581
184633
7408
1361167
62768
225494
76072
286342
153142
422689
55619
74317
3333241
190819
374810
157530
2755608
106809
421866
280269
76469
2952748
3014850
1672484
2259448
8643
2006941
3241960
1179321
1216467
55562
1900605
1253405
56049
55628
186382
55562
112405
1067604
1465162
3293120
1151469
332924
965762
53835
2180404
1078979
1395273
74035
760746
280481
114929
169037
120141
1283313
1244795
125618
1283513
3870502
153037
3246491
7606486
190911
56400
1550564
170555
224461
2103721
131840
3007364
139282
357800
55558
161437
126429
287670
1920473
183750
121027781
1176759
2667594
160839
149342
96905
475555429
1141620
47608
168014
172630
45916
150417
111604
184633
88210
56085
1965233
415487
184482
190823
3007441
153565
165131
2690418
1857436
1028992
152313
7393
57881
3243586
152302
330473812
166727
1729920
1422335
1362084
148841
154613
1450080
105278
153153
2952095
542634
154301
73981
139610
971074
134107
141549
1019713
163617
298227
1829636
145941
57582
145278
457024
172171
2327259
2743139
398942
4703402618
971023
56236
3160959
55648
1540524
414794207
153658
79186
2950699
1671133
1076946
139674
27308801
157753
55586
105143
129754
354480754
415482
1326916
88626
115061
3019984
123353
1268700
1235975
1295577
1161666
153607
536899
74112
1158715
1966020
139792
2952095
551814
1747955
178180
62640
102880
1362157
2951098
3004178
44134
56029
71937
272914
812071
4703444590
55583
442736
2633746
3247790
1155339
1751079
44830
92970
1826074
161993
122808
1107724
975568
2928265
151710
130919
161093
1960177
56117
131842
90773
153278
141971
969262
56076
1245052
2769604
1959472
3359744
3258140
3246452
139537
1162542
113134
152302
58201
121499
2755499
280367
1637045
56290
168992
179549
375151
1162686
3008257
3018691
152430
1151579
1240509
1854763
2692265
2932285
154605
2456294
3235880
400311
550090
2755498
3317408
105143
161652
1965547
55487
172174
366694000
88850
75457
1019750
3249322
231975489
3318889
2131942
304716
1347158
2932285
3008904
177923
2812042
1117583
287083
21063632
2713724
130935
4703444601
58102
6679920
161421
55867
280440
7395
3219160
1828388
1945986
1792386
240359
184460
1160506
53845
197239
3256204
280550
1552664
185260
969564
1155339
131324
1402709
733759
146610
3015851
166807
1764574
120288
1828382
1401835
58161
154028
1268207
2313832
55877
1392191
3030976
153697
58002
288720
7401
1230123
53838
280233
1003302
165475
3010626
1059668
52373
1631531
123320
406106
1963673
1378690
398945
1107740
139642
156171
59063
161650
410803
106797
1179646
1141526
55164
3161319
969369
227227
2815477
288592
3359675
2954731
179180
155987
167739
1411878
1106780
1122577
3010391
158902
1268207
54921
144789
73911
3348382
126426
107014
2815401
2398104
161655
2799557
1106173
240036844
453066
60759
138513
1028983
59710
2673801
131603
253824
152295
901990
422689
1188470
543181
269921
2120626
172216
1121029
231960256
663358886
109976
1083099
2566603
185260
1235992
975783
3355695
180044
85956
3007014
3778610
62578
1078988
1107289
120965
1204733
153745
192306
1122565
1067583
536170
34920
3359872
1180679
2416266
280272
301482
172685
164937
3663636
112100
3245104
1083121
153339
1269513
1109203
415484
1107715
3248249
172594
417327
3011198
122822
1083321
62717
2379848
131889384
49898
2882617
142086
2178684
2918476
1591241
40545
62748
39514
3074405
1150939
2673357
2638181
132510
1362086
133992
150496
1188389
2955082
148183
119581351
153566
456985
122820
803018184
1278736
3348772
134591
457025
3219160
4703444617
2723341
145875
410820
53812
346345
1255555
88629
532302
39152
416648
2393403
2413295
3097346
36473
7447
170579
1066689
3317408
422686
198257
531460
193054
1159668
1361458
89780
1536593
117571
2811291
400118
58024
107974
971003
2032098
538380
75580
124458
6076060
172189
435514
117634
27308486
126413
161944
90793
1379215
3020571
154292
114902
2438727
1361666
3347731
963641
1175406
965625
3016841
1390434
73975
2671314
1383408
1624718
307573
279178
420086
3006058
74149
54813
153712
56247
148184
402056
1945986
1421537
897554
531524
349027
54517
2989282
153756
159868003
56097
1198660
412864
2827425
2689687
2606649
2259407
44613
298285
3158089
1013802
191712
3010292
2804460
565666208
224462
1345977
3333238
411573
73970
48311069
182644
3775072
1066606
349048
2952988
1078995
152309
550088
2259407
2669965
2915650
963641
149027
43706
145596
56315
402751
149348
163566
126406
167691
854798
55706
3293148
969643
153418
2567380
142714
420676
45024
139113
1074553
2533313
62745
43858
215693
3011656
1109200
55623
58405
1682891
1014063
113646
114336
542636
1179583
76264
1150942
165471
3246447
569467
135798
55075
196240
1685018
1666494
153838
391194
1600068
562654
1824716
488260
55673
1188395
2793044
3016776
151684
240098830
120757
151120
1243759
307573
131593
3333112
3006205
1252520
1206488
1539378
536899
280213
457021
1628164
3357030
132451
404816
1131673
153741
132348
139611
550123
1060289
240048753
1107265
2917255
508103245
53824
1831076
161437
120288
57943
226902
1060215
1143143
112405
3251667
941536
8647
447983
90332
145805
1960177
115219
897554
156103
457020
153121
567267943
508103287
2014597
42284
4072985
53804
1550551
1290654
55952
58628
79374
69376397
88823
59418
59551
902344
27303358
138332
1187266
2442881
333597
416063
114366
3247767
279250
1253778
1059689
114357
1713458
910727
179547
969651
56075
2992480
1466455
1415883
138943
2951676
1285772
3020441
135576
241073
130914
151077
145999
3156208
153004
913011
2957904
153500
136259087
1107270
3012244
532353
305639190
192791
295480
36966057
1761717
4703444288
1076949
543181
54732
107423527
152226
62456
117659
2955196
1290654
47654
145747
4629911080
1685906
88129
132596
1206394
1800608
3586169
135802
1934100
102473
279225
69182
1106285
1922120
148183
1145825
542292
131304
145779
131442
1066653
1423776
4642463209
3354071
56837
1878201
158869
897992
131236
404197
1082288
58003
550369
2817441
90412
2152285
536125
1014063
1402733
531595
62467
1069682
3019073
3251562
1188507
147104
1106209
1060123
54531
37774
129645
186968
1079221
1809448
3359845
47036191
56100
412707
139318
56420
280344
416921
305640306
2023072
148603
143145
1942809
5400890
508103245
1159665
1135472
240377
1376831
2745046
3014850
4629949161
2086237
4583125
149803
55619
47534
55844
189890
166806
3014991
1877580
106707
1106824
56252
169034
131814
113532
1433699
106211
1152643
147176
1342038
105270
224366
4136816
2832490
1250113
242397
3231415
54921
390188
128143
301464
79191
42907
2959874
3154524
370133195
76363
144649
185490
2953357
3234489
402056
133863
418967
961595
407285
145746
4703444623
44952
404940
74152
1253778
131309
1268502
1059674
55486
3047134
171957
2165312
1167802
231974102
398716
285864
550625
1176777
54717
72196
508103259
2132500
1775645
1164651
149001
131274
56104
387496
1060184
7404
562958
1742393
2434875
913094
903988
974234
572592
139342
1210978
2547643
280551
1230123
73998
154301
103076
3348892
145795
56420
153724
2247244
141892
1326916
39727
398862
160892
357981
1776915
1339778
1163207
160891
1972004
43984
549472
176173908
192786
3238668
55161
1416560
1202314
3255202
156555
1230276
2259401
58198
3763647
155946
162378
89715
151112
1019730
3348883
62471
58175
1632167
1083321
1359759
1200994
550362
244081110
47504
114346
340611
119581355
2955721
1671133
2675360
1958982
2787499
1856449
2657330
54830
152997
183747
29095278
172575
1656678
288720
185490
240071610
56422
4629949172
2552450
184985
1347195
1641691
2109291
159010
186984
286796
105280
1942587
153688
1392621
44597
1175392
58028
1405479
1059668
183746
2316596
1157700
449587
122826
1383413
6474878
2691169
536765
536124
1268700
189450
1949080
58161
1159937
391220
298204
2196921
62381
59161
421866
1326762432
417362
123435666
88605
1216397
152607
1284869
276939493
1378626
2610460
178390
1152554
231974108
145178
456805
2814103
120237
1399708
184431
1359783
90808
2247303
122805354
542784
131648
3006074
1359783
156563
1354337
4348290729
240344
3020440
54921
76306
134039
183750
1322070
16174445
6825777
55884
131172
398877
1682891
542792
2950603
149596
157221822
1550562
44239
1028988
3359848
1342038
1950071
3992676
59041
2907537
152630
1146940
374796
2200642
172064
280496
4351323483
3163307
536475
1076898
398942
2094521
6845078
2460536
275926
135824
442794
535790
41038
1206427
280228
1107350
29989621
179475
975769
3817704696
1410843
153491
913006
3355910
199088
2184233
2989155
1307354
2429756
130973
153010
127309
54839
287507
3648962
2674914
439840
3986076
7439
2966074
135856
145812
149441
1230210
113134
2673383
280633
1412652
3359862
62403
1528297
457025
1158566
188218
134039
116873
550364
2456288
1180852
162069
1828595
153010
120451965
108083
231974099
105274
150548
149159
3357712
2671158
146328
286783
153715
123363
2807559
1270518
56244
166718
152292
44383
3012422
104708
55724
1361450
149241
145166
1161680
398710
280190
1161680
1079343
1240509
1332082
380346
1268595
1059671
153278
63355
157559
318467
1066917
146007
1167813
123265
412672
153310
74796
84518800
1076369
55563
73986
157772
1083100
89395
76363
55201
279317
3544925
1025105
3360429
1206478
2131957
1253513
339887
280533
56250
151128
1646090
2862881
1179696
1083319
1550562
2016159
161437
122885
150034
1800297
114337
6825777
970963
158955
55944
150399
1458053
1107421
56252
354480754
416216
56047
1550593
206548
3350280
543073
172200
150563
73444
1734929
2671205
44164
3016973
346345
2713676
391153
1339892
3231218
339887
1121029
171971
114883
2671314
39169
1734929
1265063
48927573
571802
144788
62372
542790
1059785
131401
179550
150488
1122551
240394
1823294
147968
2425990
335495
1076898
223621
20995224
3087248
1230248
279181
1204444
280173
55261
35998895
1159306
342563
115032
1912453
120141
7421
3018214
153691
1082277
166905
3007014
1154546
1368798
1361505
1223740
114367
106814
3018476
224380
1135472
28234964
1957077
144626
130914
315173
136460540
90290
3220685
106420
43512
62780
119231
6041206
6690056
231974104
156986
1078770
138675
1251403
1152136
3352911
332321
438344
55192
3012297
56908
156819
62607
167608
138886
1067738
457009
156103
145760
192786
185400
152315
138294
172162
224040
1476188
279165
1332269
58405
2741618
1164670
196161
1075002
2552450
141112
1877808
146225
1362320
104708
354481601
1402747
105389
7427
2764712
3010745
224366
159868003
1340513
122886481
55054
3047224
73967
43890
2952675
74496
2651867
342462529
3246491
900365
53448
40218
4629911079
62374
2923822
1161683
2438728
2651806
144399
172058
153240
40545
190359
123322
1227118
1145294
3006243
1066803
839039
261657500
543311
430739591
158880
1673886
241073
2812216
354480754
2691157
153741
1030071
132349
1404741
123552429
1107350
1387968
280269
1066732
2812042
179550
120251
190867
2917182
1144851
56252
53462
536464
55233
54701
151103
7463
55623
26769661
1106257
89564
28234964
1361999
1083321
58169
144864
1135472
106467
2178622
56097
149596
26373169
7392435
1015968
3327621
1323775
1141681
40784
900995
111721
453814
3372453
179509
3154524
420215
1076369
969362
4703444621
1380951
121694
139779
1079418
7434
1238839
447325
196177
2460523
3256242
43826
1347672
279338
1792386
271973
105777
3015397
156967
3018438
419698
1479603
43740
156994
3000952
2456294
304716
1299536
3464353
3323227
3161033
1206317
306001
1383408
149429
55628
148551
27308737
2952224
1346955
419548
304938
55844
15412058
126495
192824
75457
85947
55594
1144831
362413
54187
3168167
59518
191731
2094522
82933
419488
149429
2770659
168991
276905
1735475
1155789
21904579
116873
1540176
44766
153005
153013
1550566
91925
1685488
190861
2455086
201138655
1420601
1122551
184476
370134561
52345
910521
1387888
2247352
281350
131226
1188419
2533318
3007932
1152133
356443
114343
141262
122862
556073
1206574
533681330
24535523
185489
368650
55453
62631
1589521
1682891
135450
488260
3763647
3219356
2953111
128184
192737
901989
145743
173016325
1776943
2963979
1567544
454713
147101
128158
1161611
167704
2953281
88638
107040
2106909
3012849
131600
1283501
53391
1673982
5812066
130979
420224
43858
72525
1362076
1106183
136430
2809922
1082288
1236013
1433703
536473
43826
107985
144864
2689487
139345
1325514
146209
145612
3359634
1637045
1671443
1075038
1747944
334547
4629911077
324269
3249857
1230278
49903
156605
1361505
153142
2425988
3357709
161957
54737
1206593
104336
2978650
2097692241
410804
389963
1413409
114349
549165036
88607
42809
180023
7389
46902829
1361816
365331
76363
2955082
161751
131382
6837726
177415
306562096
1702499
2533746
4703444622
191740
114379
149352
224366
232874
106879675
7455
172072
331463
55724
1157702
1474716
2145268
2438727
55565
168010
2674666
153367
168023
148359
1154551
288722
1550630
412864
91877
3349380
552254
2799557
1159663
1028989
167593
2078971
44364
2764712
1347476
1772214
6837742
179365
1673982
428039507
2815623
53804
167680
610738
58112
1167815
104908
78621
56237
4869487523
92965
455082
89859
160902
2610460
1772919
1851826
3355910
1240078
1771742
185489
1520612
2949161
3355695
156106
550622
1249525
8648
153007
62372
1440627
2661906
2651867
3350102
2465173
6837681
344962
1161684
136454444
1150955
51477
41842
1028992
2398104
206544
161753
2034933
404589
152970
6927733
2208659
1589521
153714
1803923
240028160
54777
2720006
107075
1814965
58177
280497
2171961
45401
151128
457020
151083
3790801
74172
3879783
2830233
41395652
1627497
958677
73948
3777290
2425993
3795635
27431648
48311065
380973
2646485
139503
6667566
7606486
536780
1606296
130219375
1067817
178138
1277479
172207
62650
168630
148016
144636
46116
975783
109934
324899692
2146232
375773
123393
114365
531529
304934
3018247
122823
912942
1157700
1213768
3099592097
44879
2027869
1225483
2893622
1379335
396248
1309622
3009667371
965625
2505788
1320062
157403
1672457
2589843
3237066
532367
1141665
1121029
56082
1376831
168003
305639344
138886
146143
2954731
1331311
121027786
62644
148018
150397
167609
3377982
2917305
3775058
106665
275926
2451539
1083102
2932315
3163307
172591
2723258
150027
1937057
370329200
1433688
47036191
958677
1395349
3016772
55091
165794
44279
493986879
180048
2434439
111134
478385
1704857
1656678
47046
1059671
1076369
76306
192756
1874847
182659
145319
54714
119581351
136259087
457025
2016013
2806471
382313
3015417
55589
151641
1141620
269659
280302
148359
3012244
3255202
5812078
54189
54777
56125
3006074
143115
36458
1553165
2131524
456781
2034933
1269449
3158103
3006875
1268702
153363
288592
2689487
3246491
401187
74845
145759
307833
1242356
114854
2918485
3156234
53351
106782
1348698
104836
241069
280572
975727
3012962
1261462
131889384
88595
280249
2646485
1456770
1059660
151104
1130433
3163307
1947201
3333143
480307
1392609
286342
413137
970963
136333952
153126
155028
307823
62369
153496
106802
150499
3018199
3221546
144680
1223833
1671133
1345754
179475
1107423
1016033
172594
2109211
109090
73911
3015851
532302
431467282
62499
3020144
152624
3328411
1211145
106437
153343
1151474
146332
1223658
1060610
286383
412707
2959874
4545343340
115218
1245052
149727
1029018
232874
1265682
110808
448653
280262
1346319
57992
3359615
167726
1152728
559621143
186382
1232837
59703
151227
3017000
145941
1942587
53407
56109
536785
153699
275926
168584
135802
1107394
3327621
131862
531386
1395349
149291
2073463
147006
478818045
3015119
1268674
969479
72639
113532
350902
1687730
54836
456862
921589
2460525
43740
1412723
136446
1457074
2947032
272939
242397
7160849
62598
56018
1192497
106013
2207890
152279
2379915
157030
131291
168174
90298
117869
42414
167797
163565
122826
74135
3359695
422689
121499
145278
1729920
2954314
2892476
176173908
412297
1340513
1342811
1206838
195826
105281
139774
157320
119423328
170486
2956538
178739
1378626
139098
149278
136430
2815477
287931
531300
151094
56313
2907540
1047206
3864569
1553174
1152643
153105
6956667
196161
2094193
301464
148603
446049
1520612
132379
146612
332493
280228
280215
532306
448660
73973
2992521
44282
132373
161652
1792587
345576
1122557
280368
1176964
26480399
172196
1852574
85689
369519
2067281
1513057
153494
166910
160900
121840
1163207
202816646
154941
146125
1078989
803018184
139611
1404228
1903516
216351
3349820
1003302
562959
166904
113487
1347070
1013581
110597
1359772
418066
74039
387146
2371819
1075002
190273
166888
3342227
185405
153135
152318
232874
1206421
897984
1672416
1152130
1120713
87334
3017296
302635
152630
145759
149278
1416560
1413403
164761439
2815754
2449429
120832
2917393
166713
78763
3163622
1861591
2066785
90804
248770992
62149
1772919
54094
163575
3217684
536477
55428
153812
190362
3099592097
122586
1964167
2117795
531599
2131524
58380
536785
4629949162
1279409
812190
146745
2842258
288247
2842258
143115
2317329
111031
119008
3358355
3019964
151120
3349930
251075
287499
114366
3342023
180047
106995
145990
1155339
3349604
969459
2804495
550369
2533313
1362067
567267943
2929054
1354393
1999389
416189
401161
2097683
2411584
152411
58177
1078995
136430
149296
63512
251075
54852
2171963
150488
1225227
111716
121715
168170
869606611
2483364661
1151569
51490
420687
76271
225548
1267392
412132
1777905
149455
3009839
157574
1473517
1293250
1078988
3006057
62630
2171347
150499
422124
156234
128142
1156112
400118
1167524
56022
370476571
55712
172162
55109
550356
280367
1283313
55595
143490
975372
7432
3790869
1161612
3357537
131889384
157927105
1230129
1230115
153715
336075
144399
401161
1395355
3347359
55096
3358920
1166432
1106175
281350
2712154
1223658
1842245
180030
114944
150415
1550595
3349604
167691
1180675
218896605
146357
1047206
163566
1664272
3221546
2438128
1479980
456997
2456288
192318
62531
134028
1418624
195826
2771635
3355367
135600
298165
478381
86609
3347385
123845821
1161664
166925
1206427
2954140
62471
1236013
1747955
1279573
556706
2073469
3234489
158862
214787401
147177
1209614
1231311
3007393
145278
135566
135857
281006
44097
324899690
3321090
286372
165794
1999150
1477917
2171963
177921
74559
2444605
912201
74800
173371
1240538
30432487
55128
2193837
296095
1179583
153125
121978
2946664
169861
62405
184843
2307251
4583125
122786
153592
2915674
2769604
1194100
144839
190827
2279652
963641
104565547
153129
1957077
3162738
3247809
3247886
4703402615
153714
126423
2163933
3359727
1274127
552197
1673886
1217162
2444025
1891495
172710
344953
131029
103599
192780
2171253
1167367
152410
133147
149432
1672416
115074
349044
1387968
7434
2958755
54913
53806
139537
307763
1029019
2950736
3030295
1167813
172710
398862
171960
3359744
130921
3246441
166806
168620
3010745
163579
456972
108850
106419
610744
145418
172207
531463
132568
2947194
153621
155987
2145268
1028987
130957
4629949172
3790869
151649
105278
1703756
146330
55943
133345
110019
114377
184460
153035
2195080
73953
168927
152967
331414
151112
147446
1283520
131001
280333
3011198
153501
149199
1080402
16239
4016543
1433690
1106183
1413403
2317329
104664
149435
122841
160839
177907
216373
1079421
136454448
1176738
3579531
150376
55487
56290
1202314
151649
7444
1863732
1942809
135453
3559887
1339778
3008213
439073
3359695
223026
1149378
2185077
1778053
2171253
913094
58143
73981
1448546
3162704
105278
40784
3357613
454721
168650
1747944
159868003
2032100
280406
186976
111705
56253
288247
1476134
74131
1395119
1225794
3349631
58198
1474898
1106285
149341
2533318
7441
2759370
280190
73998
963641
532414
74157
106716
1395349
145168
358631
419483
2955196
1155956
143145
2094193
74112
110009
3006899
135484
1236013
1340074
138323
153602
53439
54921
1185221
104401
122415
55392
168236
43172
3064410
2137477
112143
74314
72196
131309
83082
3010626
1268584
3352914
2724049
1550564
55351
2732956
133345
2703209
3018214
21262495
1746535
59161
404144
172591
137910
190862
1346246
2954819
1465933
280538
7406
7442
206672
73986
910727
153050
512552945
74566
1435635
3243124
2665733
152993
280262
44802
131185
420762
398947
139590
778545155
55175
2436914
1964167
163577
1628164
44125
1281172
531524
4703444615
120114
186430
53422
3008389
3249766
1383412
190819
170587
40137
178093
59759
216374
1830913
58169
56290
3238668
2720897
152242
168181
2084718
167587
206546
6667566
536788
2414647
138883
225548
2316594
1204430
1131963
120141
179548
153578
1326762432
1279411
224459
1411101
1694459
224040
1127182
965761
2952303
1201020
6038068
3018818
144783
58068
145612
1963719
1107722
1413399
2690289
286783
131421
1453925
3355910
139089
1150939
141234
301464
1240074
869508901
571747
1253778
280196
58881
73986
2533746
1152654
1188419
1029026
74047
1582777
7436
1735475
2194745
1014452
1206317
2178622
156819
3349631
3009667371
184476
44804
115168
280213
198268
2805690
1235971
161655
2603248
160896
1159306
74007
154030
2950567
1084369
2993601
2667594
1159663
146139
2399784
55148
168174
337422
7146560
1539722
1042900
2906364
420261
16132
109876
1206612
3310948
1255555
103624
131803
2884093
1403839
120516
162138
2632581
1121026
415692
240355
114769
2741618
139566
115185
1965547
43890
2690410
152624
271110
447325
116874
1640644
154287
153725
372678217
54821
3352883
410060
141971
3087156
3327682
354480754
161650
103625
897495
2675832
549165036
224922
531595
6566419
280437
197472
4703444622
2207890
2413295
168641
346134
131274
224370
1363697
123279
139561
154387
138911
158412
223607
550086
2460523
237691317
1842184
8652
1206399
2449428
131838
153607
163562
2952389
115106
39230
1069694
145913
57032
157677
58201
70553657
296584
151090
2084706
2016013
444400
1353532
62405
2815754
1201150
1120590
51854
371363775
414972
3328411
4072985
94436
28595
3017741
120700
1028992
287952
2917414
148183
55454
92277
42611
146498570
7382
946157
1244795
150376
2917152
158957
301464
41099
29277817
1206007
142099
240110547
222057
1103578
3578391
54535
3232992
1622702
178363
3240074
280173
401444978
1230206
1465162
242294778
142702
6847723
901578
1299572
157300
57983
1106257
1312553
1479980
72525
3795063
129814
412297
3018438
115106
48925381
85362
1164669
2094193
102870
190367
536121
137919
1404333
2099811
229395587
1410876
2809403
74143
149296
279249
729167774
153569
131833
1205479
1640522
1143135
44219
157543
113038
534266441
1428125
1149575
44766
7384
242397
74157
149997
271110
150406
1379335
139676
153499
148551
43863
152468
74127
142108
1159666
1145288
155987
1059674
18000
557822
104978
406389
2690110
449587
1140615
131017
53060
54773
279318
1898414
172710
80349
3006850
142702
357800
1345744
1066683
269918
145990
154030
537257
398407
2939672
30305
1448718
2449429
2956077
1433690
161349
1383413
2952864
2714132
189890
237691317
156383
48311069
1079069
129520
1240069
45681
1079084
148043
54765
453913
389983
2732956
152314
531621
1402753
2465173
1376330
2805169
166905
2989155
1029018
108089
417327
3006875
59709
122431
3010763
231974112
147067
2755618
3218990
2032464
3333247
142282
1156071
137968
3359675
2438231
280129
3163441
56244
4145201092
3331768
1362157
75618
59840
448668
172599
280382
1225794
184482
1401638
399747
913374
1386972
44364
280220
1084188
1996871
1145294
921599
2689702
510542745
1592502
134108
1771718
104965
559621143
89396
1216380
1924257
3256084
55064
2816901
1538255
1109202
224374
70040693
106442
2317346
969359
1281234
2093234
43740
153420
1942920
56029
149346
115177
1964311
3202959
2317329
3256084
55189
2403848
150378
3296957
1150938
158311
2438229
1250106
73977
3323612
2672323
192781
3358836
438171
2247303
152318
1144832
2094194
1940314
131306
1141528
296961
305640123
1167522
74131
135838
152759
3354596
55428
57965
1529748
280517
245711197
3163570
152604
62430
3011446
180751
55289
185266
155941
336819
536793
280633
1405131
2915759
402221
1630145
85588
153979
1179646
3359871
279323
1216460
1251275
2675832
150534
1742393
110866
2178684
3007441
156177
1942920
1386972
2917358
155941
62352
3161030
134036
721572
1209821
134139
1204733
131293
534266441
3240203
812310
69730
404713
1289084
3559887
2596658
306004
391186
144873
145734
2672149
1156144
2109291
131198
123009
3161406
423889907
1106209
55106
130983
2793045
88832
1353532
810217856
2690410
152127
2349984
2307315
3004178
2452671
1230248
969576
74859
3348382
145606
55874
237691317
898338
1923798
404940
168853
1405115
131358
145274
1800608
76909
2417529
1410912
3010628
151112
80071
2811223
148043
56908
240090160
1016564
1004068
139256
123278
134068
59761
188176
1824976
538362
107037
21063632
117858
158862
1179646
7407
145759
2764710
156283
280538
2552985
153436
7393
156737
132856673
131182
146598
89258
1891495
16174445
3332997
3256084
180837
2444984
1167524
62467
145754
2013124
190333
552256
133767
1066653
152300
6837742
249196828
1216590
3161266
4670891
759198
957327
145747
57960
1107396
2850582
537257
1279412
74035
1084369
399747
2772008
401092
1550556
141868
303702
2725478
1824976
1069694
4085749
1014436
179367
55317
141055
537569
3323612
1342038
106467
153806
371700505
136392
442814
131038
1019750
85947
88115
147060
183747
136446
550728
696768134
131306
138676
3350280
280384
1166327
44959
131802
58638
133927
1456792
131360
85685
1279409
105777
197698
172191
153618
2651806
1150937
86609
1230373
2904797
2434438
111607
150024
2954252
3348644
1474716
141970
384536
52411
1059914
145214
1647567
155920
2139375
3015904
2939653
288599
102874
1465933
1017408
2951545
1947852
330473812
280605
58392
6677259
185301
261657499
43652
55315
3663542
1380223
120114
1599299
166899
1751717
391186
56085
134036
305138
1268702
55079
106714
2431261
131304
7160849
539651838
2828837
2615716
2483364661
1675657
55595
2207890
2755981
2032402
370244025
123883
3245104
869508901
1345825
311575798
2442881
166806
1734305
6679920
3325806
44768
52939
157574
1359772
3339993
53819
1131673
149028
1307390
87334
1752948
1359817
4442556
168851
411551
2882617
401798
67991
1162548
3247792
2317358
1160504
1145825
76352
3357088
32662994
550369
153729
146345
2712453
3285636
79637
57958
532306
1877989
153437
3103093
558161
122915
1079421
1782722
120236
2939673
3087988
135560
90277
130983
1154461
272644
139793
150549
145900
154881
184843
7432
4703444590
172684
85944
120136
240056905
150549
1179583
141971
152248
150133
3228098
70553656
288761
567267943
218657
55434
107231
151697
451042
913105
3350423
142047
542634
152232
74586
7429
346317
1232837
168951
3154366
145779
3016834
1067767
102875
122798
106716
2949161
448664
2196155
192798
55555
147968
7413
1192497
3160688
115053
106783
532352
114854
1019746
1923929
1163211
349052
72196
155036
1176776
106511
154504
104891
4115866
92277
2723923694
1197647
57856
2552485
1351267
1354392
975783
141055
2917255
1314591
30295
399828
411203
31941291
2416265
1340125
153235
406060
2438130
2720897
2723341
41946
122405
135576
43872
73975
2259420
1164734
1459394
3006333
4165116689
5379538
134108
190262
1255333
74047
1135400
9122
83082
1154557
74012
167647
397221
89257
1959492
54777
269918
7160849
2953012
551831
357112
106707
3013038
1153513
145729
193047
240050358
249203962
153438
62590
2178622
549471
1231311
107402
146225
2143354
542631
182954
136333949
415485
110019
1180679
180049
3305871
5404608
1552661
168233
135449
305640123
112997
2609539356
557822
184532
2674914
536224
170559
1839460
3009623
3011103
4798638637
419203
54813
356912
55562
192789
224380
1059984
27308801
3010292
54821
1342361
166717
1014488
280517
190862
158403
168630
7376
134036
1639542076
393835
2440453
410256
195825
2084706
136430
279245
62599
1452090
55289
168169
395658
62685
77159
3354071
2399780
280404
1120703
2438729
113764
168236
56246
1721119349
2178623
2460472
1175391
240071747
2918476
965755
3008213
126518
74796
58068
1413957
1242255
1835267
151136
3154340
1066767
543232
106759
132451
721572
133571
420215
145774
214599
398724
151227
147060
550119
535790
156234
55096
156826
42398
126766
1269513
1155980
3012244
62649
279194
43652
74005
2805848
1418336
227225
131840
138330
2146331
340746
904542
25472086
104915
1361845
56839
3357031
1331311
305099
1141865
74045
2020070
2259448
231960256
1552657
1643184
420679
304938
305640277
185579
107014
62405
287666
2351737
150508
2025886
536470
148252
194119
1950884
3018199
3020440
419038
151940
104756
148065
1016001
88129
3161033
197696
123510
147059
4098808
216351
2185366
2563285696
162018
418700
550364
160885
157543
1721119244
2121672
1253511
56356
1083100
269659
107069
47540
2438128
1223658
1231406
222057
3958665
136373
390265
56329
1076953
172599
147176
180031
89258
2964661
1345719
288741
2665233
72596
279438
3324235
58655
8641
241086
2712154
197566
410288
62780
192306
58388
58447
153002
305640005
28234964
1405479
62644
288601
145750
58185
7457
3320809
1246635
1066745
1185209
194119
158955
123353
2155864
280572
1152728
3011446
185820
572571
153135
1187157
812623
1069694
416216
74002
139237
172070
410803
3326960
2690289
78619
146213
74090
44126
53806
110450
74495
44056
377017579
161652
2120626
231975680
551814
144785
2917255
2317329
1346288
2776280
197472
2814103
1204430
279181
153466
1143146
358631
2443357
1107722
2184073
170641
109752
282427
2918476
154471
39152
1679959
2723260
4703444599
55884
85103
145166
131828
117542
122852
1354392
129645
158863
113314
185403
180658
417365
2220322
2873244
42004
1669030
1059668
532000
1246640
1230277
157292
56250
162239
401160
160839
1473475
3359871
3355699
531423199
305639710
54913
123327
151684
546937
149198
2196155
112298
114172
65606
2952303
55149
189445
1674666
6064379
2279652
6847723
1592502
62734
3228254
2810954
3354254
2713724
1999686
153420
149198
1950884
280580
1413409
56050
59097682
1346319
132856673
56313
153108
54801
1152642
56365
301829
168003
138088
133987
2340910
155987
145779
74017
1165370
120203
569470
533817
3359689
7146560
131333
305639344
191713
2833528
1457128
3215936
58390
2673388
1613214
416184
1154832
2956612
1786760799
124328387
1164621
3355613
456813
305639193
1920087
1152133
3354170
2092425
148858
910711
139588
170641
2202244
3293120
280609
3058686
148794
138333
173298
3019589
903230
192795
60759
192781
160891
357112
2084668
7606486
1175448
2952240
74806
134122
28595
3323490
2799215
131596
2917414
146332
43989
3349936
58185
531441
4348295445
279349
1547702
152620
1456633
3909995
1776915
179272
2023072
3354238
153500
1415887
1747955
1271150
556075
3005662
54537
1540548
161128
90786
153269
447597
287517
122815
240090160
172191
287687798
139342
906558
2362670
2955196
280302
1547430
1127162
330473812
3160688
531620
229395587
1216468
305640074
153363
59056
1777255
146143
7435
447871
2811291
2827451
1231311
2952695
13234283
153363
532310
152304
272368
102505
3219173
7328360
53418
133863
150575
3074390
106761
389983
158733
2953357
1230369
1468000
1161666
3006415
3246577
4703444606
123533
59063
411551
1295577
1167372
78312
372678217
190328
1920901
147074
1164651
324899689
56010
2563285696
1159526
142703
2951545
28322
58447
2816901
190820
1420611
1106173
2997012
536791
1279979
1945133
279188
413138
195298
3006899
2032148
46260
340746
132506
147006
1067757
143137
147104
55244
3018990
3162704
107976
367666
145158
2873244
7034910
2951593
398950
475555429
1759477
151077
145751
123292
2416266
145836
3008014
897638
152620
1066917
54864
1059649
121990
120832
190281
129567706
3013005
550356
3018626
1669029
54788
371816372
1267394
1403211
122864
11318
3027886
1141918
1279412
1863606
2906364
3015417
1162528
197565
135860
1327628
346397
171968
3359840
39859
45589944
536207
145810
279244
115229
55623
156986
1164734
122418
1150943
3349708
149335
139563
910714
3359869
2804671
4629949161
62559
68009
2956553
8642
3087248
185380
1942168
123552429
1448559
412377
1771854
153979
1303876
2413662
1379215
3256242
178380
2918495
102523
105272
107976
150388
158419
1213659
491153
1216600
124328387
1940307
354481601
2690418
178380
447972
82933
531300
1014423
185690
131393
1159518
39230
1197647
4629949169
2531584
55389
3047134
279279
454714
1346246
3015904
141194
340611
44940
4430941
145805
27309369
1144743
2379909
126419
47504
399906
454714
536477
1176759
153681
1240538
552263
898051
104374
1266960
160900
1734305
1066584
156279
1942686
172628
3346137
190823
1159237
3008257
1141666
149429
918574
1188515
55565
190827
1135953
1286942
2468628
130927
110019
913067
180029
132347
147060
3006899
552250
57813
117858
136333955
1392619
2665643
57965
115074
3016700
1142929
2317365
3017000
1163975
1675701
1235974
2247211
303940
2088773
535828
1246640
158868
139282
153133
280190
1141620
44372
1209616
53460
3158051
1188462
216274
3007852
2022530
1418311
2949161
2817441
1379947
241087
810217856
1863732
56319
543178
375589
55154
365307
2952481
1154551
280597
55568
43858
901985
401820
84271
1016564
4703444623
1998693
1204430
447871
153143
1339892
55904
16307924
3309232
2951840
231974096
147061
169012
1853865
1342040
287827
155987
153717
231974108
1842184
139131
1159937
7426
81678
3010028
138896
74314
286394
151117
45916
287953
179240
44613
1965547
153036
151079
2862881
168637
280215
1539379
271973
43740
1479603
3348883
131360
1751079
1253513
42499
44415
43172
1144831
85809
2673357
165466
134026
1152532
139113
1206394
442797
1067724
184490
62430
963199
120958
114884
161645
1155980
4703444589
148359
4703444604
148044
280485
2952748
536222
53351
1922197
2420744
43955
1151556
73941
3202950
1672417
120757
411551
1151470
1176724
140989
401161
531441
453027
70040693
4165116689
137919
150378
138891
3001265
364654
2888899
2094193
3020571
1107263
1674666
1418336
184467
280532
3325146
346397
167798
3087977
1227093
3298774
178760
2812075
146661
2444027
2815623
2815568
1157709
68007
68841
178009
373986
147488
44164
3357223
161993
3315921
1348737
143113
271110
279322
58974
2147147
1246640
138356
120722
153724
3330421
280556
1136727225
3006243
149182
172385
1600068
1634158
106507
2815477
167699
168197
144676
3020516
2196139
453814
146455
131187
1703756
133960
1650684518
161950
56328
288727
368650
1959492
411551
168181
55725
1106282
88799
1403897
2120626
58652
287519
2950567
154888
76306
150368
3346137
2838555
167682
242397
2989158
153437
536205
542636
53853
192784
280605
43584
1016603
192799
1223833
153745
1772521
85534
55841
136222
54781
1342037
1244085
3226004
135824
1362003
185497
1103582
152278
571037
7112170
44804
2646310
1059984
190281
159868003
146213
192785
2717712
4703444617
7427
90412
178351
55075
80413
969360
8643
151097
1669034
3018990
27308486
1150939
2713483
2757754
1424253
2638183
3348883
2894029
153107
104238
149987
120536
166563
76306
62352
134122
54531
201138655
144860
531480
1187381
133861
130947
3249322
2006557
120958
1937072
192774
1236014
55864
1209614
240047795
2907649
41099
1251275
1164676
2947961
1405131
150575
67213
133914
404197
49898
120196
1874847
74153
1347476
2951183
68986
532006
1376761
152405
2772008
1151573
2598107
2692262
1354337
190333
122915
153977
332924
2946612
44802
56025
1830913
2815576
2556598
151088
1016585
1404291
1386972
1420601
240058050
162112
143137
153570
8645
1889154
55064
133890997
177923
1028992
179366
153619
153129
2084805
306394560
155368
62453
1539722
280609
456793
3864569
1771854
358309
140253
114377
1687730
2954646
162378
941536
152997
185524
1734305
151124
3330596
91734
2815653
2755498
1135408
1309662
121771
153121
3354222
398863
76373657
2195076
3325394
153627
42398
5610766
51854
271108
1404291
2202162
145900
7394
3298729
3359871
5404230
3332746
536899
3293120
1113031
2812110
135604
54813
54814
1404291
439840
390188
74792
149368
1187384
131187
3020761
153235
240344
1999686
1354299
298204
1155788
74719
167648
7418
74719
447595
73976
1268570
1106291
552247
1685906
172679
438934
2322446
2531521
3295975
2315704
163595
153724
152628
4189263789
1625798
1269641
272644
56022
2989155
53405
1232838
1154548
1392121
3009708
179368
2185366
74121
7387
3333241
131001
131293
168998
3162704
172200
4703402619
56033
3161030
30137197
3307249
1658233
1804307
1187384
1942601
168585
185405
389983
298442
47772
470054
116869
139026
547426105
153745
139238
74040
2443353
170582
2412675
1553735
2892484
168209
2573997
74126
306004
188176
168009
120196
115053
43512
303427
1236015
165563
78593
180751
1216590
1473517
44898
3015851
224462
157305
166904
2954354
165473
279358
139298
2174036
134026
153049
1067764
374810
69376453
115134
1253406
1987491
1014714
1152129
89393
1107723
280609
108858
3225945
531463
3327623
1004349
2247491
153713
56117
45589944
1381444
138057
131179
55261
153504
1855926
2789106
1634158
153010
1126191
105274
2146331
3017768
168233
1476188
240036844
83082
84271
1685018
2764712
27308486
1179645
1141681
132462
2170323
130943
2932285
1268595
53428
1347070
43656
1243833
114379
138908
2440453
104335
61320
1230210
2016138
224461
1156067
147108
1107724
1283449
404713
56141
47796
149803
969358
192779
3228947
1363697
365307
2947114
69712
2954777
192763
196159
2712154
90412
1942920
7424
7424
144336
1156144
36989
543309
185301
1824907
58143
2117795
55161
1964167
62611
44754
1156144
3011643
279279
1473475
153007
1135953
1745232
869609474
280528
131017
279438
1082292
412297
55469
190868
1162527
1353532
296095
1016572
161838
3010626
149309
401444978
123281
1060184
1959492
240090160
279201
158262738
44189
1392191
121736
163601
3013116
168009
1455009
963662
1383415
1687730
1999345
6837561
56009
280517
144875
1175376
6837681
16174445
138739
3323227
975769
1410207
151839
2904506
531632
56366
56159
2196139
145829
81816
146146
430739591
2804536
62607
164209
2196155
305640292
2596658
2713483
142858
349027
3010292
3019384
1686699
538363
3578391
225564
155957
122806
135582
1354392
54777
184523
146357
1345825
158262738
113358
2529822
150507
2444605
166733
185820
43984
1216604
192830
7112170
414315
324739
1377054
2317364
2084706
202905256
73941
1144794
153692
136388
152248
168181
1206426
2952564
2247303
1299572
146146
153049
913094
120842
2067293
104501
531409608
3019984
74144
153240
1083111
2947961
1069694
153621
2174036
1602787
1249525
280271
56306
55189
1235972
145858
1014449
33003571
207264
3792634
149002
192734
2632573
148794
161421
57954
1942624
148024
3309230
550119
103599
62410
2673889
1842545
1225196
178737
3006415
371403808
3348769
55317
195266
1084151
2171446
115274
1107261
403055
3358613
153979
142197
168203
149241
161944
2825885
190789
1361999
161961
59518
2665955
1206399
1842186
279245
192783
1376757
1539382
287072
1187267
2208659
151689
1337397
2868289
422688
370244025
1669024
3008904
280166
184506
145831
1307611
1673982
2307235
7442
51800
231974111
1106402
1582777
44415
1750339
138400
168585
3355613
1361588
248770992
535828
550090
3008857
88210
1082288
897554
168173
75139
44290
1076897
137964
144645
1726294
3009024
2917313
55201
3020144
2950481
1683619
139499
104752
1835900
2186665
279358
1672462
104664
1479980
68614
1491393
74002
131898816
43512
1209614
1216541
3663542
1156768
121715
54839
109687
139131
154881
531599
1309655
5812078
1154468
399976
1105922
569407
127319
3156104
131814
1529409
2755608
179240
59063
1066455
3009223
134591
2954012
2957904
180027
1264630
145274
2755966
2952127
58065
415693
1345819
3354996
74038
1151475
157319
145518
2947054
1150937
2032132
23542233
279167
244081266
62522
2307203
186976
41256
478818045
116558
56854
974215
3005198
1347588
141234
3158102
142702
3020257
109294
402751
148794
3019504
44164
158951
161751
44613
356911
142004
412160
153605
945587
1268207
31172722
965762
103076
153723
280341
3160791
1143167
2165312
373841
2413664
2015297
145858
152236
110866
901588
1003302
1179288
226966
3246491
104237
1187159
123302
2690110
2955025
89771
387318
550370
44940
2032464
143145
123262
3359675
7428
1206604
1458053
2907537
240394
1742393
192796
444877
1904764
55476
1740406
1354392
1842114
224922
152226
3289820
107402
393835
126495
3331103
120148
531300
111031
149431
1683619
146127
152624
1672417
2892484
1903516
153722
44884
3357613
44299
8655
152430
3008436
6663864
1829065
133890997
47554
1235972
1361845
1185221
2427331
151123
58169
302819
812623
2316595
3020257
44807
532367
168234
1345977
406872
1758858
1674609
412864
2892477
168647
55706
412132
2959850
3323199
1145294
55083
3354557
3354071
3010989
142702
146334
156677
23542233
60189
58213
159054
536224
1225483
373841
119089549
44299
1108110
135799
107075
149197
1176746
3007562
2415687
169023
538380
104915
1075118
3817704696
1804307
158861
2606649
3019382
2815585
2755242
121876
3020526
28217742
156743
3388631568
190827
1163971
3020742
1106183
279228
2307313
1066589
2452287
13234283
3070202
375589
145750
1160702
145820
1107712
131822
55459
114349
109102
216359
56315
3156192
61549
1965551
1380951
50371
145768
1077036
218896252
214787401
155036
146297
3006860
2815484
1157700
1357420
167728
240058050
2733017
1630104
148034
76263
443158
134103
90287
1398638
172202
59953
417761133
55564
445954
145806
1459350
971003
7426
1346719
3354996
179547
6076060
149436
135875
112298
240050358
279407
536470
304716
152310
1704857
156977
1547296
2820906
169022
166768
3020472
1158717
2452287
1775913
1188389
1251403
147075
55079
250255750
1198634
7467
240071747
7457
3348644
25472086
58648
153183
4165116689
30432487
1679959
3348892
122826
53812
3005198
297514
111607
108870
1159306
152410
122915
184629
155005
1162552
55404
72380
1249595
122805
150575
1912453
8644
453913
1388016
91925
2470060
6956667
2027973
152994
1208546
92965
1383665
145779
195297
158957
4629911078
279279
536206
961595
107010
78821
2110382406
1069730
131367
170051
180658
1151558
2078292
93281
3489649
158880
456997
4629911079
149300
74035
55562
280532
1402724
2953281
2563285702
309478
1159672
190870
85685
135560
2438993
55948
104884
302091707
1640522
536473
1351952
7377
1673886
1106399
153116
153756
3351055
1332151
2947221
253750
1076953
145596
1771739
2953069
965617
74317
155987
165475
419479
131297
158866
1144811
227231
1159937
7396
3355625
280540
1188389
126439
280489
2207892
2805848
412436
2638183
92965
1099982
153120
2456288
1162552
286830
2842383
114661
151123
3045482
153269
104307611
3307089
120757
231974111
1347688
145831
39514
1650407
1014423
2139813
58143
325866
414720
206543
1162680
2175078
2084658
62611
2998589
155370
1004330
90780
2094522
1704198
3218990
1127182
15412058
1824937
550090
543231
332493
2177161
105274
172678
1158718
7461
168198
3354994
1083329
17721995
543230
139113
58184
1669044
18000
55480
1165370
2247303
58049
179550
1197647
2434439
1109203
154301
3255672
287494
1940314
5812080
55428
1261619
171989
1107724
157576
1066767
152967
3329824
1706936
543024
1786760799
2279652
152991
1066584
49915
406060
57867
1067762
153621
961284
109921
131822
128122
80458
157753
913106
2127079
2949526
3324664
144631
196240
1418336
119008
279206
1702421
148359
2171253
73976
153725
3006851
163577
71949
3357208
543021
91877
1539382
7393
357800
178176
3359677
139238
152630
172627
137780740
610744
55648
2952951
59874
112997
4703444593
1235992
62430
147109
42819
280554
2157162589
229395587
115055
156269
120236
334443
3323098
1152717
184468
44251
901990
469335290
171963
199158
75628
153719
525577
280341
261657500
1131673
1175407
178750
1673921
402751
137916
150569
152766
44056
192787
1268683
138894
2420076
2666952
44415
139257
103599
2985127
145247
402751
56365
414794207
147973
133914
2184073
45236
185336
2755608
62772
279340
1395142
3009348
536177
1552661
120308
1274127
1701436
2566603
7455
1775054
1550556
1758858
42602
152508
550363
3255202
121799
1083330
550366
167792
172065
1395213
2896660
58886
223621
404200
1433690
286780
532358
1028989
131429
1650630003
1345744
161128
6838332
2953367
144661
191712
3290008
531493
185336
279340
197353
192830
296561
114929
3489649
131603
1151579
3333656
2688911
287938
3013038
532000
3289689
418783
3330421
2067278
112143
3001265
8637
191713
2027973
184467
4703444620
1826208
1318214
43584
1878201
910727
3359615
1550561
73970
139778
1550562
68009
88847
135556
1348699
897926
733759
154391
3163570
135782
172580
2147147
149198
168992
134176
74316
158883
1777255
148039
488260
1016001
3348882
3358920
1235975
536469
172684
7403
156826
216359
525577
182954
383890
4181494719
1059914
1704198
2825885
168998
536791
8642
74828
1019730
2981211
147107
3349674
2259321
2755981
6797616
3020077
1942686
178138
123354
114923
2955951
3011848
2850417
977317
610738
124535
145223
5400890
1318214
3625910
869606611
1106183
122415
7429
39513
729167774
343535
121027781
135589
91925
186382
2955270
3160990
1106288
102271
59759
3315955
166910
170582
4136816
147067
90689
108850
255401637
1160506
963641
3007637
135558
240056905
240058050
198402
180035
1225202
1685018
7405
188218
3087985
58050
1826074
1473517
3321893
73998
3243690
2606649
77601
2113725
121869
2712154
105281
162221
444869
150018
231974111
185404
1412652
157320
3009868
1335802
280213
3012360
184843
11968
139647
557841
1704198
2952481
55872
279358
340746
136333952
117905
2950430
1059674
2141759
307763
56908
1255319
1229109
138877
2918021
192795
280624
399828
2952540
373841
281006
3775072
180027
2413664
1078979
1550629
90277
1376769
121739
2147147
536473
127298
35998895
1640637
1351548
1067576
3018990
2966074
102271
3221112
1759477
153139
53402
126518
146277
139779
7406
1136727225
3017029
1163971
3359869
1744281
163619
420261
168209
910714
2862896
153695
288758
73985
214598
183747
1806492
2719041
123435666
2665925
149291
168204
3012405
223287694
3006205
2950484
156225
279201
151304
2815568
26487666
122405
56854
1777905
1853865
132493
185407
8644
1223673
3347385
3156258
280329
1529748
532311
2947170
7394
7449
149436
86048
286837
3240203
4703444610
53443
655969
45024
331414
120198
346397
2413295
1639542076
1782722
153594
139290
1764574
1107350
120516
156605
162018
191528
1210977
2443928
553303
1180853
191039
3202950
4189263789
191712
2862937
138882
43981
2297419
116869
382313
191739
2563285714
333597
3326941
1448683
2146178
7384
1066853
1354475
1404156
2195024
1154757
1775848
1624675
127298
971074
156283
168233
1185209
1120711
114350
3355367
161421
1550553
153701
143117
2340910
121987
155028
60148
157394
58828165
57983
340746
7388499
153500
159010
1155986
78821
287499
139784
1229109
1152532
1362148
89396
7446
1179322
62525
143114
152628
1122566
269915
58213
900365
106793
550368
135449
126495
189975223
144789
58207
138675
1206406
56018
173371
55285
216217
4308338842
224383
195825
9070
2754881
74155
1395273
198918
1028988
444902
280597
74046
1067764
2379848
1830913
1019734
324269
1243759
1412715
3010628
1669034
41842
1156071
3158102
68008
2598107
577359740
106752
153724
145158
1069702
280217
4703444606
1107709
152318
76351
104762
79397
1942587
1468000
55346
1029026
1734911
287499
20995224
47036191
1106275
2952813
89564
74122
1628927045
138882
56155
2669920
1550566
109090
3312470
2690438
1083121
42414
55208
146333
198332
1473475
543309
1922627
415484
812190
122809
58888
1269513
1729920
114769
1079343
74009
3020441
1529412
1828388
139346
2804778
153466
128145
144325
287494
1144831
28322
1019750
186978
122381
305092
105278
154964
1156584
1107270
104009
2451580
1413409
3513471345
231960256
390867
139540
109090
2985127
152250
3342023
62629
79186
110808
11978
2805690
2819275
166807
1412652
1156583
124535
192785
44780
102870
4347988419
53422
536793
141234
172628
122382
3333246
1592502
53443
126423
158719
150573
138864
288762
133571
305640123
192777
146345
62369
552254
2713484
2371819
3160791
3331723
532309
2401505
117884
3348881
54881
2673321
126424
812071
969360
357981
45511
536168
919703
253252
184843
965761
2099810
104639
2461386
1357420
139128
152127
1889154
168852
1029020
55171
444902
73999
179366
190862
1197893
185490
23443256
2917171
172580
53860
1013581
113624
130072480
154941
3018214
122864
57537
2833530
26161283
130921
150569
2513111
74845
231975491
1224468
8651
131179
152239
280442
550088
147988
3018199
56244
43007
1333690
1268492
90808
531461
151136
1154776
3295975
134591
531632
158311
1403940
106013
44364
1227137
167792
280441
155987
115079
48925383
2066368
62481
3010028
2952574
167609
3160990
150533
2952135
7402
161133
167798
224362
469335290
74126
280622
120318
111134
151119
8647
2672323
131293
109933
3469133
410288
1227698
1751717
3014836
86538
3015002
1777254
113395
550086
85534
1772909
411190
192736
1207551
1404228
55725
136333949
2185374
2950581
163562
3958665
185301
3323490
3258107
51296461
178747
965761
3316327
2443928
280177
1528297
1069700
2190572
225549
1158715
79395
102478
55892
1232835
1066475
538380
149339
121511793
58049
184985
1327628
1188508
1156164
554460
3020527
153812
1107263
58083
1231749
139113
172198
279163
415675
131274
1141876
253832
145746
134036
1388016
89258
198433
27308495
3241960
3354238
62444
53825
2208036
153011
2006557
74148
32662994
410256
1605981
153010
135857
74313
2815585
173016321
1298955
89396
3301368
2396450
56909
153005
231974112
552195
2952675
3160791
67213
2793104
133914
2917956
251075
2265860
216374
8640
83175
2966074
3020742
337131
2460463
3347918
551836
1030071
912942
305639710
1480032
144336
55653
1083121
44804
2690234
2571989
2106876
1227127
172200
1004330
89859
2904508
3007441
362362
114373
87515
196311
153136
55659
1019741
396250
111147
1127182
196158
2371819
27431648
227231
158861
3323490
144789
186382
166563
2689653
80071
406166
58168
73967
1289084
3161319
2805152
146010
105272
3795000
2808164
646451
104498
161352
1161611
47381
162431
173722
134190
8647
3012422
2952326
420041
153667
45144
76947
139784
121686
1867188
280580
3019518
152304
1230211
1674666
226708
88595
5815685
2873684
120327
3087977
146010
1259176
398877
145418
152315
288592
2155862
1422335
115065
157320
1084206
138911
69183
1103584
111134
74023
2743139
131889384
56099
280618
1216406
251075
56243
131889382
148551
224362
153605
158974
43989
1149378
56360
280272
7231014
1729920
418077
280595
1164653
1669024
3513471344
1163207
1479603
345576
2178623
729167774
2451579
78821
295480
122880
2720897
2954252
410804
1225483
90332
1152729
542636
157576
172593
918574
2915650
280435
26373169
1079414
2952574
1358731
5038117
369838
151327029
1016561
92955
1014009
1206568
1084364
3220685
58187
1167522
963043
216217
1380223
1668045
2952224
1842184
2954314
40969647
76155
1669029
1473947
163584
7396
105389
153743
122586
3338115
110194036
2956754
2208659
3020879
152766
1231404
1107261
3350401
333597
8649
941125358
457021
303781
3227127
398947
1395104
1830231415
1340088
76359
963199
240050358
1144851
2425988
53835
42809
23608715
145813
115997
364654
280582
74178
138502
3795064
1231485
7417
280551
1227137
2307251
1059674
3357031
387496
3007853
552250
975590
150133
56164
158863
162798
910713
370368642
151327029
135824
62522
149192
2892455
1216719
163566
55951
120958
231974107
43843
241084
139822
145792
153013
1066473
2245475
2171492
123845823
2723341
3323454
6679920
104374
558158
115250
2196133
1188462
1777905
177923
1243590
1411876
1639542076
178363
138676
3328405
117571
2718801
240379
139259
122381
369518
457016
391115
78763
2776280
153142
340611
2952086
139610
152765
969564
3489649
152249
184523
121771
145820
184506
1631530
2020070
55869
456971
1159666
153592
404197
148018
324899690
1127242
286380
1934100
120129
162069
2026458
151327029
1253511
488260
3513471345
2954140
113624
3347849
185681
1083010
418042
571037
271108
1225244
145270
1067175
161950
423229
120832
130884
44200
2067293
3217684
1067817
153465
3013328
2690410
163575
2425988
139642
1402749
2918489
2772031
416062
253256
86609
3070202
1314591
2953069
1253507
122837
2451539
279315
178351
145747
4443571
74586
161645
55285
1998693
1167813
1664272
75618
457024
1965551
197385
2657332
150034
412297
2605259
450381
185686
253556
1299536
42278
149300
417365
1194075612
2952117
48925383
2097692241
267933614
107037
150003
7445
903230
534266441
136389
1206838
167719
444869
92949
149593
449587
1197778
276953318
1346319
111716
141135
144629
1059685
2317329
105089
147488
120775
149428
3323227
40784
179052
113395
2443353
142193
139237
54852
121736
56013
2415687
1686699
1241404
54711
115055
2696995
1420630
184467
1465162
1197644
3958665
123883
146346
1354475
145722
119567323
172171
392340
2598107
42153
1083102
153457
3006851
2955082
3247831
1835900
3355418
155987
1188393
90328
3352911
150376
1435626
122781
158161
119008
1164628
53443
197564
387318
1267392
1952636
4703444609
2743050
1552661
1154756
145286
3309232
2451622
41094
1127242
137776728
271110
1223830
1170074
1083321
54765
897984
144875
139298
1283501
149363
3211745
2171961
2646516
153133
913006
141957
3227810
59953
2606649
1973756
186579
1448546
74011
1141565
398724
428039507
903831
2390840
44933
56113
1629622
1283449
147008
35183
2515282
153474
3358613
288763
1240070
168991
2081686
422688
172063
3007045
133890997
1664272
62751
1435626
109655
167680
122888
105162
965617
414720
132510
2956616
122431
1473475
2952493
1121075
224461
456805
1066644
1004349
1211145
307573
148858
1106291
287670
1043606
4347858678
370134561
145622
175905
279201
1448683
1159664
2632581
74319
79337
1197893
88832
550367
1179645
3010628
117634
3009194
557822
5812079
134067
536794
226966
488260
1149571
130072483
151935
120536
106704
214395
1270488
1160505
151092
7433
57958
416643
531634
2103721
73911
2888899
150413
3777290
1940319
2443356
56029
114354
191039
280274
165794
166728
1448696
1163208
8642
172199
1298371
145399
74820
107075
1631531
88977
144667
2139813
107021
452648
108850
191210
1059668
168003
451516
281346
1103581
2952564
153495
2918424
384536
1392169
900365
186977
105280
206672
2690095
154504
3352914
130981
1323775
168239
56235
2460525
1433688
1176724
2674914
62638
153710
54761
2436520
1714886
82933
190362
4760426884
1473517
58207
1083329
56854
135559
2667594
1782064
1067764
447862
280442
139237
3007575
555017
152970
53937
125675
168851
137910
2145735
147104
3006033
2778914
198831
3172807
1162552
1450201
1108014
1771739
1027785
104117
3007324
1107261
3348772
41038
54732
4703444605
3359848
148342
44741
131799
307828
280554
1735475
1405383
47534
1255237
157302
121773
1267392
153466
120892
1381350
2955190
1647567
153128
897984
148182
149340
1066745
1674536
279438
1206406
56022
2954181
551833
1828597
1520612
44219
156234
131029
151839
4788255110
1380951
2842383
1301935
129814
532311
416937
55946
2990683
1347672
73951
1340037
398407
73975
1154832
136372
44804
449696
3332449
56014
279434
3307621
172679
532354
44200
153795
152302
55725
3348881
1069682
23021291
3355367
3258028
252565
240074382
120536
138305
2953076
59709
226708
7392
1745243
3008389
139503
89394
62418
73982
3318889
536793
336819
2671314
1473517
56243
131803
532765
146135
1159251
231975680
2628521
1674110
1395135
2208031
2461386
58867
145268
3243124
552248
1201020
143048
167718
280329
1180675
43999
1826563
1323775
411195
1392123
41256
147061
120327
1249525
1674110
180031
146468
192791
76024
516775939
1245011
120752
1747246
160896
76932
2825421
53293
1828388
1227136
2672050
1387968
122424
1430508
2087180
1249595
62693
240053395
129567706
168006
165563
190333
3778610
62598
3018139
122806
1253513
1019734
153128
965634
158878
448658
2171347
153418
141055
157305
3327158
1279573
56253
139318
2764710
2247491
812190
406474
3007393
158950
139231
158880
1345514
109921
78821
121027781
3074390
3163195
2132505
610744
74004
145989
369838
116558
2273935
1282528
107985
114955
2438128
396248
2666025
550119
280519
3163548
456981
146344
126429
139257
1067764
1640543
90328
199073
4703444612
152765
1004330
1204665
145812
1761580
114690
911844
122815
1834655
1347158
26701367
88084
141112
168008
103807
348905
1672462
410246
3161319
131382
58185
113358
145768
354480754
145268
172171
2980961
2449427
3349077
1017399
1060229
166905
3012374
332493
3347845
149987
102269
43706
1176503
3319514
319872
4703444600
3228098
192801
44415
74942
1120711
3329911
166738
279167
131803
43584
3241960
90243
138908
55201
179549
2632573
4545343340
3227399
145322
1003302
536473
231974105
1805044
130979
153183
55351
1401223
2764712
1141566
178176
1377054
1079416
1340513
2185077
2434875
152226
3256269
179367
550728
913105
1004349
114172
1392169
55280
3864712
3256084
132505
3248249
132462
2755499
179548
123264
280490
3763647
1820891
1282528
3987424
2084805
2468628
85809
1513057
1395469
3350102
3154746
357112
43955
1108014
23074929
1347158
1363069
443174
74012
166899
3778629
1776249
43706
120273
1721119270
115168
346956
280595
3227127
160900
280627
1067608
2673506
87922
173371
531386
3007014
2991079
345901
478381
2317329
74045
3006112
2950736
104756
869576948
144691
1084201
147164
3349708
55896
1378841
2831099
1430613
3321262
1151579
1552665
149348
172575
2171392
1243590
2690234
86538
55166
1281207
478385
1279709
1230369
1236013
1268584
155637
3019109
1066584
2196135
123845823
132451
2741618
2533313
2170323
7422
531595
1852574
87328
918574
1550512
85534
3218318
287518
3247647
79397
2980961
2155866
3333656
145751
127167
334547
148182
3007364
1359759
2689702
4703444607
141913
6927733
184468
1145287
1084364
168180
142276
370078954
157319
1206589
152601
11235057
88810
76469
2399800
4629911077
2141214
107040
141262
114172
1435626
224370
131593
869565029
1997192
918574
168183
969479
280440
2915660
298227
195825
185490
1459535
62444
195825
1231406
122821
137964
2673388
1161612
21262495
104371
3018808
3358613
2621967
1180852
1298371
114365
539651838
543021
43806
3357709
3879784
184843
168192
104498
1206797
121771
2755243
90306
153812
1402733
280249
536468
1149378
971023
1109203
3348892
253750
3309578
910703
311575798
1323775
336075
1773030
131297
336075
80513
145823
2820906
155930
148016
2918476
1361588
179511
1080399
168647
62780
127309
117571
214665
158958
3012962
44219
168585
4703444613
550362
1154627
1751445
58049
240344
1672462
531460
1014017
1206388
1898419
1029505
104332
2545279
1281172
56022
45236
74045
543229
133890998
3019941
330473812
456862
62870
184476
158881
150568
40857
178747
2723258
2349984
2139375
577359740
198433
139588
179366
139259
1550562
55106
536123
148034
147977
55578
56294
422431
1395273
161421
965617
1155986
9071
152298
91246
105281
1014063
105268
439073
55594
279279
2273921
151108
172599
1420601
138899
2950603
1109200
56040
3464353
128184
1761742
76931
419550
1547702
552198
120567
3775052
106797
36966057
531603
180658
2657331
74142
963641
3012406
60186
1161683
44915
1270912
1362067
2087180
1467358
185546
957327
1161612
226902
1067724
1231310
2025886
3015417
122805354
279441
531461
416648
3354222
1162686
62631
149028
141878
1404741
1268492
139563
190262
261657499
7459
152297
2666886
391201
2043634
2178689
2894029
552197
148252
73956
172799
54814
145746
1748162
286837
3332439
2078291
305099
4348295445
349042
74001
73960
3163548
120312
3241725
4703444612
168172
74828
104332
163584
367988
149300
1152717
2106627
2757697
3342023
422683
416185
1473946
2724049
104307524
3560284
199158
3009667371
56203
112993
199088
85689
156094
74038
227228
1672484
410430
543235
2952117
1804856
1672628
57959
149341
122784
195825
3757780
207264
52343
152410
120129
1232837
3161186
1963673
4703444616
1877989
508103232
23074935
2799557
55866
1230151
44012
1960191
1964167
416063
3235880
542632
53824
418700
11950
155036
3213219
155920
286837
131889382
1835267
1079075
2440455
456789
165466
2953198
3009290
1107725
168183
267762522
158974
1589521
150534
226968
3307828
5404608
154391
161008
1826074
2955204
1948194
197385
3006875
133946
153470
224922
168853
152749
185497
2963979
1108117
3323454
123758
975783
1127242
2815477
1403211
3778610
55152
120130
241076
1103578
163575
146125
324899689
191739
153692
3330596
160892
79396
145941
3014764
416656
404815
55617
2390836
147973
1249595
135592
1433708
55460
1107289
1894738
132422
144839
1164734
240055326
2816505
305639190
1187381
897638
60072
131027
135558
1324150
418647
148917169
180904
74175
1553165
419550
54864
2811754
2162098
2317350
1356925
2442881
150417
913067
280406
135824
963635
158883
3020077
1792387
2838555
602512999
83090
543181
1154776
56093
2032165
269952
318467
1540512
107358036
36966065
2671314
1433619
1067175
214626
135786
2468628
1891495
185534
2443353
415676
111721
85809
43747
153049
114843
160907
1150943
41099
180046
56304
87565
149991
145834
1059671
1279409
3158071
1395135
2712154
195294
1175392
1082276
39727
6872713
1206570
79637
59759
1240069
900365
114884
1944556
3013328
1250106
150133
898238
280255
136325812
47207
1116471
119423328
3795635
31010602
1959445
1640522
324899689
81678
74132
156279
55870
51684
56201
58103
74847
1107265
55872
131185
55431
150003
1629622
114884
269952
44164
1154548
151124
2666025
1664257
198770
3348644
2280261249
53825
550358
1813385
98279662
3955977
1268674
2468328
3469133
1748162
188022
56014
2952813
153480
78775
149370
129418
135605
1999150
58395
900261
130323
172594
2414648
280440
145728
418039
55951
120027
44279
106798
340611
1159673
1152724
139676
153314
1236194
154301
62675
1360062
2015101
240046032
156605
3347257
552255
168009
370133195
142106
446100
3020069
1059649
131327
1268570
1059844
1386972
303585
547594701
193054
151839
74542
1348560
364656
1084089
456971
410820
373841
963641
3018808
179272
172385
138886
1772919
3715845
150403
1084353
138679
1410912
1149378
1748490
155930
2924862
139108
190819
280382
4189263789
106255
1231762
133345
58144
1223832
186960
1626147
56360
162221
148850
131335
279206
18000
58177
267933614
2646485
536797
2452671
136147
89394
76155
109382
543309
2950699
7168979
1459535
3347372
161128
550367
2755619
74816
2167844
1188462
157677
115129
74811
3333227
89771
94436
3217706
3163441
163616
55083
1206568
3256269
1547432
237385
150416
77677
1452202
1066781
969449
3323266
2015101
74002
414315
2952988
148917169
1120711
172070
123319
166728
223026
202905254
184420
123320
337131
45401
536173
54767
21262495
56420
1060289
1746535
35078
1345754
1152717
1107270
171979
74166
2202429
44189
185820
1290654
56422
153672
3330421
1477917
1157700
152229
2032864
2872088
1202314
150573
138739
2606649
89396
120175
139113
2515282
3011925
53803
2947170
43740
1188515
1265999
55870
58446
186960
3020742
145195
1359759
156972
2953995
341906
3354071
1188389
371700505
1111051
422686
1376760
3015417
166786
3020446
1672624
134139
1029018
55476
2552985
158974
1361492
1674536
969459
23074728
191361
23021291
1288755
279141
189924
74169
2951328
3211745
1175378
965625
6041206
4583125
531386
134134
130072479
44879
74132
50371
147104
903230
108887
3777290
107010
154885
1206591
117634
1167802
44780
1281207
1120893
162431
1473474
125634
1381444
74022
7439
4521144
2202144
184629
414315
1078989
1108110
2892455
3352934
107023
3349905
56839
3778610
2812216
3013112
162061
4629949172
272775
963641
1014063
89723
1187382
2084785
1085326
161133
146302
2084718
94446
146211
1121075
55285
543312
447585
1942686
423889907
7390
111101
1410876
107014
147488
55186
2755966
132492
56256
2743135
2556679
150488
456810
280342
149436
1249525
106437
55576
145759
23074930
279192
36473
1253405
445970
157768
2092350
1176503
1282528
1467738
1156116
3323612
58405
2549937
147108
155009
173372
160882
1729409
1029030
2917313
121027786
153724
7421
132493
2955025
2904508
3241725
270056
125675
73994
56204
1243590
145286
374978
2688911
153458
1161667
1176967
58091
226728
116875
2553300
1106408
2804765
2718743
156283
122370
191712
550356
1376760
2720417
288719
104335
144875
88115
435514
136333952
3009623
279446
4819631
1108111
198590
1735485
169860
145270
1354475
3015119
1411876
253252
897671
1206590
1083329
1863606
176021667
153578
1359759
153691
280269
2720007
167691
43989
121499
8650
160892
154220
280437
2094521
62428
401820
3332464
139841
131172
241073
106665
8644
1342361
532386
142004
55346
287938
1120667
155470
105280
1354475
74812
152230
557830
4703444605
448660
417761133
538362
7383
3018649
904542
970997
1682248
1383413
1962188
2552485
542292
135556
138389
88801
7388
3347359
1251254
151081
475555429
7449
153812
1206427
1520612
270056
1107345
123363
1800297
154028
130978
281003
1106209
53804
1121015
26528071
153824
1151471
287072
149701
1279979
4098808
1188511
163594
56401
188553
151090
55166
56117
153570
150569
3016468
1028985
91916
1162542
3161030
1335802
94401
59760
76469
167454
334547
1121033
3333143
79480
196240
122815
108083
1152724
1156523
121749
3218990
108661
2730708
1411877
240060919
3347719
1792387
1084164
57988
3355625
1107348
130971
567267943
1478019
150023
536794
132379
161033
1179651
1628927045
161655
2099810
152604
135793
444902
145813
3326620
307866
153133
142033
115218
3317908
3348881
1323775
74315
139559
165563
558161
55938
1380948
120175
56290
132379
120722
153745
1140595
1161611
120197
131309
390841
280344
2019939
3015639
2196171
198267
55390
3010626
56093
58173
55480
46116
119557
5815683
2995467
146598
138739
59041
391153
55128
58024
224376
141970
237385
536773
171961
157407
551830
280368
279249
550362
280528
153713
55453
3018574
1904483
107024
2444605
1444234
2621967
3350393
142004
2944314
2452776
1326762432
415482
57965
1019690
152308
2273935
132367
1176724
2529822
2146238
280372
3757780
281350
144853
288755
1206572
1777255
3529725
410430
121709
111134
185490
114854
1829065
1279573
153578
3010736
1014488
2452669
104332
552257
62496
1159535
1345819
157292
150417
1109202
969360
1843107
8645
1947869
54725
2780630
8646
1059914
1166432
1360887
286783
3006875
1472876649
542788
88081
721604
550620
7443
325866
2952759
108843
910711
88613
197239
73960
1658233
3333251
1209614
114661
2673383
2929054
153491
1458053
173372
45236
4703444612
135836
1457074
149596
58144
156740
3006875
35183
3019941
549165036
1877808
2963979
253832
104908
120251
1403080
17721995
3015851
152278
145717
1066801
3027886
1122577
107014
2074733
1163209
2668838
1059984
172070
54224
185266
129814
134054
131393
132379
1107354
190161
2668913
921599
1180856
130983
2690188
2804671
1997192
1067751
1777967
105143
225548
131187
1672416
1028992
192787
7430
102271
153800
141957
1211145
55884
542789
1079221
56313
1066689
1777255
144626
1253407
134085
172070
104336
4703444615
1067734
457024
153729
168180
1160508
1118870
2952588
536207
1016146
2398104
307833
168022
537569
165794
1359783
532367
153108
546937
1162548
111134
2448882
364654
303427
146225
1664257
74392
106959
151929
62484
65606
1286998
1283501
2195076
1682378
7413
2547643
1734911
349011
1395105
161991
417362
85587
442736
6679920
7146560
1686359
198271
1530644
2952928
1014065
1111044
139330
2316595
147081
280404
3321262
280512
3012206
169831
160882
1118870
62748
3879784
135889
158862
16174445
7382
1106275
1704857
169023
416656
147074
2147147
412672
279188
1963719
171980
1083319
125215
134107
241067
2673388
147107
447325
2444027
126413
84518800
1963115
2772031
1107354
142276
2675360
167454
53825
2414647
1152130
3011643
168181
78821
185511
1113143
153465
138877
1395213
2563285717
131802
1109202
532299
153125
2714612
237385
74035
1599299
43652
412135
145224
117858
2952233
1879617
62403
132520
571747
1205479
104647
69141
3159805
1236015
131594
150378
1163208
2451539
152998
3513471345
280630
2956624
119008
1405479
43172
3019504
542629
106437
112653
2918485
3358385
1071098
3331052
3313226
531632
1180679
2657330
55906
240072888
1550590
137776728
2978650
1175569
7376
2155874
107976
111705
114368
45319
152765
114955
197472
62717
135830
153151
1029018
1060184
76263
1323775
143114
1163972
55075
535774
195266
1067767
121771
162050
403055
6803636
457016
111031
2247211
145947
410288
115063
2754881
457009
3347719
133997
54189
2185374
2906364
138333
45319
1944556
3355625
152308
1342041
2455086
104307524
2146178
153622
3163548
229786
4703444287
2690188
1176743
7420
2032864
2689487
3347359
112443
3161299
1147213
2562137
2723342
2141214
7465
214787401
224458
2545279
114843
120580
106665
27020
3010763
7383
9122
58886
158974
1225379
1745243
1824907
1999686
3007486
1467358
2427331
55460
3012850
1080396
1942805
40452
156743
153806
1156112
179240
1855926
74392
2763541
58168
1106288
457009
153038
75139
139502
542632
1830231415
390188
74121
2755965
1949080
150008
275926
88810
1154624
3158089
2952864
286342
2667807
88847
279143
344962
137541
62471
153017
1687730
142043
3792412
2741618
168953
897926
1216467
218896252
208428926
374978
47772
167792
2078292
253832
142105
178380
356911
1107288
1159526
172202
449696
1761717
172171
114351
2952864
2997071
1950884
27431648
136259087
153800
103625
154446
59551
2690110
912998
1674666
112859
145819
142182
1176967
1677007
23542233
3020473
354481601
1550568
151093
192737
142047
125675
1624675
2443928
145612
2918021
969643
493986879
1108111
107091
79096099
2135921
304934
145759
3256164
287940
149377
179475
74317
7447
149375
3006300
3328411
1622687
240379
240057351
1014714
7392
3353620
62761
377687879
196177
168198
533706
33065776
1197894
154501
55726
108083
279198
913109
280367
444902
7168979
153742
90298
103083
1999389
1176967
536126
1540176
1622687
2882148
150532
1131944
62495
139298
2431261
412135
1998320
131272
2442881
1775645
113358
139345
3018476
1289010
1285772
1682891
4308338842
1141526
2917358
1520612
179240
2067281
280495
279361
52399
114377
152426
56401
130948
1356925
1894502
3358920
156819
62496
179368
85947
1176777
59518
3009257
1152132
1151469
7432
198831
551814
3007932
543230
153501
3020473
152630
1259885
280595
5326784
158848
151227
62782
1226244
1361816
280269
2438231
58042
2074756
3250832
121840
1303516
350902
156234
1894502
145095
2670059
2032127
1073990
153692
153795
57582
2892484
153475
1822781
3328405
54717
1457074
721604
55399
1399708
1060229
2720007
139676
145319
74022
131179
4703402615
56009
151092
150389
3775052
2552985
1107740
3327682
55945
3307089
1122566
180904
3012849
1084164
180040
153107
533711
56155
135452
406169
135830
74392
1309642
7381
180039
975590
3258056
1286998
439840
305640292
4703444600
145717
2187211
62453
44915
2389061853
1309622
1004400
46260
54837
114883
1187159
2955019
1361397
419159
1204639
1059691
287670
132520
413141
104725
1155788
1290654
532300
392915
58974
152970
1392613
407285
152315
79480
159010
550622
970000
83198578
2206549
4703444600
131195
1920087
107021
44818
55399
6076060
7117066
227227
2190572
1937057
87565
149806
3246442
1673886
2668633
1119076
131198
4703444614
1155339
279309
374810
146333
1206388
2906364
102875
534266441
1206400
52822
89859
44239
4703444595
287667
1923764
6838332
55617
120203
4629949170
55952
47046
3258107
1079416
1143169
384536
131192
62649
1161680
55079
1188507
2026244
552263
1284382
964519
1342040
1672484
2073151
3030976
73970
152619
7402
416921
2148493
122828
1314591
412160
1332151
1529409
1106275
153745
3015639
252645
965613
131300
90724
1206612
56113
3354170
280488
532352
1307354
83089
554457
4703444594
55648
142197
112857
1410843
11968
3513471346
2949161
56076
1348560
122405
71949
1653224818
168203
91916
152628
3323490
1240083
1529813
2316741
112993
151083
3359719
49898
9071
3159819
3359645
663358886
168995
150018
1243590
139259
121773
88810
1380223
176095
161961
56025
109657
1180853
2416264
122604
214599
2692246
155947
158719
3354996
132510
1424253
1327628
1083100
167691
1158566
153605
158959
186977
2718490
152226
3162738
1404741
3161266
1155981
185260
157654
1824650
3241960
157754
150367
119008
975727
532308
62456
54809
242397
1156523
2297419
54534
531383
64484
240098830
1121033
88832
153136
153504
408105
1290654
172209
53845
1412715
153756
180026
240029417
2175078
185384
80071
1154833
139278
2917182
305640306
1158566
3359572
1361588
2527553524
3314266
2804765
149027
2949504
224378
74318
154888
131351
54194
1835261
2415687
3140016266
2207891
1830913
146300
542635
2755499
2327259
5815715
78597
128167
145875
142004
3357030
240050358
138882
167797
7402
2798105
57031716
216373
2186665
1143167
55161
1188476
134065
131027
57856
88850
11318
3360429
3007509
74111
106783
79374
40683
1059671
120236
416656
147081
1940314
3007045
85939
131411
4016543
76072
1140595
456971
2539242
121876
2049400
145596
156977
224462
199073
135799
36966060
106396
40218
168210
109879
138330
3087983
550365
107423527
3006339
1735485
2966074
3016772
1682243
302588
139345
279322
1353532
1145295
161838
131393
240344
2675360
2307251
279202
153497
3011922
2194745
41243
1175391
73972
1204451
3219170
2657331
897926
149436
114339
130978
149002
91877
1346218
190262
55841
2770659
1163207
1475324
57856
3254651
57981
55431
2808164
1965265
1107263
134093
3018626
74805
45159
1067598
78593
131593
2698742
223607
525577
412132
186984
552197
196158
90724
1230248
1059649
1230115
16307200
54809
1268593
1539755
357113
406060
391178
168014
398724
897926
53448
334443
3016834
88146
130983
149991
44290
2713676
547594701
152747
54767
2888417
390840
549470
26225
153499
2598542
444400
144325
1066917
2952759
1167802
120850
31585309
2050519
167748
1924257
3234489
141916
2443928
1513057
7387
122852
165466
1083333
280628
2094154
512552945
2137477
138885
4703444624
155369
150374
131328
62649
547344557
1701435
55834
55938
58140
2307251
2743139
3319514
44415
138879
2317364
56311
550624
4629911079
2195076
1175389
1164621
542631
177907
3342023
1395142
134095
1602787
91877
55390
2671821
1152717
44282
543073
1832843
307787
2621967
2571989
53845
1771854
150019
1175407
413137
536470
120203
448658
158403
913073
279148
88621
269915
191528
1106173
3258165
56366
536207
2167844
975783
1965265
132342
2904809
404713
1016039
2413663
4491048
3350401
44952
324899689
364654
2564500
296095
420107
62751
3307621
400311
1259088
43083
153472
56252
3017741
1965259
2067281
1669042
152744
105274
307833
3012406
74038
55159
416062
121990
139330
154307
138328
55870
2445563
42672
40218
148065
4703444599
1084091
120842
148794
185407
42809
152226
2413295
138891
375773
132585
58655
2022095
1141876
1107398
74038
74818
1107707
3321292
43999
172599
172628
1392622
120892
106716
3308101
3350280
153703
161751
80470
55569
2956538
1592502
552251
144721
139290
536788
165075
1420628
2013124
2139813
1415887
1399708
108886
169849
2351743
3219160
1224499
343535
120722
1028988
85809
453031
7444
1261619
543311
1582777
150375
269878
6041206
145095
253750
41977
1674666
107008
137518
62372
104237
249196828
1154468
75139
2959804
1106399
2804541
141970
122942464
58405
1141666
33120283
1814337
2178689
2669920
1162680
139528
1216636
194571
276958564
106507
45024
2862937
1920901
188218
1180676
164761439
3301368
897554
208428926
397230310
176021667
3298729
2633746
157697
977317
3015904
536787
1175391
1536593
56245
4703444603
3349934
1069729
443174
107423527
897992
134197
2147147
1206596
106707
1631531
74818
454064
411551
74169
1750339
3006850
446049
158851
3349833
133912
56159
2414647
7457
130250
1944556
190328
157284
288719
1188386
280441
1230206
88625
3388394
168852
1227315
74151
1675657
1361816
148051
1151470
2956616
1942586
1206797
11950
240062631
74178
171980
1227093
332924
1392201
3331768
544063
161349
1538253
398950
192830
85809
115165
1823294
40218
2120285
90724
78619
7034910
84271
138056
145195
2954439
1446311
531460
158733
153418
3009239
2247331
79191
163614
167691
132379
130975
1456770
1345514
1206388
3321292
7388499
1230123
3249766
27852990
1243833
107007
280177
55906
3006899
448660
1473947
453913
14808039
107085
3464353
1240081
85939
280565
2764710
1361450
1109202
508103287
74007
3016826
155940
3019382
109655
552248
397230310
21262495
1080396
76931
58437
3329208
162109
963043
1279412
142047
508103259
74155
106879697
1162548
110194036
130971
2186600
1539774
145805
167593
152313
2672434
1166191
287670
406060
3775072
1216603
253642
2798353
3757780
1106402
1664820
2689702
1772521
150507
324269
386602
162798
148794
125675
1141666
158866
192783
3354557
344342
1627251
136388
2006557
123278
90689
2207891
146146
2804803
2956612
180031
3228254
172575
152236
2815484
115061
110866
532356
543181
134197
531620
1348699
551832
288592
449696
39837
279147
147104
195825
192780
44415
1176736
1340088
3005971
30432487
59760
153695
3163078
161133
488260
139350
1553735
280367
1270488
5404230
153439
226966
1176758
1346287
139128
3019109
3355031
280622
2442172567
2892484
142098
1223832
185504
172070
1664973
73984
161421
173016322
199073
3958665
279338
419479
305639493
106814
3354222
142099
437057
40857
55622
1240538
974218
3652281
1284879
1828593
113764
1117583
532381
2596323
121749
62780
141892
152300
2994939
1311713179
416921
1216541
4136816
1392121
344953
1669024
1107715
74829
44126
901588
3255202
57981
3244962
2452642
79374
110808
2317329
56104
1216407
154292
131309
1159306
422391
76373
160907
2952540
57993
55558
27852990
2753128
135560
3358920
7376
58447
2713724
4629949167
2084823
280133
1235975
3298537
302635
153314
56352
158262738
249196828
149241
76469
157853
3007492
1159518
1457074
2322522
153719
16239
150019
55838
44597
1842185
443174
110597
1268584
1159664
1376769
272939
3012357
244081506
2443354
91294
153086
55569
1194101
55390
142043
175905
1529146
145735
157407
301482
157300
152298
5400890
1359783
2907537
975568
1998693
76271
77159
3354399
1744279
161648
1540512
1059685
3097346
3338115
103799
1206604
543021
2563285702
152630
70040693
2019939
1924004
2206549
151148
286796
1448718
1176743
172685
89757
8642
103125
3328412
181040
104117
279148
1119077
145178
2917151
152306
152279
111705
901990
3333210
2412710
3870502
409676
1775691
240071610
114346
55315
1402733
135793
73984
90290
7446
157299
74495
161943
59840
1440895
229685
330473812
2955019
1004068
59874
62478
2904797
407285
3293501
1164630
1842184
344962
1685906
1236015
2317329
404589
970963
3007441
3355625
422391
122628
1999133
1450080
153486
1204465
1998693
1207551
550088
1359817
2032100
1286998
273622
1209616
184428
62599
531494
58181
1410861
23074930
3012404
143113
2524225
280302
406872
1253407
1792387
223647
1346246
153712
131327
156677
531409608
1547390
188185
190333
2915747
55944
134093
137913
8652
2527553524
1392183
2067293
536794
44597
56237
57813
2918496
115129
1158715
1777964
151090
131168
913068
114944
2955190
1206400
1418633
70534140
3328413
456997
146345
4703444602
279317
970997
2202429
969247
345769
552197
1472876649
2164745
370131193
2953046
1152136
152244
2078292
3986076
2622229
550368
35573214
1107740
151119
3256204
153677
3359871
4348295445
1835267
145195
1744280
41256
1016561
280564
113541
3161319
2952588
298204
2193837
180021
3327639
132556
3559887
7404
1359295
62363
121511793
79480
47534
2103532
116873
153725
138806
232873
1823287
415676
62644
1203046
3347752
110450
2027460
1079075
163594
131362
139103
145413
1060289
1957077
2989282
2073469
1422335
2146238
154387
1066589
161438
2632573
74034
2425993
1014465
2668999
1230210
1161681
62598
410183
115229
71937
190819
2018151
1335802
280540
2917332
1960191
153367
272368
5815685
2915650
240377
114339
2524314
148794
2556598
3013112
158850
105281
422390
136712
3352911
305640277
550365
342316
61320
55885
240394
358688
1942816
2692254
2956553
44097
153107
778545155
1791324
965756
74168
178739
1162548
1206388
150034
1283513
392915
1853865
2137636
276939493
55871
349013
131600
1467738
2563285683
1216468
3247792
4629911080
1405479
40683
1776249
1402718
48925381
1669030
152250
123292
1120891
137944474
1160513
2078971
151115894
2316741
2798105
104650
157772
1151472
87565
2220322
2506300
76363
151641
195444
1291589
365331
1014425
150027
1143169
2622204
54870
11957
345901
2322446
62444
62467
454722
3010391
1225196
106499
2690234
104978
111134
269952
149997
74719
28699
87922
1431094
141868
153470
165466
89780
2972955
123552429
90332
3351055
145612
253252
1107345
270265
1194104
112405
223026
142865
2152285
156972
180751
2464719
551814
905534
149026
295355
119557
372678217
278746
42481
2994939
1152643
1014412
454713
2566603
55109
4430941
74169
138297
134134
197353
2196335
146332
153491
167591
168231
55459
550355
1420601
115056
7380
1473938
447167
152230
2460463
1805044
145751
53825
2438230
134034
3154366
536471
1216769
1161684
166909
78597
3332464
1206406
153449
156967
114364
142857
2952385
231974102
1066266
3009024
157221822
2442881
7326620
188225
280405
2032100
447983
58185
191251613
1084353
286389
411551
1083321
2651806
31010602
167748
2145268
1176782
1259562
1003538
3323227
49915
2954439
158880
180036
1354664
188022
418700
128145
1410959
1390434
543228
1079412
62717
229685
975568
1404342
62870
2032864
196159
58974
1395135
133914
3016890
122843
550369
152292
1345819
1223830
1245224
3307621
910707
195295
172209
153005
131179
1735485
4703444608
55261
3006860
1236192
4703444607
139128
2692246
1141918
1159237
1682243
4189298057
76377
104747
54839
67991
142095
1734305
25340549
1141566
2099810
452648
3247792
3006199
56093
2351743
3333112
1550620
1083330
1761742
3359608
161648
55064
31172722
318467
3012719
1141666
1307354
1243070
3016700
21063632
1637045
358631
399906
2998589
145762
56840
102905
1162548
402594
180042
1059673
839039
134591
78597
869609474
287668
3012374
55431
149344
1965547
171979
150579
398945
1637048
160837
114346
5326784
158025
2066368
57397
150385
1346287
418967
44952
127319
2679956
28722
1558556
55569
146007
167241998
342316
113134
2692246
1066689
55664
46902829
1188473
123319
186579
2145735
280269
2351737
296083
30137197
180033
6791758
1421537
153360
178180
56040
161751
411190
158985
3020742
138675
1767434
115218
918574
130978
89564
44372
390265
55164
305640074
107085
120741
123279
56239
3347731
1299572
136226
1188395
62370
1842245
3350423
1410959
1658233
168989
2872088
1842184
55128
414315
2105525
1076897
104371
168006
8643
405908
139283
3324664
1216608
3216333
969397
57813
227225
158950
5815715
130957
1386979
2981211
2951716
156814
2718490
1615610
307756
115056
8649
4348290729
240072888
3159929
457016
55285
287517
342935
122907
2711874
139339
2317350
56288
21904579
2929054
423229
111031
194571
1402718
2949504
4703444606
1169130
188185
2016159
3087984
166738
137780738
151672
104908
168951
3792634
153016
150319
532352
104492
56304
2954021
161950
1152724
117905
2084776
1729920
113919
2438729
2131460
1928217
1656678
74157
969564
62654
2439316
62594
280295
149335
1434381
253252
406831
2434438
1403897
128151
180042
3348769
1539383
1539774
153976
2954508
1640529
6837723
3359700
3331522
7400
139777
132505
906558
130928
157753
3359727
1673977
1805044
4703444621
1404343
4703444589
180047
7380
206672
1107722
117869
151093
1014488
1843107
1230272
1879617
2768922
161645
131274
2691169
7420
1107289
1346288
69376453
1813385
4348295445
185490
26480399
172193
178746
1278326
2954646
5326784
136669
62607
45916
85362
47796
3014986
225548
3258115
153665
1459535
1180676
144844
2892476
195444
130948
349011
117542
53394
1851649
153457
73985
1877750
59043
3019267
2952044
133861
58072
550621
1842563
145507
7453
2657331
240394
1359797
2668633
224380
136373
279338
2954207
2412826
1240194
1078988
410256
120296
158951
330794
373841
1388175
139835
1253513
153745
167647
939906
2145227
2413295
104186
106809
185504
128122
138337
2718490
131033
145178
7381
74008
167676
1383665
54809
145612
279322
123883
1206427
3324664
2713466
1163208
135628
2208036
11978
62508
55834
133863
3652281
62650
76155
37775
145823
1298370
1213589
122419
3249766
532358
153567
84271
104915
43921
3296957
114942
1060184
120850
1547434
2027460
1402709
59974
456805
2812075
1187384
1107393
26528071
162353
147173
24535523
3163195
1894771
6076060
4703444622
58885
374978
408105
2193837
189445
3793581
27365302
1550620
180751
3349380
1152728
168991
1029029
146345
964255
974227
120706
391184
134071
1473475
276939493
279192
2646485
3009708
287077
134054
2946664
51490
130219375
52343
224380
4703444595
148359
58950371
610744
116874
152759
1106175
400311
533681330
55075
149182
3323454
2452287
2000314677
2947958
126401
7448
2207890
150368
130140
191251613
90205
3020527
151117
156245
577359740
912998
2667807
102505
148794
106665
109976
40218
146334
1966020
133997
456791
145622
1145172
134176
3793581
137776728
2528474
1361666
135453
4703444599
2997012
454860
1106175
122821
240106077
1179651
1734305
119089561
1959916
55893
1552664
279202
1777905
2237699956
116871
158955
2952559
168204
439840
3247831
150563
2081686
58033
1401223
144853
16174445
88638
1672628
2317329
1342361
1547428
131393
2313832
121499
2846508
1539378
1226996
368650
1145290
123279
536125
1066803
1309642
419138
161008
3018213
2672323
121694
1162541
2692254
180042
152249
1187384
569467
349015
122604
172598
168995
145751
1361845
1150942
131343
1771742
3354222
279322
153685
869565029
2690095
120288
1122560
153133
3154746
50371
1187383
2674666
117905
1835267
3008389
55712
120196
5812085
1424253
445970
74559
74790
3243586
536794
130140
280611
1201656
170051
418042
147006
146498570
149197
2444984
42819
59965309
406470
531386
119089551
1777266
27308801
199073
536899
196240
2273935
153183
55637
139264
131172
1395119
387496
733759
136669
325866
1106409
1284789
74127
168185
242620
169019
1076946
232873
1154548
153125
1179583
3309578
1180676
74845
54773
1362003
3156098
56076
16132
168584
3014991
4798638637
531441
114993
55077
1216590
158160
3006243
1359190
7387
1547308
153499
420041
2915711
1240074
1831146
969676
122886481
2596323
1632167
4703444591
168850
142706
153120
456785
158878
153037
152998
279206
131254
90284
531595
114690
1025105
303940
286342
2436894
146472
269878
2415518
286395
146010
56016
975769
111074
119089551
130973
134125
24517001
3087985
53706
1152135
1141918
138910
367666
1335802
3161299
73960
1013802
117634
167676
456997
3348769
280384
240071610
153710
186984
54190
1301935
184532
91914
80071
1161682
7160849
44974
198830
398942
303427
3010292
147267
1242255
7449
902344
1069716
1240074
1825877
1140595
2832490
170559
74178
141973
119089544
295807
2668850
279225
153491
173722
2838555
68007
453668
1675701
169021
182706
1223673
130072480
150019
910673
1245052
2674798
183747
536790
59710
3009667371
105086
2632573
2436521
390867
279420
2032132
963662
122784
51684
2953089
63512
106511
1831008
2351723
185400
1206394
152508
1550593
147267
1164630
1265999
7443
2917398
253252
1216600
1067587
1205479
113487
1279523
2122060
1376330
2389061853
2947054
145836
8652
536224
150527
102505
153614
46902829
120892
152970
1964167
1640644
1803923
1860340
1078979
1145295
1230211
184506
2923822
1176967
173372
54814
3027886
564957290
2690163
491153
152986
969397
172597
1014053
945587
2022095
55195
152997
1359772
185403
169013
1165369
2956752
1960191
2603248
342999
89394
2954074
3359627
139835
152766
156981
156234
1176776
271973
168006
56149
1761580
56909
1402753
1940307
75580
56085
178739
4703444589
178737
443158
180044
3009296
2416264
169013
3349910
1188386
191605
3006874
542635
1144851
73962
21262495
2307310
974215
134141447
2265860
1326762432
72020
410288
161093
122424
139103
1402715
288733
131889384
280233
120700
1320707
2951593
344337
2953198
40137
126574
1043582
921589
142700
346397
2317329
1236015
74175
160900
2918481
297514
153086
1251254
74144
3348882
1959916
1176736
279188
1702421
3396084
304751
3359627
1361815
146498570
2132438
157383
57810
438171
223181435
131309
416648
2952556
1188476
74019
1231459
3099592097
2429377
226728
910703
406060
2806471
120536
3355442
1209614
6838330
55147
1679959
52343
2460505
971003
2793104
44134
57813
104374
2962381
156555
1107712
1742393
104836
2952481
536223
1538252
120565105
178176
6837681
147968
2815484
334547
1966020
7373058
2720006
150367
2425993
136389
551830
3795064
151327029
162431
1673887
1158568
2105525
3315955
2882148
104371
42791
2972852
3654543
2839668
117869
55192
2888899
195266
149689
154301
123319
3202950
2993601
2917358
113465
145792
161650
178202
55166
478381
1223658
105086
2066785
7417
192835
3354557
39514
58207
2297418
3010204
153009
2247331
1942168
180022
58047
349041
1362084
270056
1082288
2081686
131297
168235
224384
1223832
1550630
1107348
287668
2127079
2906044
62372
139784
391153
2672149
2882148
3254651
134028
172599
132376
6797616
550120
354480754
44952
150397
2915747
1162528
146300
90306
2893622
2862911
142193
178759
85802
1401835
7420
76264
87922
151694
153594
89723
1455009
115077
37332618
130140
122783
54728
1159672
1964311
3087988
106951
1120703
280302
1206406
159060
104307524
2171392
1368798
240047795
153010
1130433
148018
135889
6838718
157383
2690438
1418701024
413134
54804
184466
55619
56109
62691
1119076
146213
153677
43747
7377
397157
54194
913110
286389
3324274
1150943
1167367
140989
1392621
138304
153717
1160702
550120
1131673
168192
43806
58181
73984
112443
371816372
90813
42568
971023
216373
153439
58648
390867
3213219
131401
420754
1629146
62464
166738
183746
37336039
2725478
153500
531527
1675701
146337
2667807
167609
1107724
2434439
33003571
3010989
533707
55081
2953046
157305
167652
280220
142182
231974101
36996
1268593
1345744
531599
1230129
1162541
74037
2954207
1928333
146300
532009
536765
164761439
1550546
2137477
156673
138908
146125
552246
197698
144789
965628
3012850
1251403
145168
1314591
152405
4629949164
173298
43706
172191
3161406
3020441
1357420
231328650
47036191
3301465
2763541
43983
3795658
158866
88977
901985
7435
149346
3256084
56013
1066956
3163195
2955003
1187157
11358
162798
199088
2956752
939961
536469
3018637
1083100
167608
7168979
152136
610738
179546
2743135
166896
44364
4703402617
116873
1159670
3217706
2280261249
47046
2673889
144399
272914
79337
286395
153480
3159767
152302
946159
280245
153712
196240
2904506
80348
287082
179511
1928217
40683
113314
349041
398877
176095
280406
553303
1207551
55476
2954074
2872088
147107
1230206
8647
51800
180442
76910
3006205
3233214
1197893
153795
397157
2799538
218896605
136454429
7326620
153139
226966
158881
21063632
3792634
2953281
439073
62478
2789106
74177
6502363
3011922
287507
3158042
157853
1891495
902344
373748931
1418659
141947
161366
1243070
410437
144873
1161664
1131944
3326620
117884
180451
2438993
1380258
1067757
402221
1228408
149996
1154832
370133195
1159671
107040
154885
1363630
121855
3006257
55938
7463
74313
1530644
444897
62559
1107710
193054
110587
1166322
1342813
1803923
302588
2006557
27852990
44597
227228
3513476360
2185374
390265
145766
297514
1362086
2950481
1278326
1543125
42791
1083109
3251667
62522
2915703
151697
224368
146215
536464
550091
155930
1861591
971003
6426101
1553148
1744279
150337
44974
190161
2952019
1923997
2369444
161838
153976
2793045
232873
1164667
74165
55185
4703444589
971033
1017363
286830
1160702
121497
27365302
122855
134034
116871
279361
3010028
44544
171968
531603
390841
177415
2449428
139278
38738602
154387
195340
58888
6791758
3775052
7419
158861
913106
136259087
3163570
1141529
23074721
123319
531461
2730708
145750
1107423
172063
2273921
312144
88605
2918495
1405241
1631531
151097
106707
3018530
4703444613
153049
305639344
74124
3008857
370476571
114377
148229
3358587
531463
27768
123561
56035
469335290
55653
3020471
137776728
1164667
139676
1547688
2955019
2196155
869606611
2105378
73979
43336
551814
152136
2918493
286372
152313
3329387
3009719
47806
83090
123533
1861519
8640
1076964
404197
1686699
2952117
1418336
2690110
120141
214665
1309066
137556
1159561
1159674
105870
240106077
869609474
288589
147173
158438
179075
3355910
167659
3333251
106705
1342361
2667257
542631
1828595
1120893
152752
1066917
120308
1149575
1176777
1164653
1076927
2917182
3478916
1231485
412436
138337
104747
2145735
1420628
177921
1540519
3162900
214395
2399220
2804671
2451375
391194
418967
913068
2200642
173299
3357031
305640005
3009290
1669034
2259407
44802
133767
271108
142047
150532
398893
7219605
2917876
1375910
536206
3358867
3020144
122400
1637048
1223830
58658
43584
1376609
172173
3325394
3163068
43648
179546
141969
141073
166713
53060
3226004
131274
1826208
3513471346
1252276
1376761
1244085
3357552
1206394
413141
48925383
1014436
3358613
406091
153685
391186
3020879
153493
121799
192737
192778
2952695
136669
106879675
543073
192782
305639344
104708
1175391
181040
144680
131029
1613214
2952826
2032458
1359295
344962
280481
2167656
157320
3010204
146745
92955
74151
56009
152293
55164
296014
117858
1240083
2043639
44385
3018808
1553148
103625
154501
1792374
2073472
65335
2958206
1269374
543228
74127
122383
2657350
7112170
162239
1675701
3323612
172385
134054
1309662
3020069
242620
119557
54813
55653
3992237
1830913
1944643
148359
1141528
508103259
2718743
133890997
54823
1230146
104498
157927105
56319
280213
1376760
113038
158733
122379
167587
62525
365331
6837681
2771635
269907
7422
74004
280440
76359
1303516
149025
3013059
23074725
2956553
231974105
280488
120129
59043
340611
152986
114762
1672622
136400
138882
55146
115219
171967
2944314
214626
1640644
1473938
168620
3006205
131178
287940
4629949174
55622
137780739
58187
153686
2139813
2141214
3010989
166718
3347719
157383
35573214
192778
145779
88616
2953089
1084180
25930131
2815623
2121672
135875
1076964
303781
1080402
153715
129551
186962
51701
4703444594
2093234
2651806
157853
3010989
192784
1204639
1176743
104760
1187157
76373
88626
90724
3347257
3017814
107007
56304
169031
4549670214
542786
276958564
153136
1253778
3006243
1404367
149689
184476
56050
1206419
326287
144554
109090
2533318
1672484
122821
58175
2915674
1472876649
182130
1362003
551814
167241998
158869
280255
1278736
399747
3231415
2429069
415673
2965129
1521463
74051
1149571
132580
152410
2146232
4703444590
1107709
107231
1240078
456985
105272
122756
62522
2088990
185401
104760
172191
532354
153494
131411
269659
150507
3011521
2772031
1702421
536785
73967
122862
240062631
90298
117869
342563
910707
1824937
145759
1213691
1144006
2371819
1398638
3016973
172601
1539381
138679
119089561
147464
399906
3019590
55317
6566419
2043639
2505782
395658
305142
68006
1292909
303702
1944643
147060
391178
4545343340
1158717
146334
131627
1126191
152767
155446
122382
11235057
1217000
76383
199073
54897
151112
71937
214451
1157709
302819
138739
120273
2185366
39169
158863
1550561
975783
1547285
1835900
53832
76373657
129955
44164
4703444596
301464
149431
44145
143490
214672
55721
1240078
2141759
148858
1235963
3313226
231974108
8656
1251254
6566419
153714
2431261
56014
1750226
168009
3246491
134141447
59161
73962
132373
1612961
1230123
1216390
185262
391194
4703444604
74088
36966069
7432
1547688
3759193
1120709
153474
2596658
1253407
55622
1075002
141112
3464353
1668045
1071170
111721
59518
364087
3010028
4545343340
145746
1354392
1392177
55945
164937
153363
47608
3018489
1772909
145622
1225196
2078971
105281
34917
44613
571099
552263
74566
280517
252645
141970
31010602
139778
3357553
3879783
145195
1016039
2946393
53812
58881
2705167
73994
4703444610
280435
412707
117571
1401444
1083100
55673
116558
552194
1150955
3063241
161421
43452
384536
73948
55072
55841
3332746
123435666
153418
180837
158822
2952303
1135400
135604
139345
1676328
2949526
1632167
1159664
59953
115079
1160513
90773
276953319
148359
28234964
53460
1751445
149428
198257
74807
161991
153037
152309
59551
83814
1320062
1121033
55285
42809
57516
1401576
2539350
7383
149363
58039
2265849
172684
2369778
153016
2020070
1143142
2029046
288592
3087985
89757
184477
3333111
1824650
3357220
107267
198831
129754
1067583
43944
2994939
941125358
42278
231960256
73986
159010
1158718
231974096
56022
3352139
180749
1268595
149344
1121029
3258107
2155859
148553
532356
186579
106782
139784
3158120
1248073
28722
155446
508103259
106705
2692156
151148
146213
1669096
3219170
280512
1167368
423229
3017741
37332618
120327
1268595
30432487
44613
1781733772
1473938
131648
550091
74805
139342
168181
536206
2817441
179475
231974102
54717
1213691
1319715
139558
1792587
1650630003
1947852
122405
145834
1963719
1154627
172630
1778053
195294
2772008
2915738
1188511
3790869
55289
45024
153594
1863606
198359
902338
1469724
2815576
532381
1279411
1842545
158974
3359668
44282
74570
156590
117634
87565
453913
958677
57818
3354996
2882617
163584
1160506
1959473
168851
119231
400417
3246491
151115894
120757
74022
185504
2442883
286394
153492
241086
2092350
113646
56243
2073472
1152558
136400
178390
1877580
2449427
109294
280209
224246
2712154
415485
536126
2888899
2950603
131195
3018141
223607
59761
62564
1126191
1176503
146139
2839668
1405115
145738
307787
411203
105777
1311713179
2714130
145806
1842563
253642
1996871
3018818
2395674
342563
1284879
1392183
2917785
130072481
44754
1390849
2155863
1107350
306394560
114356
1167367
2081686
55594
93006
135558
975783
55248
1059685
2297419
537257
435514
279309
129418
3160791
168853
122431
974218
6838330
130072484
2438130
3315892
2952493
3437391
145606
1547285
1348706
162378
68007
963635
167682
1767434
153221
1547390
364087
3357613
151124
120516
1029017
271975
1683619
198422
145247
2954731
152297
1429268
145989
152624
56356
346397
134161
136392
140078
58114
1141566
733759
29989621
1152554
114769
151104
196159
134071
156737
56082
1842185
54882
109687
189445
139372
900256
152756
280295
1682378
422431
2415518
54784
156257
39837
88084
1804307
3407643
1225379
349011
55555
531463
3158051
68000
2317365
55434
1539832
55147
1359817
2163933
110194036
179180
56294
3246447
76932
147488
3014850
6847723
111716
147303
131037
170641
1127242
153702
389983
184843
178180
84518800
279345
3331522
163602
168234
3349905
1628355
83090
4703444288
2924862
1151627
146336
168010
42611
166760
129520
134188
172200
1014436
224462
3018808
404815
103625
1903516
1216448
1230272
120308
3295975
42819
190870
152411
150388
3012442
536170
2850582
1672622
2032864
3355312
3020077
1067738
1418633
1106173
897638
192776
1080399
1539833
41094
1106396
401161
1240076
423229
58169
192777
44597
76306
241071
1202656
67213
197563
3327621
149727
240369
411203
1792587
134125
1230206
40784
304751
2953046
151697
1069606
280622
535790
3349854
62400
3009289
1084372
88613
280628
74790
43761
53397
3290008
508103232
172059
1824650
4798638637
2917152
3006875
162018
280496
1152129
1274015
55724
3064410
162018
1401223
1059685
2768922
2171446
3330279
106467
45511
135782
2026244
2954140
142863
2954819
3018626
120198
280497
55712
1924257
123262
288763
2202121
2674798
1161610
2862937
3018198
3009288
278477461
261657500
349042
1842185
1106399
3407643
2799557
56117
1176503
25472086
132367
3317381
1206590
250255750
150496
2873415
3469133
240057351
153121
131335
55164
1284869
531554
53805
1405150
3317381
897984
1477717
2798105
79337
1185221
153701
1803923
54537
1402718
3240074
1109200
139257
3328405
88068
134103
192782
3156098
900261
1547430
2097692241
2738922
240102654
1362148
2529822
3671049
37307
222057
55086
55285
55100
532006
179550
142282
1076936
2952019
2952748
185241
1161288
121497
3005972
153475
43933
120451965
74038
114762
109921
2449428
3020467
147301
1016200
3349936
55660
897671
139672
2810954
62646
2442883
78312
134029
457009
2675832
1107263
76263
3319485
1255319
122617
2918493
55074
1152727
135798
1227136
2084776
378685
166753
57582
1120703
134176
137518
3250832
7459
919703
3017741
6845078
14296
121840
158881
54712
1940362
557830
1017408
1340125
120203
3006802
2733017
1225243
1650407
3241960
2520287
152412
123327
2097683
156555
457016
192830
102505
3140016266
168989
62481
539651838
1823621
1805044
411203
1206399
153692
2917358
178009
456805
195270
273622
55578
1179330
1965547
1552665
2399220
127167
104730
970000
571747
2815640
5811956
1204733
161008
58047
3251667
550372
90306
89253
121497
153812
1923798
1266960
58392
535774
154605
163595
1386972
1650630003
1085326
147007
89258
111607
120321
139800
2953347
1673886
44125
2808146
169037
550624
138349
1361815
357000807
106956
372366515
391196
3663587
6076060
53296
1835596
3321090
53403
23542233
533707
3652281
231960258
122374
2674666
186978
1160504
3333656
1216448
3240203
1255319
1107421
32894598
3348644
1703756
80409
406389
139537
169759
453913
142700
56235
1422612
1332082
85588
1213768
3256268
2456288
1206007
2978650
3161111
244080670
280551
418039
91925
184523
55726
80413
150403
531619
1923764
18000
1188386
1121026
55938
398407
2425986
6690056
2915738
85583
138885
3349930
180904
137944474
280582
150507
2952826
2691153
261657500
154964
2690138
384536
3328412
1320062
44164
132491
137919
2952105
280435
150406
143137
1231485
23074721
1213589
1354299
1852574
2175078
3009262
532310
2425988
21063362
186984
7431
448653
42819
2313658
55486
138294
1067587
74174
387496
113646
5326784
3218753
123319
115165
414720
3009348
2952556
2155863
155940
173350
119567324
2906364
106437
1751833
172209
3006058
107075
135556
1403211
1423776
1016603
74287
1920539
2952588
97218
151641
3331299
2185077
1107423
5762849
1630145
401802
898238
122431
901576
55858
61449
149025
1944643
126281
5400890
1942805
389983
975727
2429756
3007492
161838
107976
73947
5815715
202905256
3350102
2657330
129814
149309
251075
132490
74800
3332997
303940
1318214
280532
7425
152983
2139813
969479
147074
1270912
85947
969360
2917736
2917358
131603
2743050
7435
154297
158848
153578
416658
3247831
104401
106211
280605
1928333
44804
148047
178093
1159526
3325146
2723260
269538499
974189
40137
74038
2552485
122855
55580
1231404
3218955
7380
55951
132510
147060
1259176
57965
45144
2078292
152311
1179651
2973029
184420
85947
241075
508103232
53660
2713676
3058686
2032396
1253406
1801076
897671
442739
141947
1877989
3323266
3020473
910714
3359656
149278
3087982
156740
4629949172
3019969
287667
104404
1829065
114366
1999389
120850
1236015
531459
1792386
1197778
3793581
1121071
153153
120148
307823
3013630
1060330
1014423
281006
3355031
1850580646
67213
148043
167726
3158121
2918485
550359
180044
3354994
2952019
1076964
152625
124458
415676
76947
552251
51856
74019
73984
130976
155028
1363630
137556
342316
1159518
2184233
53453
5038117
1060289
382225
184420
109752
1107394
58974
1415883
6837601
172060
92949
148065
153125
1648932137
1067771
1084381
134067
912940
120706
454722
378685
1404367
1073990
3317408
3202950
2745046
184433
1637028
180043
49903
912998
1851649
568575
1078989
3248309
109934
162219
3163068
306562098
1478019
157030
1076898
4189298057
114762
62522
910566
223287694
8642
1083319
190789
1225483
139528
3255095
1206590
146224
2688911
2755499
122783
55909
1240079
307829
4703444288
1121071
198258
1354280
228340
172205
55469
2725551
123354
240090160
198376
324899690
402056
168236
199158
116869
542634
120706
1107395
53460
87328
2006941
3158071
126766
76467
531533
185301
76271
2839668
54767
2915709
1286998
410060
3213790
1167813
138337
90767
106803
3009868
1198634
136259088
31248510
162526
122431
167200630
280406
3778610
56421
80379
3358613
55147
279178
2438128
2989219
1030071
1180675
42611
1361816
2196171
88068
2413662
1428125
1235971
1060141
1079414
74719
1721119270
401798
1260552
869508901
172646
2395674
3348883
185526
47654
195305
2259321
195826
152405
120321
3652281
287518
146200
145738
1267392
1996871
153050
122855
1613214
974234
2120285
4189345
3154415
554460
1162542
134197
122821
42602
62870
307584
2689536
531388
3795064
966958
43718
309478
1201020
110008
167609
195273
446049
26161367
1786760799
74155
1223723
3004178
1043606
153691
1307519
163594
131421
157697
2563285696
58065
2904798
279309
3315921
172385
2939653
74157
231960258
1042900
3006405
3237066
184490
115055
90724
74791
74050
2814001
2989155
63512
178390
68007
1014067
32662994
1232835
1398638
2144520
1107348
162014
1922120
280618
3009868
1143135
161816
443158
3103093
131013
409120
2163933
74559
2143354
33003571
2741717
120752
43984
37774
1167795
2952095
375773
131600
193222
1223832
161435
141112
2806514
146211
58042
906558
3330596
62369
1159669
90243
3019969
21063632
1599299
109166
54717
2723341
3356894
2732956
1077036
1627497
168589
117571
103599
149727
185504
62484
3019941
3019848
91246
185686
153035
153310
3008014
168009
138400
132376
1083330
2952813
139841
1213589
56014
106469
131000
2429069
1043582
153730
1964153
145795
1382494
74168
135793
2536070
3013621
2132505
3851570
1320062
416937
2906364
5404230
555358
151093
2946389
53812
898238
149352
141916
280605
2918424
1664257
2094154
55208
2952695
3019504
2022095
3358938
307829
1152557
2690234
280567
62559
231974112
3331052
965762
152617
2965129
1759477
2315704
62717
1084164
1290654
1159306
456862
1903516
1069700
1842245
135589
168227
305142
3018691
512552945
306004
1831206
559621143
2013124
59418
2719041
2247302
3006035
7430
178180
153153
1248073
549470
171262
3006033
571802
550620
44189
176173908
44788
4788255110
401802
131189
1790696
168982
457024
3233214
225494
1361816
62581
190362
153106
195266
1777255
370476571
2175078
62518
1857436
224374
418077
547511
1672417
44219
358309
153228
136325812
139231
3256761
4703444619
111705
1465162
1166322
4703444614
1228408
2438728
3289689
185260
334051
178760
533787
120534
132585
122813
146135
74040
69376453
2379919
44839
3256204
2034933
6679920
2816901
965613
168645
43392
910704
1179330
2892455
2825885
3017741
140989
195273
162239
69141
120027
172599
897467
130976
3357552
3087982
3513471344
404197
2633746
153743
74008
330473812
280412
2202428
2873244
1404291
76263
1751833
154941
152315
179052
151092
138389
532302
2106876
2196139
139647
2669920
1830231415
124127
52343
549165036
52411
272939
90284
86048
1653224818
139231
89780
1410861
180036
2963979
2917118
2671158
549472
401444978
3013112
391194
57856
155468
1672484
153472
1380268
279249
2187211
145970
280217
1999099
1084372
1150955
550366
2603248
3008857
1362084
1354475
1345719
288720
156299
3005662
3325394
252728
89258
154301
721570
152239
153119
1903477
418967
1029030
58404
112859
122820
2755738
1281207
969362
62658
401187
422726
120714
1266960
7428
130972
307823
163617
139311
227232
1861591
134125
1107353
1418624
168630
148359
2671205
1078979
1672484
897554
7393
83198578
1456633
1204639
412072
241087
1190905
161646
151077
75021
276905
144725
1842114
1934100
2764565
1342361
2196139
4629911081
2952928
58173
536209
104371
104371
178388
2755499
1141665
270098
135799
3478916
1019690
146213
1777267
3357030
161638
2451539
160882
180028
7446
2094521
149346
27383264
123327
1284789
2436519
23608718
1453939
400311
54788
1664257
2793045
3240203
4629949162
1383408
158866
1415887
1066563
138337
941125358
416063
74586
81816
148841
919417
59759
2826006
1342037
4703444286
913110
155918
1380223
415692
456997
3231415
1777254
68007
531388
409863
153343
104730
57965
127309
56010
74811
121855
1777255
1109202
3333246
153126
55866
2563285696
2723258
1777265
132856673
1416560
1530587
1362157
168181
88146
115065
5610766
186964
56240
89771
1175408
1348625
2892455
280630
102874
2603248
3246452
62518
152304
2563285717
1028985
1107355
2917166
224384
1420611
3326960
558158
116874
59839
442739
902329
1771739
1376330
54881
167741
1108110
1107394
150023
149342
286380
55064
3227127
136392
280437
1152728
1567544
55404
1361588
3795063
83814
62768
149344
122942464
130949
74828
412864
72020
2621967
8638
1188476
153422
532300
114355
1340037
145275
1835267
1074640
161008
147164
3018956
3536492
1265638
224363
144785
150368
1141681
2073463
241065
149436
3010989
307756
1223830
154287
7425
1530586
145913
402695
2952349
119231
1103578
2811520
919417
225494
400311
1206612
1640637
1161612
79396
240062631
172639
153429
150303
3009239
56022
152136
147109
158866
131327
1284382
131600
1268506
138864
40671
1128379
195340
3005662
114351
280550
1236194
2815576
913105
58027
3246452
90259
104747
1669021
114365
142702
456859
148550
1176756
3331501
1959916
58885
3006199
287499
453668
409122
148183
1550620
2917151
149335
120273
186579
145750
1683619
1339778
132491
3352883
138883
74169
155924
151090
39513
2533326
54804
964480
3330374
3795000
1228408
287083
62525
214787401
146211
148550
969459
43709
2793045
58380
391115
1180679
1107351
114661
153732
3258115
280249
190333
55166
145941
41946
550620
2531521
2947054
56366
1251254
1204430
2904798
240047795
1550556
114942
1540524
1162542
1340037
151128
1231635
553607
2689702
152306
2438993
305095
28722
169021
89723
251075
1211145
453913
54517
1828598
1582777
229685
147099
56311
73956
178363
193260
132510
45112
531599
192778
2860044
383444094
145625
1747955
1669042
3243197
2764710
152114
3333112
53397
107015
79374
1433701
3234489
53860
1151470
2952117
3019382
1141528
168014
56299
155445
3355031
571747
1060250
7375
1084365
897638
23443256
7415
1530644
157777
3350401
3307828
161650
2420744
40442
1206581
7219605
109878
114027
88129
3020790
900261
153037
3339993
74557
191251613
2351737
240058050
83124
1107355
1206571
3007049
3020472
7379
398673
6838332
1204451
185241
109102
1084151
2050278
371403808
1259088
140989
1243833
1060184
122880
1107394
279351
225494
373748931
551831
1106788
241087
812071
58390
123394
122756
2950581
407717
152226
54809
1423776
279231
144554
1675657
114345
280624
2171405
280485
3012719
56149
1942168
240354
237385
1228408
1632167
2771635
196177
2805691
543231
2815477
1283513
74005
2673221
88115
1159518
1775848
1771718
55818
1067808
1060300
2147774
1613214
1558556
404815
551815
1392191
169031
54825
1539832
153050
975769
145746
240122485
2131957
168010
1253407
1029017
57810
147268
3247680
133770
131898816
153566
47796
157320
143115
2955951
179480
7434
146277
76155
185336
1387888
404200
2690234
2711874
163562
142865
57988
1180679
3326620
2146988
147060
1347476
1281095
2939653
2952826
145158
55874
240122485
1156116
401798
3223995
107015
2804565
571771
2954646
1476188
358688
1342361
1392613
2773267
1120667
164191656
173371
102533
2180404
945587
1227136
3353620
1083102
152303
91290
901576
552247
550371
44200
132376
280405
122805
536170
241065
401092
3355910
53832
1741311
240074718
2793044
2718490
422683
5762849
171980
324211
79337
139283
2207892
3018637
1107345
1418336
156605
214599
2171253
74127
280213
404816
152314
114373
531620
532298
2349984
149689
536125
8648
115177
3322815
191731
44898
658312593
1600068
151641
44788
3160990
1721119244
80470
1231483
62407
3354557
88595
442737
7379
3019969
1197894
5038117
1151474
2950603
2245475
532353
56078
1602787
55951
74020
1240078
192756
3349936
112100
171496
3007014
153121
2202428
146200
2963947
102430
7424
1912453
162798
197566
165131
147081
1362320
149363
49915
1180856
399906
1395273
58213
2571989
1553189
24517022
550372
1069682
2322522
1448559
1361588
2952928
131291
964519
1164621
3352911
7393
249203962
57856
119585293
11318
53407
78821
6041206
163619
307787
2006557
119567323
2954181
186984
1154780
88604
170582
126518
2137636
57960
536899
152998
241066
270265
56240
69712
51296461
1152139
407285
148359
158438
1244004
1060250
1152558
115032
2692262
185579
62771
186978
532306
419203
135558
58886
2032116
122784
812623
139630
152315
536177
2955196
134090
1106819
2597485
2273935
150534
2146251
2798353
532759
1420351
73970
3020440
3006765
1013579
2951840
54881
55864
969651
135605
344337
1084188
2732956
23074720
556073
90203
3333143
1120703
138057
1402912
1640530
404940
1777268
536473
1067724
157302
138305
339887
224376
157654
2259420
114929
3792412
398877
3325425
3359727
190328
56236
7433
58140
536794
180040
3352914
1959458
396250
122405
2202428
1016200
7467
1362157
1550554
1235975
1669042
55086
144869
83175
2755608
107013
195295
153019
2815585
1345514
148031
2438230
2442883
169861
1152726
2657331
318467
1950884
146472
3074405
43652
3013630
45236
59709
192830
2862841
106814
122899549
3020545
422390
44915
1339892
147446
1121026
56049
130957
1206421
2919649
454713
62493
189890
3030976
371700505
1325307
88832
2832490
287670
1959458
146209
1121033
45236
1216608
55064
1828382
410804
57943
3000952
153422
151148
3016973
3008436
2947194
90773
120288
139588
1857436
153703
115250
83814
1268683
2815590
2443928
958128
122678
131328
89771
84271
90284
153235
168982
149375
3020790
2951271
1405230
153717
161638
172594
90334
2668838
3020527
1230116
3010989
1404342
195289
420224
1084206
3152830
1236015
1808721
1640637
1230272
454722
279241
2815619
148018
150024
128142
412377
154030
107037
41256
55659
571747
186960
1151474
153719
62149
412133
1337397
1121026
171980
1188419
123389
149370
184489
3256330
74168
168852
92277
44741
150399
3020516
168851
536177
2944314
43718
2081686
2917255
1602787
185404
1164698
26373169
270265
74142
305099
721570
2723342
192799
193260
1013581
145829
305640005
137780739
1924004
1166204
145829
969375
16307200
36989
2954148
165479
1750339
2609539356
3321893
147142
74829
58655
123845821
115168
136389
543178
134028
1155789
2393403
3006205
1924172
1301935
79480
127298
3152851
142099
3716089
2085649
2952044
37775
2932285
456781
3012405
7463
1814965
102271
151079
1017362
1681788
1346852
21262495
7428
242620
1167795
1083333
85606
131195
409863
117571
152599
1201656
121715
1835267
134176
1060300
56237
62428
1963719
131889382
1162528
415692
7409
130947
404589
1764573
2670591
68009
162018
3326960
28595
145754
180029
2955025
2429756
168203
138882
2131460
120846
74719
286389
2208031
1224468
918574
149727
1164840
964255
2990453
106511
145606
2553300
148342
44952
143116
2798531
149331
3253888
42278
3006899
1078988
2952127
280618
55189
1152717
812072
1245224
532381
905534
158883
1156116
148182
1872673
454723
44875
1060123
3349833
121840
224045
1401638
1278326
280538
180023
147101
150548
154605
2414645
44879
131393
4545343340
1151576
175905
6838332
107976
168245
122829
119089549
2953012
1758858
1152129
1359817
279181
1808720
56288
3352883
471417175
102269
206546
152232
149279
1767434
148065
162050
1285772
54195
406166
415485
1539379
1249525
1206589
354481601
296014
154109
120327
2155866
536461
53838
136669
152756
120177
1410876
128152
106507
109876
286837
55185
3350401
404197
1540524
2014597
11235057
1284869
1768185
153663
102271
123506
148051
132462
42398
147303
55617
383444094
134071
370368642
74005
85939
2952303
153292
1392191
172599
2674666
1067767
70553657
1376609
132462
287494
1206478
111147
964480
3347752
410288
62780
1744281
23608718
3348882
124328387
58879
56201
147067
3011656
160907
1539375
1067849
1311341
191731
2086237
80458
1106408
52822
7380
153614
453050
2177187
414315
1131944
192783
153011
1600068
280480
144851
78821
1404228
131179
356443
185287
2713205
280526
536206
27852583
1206420
84518800
1269641
184424
55565
3163135
1340088
2698742
131770
340516
335495
11957
415695
286796
536223
1996871
76373
444897
3348882
1612961
62598
1831146
1154832
1253665
1151627
133946
1270518
1359295
869609474
172590
302588
3163284
1159664
184417
166760
2850582
2950581
1673977
1324150
1402709
1422314245
280129
180049
280551
3377982
1456792
122805
161133
104650
2815568
2443928
153565
214396
3319514
74127
169012
342999
1150938
1452090
111601
74040
1240082
139276
134591
1141528
167699
280130
7160849
139237
166760
190221
3323488
1775054
1339877
280344
131898816
240354
1175391
3316590
393835
4629911077
279434
150389
138907
109877
153343
55576
1351267
412148
48925381
1357320
114686
2793045
3012412
55233
552263
1074640
141163
74143
192799
3163570
1348650
1238839
2622229
897992
1231310
2552985
440145
902329
2415761
3007562
1342812
171961
158866
1014009
119009
146209
25869574
1067771
454064
1156583
1160512
1152717
2029046
301464
240071747
7168979
1433690
110019
2917393
1206007
128152
129814
104730
138304
1217000
280262
62403
2950867
1185209
1843107
4447293
128151
134134
216373
969576
3018649
913069
152765
1170074
130957
2081686
53428
3319514
2460472
153436
2690163
2780630
1433721
147177
114359
3359608
1269641
106419
57925
543228
129543
55086
3009208
1823294
1151475
2798531
3403431
55896
39514
370015
168172
136446
1420351
2751685
1640529
1066803
152123
90287
372366515
1283657
1166394
1392177
165476
139499
107079
442814
2804671
1027785
62581
153366
2092350
1106267
410246
1124039
145813
294001443
163578
53812
3018818
55073
2952481
142086
2429377
542793
54713
62464
74108
23021291
342935
122379
4629949161
3243586
536469
106420
1826208
184468
1210978
104404
912998
51854
176095
3012406
442794
2952759
1777255
1998693
153702
1776966
152411
531609
156981
145762
1175448
2674666
172072
550372
130973
1235970
126415
130072480
1231459
3323199
271970
3156258
56290
153607
136333949
45253
3161299
1231310
90298
2399784
280173
7459
146127
2723923694
534266441
443158
9071
125618
3258115
348849
120706
963199
195266
152765
280572
8638
171961
3020144
414972
61449
532354
158987
910727
162239
147968
271108
145805
138896
1928333
178748
4016543
2675127
760746
56013
494043969
79395
2110264
240029417
1206488
1842245
1209609
2946644
106507
2759370
1141874
149342
25871341
2665643
152620
550088
156555
1944643
4016543
152749
3775035
147059
132596
150372
3213219
153292
1776249
1742393
288727
964504
531634
43921
1919982
137968
3235880
206546
94401
88605
153108
153418
1284869
280564
135838
55480
3018214
2692232
1963115
1157670
55948
111607
1552660
552194
3909995
168630
108990
1877989
1162528
1206589
191713
42278
193047
901534
1289193
449220
3006112
3247680
2128285
1410843
280497
58169
2952303
153497
135830
74000
1751079
1103578
61549
56076
192736
153049
104708
3671049
47654
55291
1307611
2882617
1776915
131013
1589521
113919
3293120
88129
138305
1144831
154297
153458
1083099
132596
115056
54094
1550584
1894738
279148
96905
153621
3008257
1253511
1108115
1965547
184460
161645
148838
263116818
180749
1998693
153009
253750
1412715
104908
88629
55351
44544
81996
910714
152430
2145227
2669920
2146232
170582
280129
168953
153363
1141526
128158
153605
62761
44200
1151475
3006257
131411
58050
62870
3006300
105086
531554
122823
131600
59965309
190789
1155986
2506300
1964311
1066473
2646485
68066
160900
1713458
134107
135560
913110
43709
60759
147101
73986
146216
130884
4703444611
969576
114368
1016603
3217684
145728
102268
1777905
121686
2918021
2989219
145823
134108
3332997
56360
182706
130921
135558
1964167
1480032
134141448
149996
149198
2862881
131838
288761
136259088
105089
57533
1144006
456859
91916
153235
3354399
2764712
2589843
120148
3158089
152306
4629911076
1240509
53937
56356
898051
358631
54717
2032812
963641
1363630
2892455
2888417
240071610
122400
74023
2673321
2755608
1842186
131401
16132
4703444616
58828165
179053882
153466
3010626
1248154
3321893
157699
1361815
55834
1404156
3347849
145275
901588
2273913
156231
571802
3348381
562959
7398
552195
171968
1179322
43992
1066653
6677259
189450
270056
4703444624
1162527
398942
1685018
170579
7461
975769
2954439
1268700
153449
2666909
2952675
135875
1808720
106783
244081506
153366
108083
161838
3359677
2956624
1681788
62611
280554
131254
2989282
138056
969651
103703
1808720
1109202
3349930
575380
138323
43656
1084091
185405
3327639
1240070
2125492
142308
120027
145728
2180404
6838332
106255
420679
3777290
110597
416921
57582
1744279
1085441
62464
43336
47046
145252
153143
307756
1348698
1103581
2139375
113134
2442881
28595
406470
280437
58187
3011521
4145201092
3307089
1395142
383890
241066
103625
62418
72639
297758543
153465
1016585
141163
1216537
3332870
55724
1223673
1530644
543235
106782
412707
88210
3356937
146224
1356925
73975
153014
184532
178751
158862
553303
106719
151077
2953069
62403
536207
2850582
3018438
2873244
150381
2416264
2147147
58140
152619
1106282
4703444595
2171492
456785
3720376
1669059
1894502
391220
1163971
123322
3374767
3289820
79374
1942920
533706
1842245
157530
3330279
2798353
2128285
153018
1353532
2280261249
156977
2952389
120177
1820692
2917736
1078770
1206590
1079067
3347719
54094
115063
223616
2723342
44933
1180675
56313
109934
89258
1179644
55619
2412710
115142
2723260
4642463209
3354399
73975
185497
129331
1180852
113919
4703444599
156977
2690095
60148
1152720
1361397
3359689
156094
153121
975768
1547428
1346852
271202
410430
55315
3161406
2157162589
1307390
146200
1227134
280618
2074733
146125
374978
132367
349011
420687
286390
2307251
152601
180032
2247331
280213
3007562
3298774
71937
1857436
1213768
58181
1388016
1161680
3007045
7155943
354481601
1381444
3329387
2369778
152468
157772
428039517
562959
419038
114365
1474898
1188508
303427
2032864
150532
85640
3352914
3002965
132580
398710
2074756
6474878
3012962
134071
2155874
2563285717
1120591
146131
168008
2032445
110597
197353
145792
536790
146445
382313
1167803
721572
1283313
142004
2915664
410820
142865
419038
223181435
3349674
56235
114771
186978
305639344
280340
2956754
178363
2755499
175031
272914
1392123
55401
2317350
3020571
280487
1158568
168989
2533326
224042
3357088
153151
55390
1225202
168185
1947852
153278
1942168
151115
198831
1078995
2825993
74844
3159819
307829
536473
2084789
1197647
54190
149995
241086
178748
1622687
1298955
1987154
18000
170555
54765
401444978
106396
56331
184840
126281
3009296
109877
542638
7373058
2915703
157319
123354
1539833
76910
153741
120704
1538253
2884093
158871
2947032
58103
56016
1420601
3163195
414794207
2084776
3357220
2144405
180451
184507
1253778
88595
1403940
26161363
141947
55461
1346287
133960
1255555
543073
191739
2465058
2340636
1167524
62631
2431261
2955951
131293
3358712
153707
1067767
2131524
1226996
3324274
56422
897467
3227810
173722
1179583
3396084
2714120
400118
145806
3012406
2139059
131594
6847723
552256
3007324
157777
646451
153107
139793
89393
153603
552197
391196
142098
180049
143051
54788
74123
410804
1539833
73964
164191656
550364
1682378
367988
172059
1230369
3012422
62366
3293120
1204465
5404608
1347588
57032
1539833
1188386
149996
1403940
2953118
43863
172204
280372
532308
2918481
169831
134068
62381
46902829
2032165
167718
58072
1758858
3360429
393835
76947
145759
2667594
114942
153458
2692156
1674609
2787497
158025
132585
453025
2369778
88606
295807
135836
5812083
2692265
145286
134129607
2952019
156590
552197
145501
419203
1360887
1107289
146130
2521916
2956553
1164653
1209817
1622687
223607
2723341
103703
6825777
26480399
3349854
1236015
1279573
152994
2952564
575380
2910925
412436
536118
1231483
131171
1216541
3006057
1539722
2892484
102786
280526
2259448
2923822
261657499
3359614
120235
2917785
53402
171982
2907649
1547702
25871341
531595
3357030
56049
3671049
2956553
132478
969479
2691151
47046
102269
3513471345
418967
1835261
1107395
53853
139784
558158
161008
1013581
146216
190826
309478
1465057
280565
2200642
122820
131182
1379056
7453
188176
44613
153715
1147213
7428
163579
6038068
150496
2955204
145913
192736
2598107
74557
1122560
1152557
3019461
43843
74152
42284
1630145
162061
2273935
406389
8652
226967
150403
2798353
269659
3354071
3011848
1121033
7376
1681788
55076
2768922
74122
1029030
57537
41099
104975
457024
188553
7375
1362076
163594
449220
141947
106437
1067587
150576
7390
111134
70534140
2155866
54836
1066727
1014423
1472876649
23074935
153578
241086
150415
3009708
5610766
1751079
104237
112443
3986076
2755619
73999
131237
2990683
47806
54517
49898
143137
119089549
185262
112100
3258140
286937
2714120
1197613
73965
191361
3156188
1084361
1771742
31988486
182130
179550
2074733
112729
44804
1339820
1672417
2016768
1152720
180022
112729
286776
240393
655969
147973
178751
1671443
2603247
88210
54813
117905
53806
88621
1831076
3010745
138739
111074
1381350
1307519
1083330
1345825
1627251
387146
152765
1744280
969362
7231014
131358
161753
153339
1176758
3010032
869606611
134107
176095
3310948
132367
1307390
3218921
1650630003
190221
2171392
120700
2563285683
1069730
536477
55076
1223723
536788
158955
62631
153367
1776992
103799
1679959
2904798
1162528
138675
57032
195297
1083146
532300
138297
1412656
134097
2146251
3160959
56356
1937072
85626
1345754
161421
170559
146498570
1547427
111031
420215
2067281
153691
170051
286372
279250
153617
1119077
965634
142857
1411876
3351055
3012962
347950
141957
3321292
3388394
23074721
74034
1231404
422688
2917398
157530
280526
55909
41946
1874847
369838
1405479
62403
3009839
167720
141008
1478019
2917332
129814
244081266
3331768
185260
153490
129814
2696995
1067834
161638
399828
542638
7431
106752
287953
2754517
2429244
53448
120256
419159
1529409
78593
3327621
912940
168589
195273
7417
2131942
1381444
280406
139502
1339877
1154548
3352914
3720376
2671205
1536462
1478019
102473
1083319
6872713
2666909
3016973
3159823
2315704
2032842
162219
123883
4670891
3258165
2598542
451042
1141681
241084
552254
53804
2429523
151124
3321893
184420
55465
148044
2651867
2273913
2691169
2690418
1067817
1253406
1084369
3350401
1552190
57963
3720376
70040693
56236
195273
3007393
139259
146468
172646
543226
190273
280173
3172807
1361460
153342
3251562
2848072
56113
453052
1877750
128131
2954509
39837
138910
1231483
1867188
969262
24517022
169022
6677259
4703444591
3330421
344165
2754517
240033839
1401638
391196
7445
1029026
1155955
413153
1259562
133861
27308737
869593771
131833
2755965
3013186
1122560
1283313
180028
2000314677
104982
253750
2952388
131182
2032812
3008436
397157
307828
131828
115061
43981
139676
3007575
178094
114348
2651867
54839
2888417
185497
158851
543230
149026
186976
3158103
62508
106481
148011
1176782
373983
2194745
107079
152747
1180679
2442881
3359840
3795063
147977
1206581
2772008
1550551
134054
5400890
1109202
3289820
186968
132585
1388175
1244825
550626
62691
969449
194571
153292
152297
171967
3331501
961284
7606486
74088
1151472
62652
1928333
1444234
56319
89396
121511793
1165369
1361492
280341
69730
2952303
1824716
3159819
36473
2825885
1016039
1987507
3792634
163584
138884
155468
195825
55841
1456633
1176777
55291
1082277
1772952
1017408
150378
1267392
1540512
1334017
176173908
28595
162050
151672
3324274
58175
2455086
2725551
85944
1158718
184507
109102
356443
447167
89780
55128
1538253
42004
57856
51701
418967
43983
3359645
163601
151148
56097
1376330
2247311
68013
1959492
346134
121799
139841
2762871
195444
1354392
153092
1410142
3232786
74143
2953367
172594
417327
1253407
3329824
1227093
1467358
3234489
3019518
2753128
56240
3331522
157300
531460
1144794
147075
40784
7426
172186
3589982
149995
2431261
132349
1156144
190789
131254
1387968
1069729
191361
139128
3014850
45016
3020446
56422
901588
1161682
191251613
55712
3020516
152295
69376397
114172
105777
2049400
2264749
153142
152234
1162677
1448559
301079
913006
153007
286837
2861745
311575798
1067817
155366
4642463209
1084361
280325
1529748
69376453
1216636
152249
1459350
324899689
1669024
224363
152318
287952
3333210
195298
119567328
307787
74039
280340
142701
2452669
287507
186968
3011198
3358836
552198
3159819
1197894
1069700
2681149
43584
2094522
279361
1209821
74004
27308495
1230360
2414646
131343
2952135
3140016266
2963969
3331299
36996
62539
3332746
58065
149026
2692254
331414
1152643
1141682
121855
131274
3328411
120775
305639344
122400
153473
3778629
1067777
356912
53860
1227136
44909
2690419
2202244
2443356
2915660
153730
375216670
1111036
168245
107085
2438992
965620
146314
3218318
1761580
1107396
54781
334443
1468000
1279074
96905
73972
123503275
121777
229685
76352
1672622
251075
1781733772
1347158
120706
179547
391184
126354
59063
1158564
532006
54788
1116474
2670059
2417529
58072
1074640
3327623
150533
1206838
3358842
155953
1268595
145622
5812085
398877
2084658
1027785
74143
418066
73960
453814
135602
1067598
1106175
3691783
1235972
55893
54801
2952443
152744
134026
391220
165476
516775939
346134
402751
138877
157543
4283101
428039517
153621
288720
44818
166753
1433721
445970
156590
152983
147268
7448
1225197
148074
1122557
1772546
1152556
2202428
151090
240058050
1346287
3329824
74287
132367
88604
134106
3009262
1362157
280363
4703444616
1446311
131254
1029018
2947170
91246
400311
2832490
1362148
42611
1340091
153704
1958982
75628
92956
8644
191361
179475
3020879
224457
1721119270
62471
1014440
2132505
1387968
183453
5746665
1290654
88595
1550548
151115894
1013802
168245
152248
4348290729
1345744
2032127
1600068
1116474
3006875
3332889
153672
3251416
575380
152309
4098808
153691
969552
348905
1418311
575380
145836
72380
1158569
6838331
166905
136372
55461
447871
3586169
2665955
2009947
535774
36996
2657330
146210
1187157
1465933
1122557
153717
240354
55401
280213
152248
85626
1632167
106396
536795
44836
151931
3319485
2952303
121499
5750005
121939
1381444
146346
155637
1216460
149182
536797
62340
569470
57954
122419
178351
7395
54830
1553174
153729
1383408
2994939
153133
3087985
334927
1079414
144785
3793581
135879
1959445
456813
2131460
3010763
226968
1547688
2171961
280622
2955190
165941
136430
454716
1747955
104762
185524
387318
410430
131237
166738
147301
1669042
2755966
447983
3014991
69182
3154746
152302
1253407
1348698
281006
456789
106956
3011198
58187
56100
153019
348849
2947961
2952094
1311341
2955293
286830
1069694
271970
74090
304938
4703444617
1842545
111600
62410
159868003
3324274
117634
1653224818
2939673
3349934
280233
193047
3328413
2615716
216272
398944
112993
171960
2316593
114829
196311
3256269
106879697
1625798
123533
3357552
74012
58002
55617
1368798
969449
536900
1016033
1552190
3007324
1771739
1831008
2443356
39202
73984
1949374
3006851
155368
3357553
2952303
286783
1014436
97216
152508
1084188
6837681
40767
969479
3012374
91877
192736
3332870
2773267
2953089
143490
2032100
280254
267762522
279279
7445
93006
56082
157753
1231406
1066781
54771
1828597
153438
62495
1231461
2787498
42955
135596
2131460
158874
161751
148024
122324
2073151
114910
90328
2720897
44874
3879784
3007364
281006
56004
1999686
55234
406831
112997
1209609
178760
1830231415
194119
139610
1640543
130956
307833
1672628
37775
348849
1203006
153142
1567544
287494
138400
532353
1777268
552263
508103259
62499
139641
1388175
6837723
1903516
126439
227231
148182
121777
1448683
1198634
68986
231974108
547344557
2137636
74570
1781733772
156981
6838718
536120
1155955
55578
62444
812068
132376
168235
192781
1231749
175035453
324899691
1106185
2120173
156272
3019382
139237
2155874
3663542
150414
1152133
113395
110450
2050519
1951964
151128
23074720
62654
1121015
261657499
62598
2319206
214672
2177161
1748490
54804
550364
131037
74034
3329387
542788
153618
56155
117877
2666952
1964153
362362
2426688117
3349820
58888
202905256
55230
1194075612
2848072
117869
2817441
420220
162431
411577626
2121672
43890
1080402
156393
183750
198590
3791413
180837
263116818
3159894
3331103
74559
3018990
3018141
3241960
3295975
153364
152625
531634
1786760799
153049
56909
2947194
147988
280269
58686
142860
180047
41395652
153614
74805
85587
543312
2917332
167797
1413957
55175
130973
177923
1107348
54809
287494
2952826
146139
5875927
130206844
2811223
2949526
147109
2135921
1539378
2425988
2811698
161944
571980
139830
1067738
122805354
1863606
3012850
2732956
1469724
153496
172645
106291
543021
102272
240060919
103125
58168
3007852
58652
1188508
79637
1602787
1279409
550090
145095
2092425
536168
1360062
2074756
189450
1940319
161753
2850582
2692232
149001
151123
161437
280249
56315
110866
53428
3357552
147176
977317
117884
2838555
1889339
287668
1259176
112405
145747
171262
3020257
1216467
74174
4016543
2962381
225494
1107267
74091
1669059
3333656
155366
110808
131013
439841
88595
550620
1167367
153687
2953076
3158106
1084365
1067788
315173
1176746
153707
1185209
41099
168606
90298
5812083
1922120
408105
150575
2918496
280220
57516
55726
1074640
1211875
480307
74496
1839460
532302
550119
1066917
189975223
158822
115053
1019690
2673506
4703444603
73986
897671
3358738
58083
1270750
2952481
1083329
55893
1761742
1165366
139131
1791324
135847
3355442
115055
4703444596
332924
1348707
139346
74121
185380
3795635
113624
1959485
55192
2955003
532000
1159526
478818045
1230210
137780739
153663
73975
1870135
1206406
2697338
1641691
412712
3011045
2946393
178093
88605
1279709
3256242
3161406
1352398
349053
62471
1083319
279165
131309
56201
3328411
3359719
133861
136430
1627497
2815568
536168
1924326
43761
54864
153142
150394
1539376
2815401
1118870
107358036
59056
55459
969397
193047
1206317
161638
131185
921589
1109202
139098
136383
1386967
130914
401444978
240036844
156561
1311341
456788
1420630
1747944
224362
114811
3010292
133943
150399
346134
45511
280564
1014053
2838555
3011045
280213
1014488
1028983
181703
1067757
59974
56906
1162552
900256
148071
141913
139278
1164621
139792
279211
1252276
156826
1014425
3255205
248770992
1014425
1945133
145780
55725
2733017
1076936
2436894
139259
104106
2162970
1959485
240393
92965
112143
130921
47540
169024
1354299
152304
151234
1225227
158079
111600
147108
1476188
1159663
3355699
1411101
345576
3293148
2103532
279438
2989282
150549
1761580
1107712
1105920
2675360
119567328
1107348
7388499
1079064
76072
53860
1206406
2932315
1208546
190862
21063362
2097692241
3319514
242397
1452202
1823287
307573
1547428
180029
4670178
40137
571129
165479
67991
190827
139792
2947170
531548
55945
43863
1236015
190221
173298
2452642
2032812
173016325
153473
2763541
897926
131828
149159
153339
189445
173016321
1029018
155924
3161406
136392
1227136
2032098
153619
1767434
4629949172
171973
192829
56145
104754
74112
2944314
173016321
2247491
45253
1206528
153018
240036844
371816372
1298370
136372
5379538
106396
208428926
190281
183750
153133
1640521
7445
60050
448653
280556
1176782
1111039
305640277
1107710
655969
1159666
1197893
287670
55660
192776
62518
153824
1286942
111074
2812042
195290
240102654
54535
2413662
1879617
2622204
55622
1776249
2918489
253824
182706
1346767
404197
1420611
494043969
152233
564957290
3331723
2691169
1027785
168023
2307315
162571
1773030
62717
279198
132601
149435
2196335
153494
280172
3009348
2985127
1455187
3020257
159010
120965
1163211
55480
180038
2029046
448660
3359689
2574214
68007
1151579
2369444
109953
536785
295807
54517
253256
1211875
145858
1363161
90277
62717
240102654
3009348
1019713
168989
167647
141971
162081
4629949163
3359727
190221
1151475
1698501
1370746
1777967
56028
3015119
85689
2066363
2873684
158716
2754517
107976
7374
153235
869609474
102740
144788
279143
1150942
3020790
163579
176173908
138389
53293
3248394
153683
157574
55077
2702400314
153621
2723341
1411878
128131
54881
127309
3407643
2316595
58686
1029029
154502
136259087
1161667
115250
151117
62644
280441
1291402
44125
122813
121497
3352883
1157670
111968
153153
532309
1395465
3163570
134107
27303322
1558556
1947385
4703402615
547469
1213768
1164667
253750
62484
90298
58950371
478385
1206568
406474
1142934
478818045
122820
7409
172678
2807559
404815
150508
4703444610
93281
3775063
2741717
35280
2952105
1261462
4629949161
1320707
1159666
1120602
2657331
3256268
2805848
1154468
1701436
77189
156104
1673887
1631531
88065
2907540
162115
148917169
153812
151694
153695
165789
3163284
2105378
1152726
179509
39169
404159
152994
3213790
1188395
371700504
261657499
153737
128126
188409113
1433708
58184
133890998
1159670
134065
2882617
153723
40784
128131
1249595
1942809
279349
149455
1473517
90813
1362157
2327259
253832
36458
1149379
7361997
152749
3097346
1154624
138877
1259176
279438
55163
58184
2442881
106220037
2146232
7419
153725
1084381
1668045
279240
184490
457027
122381
296584
54541
2956752
168589
2412826
88627
231974111
414315
227225
370134561
114355
171987
180442
1550564
532354
149296
139777
68013
2812075
114366
1960191
1240509
1029029
416216
1083111
900363
55726
2869330
2425993
3007853
70553657
2924862
160891
2452669
85944
3007324
58102
145900
3790801
1082290
3323454
3347849
535828
240047795
1299572
150579
104982
2442881
139089
145762
279358
191742
2067281
3333227
55389
1701435
74516
141135
36097
2674914
145754
20995224
170555
168008
1347238
386602
240062631
344685
130323
178202
55404
135628
167587
447167
146334
150417
1188473
969479
122805354
168198
444897
420676
2451539
2181458
278721
1231483
2032400
391196
301464
1206591
1225218
171979
3255672
2917166
439841
78597
2265849
1141526
153492
1547427
969289
83814
1411877
2067731
167647
3161299
324269
555358
1404228
2403848
7450
1163972
305640074
301482
74796
184466
3795000
279315
2401505
109879
3955288
3358587
172590
6667566
121939
3347731
2952127
150027
370137712
192833
151074
157754
172630
3009288
130981
406831
1942686
3158106
145624
964504
1900605
1084185
3333246
3006333
1835267
135875
970963
75630
2084803
135411
3159767
146334
21063632
155470
131303
2438229
1268561
135889
2799557
532309
525577
141971
132381
1160512
2316595
153592
182659
390265
1362320
131838
1141876
1965547
67213
157754
154613
104117
1283501
1066473
231974099
2951271
141008
2956077
1281095
112859
3010391
2953198
2438128
1106824
162221
1141666
145195
155908
2109291
3007575
2917365
1158568
166910
280572
168851
51800
184460
2964661
131343
148015
2351738
177923
1060552
146468
1600068
1077290
55719
85956
156106
216272
59759
1145269
190271
24535523
5400890
2944314
3358836
3246577
1742393
2893622
55390
172063
901588
153607
1694459
56256
132520
1224252
1152717
491153
536790
447325
184468
973320
146211
25871341
1144851
57925
57981
182514
1268502
1106290
280133
1748992
76467
23608715
54819
153594
1067808
531409608
3017296
7449
552198
6837723
145151
56085
56239
1154832
110293
1175389
401798
2067731
279179
62640
3010736
116869
408105
74001
7377
3020473
1141566
146210
2186600
3791413
28217744
1771718
62699
149370
279317
55073
168991
1067789
73979
311575798
74149
76072
56294
2425993
453066
812072
132856673
144626
1826563
535790
132367
195296
398877
150546
153663
58184
59418
136259088
575380
123264
166753
1074553
108858
1073990
8655
1679959
3310895
123354
150034
280442
241065
6838332
253750
921599
4629949163
165473
7117066
109752
47207
152310
138333
158160
56201
185534
454716
121686
132483
141971
55562
1116471
1231404
240393
2562137
123394
1898414
106255
1999252
154605
130981
349050
1801075
153745
53860
89723
7395
2141214
23021291
1109200
1175392
1121029
44802
2985127
184523
153490
3357086
62363
56025
145747
2180404
152604
3014836
413138
2964661
74012
126561
153292
1153513
4629949163
87565
279249
2862911
25869574
3010046
3246441
3161062
241087
153139
2672050
3648962
3009290
3246577
1550546
74022
1547432
2759370
43512
1669030
1824650
105162
2671234
149331
148071
531621
181703
3357030
73979
1550546
146661
21579127
1107354
1084089
1188389
152233
2146331
409120
47540
2009736
1462008
3012412
185579
2758781
134026
610738
963658
384005
1230203
1180853
2952928
2814103
2669965
198257
55476
2438993
1552657
2804541
55945
147074
2317346
62581
241076
162526
55586
1179645
1141565
413137
153658
58886
55186
2815623
1668045
2598542
120189
1448683
2020070
104106
2947577
56022
150548
50371
364654
62340
150397
139345
62594
1431094
3018199
153278
231975680
445970
423228
70553656
91906
1622687
552194
55077
550123
150414
2436894
74152
2120626
122806
1347588
153011
139316
2369444
166717
150378
1122577
2202162
3775035
897554
62340
214396
74568
162431
11978
147142
109102
721570
340746
80470
1392191
216272
410246
44364
152997
115274
153465
114375
176885144
531441
2247244
1872673
131841
1550554
494043969
454064
115063
374978
531595
153482
3298774
153704
1188476
2438992
153695
114690
869609474
2939672
420041
1260551
1345719
2369652
1017399
1529753
116875
442794
3352139
173722
180026
171987
1360887
2076861
1175391
144788
1240076
2950484
74126
54761
121978
2665733
109382
28215857
2955025
153713
192763
2196133
1628147
1152726
1188473
1684068
81816
60187
27308486
110009
172643
1390849
2369444
2815640
404816
900365
153626
2713484
17859918
3870502
57813
184417
1354475
964255
44613
1076369
375668473
3358738
1704198
1167367
2951676
48927573
185526
168185
3007481
172635
231974112
108082
3246447
1300499
2436521
56235
103786
919417
544063
147176
137944474
1083329
1227127
152995
150018
297758543
1904483
149368
2806471
1829065
3249857
1042900
1395119
53448
396248
1284789
535828
2947114
3009667371
3489649
897554
2563285702
1735485
168231
1772841
57810
2139813
121694
2412826
2099811
114365
85385
156103
2816901
229786
1392622
131254
3355418
159060
79096099
334927
3775058
55580
107091
280580
128184
405836
156590
406872
1550568
1230360
137735
26487666
1216406
280440
3358663
121777
7383
195272
1161683
192794
3333210
145223
349042
2918489
3249766
1937057
145612
43933
138389
2403848
380346
420215
3354254
158866
456971
43983
1239796
133147
162112
1824937
42499
152229
39169
2910925
3019916
128151
153702
3172807
149198
1284995
73980
975590
147988
167591
1682378
4703444609
180045
151684
102740
146143
1792386
1402912
81996
102899
287507
147977
2963947
90259
152304
56050
370476571
123320
2918485
279192
149996
536790
3016841
1243590
533706
3358920
168017
1019741
390188
90780
43083
533711
1200994
88115
59418
73972
171989
153743
2826006
57537
1465162
3353156
113541
134136
3012833
134125
145518
288762
2434438
145223
104177
153107
3349905
114354
354480754
91925
131037
109934
4072985
7424
240359
241076
1268492
90203
157576
3219160
107021
531603
7401
115239
1920087
3020472
1735475
1412715
420676
120580
2094521
3333137
2668850
160882
2438728
1225379
347950
733759
152405
2714120
3763647
139540
153729
396250
145739
55096
1270750
340746
1854763
3219160
56171
153707
152607
185526
112298
1246640
1067848
1823116
76932
88638
507415012
1156584
298204
214673
139131
152601
105278
280402
412072
1356925
83090
2665233
4165116689
2815640
969289
216274
168008
1047206
58888
56255
152759
129814
102870
1327628
28322
155987
3013630
1107423
168174
74811
173016321
56132
153979
2882148
231975491
90780
158288
240344
106467
56171
139278
2319206
1083102
44544
339549
279238
2411900
104647
120580
162081
280406
2952759
128122
1164840
107267
482067
552247
1405383
2563285702
76363
54839
153661
158955
141970
508103259
450381
156575
54881
166738
150385
79396
383444094
1682243
4703444623
1108110
536475
153722
93281
35998895
198770
1176782
5326784
3249322
3248394
188203
102505
280580
43020
2754881
3293120
1230129
192782
1390849
3218921
114378
3324666
55909
127167
48925381
3359871
153449
5404230
1079343
135798
55562
1792587
2689482
153092
1473947
415693
53439
1145825
152233
287518
114872
78621
1230272
445954
1107355
3327682
2815477
3359872
138328
1959473
162239
1420630
536788
3232992
387496
172216
27303358
303940
4703444611
910711
1325514
1674119
2563285717
411195
1435626
156673
160882
120288
148015
1826208
172196
89396
2147227
114354
2247277
59953
2950867
550362
108082
1729920
1768185
3256761
1835596
90205
1154780
169759
552249
2842258
536173
1016588
3241725
275926
1156583
1016572
1083111
2842258
1209817
123327
3325757
40857
419548
172174
74002
192782
1230211
1202656
3154340
53453
307584
55234
964950
508103282
1392201
115165
55864
153429
1947201
1161681
180758
74165
62471
44219
1348560
3864712
1669096
3355418
167653
3017808
114884
3020467
55938
1107710
131862
2917956
223607
2389061853
280477
1965265
91914
2947032
409863
1217159
365331
2944314
68009
73984
3358712
73975
1620629
1180676
7444
138014
2675127
1637048
124328387
1552664
104647
2954731
4189298057
531409608
1783980
153714
1162680
191740
3559887
153695
150499
357981
2460472
1405479
1150943
2074733
1446311
3015119
122383
43172
280437
2117791
2954252
1800742
1079412
153602
139610
550358
1380948
3012442
122379
2954354
280477
1016588
27308495
2989282
2718490
138739
62685
4430941
5815683
145970
1279682
533706
3992237
1362003
2917305
1334436
3349380
503080952
1107350
36097
280209
65606
552198
532000
44597
375216670
147108
53397
137541
153445
1673977
1771854
2032116
1213659
57992
279250
151104
280605
93006
2567380
123322
139835
136226
261657499
90793
3011656
1805044
168019
164051
172196
102874
44804
280540
1987154
398893
1224252
168170
1124039
153269
154350
252728
269659
1672402
1059785
307763
58114
1217159
1187383
2862881
904542
121360
280390
411573
172580
33003571
3015002
105086
1402709
4703444287
3359695
11950
141972
123533
117996387
1209616
7381
3018438
136381
88613
156563
158459
136147
2304454
110019
53662
167793
104962
94446
1066471
276958564
57856
1162548
1206478
3202959
144408
2917255
1159673
391201
410183
1106257
156977
153812
4703444623
26161367
419698
3010745
1066644
2412826
1281095
108849
448668
56016
1175376
119089561
167591
1230146
62578
8651
176885144
897984
2805690
2247382
153619
295480
2918485
550089
50046
4703444616
169759
2032127
146444
193047
190161
1311713179
3018489
153050
62559
278746
1284382
145166
3241725
1076949
79374
2692262
27020
1059649
241084
1672622
532009
149027
240060919
53845
3020527
1107423
74011
114372
280555
1014436
1345963
55146
7155943
2186600
88621
216373
2946612
3327639
1398615
152308
114661
123758
1028987
1180852
532414
134106
2692262
2185077
311575798
411190
1152558
1380268
1167815
20975578
3309578
451042
55124
224459
153492
1319715
111147
456981
1629622
913069
1786760799
131299
3359614
53662
3256269
56241
357981
2171446
73964
7415
2171446
131001
56049
2027869
130978
3359614
1641691
2670303
2531532
1284995
74516
46902829
139259
142033
2954140
192829
158419
149455
55059
413194
131600
44818
139502
163590
2379919
68841
3020144
1309655
120129
3006300
1282528
279234
1758858
172578
1402747
1668045
2882617
1206421
154443
147008
168231
1529823
2953347
2950581
2545593
2434439
402221
3348644
3352914
571747
280130
172189
1503354
1077290
142105
3161299
1814965
2379909
1078979
279279
2839668
3777290
88626
150019
3325806
1289193
7361997
1307672
168240
178759
946158
2202121
1167811
1209609
157319
1016146
280272
2723341
1083329
412712
2076861
375589
1084185
2953192
1903477
2132438
550123
113314
1420630
2121672
172630
74157
1159665
4703444617
2773267
71525
128143
1216467
1640530
3318889
1179583
411466
74559
456981
3355312
1674666
411203
964504
8645
197564
1156145
1225218
1552186
168173
279178
139778
1263319
7034910
2181664
1361666
56240
102478
3330279
418039
153418
2917368
132373
123354
42819
1169130
8651
280490
2980961
550622
3256269
122899549
131360
10187
2094193
337422
1479980
3016841
135808
1251275
2671262
2714612
73999
169019
153701
1152558
1127162
1069716
148550
73962
40969647
1203046
2702400314
1116270
1433690
1547300
56159
1611887
550363
3007049
3357031
4629949174
2884103
153838
142714
23074721
157530
2952864
105086
2757697
557822
1107350
2598107
184532
1230206
161957
3020527
55260
550090
3256329
145760
134188
1229109
135560
126829
2950603
1230278
1235971
158955
1401223
76211
179480
112298
1768185
4629911080
130931
3007509
80071
349011
129814
55834
1229109
3009722
1685488
1232835
1413409
2567380
2804536
1151563
109876
7388
2615716
76680
87837
43826
1144743
3327623
569407
2950867
1230120
2073952
3010292
144785
2426688117
169024
3007532
93029
3255202
143114
94436
3006899
167587
145095
42278
3237192
45253
2812216
113532
102269
280262
2989159
158862
144631
2429244
54913
146472
3228947
3216333
901985
2110382406
138333
148043
79397
1255333
478381
1340513
3219170
552197
2638181
103625
336819
2019939
1940362
162138
7373058
2316593
161349
104336
1145294
45024
62403
206546
21063362
114372
1940319
3006074
195269
131327
7402
325866
1078995
1474898
156675
166909
277023297
3513471345
3248249
168180
1942624
106707
551830
759198
145740
1734306
88832
332321
303940
129551
1243590
7441
1204665
1342041
141913
2917393
223181435
131593
3347849
23443256
231974114
150569
89715
4703444287
185336
153723
25293125
144860
44299
1076946
2443356
192778
939906
1934100
43392
1972004
149990
1422335
169085747
965761
532310
2939673
130323
108850
75457
1698501
3087994
153149
139257
536473
145823
155370
1582777
74152
1613214
59874
280249
1904483
1121075
145729
307829
145759
121978
1800297
287517
1107354
127864
3008857
969359
1075038
1250113
2888417
3223995
812319
1332064
37774
167797
180038
139298
3247680
142182
3218921
508103245
2425993
94446
55571
1076124
1529823
2349984
74568
231974099
195289
231974104
1368798
3247767
157853
375151
120714
166563
3018199
58028
197353
2316594
2668850
55818
370329200
77601
156171
532300
165075
3006405
543082
1666494
1175376
1230129
105272
964480
2556598
131889384
113541
172630
1404343
75456
74829
42722
2915759
965620
417365
969552
1842185
166905
131802
1107423
7444
184468
305639344
2691153
144788
26482940
152303
342110021
129418
2547697
141262
1122577
104307611
3156192
1405131
3013059
73970
240354
123353
154613
56290
2502058
1176744
1392196
1751833
135793
2049400
1831146
531480
1547300
1029026
1714886
1842186
72020
184985
1405241
2952540
2414648
55392
105280
56009
2603248
1433721
1016588
172175
1920473
401820
3328405
8087537
1227315
25341887
153105
536177
54825
1152558
44204
56311
391187
1835267
4703444606
1216537
225549
35735
120308
45253
2799538
1210978
844710
1206408
3253888
107267
1162541
51684
240379
74045
88606
1401303
104647
172593
280588
445970
1223664
149198
2764712
1823287
74042
55667
971033
2088773
128122
129551
1076946
7422
74012
921589
1815270
134095
7328360
161128
190221
280528
288592
74121
1970744
3715845
1772841
106797
331463
153594
577359740
408121597
3349077
88616
1972004
3006243
2992480
1161682
152599
145754
143113
224363
2964661
1674536
2379886
114339
2950867
114854
119008
161033
1455187
279358
122418
1648932137
156257
2436914
56315
58201
2596555
134115
150337
139528
1677007
109754
192801
78763
1410142
3225945
150499
2431742
2369444
1392121
135409
131610
146344
74132
153490
2714130
2723923694
280213
3289689
1160512
1203009
53397
3019916
2757754
309478
6803636
184843
3251562
1949080
2950481
1227118
79196
550622
2552450
536118
3879783
141625
79186
7442
173370
1206590
1958982
8649
3258107
1150955
1143146
145759
1066563
2743135
1669029
2562137
1392183
1107398
3775035
58437
114343
3240203
62578
398877
2146331
1013802
1351952
131803
2918493
1107712
1457019
184633
3219160
571037
153603
1066689
2342818
152241
2772008
153614
1342039
1240194
4016543
3011922
58033
1152129
74000
153569
3325757
54881
151710
2918424
3333247
280516
192787
136333949
153717
542634
536468
35738
2671262
3775063
2473088
3333238
153049
1014440
1197894
198271
146125
148229
2013124
1547434
144626
157853
141112
1016585
1161680
272368
145780
171980
2027869
147301
2141759
29989621
56244
4181494719
2954777
152411
171980
7388
139283
168989
531529
102478
391184
1216397
3347910
122907
155036
16174445
1354393
8645
2545279
383059
109876
1255561
261657499
2679957
2066785
1815270
157853
2351723
1111055
1240509
58446
1301935
149727
1289193
76909
4097659
550088
2032165
70070
114350
1159526
4567438900
272644
1405241
839039
512552945
2267562
7117066
550091
516775939
167587
1164670
3359848
156261
418082
532306
1920087
1777256
141112
306004
280516
157530
56093
153121
153479
184425
131168
3020761
55657
135860
172200
7392
3296957
177922
1281207
1790696
167720
104725
1800742
2181664
173298
108843
1085441
148858
156171
28322
1421330
288722
139779
7117066
16307510
168203
1206478
1965265
145413
2713482
1206408
132349
76383
62652
106507
50046
2951716
162798
2125492
2084776
2952493
142857
969552
1059689
342935
153367
62428
3359656
1664272
3350111
1772952
131648
134129607
279206
1084365
1889154
1552657
1229109
27308486
1027785
453031
543227
2141759
122942464
158862
2245475
11978
151110
3018198
7034910
142096
153497
4097659
55864
139282
428039507
151120
1346218
146455
2952105
552198
280627
1230210
172710
54537
1004432
1552665
150041
55858
88580
151079
90804
146332
1243759
296014
55584
120451965
4430941
1362003
2162098
2084698
307829
3323227
2918496
56312
133345
161646
453814
149432
21904579
226903
138389
1161664
131838
1922627
148603
3018691
168017
179053882
2361304
1210977
2022095
122586
90745
2672050
1079416
231974112
151689
139502
153221
2772031
3231415
531595
168647
2043639
2815754
142703
1877989
349034
1664272
1076964
1206488
142095
57992
418225
5812082
139793
1433701
405156
84271
153486
145728
74496
73976
410820
1162527
114762
1248154
2862937
2026303
2505979
1059914
2732849
1236093
167704
119581351
969262
71033
1550590
556073
2434439
62400
150579
145819
2202428
2596658
133147
135875
3232992
131840
136712
240090160
2547697
2950699
1446283
1159758
280129
1539379
1120891
136488
192794
55946
44807
107267
116875
280519
145941
1060123
958128
73984
1167513
2146095
224461
2947170
280555
3097346
1675657
3018626
2907649
3019969
178380
214673
139113
1277479
3005971
2739991
3010626
180039
1958982
3307828
134136
2438130
132347
2196165
1014042
171968
3210999
1358731
1448546
3713815561
126439
119089549
178747
11957
107037
55576
1877989
104725
32894598
172171
62341
1029026
69141
148863
74037
3298774
3348882
55164
27431648
55681
56356
195298
2815585
153499
85534
76469
3159805
3909995
1074553
1019690
280526
1067848
45016
199088
158951
129567706
552255
231974107
1107398
153649
120197
88826
102786
34914
73965
55171
1164653
147559
1539722
1152132
556075
53859
108083
532353
286394
2032445
184225
58027
422728
90808
279194
134141448
3327639
1631507
2669920
136379
153497
2317346
53439
113314
1345803
412864
156383
3317806
49898
114372
55890
2178622
961595
153697
61423
139276
1120713
531388
54189
168235
123320
183746
191210
229786
147108
72020
1074553
197564
1159526
1418633
3316629
552249
119593162
415482
54533
3359689
193047
1964157
2651806
442739
3020471
1942624
1354392
146612
839039
1107722
543228
8651
1628147
152607
1362164
55079
3358794
1230151
1197765
140253
1771742
1194104
165475
3778610
354481601
214626
139257
1014017
1076936
193260
2954731
1340125
192835
134161
2787498
1084353
1084164
2951676
3006243
1004432
148018
532354
2689536
153018
27852583
151120
2804778
508103287
1231488
156257
957268
2915674
4098808
2440453
115074
165794
156977
114944
120706
550728
280611
1108014
357112
153661
1085441
58213
166739
153685
74845
158862
1119076
1777268
121939
173372
1251254
55726
55948
149345
145728
3354596
10187
1188419
122942464
91906
1671443
147875
3715845
198422
3064410
2094521
1453925
2533746
155446
1076953
74052
1083146
1410703
1387888
3017814
2712154
1392622
531609
454860
185401
31585309
130981
202905254
168992
535774
153465
1067771
1210057
93029
3357712
341381
145728
1629145
1274015
3293501
399747
77159
1217159
1105920
144851
280523
231974111
153702
167652
3350111
175342
1210978
1159937
106809
1671133
1851649
1538253
7439
3010028
3256242
1363697
380346
1346767
152354
970000
3285636
16307924
153756
3358920
79186
153722
228340
2439316
2989219
152309
1362003
2163933
1255555
55712
3321893
163578
122813
2646485
1278736
1156067
1142929
1348650
149182
90287
2674904
134090
974189
1434381
3019504
152966
362362
2745046
3246447
7408
288592
2892455
3359694
104747
40857
392340
2610683
279225
171968
173299
136430
280412
1627497
98279662
55233
2953118
57818
184840
115185
398947
1270488
1231312
2529822
93281
2416264
104333
152601
178759
3654543
969676
3158071
42527
280195
421866
1775054
120197
373841
1180856
241084
1067835
57397
2989340
7455
298442
146314
121978
1231483
240090160
3017768
27309369
149027
1080399
58888
88799
1152722
7523933
74313
1240082
55175
195271
139636
106951
68942
2868289
143145
420107
3310948
120451965
2811800
901985
1107711
1083107
1188393
106388
1284789
1658233
3328413
1004349
3008257
126518
2097683
163579
2906044
30295
69730
356912
92970
2910925
74313
2690163
5812078
146346
411560
56311
3513471344
54786
2962339
103234
156261
62449
150337
295480
3253888
512552945
53394
145722
3350102
139566
153578
532759
102786
2665643
237691317
76464
1959473
1014440
1842150
2399220
55822
116869
7379
179509
3350401
1016572
1530586
162109
62745
1120591
1606296
153422
133861
2032132
153495
3256164
149596
191713
91734
23021291
3163570
55428
2917365
131195
133904
279192
14808039
192835
7419
542632
153686
149248
903831
2964661
2436520
107015
130884
442797
151697
156826
531524
137944474
4629949170
3310948
177921
533817
143490
1150955
168650
1156067
404940
58655
3305871
1152135
3775058
4629911078
415692
1628164
1141620
288756
55721
542788
106759
1145294
1116270
2739991
3156104
1160506
142004
43512
74140
51684
1106275
160885
74317
7396
1019741
115218
144645
138332
1340037
1413403
162431
2932285
1164840
144844
1236000
7443
173722
3015851
192835
146472
3018139
2812109
54194
113465
418082
120704
1059685
2178684
116874
453066
161008
62658
2862911
1066853
4703402619
2917955
550356
141969
2946664
252645
3020526
1745243
488260
106396
64484
153107
135799
56155
131303
56125
149340
4145201092
53391
2954141
332924
1198634
1167811
1904483
43981
554460
3156104
2904809
3047134
532312
4670891
1107740
153663
109876
197563
1283657
428039507
1076897
1141665
438344
120296
241075
3329208
6474878
3289689
2168233
183750
134028
130949
46902829
56304
1361450
280333
401187
102269
3320583
2918415
7403
158951
2690289
53428
1120703
1342039
1142934
117571
2094521
3328405
7421
1170074
279438
172063
1363161
157394
280441
122806
139330
47534
178751
280325
153223
2755499
107023
3013621
1538253
1121033
1144849
104186
2667807
180042
122405
1616886
3161406
3058686
1151474
2163933
1405241
164761439
2917889
89253
120308
53405
130919
166768
2084789
1359295
1940408
1359797
2953977
106521
361771
145813
136712
2438230
120850
153472
1761742
307828
111018
414315
26161367
4703444613
390867
55580
120296
75618
2915709
74811
270056
2917360
2690216
139128
1957077
271110
78621
4703444611
296014
56145
32662994
2703209
365331
1999114
298442
162014
3219170
59043
44299
131000
162431
75454
153497
1153513
3161111
446100
150568
339549
153016
1356925
3321262
404810
1067782
116875
55461
74112
2690410
3006199
913067
139672
438344
62734
1156112
62646
2917955
89394
197697
1121023
1155789
131335
2959804
112729
134034
171979
1244825
168251
1143135
913110
961522
231974111
2952105
150488
56204
114148
1230203
136259086
6837723
1319816
171960
2006941
151081
30295
62418
157284
55719
153724
1673977
1206482
2689487
1800742
155957
43747
1083010
163565
1204451
1261462
418225
420215
532000
141973
2955293
154438
72380
122784
2804461
173372
3163284
296095
197385
2417529
36966063
280340
1547428
1867188
3009868
2690188
1206570
2892455
142271
3359689
287519
3757780
123533
1154548
1814965
2832490
447584
401187
3030976
206548
149346
1206588
542635
55075
156732
2342818
173016325
153677
3243197
1197894
76373657
56299
106665
304934
142276
149432
1206482
1079221
1552662
109657
3792634
147875
456997
349052
106793
3010987
2994939
186978
304934
2755965
160896
74007
135782
2946393
167718
969449
4072985
280490
3240056
120965
136446
1547427
106716
2369444
7373058
1016033
552251
7392
152426
106959
146300
286363
108393822
45144
812319
131175
165131
55872
2434438
280588
1231488
173373
1083103
2951593
58888
1965556
223621
1111036
151649
280384
147008
1180853
1028988
1376831
132367
278477461
131802
149025
152619
154888
171973
74516
2966074
1198634
2108121
1418659
122418
180047
1806492
1851826
139345
56085
44144
2621967
1767164377
416648
1076964
903831
3256761
271202
224246
1363069
76469
167653
1745232
1459350
150374
1420630
1383413
139247
3087983
2956062
1853865
3009667371
11235057
161638
1550548
153483
185301
139830
1550595
155368
120706
295355
1361816
1141682
2725551
122381
55575
145507
1226307
1185209
133912
173297
1154548
3359689
4819631
969676
153466
2672323
399976
144844
61911
7388
224458
271973
74313
109657
542638
167653
4703444600
413134
5404230
184420
1156071
149278
104708
62598
1197765
74818
342316
226968
7415
1682243
1244004
1085326
154030
1553098
2804803
2829595
2743139
1547296
160906
1293250
192829
56235
131283
149803
374900
148342
3357086
1208545
3249766
1879617
240071610
1375910
7455
946157
1103577
43964
1230276
1107267
60244
3012849
56029
5176019
148016
1014009
145734
1162541
172205
55591
287670
1016564
2273935
3301465
2605259
104238
156675
3018438
1175569
142004
1176780
4703402615
176021667
136454448
139499
98279662
193260
1208546
1748490
153486
135450
156737
59877
3010745
1156584
305640306
5610766
153699
106951
158869
1422335
1792387
1325514
1380223
86754
279165
53461
2436521
2907649
214394
1240083
2563285696
114811
2351729
1176746
153107
3140016266
184818
131327
109294
1019690
133863
1067789
964480
2755965
6825777
407285
1255333
1831008
3158103
153715
153429
398877
1479989
107023
44164
231974101
543229
123265
1206838
1362067
73948
44555
149341
3317806
62374
120565105
1230115
1309641
3513471345
56016
558158
231975680
145999
2351737
3009194
172684
88613
57959
1152139
2259407
185490
384005
3012850
1504057971
839039
1550620
1107270
391153
2952303
1339820
1216636
311575798
3020166
76469
3318889
42819
197564
1103581
532312
1964167
5815685
1206399
157681
8636
147064
2563285683
1801075
3986076
224374
56290
107040
1179322
104759
56099
2108121
307829
1320226
2145735
1066732
2776280
117571
124464
167669
2097683
141262
197563
2340636
131309
112143
3323490
406166
1197894
1076953
2006557
73982
58072
76932
153449
145166
92970
1082292
170051
7381
531383
190826
7462
74157
1076946
55884
3016973
7406
2981211
3359615
1830231415
55289
113541
279198
114359
140078
1141529
23074725
542786
1674536
184482
170555
3713815561
224368
280271
134029
2076861
3955977
169860
2259448
114955
1216467
2533822
146215
536468
1632167
153458
280622
1251275
3317381
162081
1107396
2265849
55147
106481
1239796
146336
897992
155366
324899691
54777
349045
121978
3163570
3004178
153715
133927
1154469
122704
7413
1987507
456972
4443571
1069682
47381
342316
153116
2445563
158883
3019518
280372
88115
1948788074
2187211
226728
89396
3358794
172645
240369
1154832
132463
1392609
1820891
74586
3358613
2452272
1201020
123302
62372
160896
192734
131335
1962188
36473
1251403
2297418
40545
3019964
43850
1078990
1965259
1017362
157320
1342039
145729
91925
186978
2144520
2966074
1206427
161650
62273
11958
115129
398947
1390849
280254
104639
44144
153314
454714
117651
134129606
130948
1175392
1161684
405836
163578
88084
1161611
109655
1204430
2958755
180026
184467
76909
318807
2094194
3359675
2689687
1223673
1999686
2952086
1478019
1084353
7465
3795635
1281234
3309232
58686
1340125
53351
1959445
76383
445954
92277
1131673
271202
1421330
115997
3256269
166733
3012850
167720
1965551
2074756
456781
149803
550625
1362086
1107745
179240
539651838
168227
3218318
57959
7429
536206
62578
147267
106467
134036
102740
74314
2674666
88823
1206590
56319
156981
2673506
1851826
901571
1959473
3019916
151097
1348698
1059668
137518
109976
3333251
154307
73953
104335
1149250
2539350
152750
55091
114955
2665233
142105
1942601
216274
2690138
1467738
104106
390188
3011045
471417175
969564
1342361
4189345
62410
6837723
134134
158866
3019589
3992237
1084151
2145735
153688
1014488
54624
1360887
134090
269952
1227136
91734
3360429
279244
90243
6956667
910544
73999
1357420
1166328
2952588
4703444590
3240420
62428
145268
1078988
240074718
32662994
1163209
3006416
73283
2805108
279250
1066796
3158120
1721119270
1147213
2673383
163578
1025105
156972
74151
1187382
23074720
280512
145820
2812042
120321
550363
150381
240344
1188476
59149739
48925383
2917360
1225197
552263
1167368
57993
180022
1078770
2049400
957327
59949
153501
3158106
3013328
536465
115032
2804765
3011848
2689487
162571
1029020
3241725
147099
134136
143113
2989282
199073
139283
153004
919417
2425993
364656
2273935
161349
2692246
111528
288758
150505
167798
4348295445
2947221
2026303
2436914
2342818
357981
121876
188022
2632573
3019848
136389
2946393
108870
2812042
356911
2917152
410183
134141448
61549
172189
138864
1083010
1653224818
152292
166786
1187159
240058050
117542
2316598
1164669
422689
114367
1829065
117869
150546
286383
1152724
54825
3720376
1877750
55951
131195
62499
196311
120236
531480
304938
55152
138328
196240
1106183
1157709
225502
161650
153976
146300
1745243
180749
2723341
44933
62403
1630145
163612
550728
3006205
139371
153619
3374767
306001
2952178
2713205
1194102
1615610
2953367
1298371
54908
56255
1167802
150532
337422
117884
224362
550624
34914
165794
149689
3020473
1669042
56045
74790
47540
156568
2547697
1240078
3087985
1942168
55657
158161
1962188
136454429
531533
170559
3256269
161638
153824
160885
1947201
6566419
901985
56013
89258
79196
1067604
3359872
1354393
536222
192306
168010
4703444600
406169
68006
4165116689
1083334
1185221
1415883
4670891
53397
3020879
89248
184507
913073
2917911
7425
1277479
3258028
1877808
226966
1782722
137735
1175406
913374
897638
153086
2992480
7453
1149575
2904809
279250
185497
179052
1067583
79337
149339
279249
111716
1076953
1152554
76373
296961
910521
1279074
1550559
373748931
2690438
280384
186382
27768
423229
185681
2812075
3331723
324739
168236
362413
41395652
54784
309478
2436521
1792373
172192
2952493
153496
550725
44143
132428
142033
1187267
2805691
965620
115074
279441
2923822
1879617
3513471345
550357
54517
1225483
3309578
56014
162018
160885
117869
287516
854798
148071
159868003
1380951
287667
1283450
3316327
536170
7433
3018213
185266
1392624
76383
1106282
224370
1206408
2952928
280273
2674798
3333112
1078993
74790
55657
1358731
130250
3354557
111607
7417
156555
184490
206546
2862867
136222
62471
160837
2451374
349044
3020440
161644
58140
305639493
55844
166896
4663238347
198376
168606
168240
153221
129418
188022
135879
420220
8648
911844
153499
415675
2978650
2460577
2403848
241084
4097196
1924257
3992237
1156112
912940
1145173
1395104
148043
154307
122907
1230278
192824
1079061
6838718
130978
2440455
1433690
161652
146498570
946158
531491
189450
3489649
2465173
1169130
111716
120846
172601
2723260
1820891
123561
153602
2442883
3331501
153687
2438993
1176503
130250
1772214
1339892
1457128
214599
1268584
2846508
130884
185490
3333143
1964164
571805
357112
1378690
123278
536471
122821
145812
173372
126423
1265638
4545343340
1429268
1069729
288603
120842
109921
172065
378685
241065
104975
2741711
139499
54531
146629
191251613
2950736
131841
85944
148252
168584
1392196
184532
2754881
1853865
106879697
241084
158871
1160702
2952559
406106
153126
1017399
74812
108870
121855
280341
145760
1161611
2562137
145817
56141
1940362
1251168
2691153
910714
3258056
1163974
280608
164761439
280624
1814337
2442883
2349984
2992521
123506
1066562
127167
280516
88146
55208
21262495
1152728
3156216
145743
2689691
190380
3012360
139641
3227127
2506300
169831
131189
2084658
564957290
280195
2090949
231974108
1402747
571804
3879783
48311065
2171961
1456792
1107263
1410207
168851
62410
1735475
131401
1376760
62685
1347672
107985
155470
2892477
2563285714
550369
114942
4703444615
1552190
70279
1152726
1067808
1368798
438344
1747944
138304
1119076
186981
279192
2317350
1230360
2952240
2745046
1806492
120842
332321
3287346
5812110
3301368
2317362
152599
1163207
145831
62430
145729
2361304
2907649
62607
2893622
80470
51296461
168620
168197
966958
3019590
91278
111767
569407
158412
2632573
532306
971040
536465
1999099
1398638
1167368
1824937
157815
391194
120516
1676328
913110
3023079
3372453
337422
160891
153314
54191
550087
2415688
177415
1232837
550622
146334
2673506
1553189
127298
55869
3314276
1362076
531386
3012404
1180856
2531532
172643
304751
114345
2713724
542788
447862
279358
4703444616
152239
145275
153418
153627
153422
87565
157630
193260
1771718
2425989
1823294
69141
155446
1682891
62780
1164667
130981
965628
1014470
131038
2196336
137776727
969651
2668999
371700505
246673103
109934
1440627
2752783
1550561
1188473
1904483
1160504
154941
173372
2672434
138899
2830233
1354475
3958665
2122060
552196
145760
2947958
1741406
1284879
3006199
372678217
1106282
2207892
3154415
1353532
1231406
153139
138400
7459
1376609
1748490
157306
3018956
55565
969479
145989
971074
3255095
1283657
43512
73966
1790696
59470
3323227
74495
371700505
398932
1152722
2399780
4085749
2952303
128126
1230279
3018139
153048
3359634
132378
59563
182954
1224252
136454444
62532
1229109
343535
1251254
1158716
1107710
134161
58206
43806
1628355
1751079
2805690
248770992
166733
54732
1923929
2712154
110293
131328
152298
3589982
51684
179548
135411
2718801
152308
120752
3255205
162030
6845078
88625
2084823
151931
610738
126423
2804541
325866
144851
3594027
180043
2812110
37332618
106704
3018649
392340
1786760799
2918493
3347719
280533
74175
1360062
51854
4629911080
176021667
3330421
131597
1658233
1392624
1361505
869555482
270265
3347845
45159
1940362
542792
345740
1877808
1082292
115401
2953995
184225
251075
1403897
61423
56018
1156145
1083103
2247331
3358867
188218
2307235
2798353
56365
973320
172635
190271
2078291
153627
56294
191605
55171
6803636
153717
1529813
1959472
3012849
1120703
2027973
74820
150027
1279409
151108
1359190
1452090
1206482
179546
119593162
68013
2752783
121876
202816646
2415761
2953046
175031
149182
147301
131182
3348382
3320583
3358355
1764574
156261
123897
142098
58583
280550
56240
185820
1151588
1947852
2200642
2953118
88146
186976
1342811
2317329
288755
175035453
2946418
144789
151148
130072483
144782
330473812
73986
397230310
6064379
1830913
423889907
1933745
109655
3356110
1243070
180758
3356956
2946473
145941
105086
54711
166786
158987
65335
1751717
104117
240056905
405156
1269513
339549
270056
192756
195298
1209817
136325812
547594701
4629949169
90773
2066368
1473475
58168
2427331
1792587
550621
2460505
37307
551833
198265
168927
74818
3005972
122419
185690
134034
2651806
1320176
1223832
1476134
1959485
1347476
542631
55291
2673321
1792372
109934
135453
416062
90804
1014065
138675
1592502
5815683
897495
150399
2109291
2758781
269921
74805
1964164
542789
62493
1672417
153107
2029046
1106175
1403080
1127158
246673103
172627
134090
1828593
903831
1388016
88081
132470
1362067
122586
3353156
1751445
1269374
2805169
2195076
1758858
2456294
3020471
3074390
2415761
153009
105270
156677
134122
1069690
280633
3020166
170559
812319
3324640
2668824
1117583
1674119
240071610
138741
2443357
3357709
58027
552257
898338
269926
2185366
152767
43709
44290
407285
2403848
55945
276939493
122907
3020761
4703444589
154881
1673426
1923997
550360
73962
1759477
1764574
106499
7424
3775052
396250
2147227
2811698
153121
1339892
168209
132348
43172
1230211
2955196
2907540
3351336
3778630
104908
139264
1227137
137780740
1640529
4097659
1345825
2804778
1016200
1311713179
1127162
1209616
60759
420224
74048
40857
7463
171967
135765
3671049
6679920
2425993
149428
144645
3163570
184432
162014
149300
62449
2429523
216217
412672
37336039
1772909
2972955
3012824
3020742
153127
1735475
406204
62369
2259407
2917911
1226307
1122577
550119
3087156
162219
102271
114843
297640
126281
447983
4447293
285864
145900
7400
1410207
2917186
46663
138389
1452090
44780
531495
969477
3355312
3348412
130975
298227
1029019
2316741
1279411
135830
1539755
2955025
1622687
172162
156283
113395
565666208
1161667
1176756
9070
2563285714
139298
1891495
1067808
1823294
401187
79648
123561
158311
30295
191528
3009223
135453
74023
2682940
346397
2307208
1901725
869508901
375773
1947869
80379
184460
43652
180904
7467
113134
131172
62691
2988827
165479
74143
1283510
6838330
3013630
1216769
78828
185524
1268502
280272
286780
6956667
901577
156274
74313
55576
1334017
971003
2105378
79480
1962188
1154756
85606
166753
39230
324899691
91916
1016603
3256329
150008
153795
2280261249
57993
122828
2952443
439841
2951128
1211180500
46902829
139345
186981
73941
139676
58039
1079085
155449
44974
3358938
157635
2013124
418042
533711
3298729
73999
1147213
1190905
163566
152306
1107740
131822
1227148
6803636
6838332
1735485
1960191
7396
1904483
2741708
1071098
1227111
102875
4703444601
1729920
2399780
149987
901989
74011
1180856
2671205
279165
110008
7443
160891
137518
156225
1161667
411577626
73981
1079343
39727
1076953
410430
131335
180030
390184
543181
119089561
2351723
6837561
939961
1175569
335495
3319514
56045
141625
2805108
1158564
2145735
185820
3255095
7417
3008713
913110
903230
1014009
107013
78619
167691
114172
2955236
1378841
1179696
165471
72196
56422
1167803
1413409
52343
3015002
349048
62534
1084361
112653
1771733
217419729
1778010
1158564
131842
2438130
130979
2673801
1476188
5875927
2566603
2162098
198918
2952127
147067
90259
1771742
1198661
3018438
2954021
152295
139375
169023
2032127
113624
120236
1479603
1231460
402695
2657332
44204
136259086
120536
131616
369518
2819250
94446
1270488
400410
449220
3691783
74392
401160
197565
1149378
2954439
1804307
74174
286389
1259562
1270488
969247
44768
1283510
2171253
550363
157530
390867
112857
1606296
56246
136219
150389
1329869
435514
1014488
2953076
171960
1066455
196240
56164
3358712
156177
901578
231974097
62771
152599
445970
396250
152630
121497
397221
2850346
279249
2952574
332321
134161
1433699
129955
1351952
106951
2097692241
43336
1973756
152234
7463
74175
162571
161993
324211
90290
2438728
1111055
1457074
547469
144661
1029554
136379
59759
157630
123353
3247831
2521916
160885
53402
44279
138328
2307313
2723342
2954509
53405
180021
2772008
139237
138417
9407
74718
167699
2200642
3322815
3018489
141625
2451375
1422314245
224366
161957
3323098
844710
172058
3009296
148016
1869355
1029018
552256
139779
1547390
170100
1084185
157576
253824
43806
62629
1392177
1066653
543309
7401
54725
961522
153979
288589
404816
1842184
364087
1334216
3234489
192799
457025
58446
2816505
168631
55948
4097196
2317329
141913
1552190
2067731
3327621
413153
160892
71033
3355695
85689
2247211
475555429
349048
1118870
74171
153086
957327
133904
1225483
2026244
3234489
109878
2892455
965755
6426101
240072888
62590
1240307
55315
2316741
74166
1999099
149602
1151557
2460551
152468
1200994
56315
109655
119089549
46902829
74314
106220037
2103120
911844
145729
224370
1777268
3008257
151136
55185
153687
130971
280404
136372
150376
192785
416656
136219
2628521
554460
58201
138088
74001
1084381
1782064
104748
3007324
56033
2032400
287931
132422
74123
1216390
62340
44415
4703444591
3331052
1204639
53397
31585309
145507
190221
531461
65606
2985127
153812
146342
146345
43850
2521916
131304
1230279
2073952
62870
1672416
138885
132342
969576
102874
1648932137
536209
121511793
1230278
135808
1246640
1187157
1176967
108661
1066644
3323266
153092
3152851
109166
132493
62495
2307251
105389
1106179
2415761
454721
112443
146139
4348290729
945587
1060330
102899
965634
55564
347796
135860
396248
279178
131000
153429
2714612
83198578
4703444619
1083099
2415688
146455
54545
1734306
1284995
2799215
141194
172070
2144405
1227127
152620
27309369
2690110
420762
319872
454722
43652
153009
2997071
3763647
62532
192774
74570
73981
73967
1632167
119231
2953089
168982
1145288
184477
410183
123394
102478
55059
158987
1629622
6064379
270098
1204665
62748
280556
139508
2689482
114027
2939673
214599
1362320
1279411
2952951
55565
418039
4703444600
1141874
1155794
154502
1382494
249196828
902349
192775
2431742
406091
3359869
122862
1965226
2317350
241087
51800
114354
1851826
16307510
958677
1103577
280533
195269
3009194
3240420
4447293
1395465
76373
156383
7458
2247303
3323098
4165116689
3355442
2456294
2918485
149441
3161033
1550593
1413934
62522
2998589
226710
1014053
1107288
121840
121511793
153602
55944
367666
153663
27768
75628
406204
280333
1162680
3354399
3349910
1059914
2132505
8645
2389061853
89396
43981
3353620
169024
1411101
1734306
185404
91914
2917305
57810
2805152
107028
122815
50312
552195
111600
280344
184506
1231460
152753
2989159
1083100
117651
1152555
43921
303940
3321262
150337
3317806
2605259
58648
139113
1777256
139247
55884
3013059
2164745
1539774
153667
349043
305640005
23074929
55083
142702
138882
1043582
146472
148047
144626
2452776
55487
1480404
168170
447871
172063
3986076
1231483
62599
2953198
897495
3879784
2720897
3243124
147060
910703
1176759
2152285
2804671
401798
44804
1283657
2414647
280605
1281095
143117
339549
1448559
1363630
2915759
120148
2084668
975783
135889
2951328
2032280
3247790
134086
1444234
1843107
2951676
145817
412377
53838
1520612
182954
1685018
4760426884
1323775
7420
2414645
1959458
145810
55486
178093
73984
41038
2918454
3006205
150575
1405150
42907
542629
74142
202816646
3008904
154220
160887
3020470
86538
343207
280273
3359675
47504
1245052
1223723
1640521
56049
154885
143117
1889154
56097
3359695
7428
1721119244
145780
3348881
138741
190823
550623
176885144
1726294
2411584
162239
162219
129471
287666
126413
869593771
74002
1473947
1630145
1503354
279420
161033
3792634
1842114
244081506
5176019
346317
144554
224922
85606
153687
195340
1278736
536206
307829
142099
193054
2316596
1669030
56356
556073
1208545
2989282
1141620
407285
3355625
1151474
76263
1552661
1279682
47696
85103
2815568
410060
44971
2178623
103125
151327029
3152830
158311
969651
148182
1175408
55589
345901
1152139
157530
1411876
122852
2833530
3161299
1083111
1395465
3326960
1664257
447585
120327
184466
16174445
1359759
3007441
552263
178750
39513
1267391
3298774
145166
165476
1348698
2805848
2799215
54837
547469
62734
1145825
1879617
2050519
3063241
1833963
97218
1411514
655969
162378
90243
1641691
1131944
1392123
2247382
342792
3663542
89859
185384
153667
88595
280129
2145734
74051
1329869
156171
3017768
3757780
401798
143124
1274127
44768
2146331
1240194
5812085
2917313
508103295
152300
185511
1150942
280273
106704
166760
1433703
279249
1164621
1253665
1224652
144869
3864569
3223995
2444605
54094
153136
1750226
120296
74823
1187382
3349934
288756
1418336
142106
1066683
152744
1059691
157777
550372
114339
1289084
480307
542632
2074756
1637048
1060229
190861
2106909
83198578
542784
1457128
2816505
74002
1813385
1206588
279147
1164670
192756
1307390
3020470
1162686
288599
1230146
3296957
2390840
412377
106388
2962381
114942
1759477
39152
152354
2689482
344953
153673
1669030
305639193
1083100
58380
1345825
2992480
1248154
8647
1675701
1480404
2963947
3087985
1166394
106959
1457074
1083100
3162900
129471
73965
897467
90205
3332766
79186
155370
48927573
172645
73960
3987424
2768922
180036
3312470
1013581
55871
1669030
168014
1504057971
281006
3159819
1480431
1141865
415676
1777268
1028987
3793581
2032396
55938
551814
2016768
245711197
168017
3354170
279206
103807
1154624
53405
1346852
3007383
121773
3223995
105777
1404343
3359872
2206549
398673
73967
2826006
1154468
134103
138910
7453
58049
2671821
419698
280215
150133
1674119
958128
374978
162571
153617
374796
1103582
346956
339549
231974107
2614435
279202
36097
62495
193222
3347385
3348769
1405241
54174
2563285683
149352
1842545
3007981
1362084
153806
73947
1392613
3254651
2954148
4629911079
2689702
55179
1987154
74124
550363
532312
391455
1175376
7458
91916
145806
2139602
3757780
3074405
2399780
27308801
74121
1751833
55079
74091
3010292
2953192
1291589
136381
142197
184225
3238668
2668824
342462529
52939
57943
3346137
422683
161352
147559
1017363
115286
135411
1383415
3347845
74132
122915
85689
912201
4629949170
1159234
1281234
89255
1149574
149199
54732
1059674
74124
2690216
4629911078
3010987
62782
120451965
1640644
536807
74559
3307249
74174
2547697
1600068
88627
4703444624
58083
152315
132490
58583
913011
136381
558157
3358385
1267392
134183
1084185
1324150
56194
161435
3358938
3671049
1270488
76363
2917393
296561
61911
1428125
1216719
1404342
1227136
1083321
2812042
185820
939961
157681
364654
536168
108082
1395104
3163284
297514
145738
975727
111601
151103
7423
192833
104374
151641
391184
153500
966958
2317362
192785
1942601
1265999
103234
342935
138300
280526
158822
409120
145322
3326609
168022
217419729
91925
1059685
62496
104708
2809403
74287
2139375
391187
102272
138899
1204430
1060330
2165312
1076957
3011848
2725551
126429
199088
2755981
43706
160839
142182
153977
195340
143490
244080670
2379848
3775058
55564
2918047
55653
1552186
43512
3350401
208428926
282427
1127162
1669044
21904579
114359
3326609
153120
139841
92277
155920
975727
106707
41243
75580
2873244
2962381
1060330
3156192
88801
1270822
167739
3357549
184985
45037
130935
58181
131178
53418
3014764
171989
150394
3763647
149689
453913
89766
1824650
2768921
44802
1014465
404159
2712700
168991
2451579
1152133
155946
1479603
1685018
2723260
975769
2924862
172684
2117795
1029029
423229
2768921
2804536
1161684
190819
3342022
17859918
122786
344342
1776966
153742
332346
6837742
2667594
279225
311575798
2317348
543235
135824
1309655
2146095
149370
1141528
161421
2690216
3332464
1764574
1412656
166754
91278
46260
146007
3323454
1962188
89393
240090728
346345
227232
168234
145275
1190905
2825240
1814337
1135474
550370
3012297
3013597
26161367
122617
2264749
133147
191712
3314266
44279
1176964
1209817
2688911
422689
144676
1164734
1240069
3327208
1206317
90290
279231
966730
102523
122899549
7404
16307924
182659
2672434
119089561
48927573
55871
198269
55486
2567380
240062631
1250113
2665643
2598542
160907
280382
54908
901990
152410
3010204
121978
111767
2963969
196159
949522007
4443571
162110
169022
3333247
133767
55077
3011848
145178
2952813
408105
54795
571804
142271
1017408
150414
2827451
1894738
135598
104915
3323098
139800
1933745
142047
1154780
415485
53937
1066266
550359
1188389
1339877
59064
1255237
58447
1164734
41842
1029017
154504
113532
1279979
2146159
156555
532298
1028992
1952171
532759
226967
419190
2317346
380973
447862
62598
3795031
279315
148011
106419
74318
186988
55459
158862
145947
28722
59149739
3012245
136712
3331052
376544
58047
174737
130919
122841
161352
135786
42672
1152717
162219
3763647
120136
2442883
1082294
1149379
8654
1547427
57954
62456
2698742
1399708
1150941
2603248
1249704
1963719
1922120
88629
2950675
1231488
1959492
131293
1175406
148847
130928
137944474
153785
123897
2689691
2822827
141972
2032402
387146
42791
2755981
142282
121027786
153732
286396
224384
295480
375668473
3008257
1015968
3353156
24535523
33003571
307756
154613
1194102
85685
73947
1230210
144629
2202244
1069729
1206419
3006243
153342
122374
38246
2713676
2464719
104238
122415
223616
1637048
1111036
1157700
31010602
55234
2259321
1290654
1211180500
945587
1362076
2952951
152760
121694
1361999
3295975
1669021
3342023
3246447
130072481
1878201
155446
1924257
2755981
5400890
135576
144784
168631
198268
153663
1017399
184417
132367
1540548
3356956
536900
552197
2954021
3359668
153717
3351055
279175
1374629
370329200
2181458
1682243
1826074
5404230
280402
3307621
135560
131889382
120565105
374900
3009024
94401
183749
1164698
107008
132856673
371700506
1378626
571129
148065
168631
79396
269907
3237066
2842383
3006874
286393
3307621
3355031
453042
153715
279198
155920
1403211
2194745
2449429
1067764
60244
139563
1359772
1158715
1267392
1135409
1206581
1404367
454721
2904795
538363
1157700
1016559
6791758
304934
3791413
1279411
1107722
62499
184482
55392
129551
2438231
3013112
1402709
149198
1303516
172070
184467
2431742
7394
152304
280441
1376491
1106209
2713205
1331311
378685
280497
153627
2720007
3247680
349045
3011848
44544
1047206
145312
55622
1202314
2754881
165563
139563
267762522
1157709
173297
7388499
44125
56306
41099
21579127
1826208
552194
4629949172
1004349
90290
1381350
404940
488260
1536462
162378
3955288
105086
721570
3715845
535828
3309232
2307251
2460463
1107722
74171
138356
2094154
1106402
89393
6076060
57867
1395135
1835596
1239796
1188389
73981
162431
1151563
224922
1225363
1156145
62400
1106267
145858
69712
1289010
106864
1392201
1209609
410288
1339820
1547430
58166
47608
110009
56366
56294
55681
58042
536170
139779
104884
61549
410803
2951716
122786
2196921
106437
1135400
565666208
905534
135576
149027
2196921
136372
157300
90203
2200824
2690095
1078993
457009
1206421
199073
3247831
442794
155470
457020
130072482
153418
135838
1128379
3016834
139835
1405131
150375
534266439
148342
2907540
508103282
26161363
144853
2956616
192781
1021584
3347731
167720
159054
279175
3757780
1268584
106211
139375
152994
3240074
153701
6837601
302588
2193837
3316629
3202950
336819
908959
1829065
8647
3355695
3333137
280220
146328
550624
1206426
6690056
130140
1346852
184482
231974101
3018808
456785
531554
1076936
2978650
47772
1071170
130931
1240070
1479603
34917
1952429
904542
414720
910544
1964164
74004
57581
1404156
1776249
135410
152983
8647
41977
2953046
7155943
550622
40767
106761
135808
2073472
1284789
1013581
76351
2751685
2846508
442814
55208
1107395
7406
3864712
115239
2196171
1422335
131442
398673
1231406
3331501
141973
152994
151104
542625
59518
153699
1059689
3359727
73999
3285636
3348382
59761
1120667
148051
152749
3778611
2460536
165479
139540
163595
1362067
4819631
25341887
2087433
3250832
2917151
185403
169024
55870
456981
185287
1340037
134086
54821
1188462
180021
2732956
65335
1107709
1227315
120312
975778
153235
2951545
402695
145933
59877
1152722
137780738
131185
2399780
1240070
2917876
545474
1188395
3358385
3012405
110009
151327029
1231485
145947
139269
223287694
122862
54174
6837601
3350280
1856674
3163307
2904508
115219
141971
88129
56155
280228
3323454
58002
185690
168009
184460
2438992
52395
153695
53812
240090160
5610766
44097
1228408
1346767
1903477
3154746
2917186
122628
287667
56290
153480
59418
1999099
231974105
50312
1669096
2175078
74175
910711
410060
1083111
2917152
192824
2719041
349011
139540
102272
349052
2137636
1156112
1326916
1640637
127864
107008
1783980
152624
104186
1863606
134124
2953198
2808164
197698
122915
240354
2743050
37336039
2084706
153231
74019
536461
493986879
1223740
1176777
69141
120328
2117791
336075
122806
154613
1204465
2436521
58881
166909
941125358
120027
55826
280481
1764573
812072
163592
1504057971
6847723
2868289
72596
1823287
3007393
231974105
279148
104401
137910
287494
969359
188553
145990
56018
89394
416937
153010
85616
1082288
556075
3018141
2893622
1606296
172191
2667257
117869
179550
2806514
54728
142013
2505782
2066368
1161664
2714612
3006057
113358
57988
1107393
169013
1099982
276905
1637028
11318
1227698
226728
73967
76932
396250
2207890
1150940
1277291
422686
114337
56171
121777
280173
153006
3594027
2184073
185241
1152728
197697
55164
3348412
153139
164191656
1777967
457021
3013112
1200994
33120283
2904809
107021
1473475
3016468
1674119
14808039
2531274
1107261
52822
1272374
107013
149363
28215857
1076957
279206
157305
1206427
1648932137
2873415
2839668
148550
3007575
55844
74318
1107288
1879617
6837601
76024
2692262
1079221
2688911
913106
1422612
148018
148043
2825993
156563
59761
153221
76383
132379
3298729
456788
2021962
3020879
114366
1107289
1152133
1231312
3213790
152753
131841
184633
2759370
122424
3333112
139676
2917166
135592
126429
172064
114910
73283
231974112
5805195
305640292
2181664
240393
131885
2092350
122829
532306
2953111
6956667
1243590
134134
1242356
1176967
1376757
2963947
152306
3879783
2533326
74051
1465933
3014764
147104
40452
59063
157383
157305
510542745
900363
536207
3161266
533787
1960191
3254946
59097682
1777905
2460463
146137
60243
106314
152468
28217742
62508
2690438
62444
153567
2862867
404816
543229
3161319
389963
778545155
146225
2918493
3354996
184507
2725478
1395126
3309578
2034933
172173
56837
3074390
62422
3321090
180036
1777967
115077
5811955
185401
1446311
232873
7437
3992676
180837
3018649
224370
224922
2087180
1964310
38246
2265860
1361167
11358
55241
75021
135808
1735473
122855
225564
409120
1152130
1240538
7408
3359634
1298955
1206399
132492
2099811
571747
2195076
1552657
134161
167608
4629911080
2947221
1160512
85956
4629949174
1686359
122431
1154557
1084185
172684
531480
1235972
167704
56149
73911
122815
175035453
106314
3254651
1079061
2073151
536465
3009257
1669044
240090160
190820
107010
3309230
404197
1067757
1674110
158987
108089
185048
44290
1307519
3007393
1412656
152248
280295
2073151
53819
4703444608
7397
114003
2200642
114347
162239
387318
225548
2015101
3357031
2429523
122815
153656
1354337
132510
2713724
2950430
1713458
1121033
4422604
1772521
1340091
1422314245
55285
1106291
1465162
391220
1111036
1348699
157383
2955293
3355910
154885
1165366
157403
1156067
2952443
139558
1162541
508103245
287518
1144832
1520612
1959445
3012412
139316
153490
182644
4703444589
3161111
1681788
80071
1029030
152756
1529823
1158718
56837
113314
105162
74142
534266441
1761742
111134
1107394
375216670
2915759
74942
1283313
370244025
3310948
74171
1225197
172565
1162528
1629622
3589982
413138
347950
1107393
185403
129955
58638
1778024
1251040
172678
1029017
44239
1376769
74004
454714
447983
2317329
280329
132347
1235978
55064
2939673
157677
1152132
1067762
1410912
151649
1529823
115401
3019941
104009
54870
135802
190827
1831206
145743
1103578
1225218
6837681
2443356
961522
569467
2414648
280228
1339892
77677
161653
1206571
2018151
2531274
1538255
1920473
1225363
88580
1960191
454064
3388394
115401
280512
1127182
153492
249196828
23074720
3010989
542634
1261619
192795
2131942
280565
5811935
67991
128145
109877
62693
165466
305095
2946644
1066917
1970744
2956754
897467
370131193
1206406
2917305
9070
488260
186964
902349
1231311
7390
43983
1395105
412436
60148
59974
121978
166786
2117795
74816
2689691
810217856
407285
44200
399747
44800
58002
54921
1106285
280177
162030
190869
3243124
419190
44279
111968
60186
58446
77601
536807
3256269
1928217
1253405
173350
1550556
150133
76373
93029
3347731
5811955
1227111
551833
169861
130931
145810
51800
1309622
11240
168209
240028160
1850580646
57533
1959473
106798
158025
2573997
56132
1152132
2669920
2741710
179075
374796
150534
106396
128167
152983
1459394
1440895
224384
147008
133890998
2827425
128167
456998
2084718
365307
1777256
107976
1613214
280440
398862
1155986
76264
145970
3058686
279202
1076936
122798
1103581
2580605
2955236
1225244
913105
1842545
55192
1383665
79186
3955288
191039
1383413
400417
280217
60072
56250
1078990
1775645
1209614
3350393
6690056
104494
2952376
126406
56331
153663
1151470
2690188
2946612
1263704
869609474
139237
54786
3309230
156575
54531
1392613
240122485
1543125
1272374
74845
152241
16174445
3349910
1225197
901577
349050
170559
153129
3234092
2094521
145949
1201656
143117
120196
406166
550359
568575
130919
108850
3010292
542790
1269374
138679
2842258
3006416
185524
551836
185690
3354170
104374
1421330
1452155
53460
55074
4629949161
109166
90262
145622
1255558
3234489
1741311
143048
1154833
141868
149370
104759
2910925
3074390
646451
2733017
2815653
903230
1106185
104754
2442881
180032
1877750
182706
149241
369838
2745046
44879
231974114
120775
3359862
1392123
167718
411573
56117
532414
132481
175549
156568
131783
525577
55841
119557
2819250
73956
1538253
2964661
305640306
280487
1263704
142004
122832
184431
28722
165466
197563
2220322
536207
539651838
132348
2966074
397076
153737
3023079
552196
2896660
1017381
88607
51490
280485
1188393
192782
55874
2657332
279323
144851
111018
172205
149198
74568
145497
146629
1079084
1159663
419159
123845821
280196
2690289
536785
1395141
35738
52822
3006851
138300
1829636
2032400
150394
2804460
1243759
279204
1948194
231974101
2436519
2956616
2945004
420687
3011596
405836
2952044
3359614
7428
215693
88066
54771
133904
552247
53428
155028
3348644
56356
1159251
62717
154504
191713
104762
3671049
1066562
1248154
157697
179550
114372
163595
89859
1422612
126426
3354958
111604
1066471
145804
2084790
280534
555017
1166322
1945133
54714
123279
1345719
2799557
311575798
3355695
2954181
279238
1395119
228340
151097
2884103
59759
1240081
1664820
439840
1075002
147296
1188389
2196335
56164
55892
1066683
56033
3348644
3064410
62430
1156146
7384
301079
123327
1206388
1529813
39230
121978
1206596
170100
371700505
3018214
138896
159868002
132520
85939
3358836
2953192
27365302
123264
54823
3357613
1150939
146300
58184
55465
1197778
147559
132481
74007
3327158
1066644
1539774
144676
287519
2178689
2399780
1777266
139822
45401
51490
340516
2545279
2417529
55234
134028
223617
157815
2066778
158025
131358
280228
906558
288758
120296
279361
536224
192763
543023
1433688
1155986
105086
2429756
1637048
153695
2665484
56239
2809922
214599
414315
897554
54711
869609474
2313658
3347372
532356
182659
1014065
166760
3010292
152292
1792587
3018198
60759
27383264
1213691
8649
2066368
1251040
173016322
1216375
59049
422124
349011
1558108
2804495
56097
79639
1084201
3351336
1550618
1188393
550362
135793
337131
172601
2401505
1176743
969360
146344
123272
3250832
4189345
2369652
131187
4703444601
2804565
139792
2145268
155930
43978
2862911
102478
162112
114762
1127158
139318
1224468
53803
151103
2497864
133904
62578
1477892
1149571
2665733
149028
132520
144725
1832843
2574214
1444234
3318889
543178
153710
182644
42014
456813
1964153
74131
162018
1960177
153482
1924004
356443
114027
56247
74035
7382
532759
280404
1106285
104760
184840
159060
1400524
1206488
1067788
224040
1381329
280318
421866
21335
75618
356912
74122
1418311
168992
55317
2811698
153467
1073957
74154
74153
419517
108990
139558
536475
1401638
3246447
196161
542625
138878
149432
105389
1236093
43648
155952
1539833
151304
977317
194571
51490
1144849
74040
152245
4189263789
74111
7450
58103
1781733772
130947
150019
115218
135576
147875
2954181
23571101
54531
2247302
146200
1479989
133912
2754881
2237699956
1084201
74153
217419729
1231312
3350401
1108115
3074390
1550561
3247886
1075038
1669096
214599
3349604
1028988
1361458
307763
3016834
9071
1187267
55838
1084365
55480
1359190
2563285696
42527
178338
423228
1224499
142308
131297
1179651
16307510
172202
413138
56245
145734
44239
88801
156106
56078
131840
1627251
3359872
2622229
153605
552255
1255558
1163977
1016033
90745
557822
157383
74153
1067821
1207551
121027781
74121
2609539356
3778629
54886
139841
1151469
85385
152621
423228
1965551
2050278
961617
147267
1216397
3357709
2307315
151327029
401092
1682243
913100
162798
141258
2451375
1334436
145776
136712
185260
422689
145418
2155863
153434
1124039
2764710
44879
2946612
185241
1672624
133863
1111055
146445
2195076
123435666
36966060
3087988
1210978
3012360
167682
2711874
357800
119567328
2369778
3307089
1187266
1307519
3221112
531533
146598
149346
403055
46260
58039
107267
1231314
44383
143149
59551
141971
2371819
402221
146332
1751445
150545
1060552
74568
2793044
2953012
1206573
1392169
142086
55091
56360
1550554
85939
1202314
2097692241
1395273
1418701024
545474
3011446
94401
170579
146328
107013
107974
1405150
57418
152601
721572
387496
120256
1433688
161438
173016321
179548
53448
453668
96905
1361167
147109
2746229
105870
240033839
121777
971023
1326762432
27852990
2918495
2084776
185497
121694
3020526
1165369
1152717
965620
62363
53403
417362
153785
74807
1145290
54191
2443928
122907
419190
103234
121716
7415
1411878
3011446
367988
56331
1776943
146143
145836
307829
335495
114902
3357537
446049
2425993
121688
75580
132520
1303516
132483
4085749
279323
324899690
132510
158880
288760
151090
1204444
3358938
192833
195269
51477
269952
184477
146277
56294
173298
161008
44952
1028985
553302
1156582
40683
111601
3790869
56315
107015
197385
3349910
375151
102786
1952549
224366
139791
112729
150563
1347238
3154746
164937
375668473
543228
4703444603
3778610
900995
2180404
398710
131840
56004
2725478
2950603
144399
1103584
153314
3045482
55389
1143169
109953
1269449
278746
58185
7432
1161684
249203962
119593162
1963115
1154557
1230123
3163570
150375
48925383
134034
552254
130250
74153
120141
136454448
531480
163590
367988
3018199
3327208
142308
62400
113532
1083100
1945133
3296957
41842
1641691
56906
1080399
162061
123706
3011922
173351
151112
1771733
3159805
224366
2171961
2769604
90409
1210978
67991
120296
1674666
2025886
1159535
422431
1745243
1402912
172209
965628
89564
1060250
2247382
75628
194571
2657331
2670303
2259401
89395
1395104
4703444593
152426
149435
869593771
447584
132490
307584
157815
121739
3007364
1550551
3358938
153458
332493
3240420
57418
2949504
391187
35573214
55147
1014008
3348881
97216
155940
110019
1210978
55860
553284
3010987
122415
3159894
115106
4703444288
2904506
142105
168637
3019461
3019984
3778610
44971
391196
107267
253252
122829
55828
1352398
199073
5812082
2720417
61423
54784
162061
406060
158957
156677
145754
168022
1108117
2139602
2247302
1107265
153438
1599299
135802
1520612
2032458
279309
977317
55338
54624
88605
2915664
2758781
198268
4629949168
3347849
135879
1156144
150027
1354280
1450201
4165116689
1477892
3256084
54725
358309
50371
1067175
141549
105274
2804460
902329
42499
1154461
74317
2992480
81996
75580
1684068
192306
1433699
1625798
54809
3160990
146211
1159561
131274
1109203
1157702
191251613
1240078
536168
7467
2665955
553607
1216636
90813
3245104
27309369
3358920
812319
102505
172591
1078770
159010
130972
2873684
1824791
216374
130976
58207
2371819
1261462
2032165
179550
2952951
1076927
139103
435514
1965547
172590
2673889
122864
2145268
55161
156568
2178622
127167
150319
3357712
1152532
44126
188218
3713815561
196311
2170323
1175458
36458
168227
139590
167704
165794
1083319
911088
3008436
3327621
86538
8638
131841
62518
3007852
453913
280220
280405
3010987
121497
2018151
2846508
454064
180749
457021
1808721
1206591
2679956
571771
2200823
2195024
151234
1958982
104978
3247680
404940
149296
453042
398947
2956553
148074
105278
4703444610
168174
128126
131029
131304
286390
141073
202905255
1161682
76271
6872713
2682940
3010987
1628355
74019
139278
2452671
231974102
1640529
3016772
1197647
1073990
152970
8652
104237
1750339
145278
3778629
121688
2145268
1066801
3227810
1758858
1157709
3010391
482067
2195069
3285636
3014991
2265849
1552661
1158566
240355
73911
3329816
3006074
1299601
50046
156563
133890998
60072
3019951
1686631
76359
1741406
55208
88638
6837681
202905255
1166204
139641
151929
26161363
193222
94401
2917360
58881
123279
2674904
119593162
1206568
141947
148043
1240078
68986
161366
1107265
2614435
178737
7423
195298
43709
2088773
977317
391153
1069606
147075
90804
156225
1402749
224461
1079416
151119
153343
56076
85939
2085649
191742
55831
85588
488260
3332870
108661
332321
36473
158862
532303
161008
55838
969262
55572
23074935
1230120
3256242
198257
153223
2918489
55171
117996387
55948
1950884
145804
156605
2918485
153497
55151
550367
74818
2947221
1782722
1395119
198433
134129607
166888
135559
154964
149159
558157
2793044
279317
2959804
2671262
1067576
147142
8640
1121071
33003571
276958564
552256
130206844
56093
1213768
550120
55874
178760
89394
1016572
3333241
3333656
1999389
24535523
146598
2689487
153714
53825
2147227
470054
158985
562958
131596
51477
56016
1550618
58072
1539379
145816
133767
44200
241087
194571
43858
157299
1161610
50046
144788
1216608
1154833
178176
280342
908959
2752783
2670591
173371
3301465
2804803
178739
74820
531480
901578
168585
29095278
553303
163595
143490
3020166
168245
1156582
3352782
1145178
2657332
114350
3359668
2862896
155036
74157
109877
139793
1402753
149199
1553098
154471
2724049
449587
62374
1326762432
2939653
150024
1076964
1842185
102430
1152129
2177161
1066471
1279709
133861
287517
134093
280477
288741
2952376
7417
1433619
1399708
56082
531632
185384
190911
374978
192801
2351723
11358
145812
3348381
280302
148603
214626
969362
63355
153715
374796
1402724
898051
55938
161133
1211145
89723
1348706
1083329
398932
2267562
104374
198267
279407
1751717
154443
2014597
175342
105089
1158718
62771
150388
2090949
2342818
42722
1083333
55149
1223833
3310948
131304
2152285
1360062
2596323
443174
1284869
1187383
1236015
3240420
3358871
153578
280489
3006112
117996387
1828593
240048753
153603
85809
227227
55830
913094
3326960
2954252
1378841
2097692241
531533
1206591
1301935
115006
240072888
384536
1206588
2670303
1354475
150389
122370
3320809
1714886
73980
3097346
3359675
135879
2917186
54781
149296
1225196
286372
550621
1075118
120141
1345754
1973598
126495
216274
869565029
130947
36097
148047
4567438900
420687
138885
3757780
412135
156225
1107355
139611
1154833
3006257
156094
188553
5404608
3333656
3011643
45511
70514356
2954777
1434381
55054
23074728
1747246
2759370
533817
2438993
110019
939961
536473
43584
2539242
168953
3513471346
1477892
131770
1240307
1156583
2415687
1143167
2989219
2170323
1550566
91877
1075118
153142
1073957
6956667
542629
80458
2307251
3248394
157559
3258165
3529725
1842114
2451375
1206427
55186
3017768
696768134
153143
279349
7392
1242338
190823
2958956
139283
135798
121497
154443
153496
397221
104725
1083100
1155789
27593232
74131
2016138
324269
1066689
450381
27852583
62518
2117791
62381
157543
153603
132428
357644127
139342
555358
240394
146211
85362
1197647
2939653
1928333
83124
131185
304938
2097683
3248309
2413664
43172
56352
1244825
3001265
902344
1592502
3018818
3359694
303427
172678
137919
2950581
121777
145717
131351
109102
107023
161648
532302
4629949164
223617
168650
307823
172639
3006874
146346
44971
3016468
4703444596
1154757
161840
1142933
241073
149455
138908
3323488
939961
1157700
157530
55623
2954181
153360
1465933
152615
42499
52399
1307390
1059668
550086
44898
4629949172
324899692
114356
279317
2950699
158733
54531
2175078
34914
1059691
55285
4351323483
144634
55201
374810
1529814
11318
5811935
198770
1079084
7418
122617
1634158
120706
439073
123337
3010292
3663587
166907
1161611
161961
1687730
149300
3254651
56155
1993208
3244962
383651698
454716
104730
58144
120189
1179644
2953357
5404230
44164
6667566
139326
56076
2444027
188185
178138
1042900
7435
2952748
302696627
1019741
2006941
45253
155445
2398104
1772919
3358355
2793104
2247491
107974
139330
147060
52345
7434
3016772
94436
3359719
45253
3307828
1108115
3357220
2946473
812623
55562
149593
3347719
104337
1701436
43172
120308
145166
147977
1428125
1067587
1131944
62734
1361468
149714
192758
150385
135410
1448546
3019951
1363630
102880
550088
80071
531529
144875
1216604
1679959
3019964
165471
286383
146130
149028
120775
38738602
58181
2669920
2812075
1197766
31585309
151839
153627
198422
2196165
1395142
150415
144844
74818
113465
305095
2815590
42527
55079
147006
120189
812071
2917313
407492
278746
55291
173372
1959489
1474898
184818
279148
76363
3020144
3012442
2206549
1378626
3249857
168953
62578
57988
286395
75630
158874
2798353
3586169
3013328
144645
153499
2673221
1550548
1084089
3321292
2917414
154391
62629
145739
167587
161349
192756
2952540
1059671
1151556
145612
1928333
2952117
812068
2460505
114357
55163
3163441
90332
1689030
533709
1152135
2032280
2811754
104024
280412
1999150
1363069
6474878
2032842
965755
306562098
1761742
3010028
1240538
42278
184225
131309
162798
2317346
2804778
1152557
2152285
197239
3006035
3437391
3023079
88129
412135
1637045
137556
162431
406091
2733066
1205479
7399
156231
122862
74051
1225202
1378841
172593
54837
370244025
3011045
1669059
1167815
1069702
2953198
2743050
2456294
153617
5812082
151689
2651867
2200823
370015
2084785
2351729
1669096
1156582
532006
55244
85944
153499
58447
158403
2804536
2443353
3254946
3354071
269926
398942
195272
190271
3324666
122424
55175
114884
2563285709
150499
2770659
1395135
1972004
3864712
401820
62771
157681
131346
1121033
1200994
171989
190178
240053395
3160791
43811
318467
169085747
2131524
1291402
45236
279240
288722
1777265
2515282
52395
965765
2952951
175035453
145813
108870
286776
1947869
74023
43718
2973029
26161283
536790
35998895
192776
1206589
1236013
1159251
3578391
532414
1127092
168584
158950
56145
207455
296561
153702
62269
153493
128158
542632
2815754
76351
150505
398883
70534140
1402753
36966060
2772008
107985
1529409
1362084
1398615
1362084
90412
128167
537569
3324666
149436
348905
270265
78312
131328
2034933
2814058
43955
1761580
1963719
1622702
3351336
43336
2965130
131862
47046
3290008
282427
2665233
416656
90813
11950
536173
435514
1208545
132505
42398
536168
536465
106420
1004330
1640521
127319
153013
569407
145858
2674666
190820
55583
119585293
73966
3227127
45104
1176503
144680
131189
535774
3559887
240062631
4085749
56009
412132
971003
120308
134106
89248
150499
2780630
1106819
169861
542793
1792387
869593771
288589
2200642
1076960
54814
2787499
1243759
153605
374796
162378
121736
1959473
2952864
146444
104975
186579
180758
90205
4549670214
2988827
149300
1120885
1392121
349048
318807
152241
137780740
1179330
2171963
44189
2147147
1547688
1235972
56908
116873
169861
43843
1263319
148047
55109
307833
3478916
3218921
3350393
1292909
2073151
151931
147074
74149
62453
1150937
1217000
1672457
1067724
131382
74002
62649
111716
3007575
3016826
103125
912942
56288
132520
150017
263116818
1889339
150337
2190572
173370
2195069
1206488
153013
1413957
1235963
1188473
188218
85956
145768
1874873
44613
168203
37774
59965309
231974102
41094
280489
149162
104759
1016033
135598
969262
3241960
105086
55164
1206572
73975
57958
280487
2013699
903230
144631
27383264
74124
532381
1223658
39727
3255672
153688
135600
2793044
111968
154471
138891
2952117
152597
144325
57397
36966069
32662994
3359719
280588
122899549
55154
2882617
109953
1682243
366694000
1059691
7383
357113
1017381
186967
1164630
53859
1375910
44952
7389
153339
304751
1629145
543235
1529748
241075
149593
3154340
108849
122915
106951
167652
172063
3006851
3006874
158866
165476
195290
114690
2157162589
135628
542784
1940408
170587
167719
1942168
1653224818
1210977
80513
2108882
365307
58392
414794207
62478
114379
454714
897671
3237066
1625798
149429
411577626
1547300
145754
1942586
154301
1014423
532298
1176963
44768
7405
149602
2952224
345901
197353
120197
93281
2692265
2917889
1387968
276905
3140016266
136259088
153344
223407
2448882
1004432
157777
401802
83814
3663636
150387
69183
158862
1227118
1361167
145275
202816646
56201
4703444611
542788
169036
157635
28234964
54732
153420
225494
153702
57981
195827
1856674
139089
3350102
3010292
56201
3099592097
1702499
325866
1141566
157383
133890997
74718
76467
2952759
155947
138910
152412
73976
134136
1249704
58974
7390
3671049
1204639
14808039
286380
3315955
154881
1903477
1345719
1187159
54712
5812080
146210
36473
543181
279206
72639
1351548
55841
1232837
55096
1539382
156269
144634
114357
172173
1340091
1672515
147061
2804495
227225
62444
62403
5812085
141970
1197647
4703444621
191645
3879784
1106285
1144811
55591
146127
961522
55951
128131
2027521
74011
2714132
4629949174
4642463209
1404333
2804771
272775
2690216
2953076
56843
1358731
195295
420676
4703444608
121688
7376
280274
88625
3014850
110450
190870
3012207
138895
36989
1459394
1363161
158025
2946612
9407
3713815561
2770659
1236000
139256
2425990
3353156
40218
305639493
531533
3243690
1204430
192778
1240194
346134
87515
56104
1014067
1553189
136454448
298442
104891
369519
1401444
405908
7411
55866
812072
120273
1042900
1206588
3007586
971074
114372
1231762
2444025
3156258
280442
151123
1835596
75801
132580
126829
55946
52395
3154415
161650
2081686
180036
196240
1650630003
4629911078
4703444286
167726
137780740
45112
102899
2208036
375668473
475555429
902979900
131898816
2009736
2985127
970997
552254
57959
3358836
572592
153688
1399708
280271
241084
21335
1079064
114359
8087537
55575
120235
2505788
1248073
190328
196240
192835
365307
178094
406091
3162900
2412675
1801076
54814
167728
1103577
898338
144784
1206427
57965
2452272
3358842
3240420
91916
152615
122415
413194
2668913
307763
2094521
58065
140078
1456633
1842563
158866
2502058
43584
2521916
2755618
2804541
3326620
975778
3217684
2917911
145829
3017814
136333952
531527
396248
3325425
2117795
134036
123730
3663542
153494
280220
144649
2848072
56252
161421
1279409
287518
288755
1669096
272368
156972
3247886
1230248
8640
3348412
232874
404816
532310
969676
550360
147075
1231460
55399
90243
55564
965756
122370
153688
288589
440145
6837601
1477717
74812
120114
1144831
166713
185260
2952233
305640275
2755966
3161033
160902
40671
3358842
535774
398997886
1085441
156814
342999
6847723
1415883
1940408
1412723
2714120
1378841
112405
1255558
543024
92277
161644
1894771
161957
131367
418039
173016322
171961
114829
207264
3006860
191528
139561
240060919
166728
398710
83175
1069730
562959
54816
129520
532354
2032165
957327
104962
280406
550368
7379
74046
133914
112443
1547390
2812109
910544
1126191
1206573
2180404
142858
139339
158874
147994
2444984
1158569
172590
5811955
2673492
107021
4703444619
2443354
2952559
1167522
2013124
2952826
145214
2674666
2646310
2723258
280532
43392
3010745
149435
51854
49915
153035
134141447
3231415
1874873
1361167
1639542076
2429756
901588
1403233
74585
114367
151148
71937
2316593
153434
2506300
148039
1411876
271970
2009736
344165
1326762432
3359845
1152129
57943
2691157
3332889
536765
102874
1552657
1741311
2862867
2259407
1206394
7447
1467358
3013059
28322
140078
61315
146007
44879
146127
120203
160900
2804671
171968
73283
58047
1290654
2452671
1550630
161816
1232838
62405
58392
280442
1540176
2955082
56356
161133
2598542
74153
2416266
3332766
167647
1231460
1162548
74048
1151472
158878
158478
179546
286797
128167
386602
1163209
1223664
1473475
1016564
1242255
3019109
73943
3019916
7375
23074720
155930
1857436
1076898
89564
36966060
1392609
58065
285864
1107263
106420
2951593
449587
73964
1121069
375589
368650
184629
129331
56304
110587
185511
157815
74816
1999686
3295229
3359615
73980
151112
2910925
106707
1099982
537569
137913
368782
2815538
148850
2567380
102523
131802
6838332
4703444604
1401303
3349854
1028989
74050
62532
1402747
1243833
139326
2815640
153704
142700
3357031
2092425
139774
147268
185407
1319816
152249
288755
2094154
168647
133890998
138884
412148
201138655
168991
4348290729
1225363
154028
133945
567267943
179272
2917956
240074382
75456
2533318
4443571
114884
2651806
1288755
1513057
134183
114902
1079075
1279523
129567706
1386967
121499
1347476
3348772
3015417
54189
120198
1903477
56906
124127
1141665
413194
1963673
531441
132367
1165369
123561
3004178
1149574
1672484
1538252
74012
456810
2032127
153183
7404
123337
41256
1539375
153741
1435626
231974100
2989219
1673887
1380951
1942805
120757
1152728
3313226
280534
142865
2815484
3047224
1395105
162221
2915664
121360
137780740
2873244
971040
2947194
280528
97213
1175569
3156192
23021291
2106627
2917889
969564
1251403
104498
1030071
123282
550623
1122554
56401
84271
2952224
150423
3006415
2956624
1433703
142865
54781
180046
195271
161133
108661
357113
470054
280497
192757
117542
2439316
2804778
106719
1376609
183749
58047
1069694
150368
1163207
153115
2698742
1418701024
301482
1176744
142860
3212258
58024
3016834
1822781
3350102
57954
1176738
1004432
55595
53832
1998320
172191
231974111
154292
158851
78828
536787
106864
151075
3407643
2957904
1249704
2146331
1217159
3248514
2174036
55628
1230279
1923798
1781733772
1107738
4447293
2820906
128152
2953069
153603
343207
54825
44766
2989155
3357709
241065
76383
145739
2978650
139774
58187
3298729
44933
2092350
135592
531495
1751079
1952429
2950736
147488
166733
286383
88129
2952675
2632581
3202959
1156112
413138
167798
454064
1144743
74586
1538253
146612
2443353
1922627
145819
134095
3319514
1745232
1107712
1154461
1387962
158957
69376453
147101
397157
375773
404816
2147147
58033
53460
138056
159060
54781
2605259
413138
1109202
969477
1163977
2919649
1116474
2273913
78621
74155
3323612
2117795
39514
224380
1162677
4670178
3010736
1777905
2728542
4703444601
3354254
1242356
114907
412377
149026
152752
1745243
1235975
32894598
56078
1410703
42284
1412656
153673
3161186
153504
1404741
163578
1142934
122864
1019734
55075
3330421
3006339
178094
130980
138323
3008713
40671
280215
142106
43740
946159
25930131
1216537
2531532
1167813
150018
2816593
2443354
2953977
1997192
153497
56250
1206421
146216
135765
125215
1176776
1107261
1127158
114359
224461
532765
1415887
2307310
3237066
373986
2375172
1395137
2379886
103799
56075
229786
1187383
1107350
4703444609
44917852
551814
1411878
109877
134090
2985127
279322
1269513
88616
3359614
286776
3324254
3359608
2833530
2751685
43978
122383
2021962
1075118
55826
3349833
139774
144844
897467
2513111
420261
3579531
154030
137776727
3009223
1004068
1082294
453025
1412652
1042900
3348882
279238
115997
6837742
5812078
146302
149714
1106173
2265848
1928217
115032
131596
42672
2691153
240036844
120516
104492
166733
240102963
153730
1646090
62481
44909
391115
2690138
55434
253750
152993
165794
55285
2907537
1242338
2355168
1550551
391455
416937
185579
114883
1152724
169013
44780
131297
2440454
439840
119581355
85809
154504
192835
178363
58173
90409
2603248
1361450
45159
55054
532765
3017296
62644
371700505
55568
4703444620
546937
454714
191712
2954207
154446
1361999
224374
2917305
1702421
1729920
2413664
3006300
1550590
1059673
134125
196240
7453
55233
1922197
55175
1771718
280190
3019073
115134
1166328
912999
1131673
90205
1109201
106783
288722
1777255
130943
1253507
1074640
3015639
136373
131013
1066638
104756
1158569
1179644
172192
122864
2536070
1668045
58885
453052
1106185
269907
2825240
1332064
120203
3012297
1420351
287952
240359
44097
1898414
7380
107985
1227698
185497
1949374
1141528
1066792
77601
2414648
536785
197566
1201656
166563
59839
74020
404713
280572
144873
161838
2132505
965617
184433
153722
2196335
1229109
147109
186382
2520287
163619
121739
160906
55080
1828382
303702
114345
132493
375151
965755
120958
123758
4145201092
137556
130956
1244795
303702
136430
52399
136226
253252
357113
2952135
2733066
3247767
1347672
1999114
7432
286776
193054
453814
1759477
3007014
543082
43336
56400
189890
404815
148015
3018476
58974
114337
85939
3232786
141971
3159823
1198661
2953076
165941
1166322
812623
88629
1167367
148016
153019
1217162
154502
1912453
900256
53804
269915
2956616
2950867
303427
62400
1255555
4703444622
1142933
3333210
2772008
58388
106396
151684
129336
62611
168183
1552190
1824976
3217706
324269
1106179
3630439
155952
1468000
2013124
1083111
470054
132580
7458
34914
374978
1550620
398862
1253507
1144849
125618
903988
157815
74287
2425991
3016834
1188386
280325
1166430
56366
4583125
80413
398877
89697
119567328
963043
75456
7437
6566419
139375
192775
168022
74111
56324
90724
89766
130947
1835261
1067782
4703444602
149029
161352
45589944
1403839
55860
142013
191740
2712453
136454448
1824650
2689482
1729409
130140
42672
1325307
73976
1127242
1360062
556073
109294
912998
330473812
3154366
2892459
3159826
123758
132505
1404228
3338115
114349
431467282
2812110
2952177
280272
195444
106704
1363161
148024
166753
1029019
1339820
58103
403055
91246
939961
417365
2924862
114375
120706
546937
154504
1255555
2671262
147176
1351548
76363
153143
116873
3018139
147164
43806
1059689
297640
1404156
37332618
1206421
535774
5937556
2825421
150575
120236
1141918
74004
2825885
2754881
5326784
536790
542785
139264
153671
73972
156231
120148
1079221
172072
2691157
3349930
1161664
195296
2316741
158868
1851826
966730
55547
1348699
122804
2503801
176069
1187159
1159251
398997886
8646
153696
420676
2456288
151304
2084805
1066455
156283
2952389
3559887
185511
1824976
2755966
454714
3258165
1894771
179368
3161033
1879617
7117066
1060184
1084091
1279979
147059
901571
557841
122379
1392123
138304
1127242
104886
144782
1206797
3316327
128142
2713724
448658
1083102
1473475
555717
1824716
163602
154888
2137636
3227399
2177161
1775645
1458053
5176019
120251
74088
1113143
3529725
153339
232873
1107289
1209616
1401576
174916
3359869
74719
141916
150414
1808721
154605
1381329
175035453
6838332
2032280
153979
2200824
42414
1152728
415695
2171253
2162970
157654
438934
173371
114923
40671
7443
1155339
54781
61315
145754
2947032
287517
1999133
2545593
3357208
280215
1083321
104752
231960258
146506
1206604
2349984
1167513
342627
145933
46902829
3020526
172643
106220037
229395587
2690419
195295
130948
43992
136454444
161751
1082290
1281207
3353156
123389
141972
1107724
1751445
152226
1074640
149596
1922120
3359862
172635
447167
40784
56004
1295607
74844
898229
1143143
1745232
144334
149370
52822
141971
55100
35573214
456785
3691783
123281
447972
3349930
3321090
1206797
145507
1828593
2955003
42672
276953319
411203
72596
342792
1503354
2438128
153418
53803
3864712
410437
113358
3008014
4788255110
1284995
126415
4703444620
2904506
2087180
1284879
1016559
58446
6956667
168173
1553165
1861519
1402753
148603
280630
108870
6690056
279438
81678
115218
2958755
79196
6041206
3355625
1159663
2670059
86538
123009
55858
153977
1332269
148018
55261
2067281
1747955
1230211
3240203
1167813
400118
345740
5811935
1550630
156977
178338
1079081
3357712
2200824
1099982
2131942
2603248
195826
92965
1107740
410060
166727
3314276
2646516
1405115
152304
1151557
75628
190862
1539722
1206838
2369778
74849
171982
2954980
116871
153121
287507
4703444286
964950
54190
153019
143115
1076964
7402
279315
148074
1379056
1475324
428039517
2939672
1154773
104891
2084776
161648
1158568
131862
1180679
536780
2804765
286363
415673
2848072
279188
133890997
2690188
122604
216272
422683
1706936
55945
2425993
57537
2811800
393835
1106267
964557
134029
131236
1210057
812190
149689
131254
2862911
3156104
156094
145762
2073472
115401
1903477
2429756
104756
131172
1942809
306394560
2521916
136226
132492
575380
74047
444897
869555482
1402718
400417
107423527
384005
185681
176069
138400
157574
3357709
135847
280384
3358613
1067777
54732
1703756
139791
102430
2827425
39202
403055
1380948
169037
1529753
145252
79196
1465933
1253406
1107745
1156582
73973
85809
167241998
149689
970101
1127242
1999686
2918047
114907
153622
90773
190823
80349
1067587
2906044
122405
3792412
76211
55580
1028988
131300
2692921
340516
2513111
104886
62607
114829
1761717
2032280
195826
1253778
1003358
90724
1253406
107008
1206406
88607
54852
142701
46085
2746229
3017814
114356
1230123
1386972
1253513
2952613
108393822
147107
3058686
7395
143124
184523
3012824
2443928
1164653
27020
78619
1808720
1120711
180837
2433239
231974096
76263
1348707
87328
1685018
1160512
961284
129471
36966060
279309
122374
1316098
161435
401802
531300
3358613
1111044
1948194
280551
114377
371700505
90780
1163975
110009
370193443
1078989
88081
1970744
224462
198590
144645
1922120
108843
161950
4869487523
104501
122424
1079084
2379919
202905254
1448718
1433708
3321262
74154
336075
2753128
58686
152625
287931
185534
4819615
3070202
153135
1402747
1347195
305099
39837
145804
1874847
2842383
166717
1188470
1161667
76211
1161683
2379915
182706
531461
62453
287072
1775054
173016322
76909
73972
74315
969643
62599
240062631
550311
1947863
121771
550624
43890
395658
2907537
44818
412436
969268
2763541
27308801
1761742
136222
6678712
4442556
1942586
1159237
1307390
103599
73953
1291589
390188
106719
122418
105274
43921
216373
51684
214626
1411101
1829065
2827425
108858
1079422
401092
307756
55586
167679
159868003
1167367
3158071
109657
3008904
92956
3009289
3159805
139630
3357552
158025
161653
74811
153038
121716
288603
2718801
1540548
151641
47654
106716
1479989
151128
153565
4760426884
1259176
282525
2460525
3258115
172635
175549
180025
126401
1459535
1084164
401820
2833530
136325812
1767164377
74023
279279
135576
1206400
1156145
55874
134125
147081
3241960
1156144
3354994
55572
525577
188231
1999192
56247
167793
3020473
131182
400417
532354
139334
1066745
3219160
3359872
1761580
137735
3152851
1242338
398883
87515
324899690
169021
3879783
1804202
2259448
419161
412297
1842114
152752
3087155
7452
416063
280368
2904797
152298
1074553
602512999
55562
2949526
146506
2455086
55547
2754517
2465058
123845823
62504
1964310
2753128
53824
1553735
1175389
420687
121511807
3161033
145762
2379848
185403
179550
397230310
26769661
139098
3354222
56360
53422
122383
417327
59041
2438993
103125
74150
23021291
147559
145497
161648
1701435
62366
132525
55461
55572
969564
74111
145418
3019461
166768
120197
162221
9071
2728542
1060610
3359694
1741406
1428125
1066471
532381
55578
536470
536791
56255
1634158
975783
3310948
3778630
1150939
161033
2168233
142182
75628
1083329
1279411
446049
543229
14296
231974099
3006899
1013863
456813
62578
2918495
3246491
2952388
102480
1059660
21579127
89394
153139
2954074
1446311
149701
536120
2825421
74046
1894771
1300499
131889384
1744279
1188393
1401638
55096
398932
1216537
76680
139558
1160505
58065
131346
136147
3159894
156094
142086
1347158
42672
120892
141112
2567380
179475
56125
30305
90332
1085441
1151556
3006405
1411101
324899691
168231
130971
1107425
1122551
58658
166738
1622687
1448559
119593162
122418
3009024
54728
1155981
172059
144408
1292909
122431
572571
1410207
167718
1016603
532299
141933
419500
62374
3332449
114362
1240083
149309
3248514
3074390
156605
55591
74002
1084361
144645
103799
398863
2932315
172209
454722
1016561
138806
145739
3017741
154605
44667
58169
74088
158871
145990
553302
74569
2185374
1959473
127298
26769661
2811800
21262495
55657
4703444608
56253
1778024
3396084
1243070
3652281
1747955
47608
152136
288589
407717
1804202
1721119349
3211745
153365
134090
3354958
142700
533706
90306
153977
1265999
1299572
550091
1783980
280618
240074718
1107421
7435
45236
2808146
3349905
54761
56009
184507
156814
54711
3247678
1144849
969262
1135474
536785
1106275
1368798
1180852
26621545
1188419
3354958
1226307
55945
76373657
201138655
3159894
2690234
1278736
152744
113377
1303876
75628
279206
114354
532303
74942
2468628
122852
3019518
1646090
535774
2861745
54814
1624718
141969
3352911
1398638
7160849
3352911
1106399
134010
1014017
969576
3006058
58168
149370
87565
153704
1236013
170568
167200630
4545343340
55079
139636
2452272
2754881
3007562
1403940
3019969
157879
549165036
144789
307823
142108
3795031
2127079
3293494
1162677
131328
2342818
1456633
135576
3354238
1152555
1014436
1066683
131037
1225379
88068
1379215
136222
151077
145990
185266
53819
543310
180022
2464719
2952177
397221
107267
145729
153626
6837561
280437
58042
3158089
2723258
275926
1231461
79648
152426
166904
39837
1966020
85583
55568
55721
1322070
1176503
3778611
2200823
1359295
2103532
153105
146346
969643
1284382
913100
123730
2950867
1188470
3248249
120321
56255
74123
122805
145947
3020571
3342023
27852583
1698501
2690234
1084164
120236
131037
160896
2959850
172572
2666952
533705
74812
119567323
1245052
218896252
3064410
416184
1624718
114843
149375
58003
114907
184477
180047
1206568
121939
62269
1279523
120129
1179646
3256242
1151573
240122485
131799
1782064
1353532
31172722
17721995
1402715
163612
2954980
195289
156673
126429
554460
1628355
62484
16307510
76835
2043639
123897
411560
2702400314
56244
139278
45253
1176782
1669096
133770
3314276
88847
1764574
147988
131328
57418
223026
4549670214
2923822
1375910
178138
974215
122382
168169
2953076
404193
106655
85616
3213790
280190
3006899
134033
145740
1800608
6845078
1235970
398944
1141529
59056
150394
191696
1453939
839039
1067608
2953977
912940
131343
3246441
918574
901533
153565
1513057
141878
2918483
1059689
2718743
1547285
161645
369519
417362
1151588
156994
88606
175549
216351
1014009
173298
158958
191742
759198
2202428
131236
2521916
102268
3691783
109754
54545
1444234
206546
1253817
439840
1067777
126520
279198
139237
550086
3349904
131306
123533
2832490
146610
1457074
135453
56245
1162680
39837
136669
375773
307573
1553735
175549
4098808
111604
131033
1410207
371403808
1163211
507415012
2351737
5746665
157300
3357220
2804460
135848
1164845
2811520
120451965
152297
55558
3019941
115250
901571
152311
1416560
147299
1378690
3231415
1339778
1281095
3019138
153151
181703
3251295
172597
2426688117
2951271
5746665
287077
77677
1831206
1363069
1878201
1553174
1073957
54852
869576948
3019073
74008
1245052
1958982
2317365
149027
27383264
54921
542626
160907
180033
145819
287494
229395587
396250
139559
3019138
152411
1107709
151710
55906
40969647
223617
106298
1077036
153017
1677007
172072
2804565
54722
75628
913069
3020473
91290
1550548
1539801
2322522
1624718
240110547
131442
153035
1240538
3007562
1145172
11235057
62372
2804536
104345
3009667371
90813
1230278
152279
56313
58140
2953198
88081
2452287
145151
195294
1158569
280209
197472
123292
154027
168227
58143
132585
3246441
913006
1852574
73976
122820
123845823
3001265
4703444601
3019128
44299
172198
218657
146131
1187157
3794962
271970
1014423
277559
196158
164937
114944
550087
145150
2460525
550620
1152729
1268595
912942
3010292
169085747
280405
136333949
905534
2811920
74131
152753
195271
1648932137
3168167
62685
53405
1159561
969477
1083146
145734
1167803
167603
1066796
106420
185384
279186
2992480
839039
1629622
280344
301464
139630
2434438
3227810
139566
4549670214
1060289
1750226
1163972
1066653
2445563
156177
149182
74000
440364
286380
88801
478381
154109
154613
139792
1144743
1083010
3333238
409120
134190
241072
172063
2413662
74122
3009198
74811
143115
4703444598
152236
1141529
153605
184840
1150941
3359845
59840
55572
1536593
2825885
215693
86708
3317908
1673982
536124
332493
1014067
536205
180046
1141682
150548
2997071
812623
55864
1891495
3161299
1176758
279186
1013581
349043
55392
176021667
3778610
965617
62504
2195076
1154548
1312553
2513111
3063241
74126
139835
1403211
73971
1152128
974227
3020166
1067817
137556
2789106
134188
3006243
2533822
437057
168210
1235992
1236000
2440454
153439
231974097
145286
91278
91734
1529748
3162738
349048
190367
1060229
146300
3011045
3161266
1673886
2414645
1003302
2452776
2862866
79186
61423
1299536
2073952
142860
1158718
3331052
91914
156383
3559887
3359848
1013579
364087
80071
1411878
144336
417761133
146445
153418
2531584
2016159
150027
167241998
1872673
114343
1987154
116873
2247352
3331723
31941291
21262495
1361999
1160505
2778914
1410861
3349708
3019138
152314
550365
74007
1267394
169021
366694000
106864
173016325
3018637
74314
169037
73962
39837
1772919
157777
134125
1682248
2764712
145224
3007853
357800
2073463
141112
1194102
202073792
371700504
941125358
42722
1107345
3007324
179365
1346319
287077
240050358
2679956
1176780
55208
2723258
68013
162798
60072
391184
2078292
117651
168998
1145310
62591
3652281
1380951
76264
55580
305639710
1154548
3349934
190271
534266441
1630145
128126
158874
1206317
180749
162571
2452642
2947194
55459
370131193
185524
2696995
41946
128143
2950675
42481
2904798
1309662
1268492
131335
134071
58112
516775939
3354071
2952813
55725
175549
1083330
136388
44372
2078292
1143143
3346137
2633746
126426
231960258
542793
152313
2438230
122374
44280
1179696
179272
54541
62675
43709
2513111
3013059
1059674
192782
107015
151101
152236
1152132
131802
279181
1455009
2919649
55461
186579
106783
2657332
3352914
90813
279318
3020470
132520
536461
240074382
3006300
115129
2451580
107007
76383
2603247
58405
1268674
177907
3594027
107008
106704
186978
253256
2954314
342627
2155859
1202314
2195080
1395104
153812
1160504
237691317
3353156
147104
2171347
3245104
543226
131179
1383408
1411514
279198
974227
2817441
910521
3006205
2714132
2932315
149352
1106285
45511
2732956
1348625
3464353
398673
117869
3325757
2264749
149335
269907
106442
89771
120027
1145269
119009
172205
2155874
23074929
253256
56240
147173
1354280
2927066
169849
349013
453674
1281095
1775691
1402733
294001443
117869
298285
123265
3325146
273622
4703444604
161644
2953198
536209
447972
3359614
153661
153737
80458
302819
139350
126766
184840
26480399
2850417
3018213
3324640
55161
151103
166904
135589
2105378
138333
3325757
3012207
134054
1682248
134054
124535
1928217
7393
3790801
562654
128184
74150
280580
1771739
7455
147219
1359817
2178622
412135
1340513
122374
3329816
1412715
3156104
114349
910727
420687
1253665
69376397
2414647
3156188
533817
2771635
696768134
402695
3331052
162431
1550620
1550630
1223723
3020467
54189
395658
56352
1232838
554460
1225363
146130
122823
545474
1154624
152278
1392619
7392435
92968
1362084
132422
195273
3228254
447871
2416266
121686
149436
370131193
2720897
6837681
4629949162
2666886
62467
1342039
3255095
135560
1149250
190819
3007575
3163195
1140615
1107421
35280
164191656
121694
120235
142095
231974101
53443
34719
6791758
62650
306562096
162068
4703444593
139375
42955
3027886
163562
74127
168647
155957
536173
1459350
440364
1152728
142858
73967
1149379
1547285
3238668
113532
116871
157699
55948
115134
56244
105274
1106282
370134561
3347731
3358836
170568
1299601
913110
153151
156814
1225363
1346246
1361468
3254946
532301
7326620
1539832
1942586
901571
3238668
145247
55428
969397
307833
90808
1206426
145624
3007383
97216
194119
114365
186964
78828
3008389
1383412
115286
1167522
3020790
1127162
191605
55555
346397
536465
153005
957327
1060123
1314593
44145
54814
2671158
1107738
214598
536475
154504
1066781
192835
3348459
572571
3349936
440364
156171
74091
3315955
108870
168239
131360
1156144
1164669
58091
963197
532353
122703
911088
162431
2714612
53351
1176782
2097692241
58028
1553174
2965130
74155
2955082
36966060
145858
2945004
536792
280609
122821
58446
287952
1231404
2915703
123533
1117583
135409
1326762432
1529814
181040
2225912
149999
2657332
2917166
76373657
2375172
2567380
130219375
7160849
138400
3158051
1270822
280255
79637
1066584
1159674
139339
278746
2327259
106759
1179330
166563
2200824
158478
131327
839039
6845078
158869
542788
2351743
1891495
364087
1627251
1201656
2917414
302635
147559
2207890
969576
416648
324739
1398615
2420076
153142
1161683
2426005
87645
139103
153712
271973
1686631
2078292
2317355
418700
59056
142700
120129
54897
1854763
1823621
144851
104982
3008857
21063632
1771854
3018637
280363
44884
57988
54725
55148
975568
1348560
1066470
55261
398710
55712
1354392
1828388
145933
1120713
134106
297514
44280
271970
75630
1346287
7406
146445
2955687
123706
288727
1283450
106719
965761
131346
1079069
121881
1342812
138891
1161684
74718
1721119349
178390
1106399
4629911077
132856673
185401
398862
1964153
175342
172209
1666494
2848213
1669059
969289
138877
27852990
1059674
279241
240359
2924862
151094
536791
130072480
3295975
1547285
1082292
3223995
45757
104009
190161
172678
39859
150372
3775072
146127
1107425
2723260
53819
2681149
214673
2713724
531495
139540
280405
4703444593
2179568
104024
7463
3087984
1028992
2673492
3790869
3247792
2732936
190273
152236
1106396
3295975
3015397
78619
3213790
1473938
3354596
149432
87565
410246
152993
150399
1422335
2186665
1164840
412133
1820692
3354170
55877
903831
345576
151128
1747246
172072
2697338
36966057
183453
2444027
114944
185524
102478
1017399
139350
1216636
3354238
152744
1465057
157320
1236093
279198
121716
288762
152297
1067767
178751
898229
2819275
196159
115061
74009
1362320
3333227
1013581
2946473
6678712
3018199
2621967
3156188
129567706
1412715
2806514
913105
3313226
912940
180048
1004400
1944643
54517
2603248
1624675
161782
2672434
150368
107024
1803923
2117795
129551
6837742
2193837
1151556
114769
104836
286389
195271
148252
1159937
398020
145795
2692156
977317
131803
55869
149806
418647
153016
139237
1947852
144629
180044
1362157
4521144
58207
154109
1547285
135798
144663
1255319
178202
2816505
56331
143117
1161612
90334
58652
1223723
571805
280490
53293
2316593
3536492
1600068
1467358
45757
158733
1361167
53293
128143
161424
1066455
307584
346956
68614
102144
571805
1804307
178138
2106876
74542
1162680
1948243
240062631
1141665
7454
151327029
398942
244081506
2259321
155005
1826074
1324150
55867
156814
153979
3020470
198918
197353
156972
240060919
419483
305639193
1410142
267762522
1230277
55128
279340
1188419
54786
168240
45253
7439
1084372
437057
2084718
1734929
1823621
457021
52395
1839460
1067751
3332766
2819275
104836
145806
1175406
44319
40545
31248510
1216590
42611
1792587
416063
1828595
2043639
3254946
153715
331414
2603247
146146
2605259
167748
3324664
453027
303585
109382
1230151
145518
552256
3301368
2720897
280220
197696
1903516
130928
44597
2939673
151101
905534
1751079
1413934
172628
906558
2904795
150534
156605
1188419
1264630
375773
2452671
152967
646451
3358794
143149
64484
168180
132601
1163975
1539722
1777268
1342038
2340636
1540548
550359
119567323
1269513
153470
457024
122886481
1834655
1192497
146455
241076
121360
1152532
3082668
153106
1150939
53803
1135408
3357208
1422612
130072483
55106
3240203
357112
3248260
85362
120892
2563285709
123327
156042
969369
3163622
1444234
120706
135595
161961
1240078
180044
3374767
157777
168019
207455
62768
131411
74149
4181494719
1404333
1480404
3019964
344342
90205
42014
56324
59760
62467
90298
138333
4348295445
3000952
1083329
57582
56325
104965
413153
3329208
1772919
1159670
227225
167699
1664272
2121672
1078988
2131524
52373
2955270
1729409
145322
1491393
1759477
2426688117
47381
7463
185526
1141874
1801076
111607
1235992
3323454
253642
139610
3010046
550370
144785
2947114
2915711
1924004
134141448
28217742
120741
3235880
144676
215693
3019941
105389
74088
47608
144676
188225
224378
123302
305639344
2078292
170100
169031
55562
1964167
1176964
2247277
1175408
2433239
3009722
536788
912201
152997
53838
378734
1831146
280572
7465
1078770
1270912
123337
2954354
1268584
149346
404589
43083
1013581
287687798
2918495
62640
2978650
311575798
73985
957268
71937
148011
280271
1166322
1289084
148031
3325806
305640123
103083
1160506
116873
1230203
510542745
62418
2681149
1152642
280523
146210
2954509
1141865
166760
26528071
2713676
131429
969268
280342
3324664
1107270
1060610
1188519
123337
2247211
3350102
157300
156673
1194075612
2456288
24517022
149701
1042900
3359645
3256084
2451374
156737
149370
153009
272775
1777265
1067738
3306879
150534
106707
3019128
1027785
3359869
53462
1066956
2712700
152298
1828593
149377
3008713
7146560
62607
1703756
122915
72020
1156067
2152285
131833
2460505
179075
2764565
2023072
400414
2815754
2120173
58950371
1375910
178351
3020790
96905
2185366
162353
3020545
2657332
76351
120196
153011
288761
104345
15412058
58383
62400
391186
2464719
1669096
135838
370244025
419517
149339
1999686
542786
156743
961617
1152554
3795658
2145268
1224652
1777267
1847663
4629949169
1151558
1777265
44279
168606
133914
244080661
145941
153688
305092
1259885
373171673
1539383
1466455
73972
241065
1152729
1017363
62658
59839
3327208
1791324
1856449
9122
1230115
6838331
61911
1777266
532414
1243759
74040
184424
2978650
145728
2622204
135628
147464
88977
1161611
168234
1550546
44144
197565
288727
74820
146455
158951
2815401
158851
1758858
2464719
1412723
1028989
151641
963635
3349631
913109
2074733
2981211
2673221
3331768
1456792
179546
551832
1253406
3008857
1800608
411190
1187384
79648
122804
122885
280404
536793
3560284
2904795
178093
135450
1156146
2907540
129575
2950430
180758
963197
1539379
3019909
1842563
1166430
941125358
1628164
1019690
120958
1944556
418647
2989219
1826563
279179
135830
167792
79186
287519
2764712
185048
1231489
156743
1809448
28217742
550087
147488
231974105
59874
132428
1236013
62369
1060141
2185366
47046
3372453
142714
3359675
910564
4422604
2073469
2006557
2904508
2067281
3357223
122805354
169019
151697
146297
1016572
1734934
3006850
114910
1160506
58042
150017
131594
7466
1459535
162798
422124
91906
271110
28215857
141625
145418
2904506
2951676
1067789
2438229
2954314
3216333
2442172567
2415688
1251168
86048
1069700
41256
149335
404810
3320809
345740
552196
240074382
280217
78619
149593
3018247
2672050
8643
1230203
1107723
2196135
1433688
3219356
2155874
3070202
136389
1528297
1107351
158459
58213
149027
131168
4703402615
3020879
1122565
1117583
1216406
2106627
229395587
161093
119567324
334051
1467358
1188473
2207890
224045
58033
1285772
550727
28699
1942601
901990
778545155
2671234
1162527
240050358
2884093
2445563
1161667
83175
56253
153726
1223673
2032812
456997
2084803
240074382
55121
153497
2714130
410422
134093
1965226
3007575
413194
180049
3017741
550358
198359
2804803
3321292
1206568
75456
3955288
54784
531463
25871341
1265063
55175
85640
192775
2141759
974234
326287
24517022
280272
44097
3317887
82933
139559
85802
1227315
58049
106013
49715
536795
105143
153490
1401303
3006802
4447293
1685906
185820
2313832
1016146
1740406
373748931
2950484
904542
198590
1477917
271514
2754881
104915
2950160
45112
1076927
1540519
2564500
152308
2951271
134115
126406
1651889631
54765
279323
197353
280624
946159
31988486
1622702
2947221
3006058
525577
153038
172198
158987
3240203
1359783
136219
151124
74165
139259
7523933
453814
975372
104333
3010391
145933
2465165
145747
104238
27593232
406060
2399780
240393
337131
2703209
74844
1227136
23074929
26487666
123353
508103232
3017808
2307313
68006
280215
1421330
963662
4703444622
3356110
263116818
1405241
132556
168240
442794
557822
2563295942
1473938
2815640
157543
2904797
1687730
74586
2672434
1253511
56324
145150
406106
1113031
132451
3359634
146007
3013005
2666909
131033
114148
1159518
3320809
4642463209
2755967
1380948
286394
2988827
148016
1348707
2605259
1421537
7606486
2434875
154502
568575
1398615
1107267
1333690
418967
910714
111705
2247331
104752
188217
2917889
2741717
2952224
1144794
135593
963043
145095
152114
2556598
139777
1067598
1923764
286393
1388016
443158
2460463
2690110
348905
1156585
3321090
153603
167591
222057
192775
156257
110293
55434
1278326
1069729
1217162
2954012
137518
147007
304938
162110
5811955
57983
2155863
2917368
231974104
1386979
191740
104975
3359675
77601
1231314
185262
1251403
145247
404144
288756
157853
88129
2200823
104565547
153120
1163972
3589982
45589944
1188511
1538255
54722
1153513
73976
55078
144875
167609
162109
2973029
168231
1682243
453674
185546
180026
3305871
1180679
68008
73283
1118870
151109
4703402616
169085747
136325812
1259088
1067834
150406
1459350
280519
157768
279238
280441
416658
1076369
158861
2317358
178380
80458
1650407
1162542
73911
2952559
146300
912940
130972
301079
3064410
156103
137518
2989154
3018214
2917956
1151569
135559
280605
1066745
408121597
2066368
31172722
2679957
392915
184420
115056
3018990
3775060
166905
73966
3321090
1679959
21063632
2451374
2195024
318467
1167524
47796
60186
1295577
160891
1624675
65335
1411877
217419729
536222
97213
58114
552249
349048
251075
1216460
51800
3536492
1135953
41056
1083109
449587
43992
149335
2092425
113314
61320
1664973
547469
2317350
537257
163612
2195080
68000
2076861
3070202
114955
3009722
3154524
1159665
2952695
416656
78593
168008
334927
132483
2954777
2949143
1143135
2952556
214787401
546937
116869
58828165
1383412
3249322
1083100
56352
135793
2882148
153036
1235971
216374
1820692
106719
166713
913011
921589
2814058
3010745
3560284
151112
58042
1227111
106467
286396
1826563
79191
1084364
1066745
1230277
73986
104498
114354
1107725
222057
1240194
271514
280280
2949161
1852574
367666
306001
1450080
3009296
167653
3158089
279194
336819
7382
971023
55083
1271150
2084658
373841
7328360
120148
124127
152295
120308
80379
1152654
42791
1150940
1227148
2313832
88595
1346955
1154776
3215936
270098
163590
106013
144839
79480
1440627
1630104
1804307
4447293
180749
410060
1279979
134136
109687
128167
1552664
3359719
3009239
1777905
378685
58201
1624675
3315921
152229
531300
3289689
153470
62481
74000
1080396
1259562
58003
68066
73986
3256268
192789
138057
1452155
62381
276953319
2146988
1111051
3006333
1154469
7398
2259401
2705167
25340549
3323454
1159666
9122
1202314
921599
150378
1066638
1777256
147006
161424
2013124
3018574
55657
411560
214626
135409
158161
404713
280597
279194
2918495
62607
122822
1281095
145252
1164734
73956
123009
280269
137518
59974
278746
417362
153617
3355625
105389
172192
168852
2146331
147061
1194101
1206581
152250
135600
382225
47806
1216769
1079418
1458053
531595
107974
144336
55659
1154557
3163622
206547
335495
135836
2171392
280342
134067
144634
341381
145223
2202244
153795
115229
2401505
90284
145224
58388
261657500
1145294
182954
21579127
2702400314
3163307
1206570
153621
1014449
1422612
1151573
59563
2399780
2888417
1612961
1243070
227232
448664
120235
1392621
136333949
2563295942
172684
43890
2073472
107014
2956632
55648
3007562
180904
150008
139792
2545593
407285
1155980
3006199
115185
53804
138806
229395587
1266960
1017362
199088
1410912
3248514
1113143
149347
4447293
305639190
215693
4136816
1298370
536765
53296
3006205
531554
2815477
168204
3235880
2917365
139236
1206568
3012374
3586169
2185374
1265638
88621
1066781
240058050
145750
3016826
453913
1956850
1674536
58583
167728
58886
869609474
57516
552250
2369652
104371
145949
161438
190161
151083
370193443
423889907
812071
156948
130976
55826
107069
1843107
1060229
6837742
44126
173370
3006802
406091
123897
3246491
1380223
58888
92955
36966069
1216769
1630145
2952233
1159668
1151472
3349854
54813
1240079
1283520
1119077
901989
412436
240359
2460525
153618
192794
334547
2168714
155005
172628
198402
1360062
142004
1345825
68006
1141526
1151474
168231
1547430
109772
8637
120296
279143
1265999
37307
2950736
411560
1203006
198268
2952240
152995
102480
2518034
55818
154307
532367
552255
2094521
130928
11240
2768922
3318845
53838
2120173
1529146
2429756
116873
1203006
142865
1154833
131603
3006339
153490
3350106
412160
331463
7379
244081266
231975680
1307519
532354
145738
2317364
1107393
2020070
1592502
1164840
44597
143051
114379
2622204
375151
87645
2413664
2146178
153806
59949
7385
44364
26373169
131346
1959472
172191
151117
296561
2666952
23608718
241065
7438
117884
2714130
136222
1326916
1922627
303702
279201
1996871
2411900
1777905
2690138
54189
1231459
7373058
7436
224383
557830
383059
117659
1202314
536788
3323098
88627
132381
1959489
224040
106507
150394
123506
2369778
3359614
184476
2816593
4703444623
1392169
240050358
2665128
2993601
2531512
145875
240046032
1145290
1080396
1702499
4760426884
144649
172678
3333143
37774
1479603
1223723
3012374
2952951
2757754
3237192
147875
226902
1029026
156563
2953123
2952019
1236013
59161
44280
941125358
3350280
2563285714
565666208
78763
1550618
136219
91877
1404342
1067788
326287
106437
2713483
3359572
2078971
153135
2703209
2103721
3329208
4072985
1404228
145166
1345825
1216558
145795
1674666
3027886
145319
271202
3355699
142714
1163209
416656
280496
121360
73977
3359869
412712
2723341
183747
147176
159054
147219
454714
155369
1194101
287938
56250
74496
198268
135628
1415887
2884103
2917393
550370
167691
1842563
2966074
1141529
25341887
1748162
59974
1772546
1651889631
1529753
3018649
2085649
153418
288722
131185
2436520
139499
180036
2952095
1741311
111074
106761
109382
152239
3350393
1106819
3154366
1867188
164761439
3001265
54771
146328
155369
30295
1824650
1703756
3018476
1420601
59551
3016973
240394
135556
7387
1166204
2094193
279175
142282
224384
131297
336075
163612
3347731
62685
2918415
103624
3349077
57031716
2955300
1329869
1025105
145789
186960
572592
120706
28722
3007853
152292
3013059
2953367
324211
112653
171262
1166191
1411876
1122557
3355695
161753
1216600
114355
3016772
2208036
2603247
269538499
1099982
139642
89766
120312
1822781
145501
132422
224384
1197894
2605259
180658
7451
1640543
270265
168239
941536
302635
54788
1159674
412377
759198
88626
28234964
163562
2505782
2067293
5379538
153007
2369444
1335802
146506
2689653
443174
1176782
57397
1850580646
42809
1713458
1255561
1314591
145511
150508
3006983
150413
1066644
3870502
104748
56352
138417
152239
3305871
56331
28322
158878
2989159
54809
1116474
1083104
88823
184467
62381
186984
2110382406
44189
1140595
1281095
414315
138014
121027781
1613214
1230116
1225441
2805848
62496
3019951
4629949170
1248154
3339993
532308
3015119
152405
910711
1452202
2927066
104748
174916
964945
1404343
44251
1342812
550119
138349
122418
7395
141970
2165312
39152
171963
2442883
2131524
149001
2910925
1231762
130250
2952177
137735
2443357
92277
37775
6837723
73941
130957
106420
3359872
150576
139318
2690410
279194
2991079
2460536
2892476
2162098
137776727
4629911079
138879
126766
149370
305138
1452081
536205
1067734
902979900
414315
1188519
1103577
129520
55152
6838718
286396
55943
1013581
107267
69183
532352
113967
2666886
454716
3332889
56045
107231
53812
1231314
443158
1342813
171968
134106
79096099
244081110
1539382
2718490
97218
134124
104332
130978
1701436
2105525
2175078
154885
448658
7424
1656678
149028
2425991
1240070
1786760799
1029026
1106288
1066801
1230276
48311065
131343
133927
965756
153729
123506
104345
153594
153366
3020257
2952988
3013112
549165036
7457
2443357
3295229
1856449
287517
2081686
1830913
73998
1550564
88850
3020471
129575
74174
3163135
7455
184424
2755619
387318
1404367
3011922
2673221
3352934
280195
4703444622
280533
192786
1162686
2468328
1067175
120308
2789106
56025
44788
56304
160837
1255333
161838
106714
1475324
1547434
150415
3221112
62646
1529146
78775
1963115
224362
120288
3163068
1404367
1823294
162068
179511
107007
23608715
2152285
143115
2992521
2842258
102478
1066803
2449429
2730708
180042
1278326
132525
2915660
3019951
145970
1159669
104106
1069716
219518270
123009
139318
170051
139103
2178684
55106
244081110
2950675
1552703
1550551
456788
153697
190819
39169
325866
34917
1175408
2816597
453052
2955082
1180679
4703444608
1362164
44836
109876
1420611
142004
156568
122431
2939672
3007575
2351738
1405150
1682378
2723923694
2954509
2904506
75457
192835
478381
550368
2667257
113377
2369444
145836
106714
104332
1269680
141957
114365
195297
192756
149596
3290008
104404
1964164
2712700
2674666
543178
1669024
2732849
120273
58828165
249196828
2673492
1152557
192794
2799538
74152
139792
167609
1987154
151077
1970744
2429069
610744
146661
415487
155468
153491
55074
248770993
1014423
2815619
67991
73998
2956624
196159
3158042
2690234
1197893
420224
215693
157630
55244
68066
231328650
56906
397157
4760426884
240060919
2950736
2273921
2691157
2135921
74009
1924004
141194
1415883
3290008
3006851
85362
965613
2741618
371700504
2152285
156269
135602
120565105
139350
151090
2307251
131179
3342227
2862937
129910
1547688
37775
3012849
280195
1403839
153449
1240078
252565
153466
104762
572592
759198
565666208
1842151
453066
1539378
184466
131898816
3006058
1067835
45757
1964310
148039
536792
62273
380346
1446311
138739
3296957
1270912
120832
14808039
60244
1250113
123337
1117583
27768
2505979
53824
115106
147096
272644
287494
139339
223408
420754
4629949163
3154524
141625
1399708
555358
2917393
86708
2713466
1761717
6426101
2574214
1207551
2452272
178759
2954508
185497
412864
3327639
217419729
191210
171957
62405
62525
2985127
132462
1550546
104730
1076960
3161030
133863
109655
1176967
2452287
241069
168606
149375
36097
154387
1144794
3987424
1377054
122806
1987491
280272
2200642
913094
1346319
154350
532353
128145
1538253
106420
550626
1111044
2073469
2379909
214787401
4545343340
55152
40452
2799538
1067262
132506
1553155
3350102
1225483
913012
114348
3864569
910673
192774
1392619
910673
280488
303940
437057
2184233
57959
442739
162030
1179583
1345963
1309662
144853
1085441
252645
171968
3359634
2563285717
536224
142095
8648
910521
7426
57992
3256329
2273913
273622
21063632
56100
1156145
172207
11235057
305640074
2952044
7413
3240074
354480754
1346668
224376
108886
3161319
3008857
969643
7400
58187
2949526
59418
342462529
398950
3321292
146328
1259550
176095
1028986
59470
1550566
106467
2956624
120027
62369
422689
3004178
280215
279148
43452
279211
531409608
6838332
7392435
4347858678
3295229
119567323
1348698
150488
197696
1877989
1758858
1251254
399747
150488
280582
1079422
76072
1746535
3018637
131037
344165
161650
1266960
414972
913012
1466455
342462529
43858
68841
104565547
168650
1082294
3012406
85362
3007485
3354557
2690095
2273935
1127092
7388499
131814
191210
2449427
2280261249
163594
2952864
152123
4869487523
2946664
74050
3297062
76835
2084668
1395105
897554
1630145
1229109
1213691
556073
1167522
1741406
55480
4165116689
153756
42527
2190572
130976
241087
3007049
7439
543021
296561
1735485
3318382
1120591
1824716
2167656
276953318
1150938
1672624
2705167
180022
7392435
1206400
45253
27309369
4703444600
62471
152752
1263704
2032402
161655
2917171
104492
120745
90780
106803
168173
90773
2799215
92970
287938
2032864
1354393
153105
280295
3007383
135558
2811754
7393
279141
59949
134141447
2412826
1084185
2438727
3006765
102786
152303
810217856
224380
195826
55083
2954314
27027
51800
1370746
161650
1242338
3017000
55189
68000
144554
115168
79648
123758
369519
280220
1804202
1480404
161638
412377
2954140
45144
62372
90786
156737
62699
965761
447585
3329824
532367
132347
4629949167
168989
193260
150546
419203
1175448
192794
1167367
3795063
3757780
1340091
1084361
2776280
56288
1346852
1014063
53804
122868
2924862
558161
2066368
3018213
55586
31941291
153420
59551
2917785
198770
185681
15412058
1059691
34917
131421
62581
1198661
3529725
550357
3314266
180049
413134
156106
43083
1017408
152114
536209
3348412
455082
148027
1539774
120321
332321
2426688117
54531
279147
383059
2468328
7421
76464
2200823
3330421
43648
62654
3008389
357981
54737
307763
138864
152997
437354
2120285
2917255
1106209
1240070
128150
130072482
35738
153136
1808720
168989
149345
416648
74823
172578
1243070
179548
168637
4703444608
214396
1934100
974218
1066606
16307200
1698501
137910
3324640
2830233
62539
109934
2954207
1472876649
324899693
103799
3015639
145625
1071170
144634
3652281
198258
1014008
271973
193260
156231
153977
3010292
53296
2552985
1402718
2755738
115061
1163972
132379
1246640
150034
3011198
1650407
2460523
56113
533705
342999
1029017
4703444621
151092
89396
4447293
2171446
3160688
231974114
122756
106782
53405
9070
153661
1016569
2533822
456788
106467
1413399
28722
167679
191039
123561
550356
120321
169012
145518
536207
803018184
1160506
158822
2723342
190221
2259448
3348769
73941
1965551
138885
244081266
542638
153314
168998
1131963
330794
2952540
43452
1067782
1156067
180451
178338
184818
74019
113532
152624
138883
2952556
3013038
2812109
74149
56099
74009
786882074
163592
89715
152994
153627
42568
62772
3020545
1016572
2067278
2132438
3019984
4703444614
1155789
114373
1729409
62631
128167
1067788
1748490
1452155
1721119270
2952019
161033
103599
902349
7606486
192786
153423
1801076
3012422
442794
231960256
185494
1453925
138894
155366
279345
335495
279143
1106288
269907
1924326
1322070
1224652
74111
83175
2465165
1831076
3293120
3359744
1410959
74122
165563
1626147
1206596
280406
3775058
6837561
150399
1539833
372366515
2092425
2317350
1842185
192757
1381329
108082
1674609
253256
153457
92955
131862
28217742
7421
224370
401092
1479603
39837
2186665
2952988
145274
1155339
2651806
3154340
1361460
1631541
2157162589
280130
349034
2947961
444897
1243833
571099
447871
190862
280608
231974114
2416265
280512
42602
280215
54712
2148493
146200
1392121
286390
55171
1459350
138877
3010745
160837
120741
62631
3295975
69376388
279351
1159234
121027786
1076897
168014
2917332
185534
532386
156042
1430613
553302
153688
2529822
184425
2202429
3213790
117887
3007932
186430
1163973
3010989
109772
62691
166896
536807
2094194
74040
3210999
41842
253252
128152
2563295942
7387
168584
5812110
142308
168010
160907
193054
139339
414315
45016
69183
168174
106013
1420630
2245475
445954
1066589
133992
126561
1188386
1942816
2862867
1987516
45144
130935
42153
190819
1803923
154443
4351432485
135559
536223
114884
1348698
1937072
1206399
148917169
3359744
17859918
3342022
557822
507415012
2665643
150549
132481
1083103
1270912
153129
3255202
6837561
2954148
55869
41038
1286942
280488
1334824
169034
111600
106467
58447
152624
1318214
3295229
139641
1076960
45319
3354996
273622
154307
139791
151327029
192795
3012404
7427
1631524
2440455
1270822
1144831
1251254
102144
56352
222057
2122060
179480
2032402
318467
24517022
1135409
3253888
1550629
3223995
1083109
3087155
122888
145317
54728
74495
242397
126354
157305
2460472
1613214
58390
185287
2066785
2951716
136460540
224462
1311713179
2882148
413138
102144
1671443
167608
1142934
3325394
153367
4085749
279204
152759
417362
1106285
2393403
144336
184425
114148
1479989
1747246
74566
552248
109878
1076957
1824976
3356984
214394
1750226
145223
1198634
139238
550360
150423
180749
1066956
2442172567
1746535
1640637
3227127
1188508
76377
1175458
357112
110866
1842151
55399
156561
542292
2315704
542785
1080396
1164676
55261
1342811
2741708
149441
2131942
168994
139316
111968
76464
55562
1900605
45037
161352
1075002
1361458
420086
153570
152239
3317908
1830913
1433701
3009262
1154624
151094
153566
1772546
173350
280217
2438231
2725551
138330
2465058
2953012
1025105
121736
131411
3329387
185336
216374
397157
1279411
356911
2917305
74034
2317358
79337
41243
2665128
288601
110008
3328413
144788
1187159
2826006
23074930
2016768
1180853
152277
2668761
106442
1042900
3359677
23074927
152619
131013
368650
223616
114902
185681
148553
3010745
4549670214
102144
89757
120752
390558
55189
1392183
178759
167669
53060
3317806
106013
910707
1431094
85956
1249595
123282
114902
406470
1059914
163565
160885
180033
1402733
3306879
1210977
2924862
153475
57959
3020545
47772
43083
108887
1999114
153011
1782722
296561
168991
153745
1060552
44836
301482
68006
146598
1059689
3013186
550622
145747
44971
269659
272939
62370
223617
7431
1210057
1079223
185526
90262
3019590
2842383
1547295
114771
531494
1465162
55054
4629911078
2769604
5404230
3013005
155446
4136816
1116471
78775
157815
154387
1842151
1395137
1248073
2110382406
1152136
44097
2444984
57992
126281
2438229
2671234
297640
1772841
1420601
131814
550372
155009
1149378
1415887
55285
148043
178180
123393
252728
3159929
1539379
120235
1017399
1106173
1702499
55080
56908
137556
2730708
131770
135879
2944314
113646
47036191
129567706
1216769
139098
58201
2951128
1149571
2950867
55074
60072
62693
158878
3082668
1319816
305099
3489649
1145825
1359817
279279
1547702
1963719
72894
1252276
1255555
153795
2563295942
74150
2573997
2872088
2127079
2952303
55476
39727
58114
74392
1225196
1764573
122786
2959874
2670591
1741406
2929054
1550564
2259420
3156234
1640528
131327
163562
3006875
1428125
2106627
542634
8644
1473946
1188511
240355
153437
55904
2186600
138679
122324
51854
969375
152607
658312593
1540512
174916
4181494719
531463
120141
122885
78775
146509
74174
56366
26161283
142702
1664272
151090
53351
125618
2117791
2952864
6038068
74150
3347731
1861519
162526
27027
280550
2808146
457021
154605
23074930
131421
913109
2531532
307829
3307621
2556557
105777
2013699
149803
150548
178009
1208545
146598
281350
152303
1433619
105272
170641
1529813
1303516
1085326
3293501
149436
89780
1277291
5812083
131195
1413409
1828595
131029
1792372
53397
161944
2917166
8640
2131957
74172
1231488
79186
3237066
3006416
158957
168927
1835267
135449
156261
1761580
192783
185511
1782064
3019461
92955
2168714
1014440
428039517
202905255
2954252
55877
410256
418225
1311713179
2549937
339549
280173
422683
11318
1107720
3140016266
29989621
149348
1378841
149436
58003
2904809
2425993
55465
418647
2757754
2804461
1354337
1107424
55148
1076946
149436
105278
1021584
1777254
971023
1076957
74718
3314276
145858
279250
3589982
172593
122899549
3355695
3955977
59043
76072
2738922
50046
3099592097
55562
412712
74148
56288
2915664
280384
2461386
389983
1632167
6566419
349034
165504
456791
250255750
139792
120273
42284
2805691
134161
3019128
90262
27852583
23074927
1225196
168180
129595
53812
3324274
132347
3005971
1361816
1640521
85606
3256268
43392
151123
1354392
168169
1216389
963658
2117795
168991
1342037
539651838
1192497
145751
129754
111603
2179568
1267391
2954207
55866
307866
62456
280318
558157
3306879
73984
149335
391178
1216558
305639190
531527
186960
153812
1135953
3011045
74088
138294
2713724
3018199
1775691
969375
1216719
412132
152314
1216390
157879
54830
168233
131013
2651806
121694
1084091
133945
456785
179272
62403
55869
2754881
1066853
71949
1550559
910711
2815653
1777265
969651
536124
1949374
550370
2776280
138911
168198
214671
114373
3163068
1772919
7396
1143142
390184
2552485
104754
26701367
7400
43839
164191656
897495
287667
167603
456813
153092
1216448
21063632
130973
137776728
1410703
1922120
2596323
2202244
53845
2109291
61911
11235057
104708
3020790
3244962
191645
55080
3246491
88604
114337
280141
25735371
149002
3218990
192775
192824
2000314677
168851
153723
172162
5811955
276939493
1778010
1176780
7437
1251296
532306
104884
1320062
76264
897926
44251
152303
130072484
154027
1067762
1448718
1187159
456997
147104
56331
1066470
1155788
280318
3354996
45104
144782
3007575
138864
1241404
55453
1149379
1832843
1346288
134067
73998
442737
139330
939906
1269641
1166328
153118
2067281
56236
2415687
149430
74586
79396
141971
3331103
2673801
2812109
1669021
56028
1550593
163576
85385
54190
1165370
3013116
152619
2429756
55460
1450201
4703444615
3317381
145831
241077
6956667
533706
11235057
1231312
85947
74166
534266439
54761
54804
156272
401092
23074929
55860
3007852
3354071
125215
2093234
168631
131328
153135
2196336
3161030
550364
138356
1028985
1453939
279361
74132
188231
2675127
1347476
5812110
139774
114337
3156098
153707
87922
136325812
171957
1457074
74124
3347845
131828
2247352
412297
151103
55146
69376453
3018626
1550595
1339892
74175
2770659
2805848
1415887
122424
120775
56149
1701435
1164669
2799215
3218318
280130
161128
2952988
1477717
104237
3323612
1066653
3349820
41256
1231460
3217684
1231485
58144
1378841
1216467
1831206
56025
1289010
280166
969262
305099
150388
153649
88084
1299572
3792412
146612
1130433
1894502
6837742
3011922
1154627
1721119270
139676
123506
153102
1352398
216351
1209614
3006203
23021291
104631
2087675
2086237
56839
1772909
153667
1401694
2195076
969359
1152557
2389061853
2927066
4549670214
2842383
153824
3258115
106879675
1361458
721572
1550512
160900
53937
1734934
37775
1741311
153730
152744
3161266
1029030
1194075612
141916
7384
1411101
44952
179475
202816646
131814
2809922
130957
120256
144325
145990
3324666
475555429
161438
1363069
759198
1999389
74111
128167
139499
1151558
550365
7466
2815585
1682891
180029
2220322
1145172
74805
3293494
104024
3162704
334547
1113031
3316629
178751
116869
298227
411203
417365
74088
1014436
146661
2720897
27020
2915747
145738
961617
298285
1347688
153745
4703444614
136400
107974
27308737
1920171
214599
1245224
390867
55938
391196
3663542
1141526
4703444595
1547428
2825421
2954314
456971
532312
2168714
1043582
1076369
279322
3327623
1842114
56149
153495
357113
974227
1167368
279175
2185374
2755966
2552485
157681
419153
2371819
2034933
1473475
104117
142095
110587
130323
2099810
296095
1239796
1430508
6838331
144626
184477
1154624
122828
36966065
58184
2197548
1288755
1970744
422391
1162527
93006
2918483
1188386
246673103
170641
2945004
74557
62599
1357320
536899
224370
3358871
137919
131889384
2888417
54816
136383
1473474
1232835
43843
192796
1083319
286395
104106
1083109
114339
1675657
120321
1225794
2692265
120516
73982
117905
1378690
3158106
55951
550362
2259321
152998
1401303
2099810
1240074
910714
54816
43747
122862
1342360
1539832
1826563
1156582
62539
73979
1361845
36966069
413141
3354994
1704198
1404156
53407
172199
116871
3289689
1188459
963190
2444025
104631
145780
1210978
1395126
1083103
76024
58388
151227
2146251
1777254
2828625
4703444287
153125
536475
1210978
2022095
42398
54765
3019951
8646
155940
130971
409122
869576948
135830
120775
157030
418647
114337
3006033
185489
1392169
536461
1120701
36458
2117791
152314
531463
112653
456998
135410
154964
139098
2034933
38246
87565
305095
4703402616
55595
153691
171967
121978
90780
1685906
2090949
4703444621
60163
224366
3012245
2956538
3332770
3342022
536468
2598107
145738
1213659
2952388
1942686
144408
869606611
1144832
240379
3352139
1106291
46116
305639493
1550584
1290654
2444984
1392619
6837742
646451
1637028
131828
442736
240074718
1230116
1203046
2873415
358688
1066475
55179
76469
253252
122815
122381
148051
123758
135830
1539723
412132
2947577
2804461
181040
2032400
83198578
1553165
153685
145501
167798
62149
6837726
56324
85809
149429
154613
1120891
1676328
55874
1402749
1206604
157772
2237699956
88636
413141
50046
412436
3160688
168645
62495
130973
729167774
136454429
150527
102786
1291589
172599
2862896
90745
3792634
1067604
88799
307584
122855
2768922
279407
56288
1289084
3013112
179180
1300499
162138
2416265
58072
4703444602
55121
102905
288758
1154627
26213889
2755243
42414
1201150
280367
58167
2713483
1016033
3010204
2952303
398716
3007045
62675
3407643
4703444614
152242
1176503
1107425
2806514
114354
1179330
543181
179075
2171405
77159
602512999
57925
1671133
3015851
3307089
155920
74178
897638
3358920
2804771
68013
253832
946158
280217
145317
114944
2989159
3256084
1615610
1307354
168009
131603
2995467
58392
2184073
139257
1392169
533705
1069716
83082
89726
1402753
115239
153441
3228098
55390
3359656
70514356
1126191
1686359
399906
1167795
278721
153683
4703402618
107010
1552192
2468328
191696
2196155
1167803
7146560
1152728
7231014
2032812
120251
3087156
280215
362413
119567324
1721119244
1083319
1268502
1386967
1067834
155028
134139
3087156
1529412
1066471
44134
104725
91734
195269
2674914
280173
3348882
157815
1107354
1187159
440145
1552186
3331103
2804778
1820891
1558556
1144831
1235978
192734
131324
1154469
27308495
1230279
2247277
168606
453052
58628
812310
4703444595
113377
572592
153812
146143
152753
172064
2412675
7400
1164651
287083
1538252
2429377
3058686
193260
278746
36458
296561
3625910
2379919
3309230
240122485
1152724
33065776
1270750
78619
412070
73965
1206426
241086
1553174
364654
75801
3357223
1361460
364654
336819
568575
1332151
3251295
1998320
1066689
4189263789
403055
2032148
76680
285864
279143
1253507
73972
2918485
1553189
1156768
152230
150546
1361666
130947
56253
1746535
1016588
75801
963635
57993
123845821
305640027
3353620
1285772
1069694
536464
90689
1235978
7448
729167774
30305
1066470
1702499
3011446
1539376
398862
420216
153671
969289
151234
2667257
435514
3006333
58042
90332
102523
240060919
56312
1166322
56093
2825421
1951964
145319
1145173
2816901
1376760
137964
54814
152998
206548
190333
2316596
74152
152607
131822
280572
1831146
120148
152966
178338
2442883
37336039
43761
27564996
58161
1539833
420762
214673
18000
157221822
2195076
1361999
163576
3232992
2438230
2448882
54195
4098808
1209609
166907
124127
406204
90724
1920171
54541
1775913
183747
62467
161638
3246447
54825
134197
3235880
122805
153756
2355168
3243690
507415012
139290
182644
287931
2084698
1227148
126829
453031
157853
2426688117
150041
178202
139636
2947114
2733066
279322
153143
154391
76211
1286942
456981
3045482
531533
1156112
550357
85103
1274127
132506
54836
185690
2165312
79191
58049
165471
44239
2808146
3154524
2917152
1240079
531463
130972
122798
380346
158871
1412723
975372
419153
532381
537257
150024
532006
140078
31248510
195267
55648
2833530
2137636
55149
74050
280523
89726
74126
157574
2416266
7376
1216604
1767164377
153436
1146940
85362
5812110
345576
1135472
415485
1628355
1823294
1188515
78821
55946
186978
1176964
3315955
1403918
2088990
367666
1404156
1778010
1402912
3358385
1268584
3317381
1207551
3790869
131346
453066
188203
56125
3352914
74035
1229109
123552429
2529822
3851570
3359608
4097196
1244795
160837
280402
3349833
2195024
180038
406204
1629146
1249525
145166
358631
153800
183746
153565
1503354
139778
2009947
3006243
2247211
420220
182659
1227698
3354557
87645
2319206
357000807
1637057
1402753
543230
280627
398724
182954
1159758
3396084
147177
550725
77601
192734
531554
146598
115055
55875
74122
2668850
2956062
2109211
44364
1145173
3293494
59063
157574
1231459
102480
3020879
138679
1418659
74570
2027869
55401
447584
138864
227228
3007981
119089551
1229109
153795
1529412
147164
2097692241
122405
134083
153500
240098830
58655
55951
2953089
185401
7442
36458
114354
398020
148182
3255672
74495
1071098
3020571
2944314
145831
1188476
2375172
102303
1240076
1363069
1776992
153364
59877
2679956
62713
109294
3251562
58068
2954731
3218753
153240
121709
46116
1448696
87515
74153
3331768
2084698
398947
83090
1937072
2078971
1842184
145804
3350401
55555
3018808
231975680
1962188
6677259
58140
946159
325866
150394
135830
6667566
62772
3158071
1347070
3359572
153665
370131193
62418
44830
197384
1312553
89780
330473812
7443
1059668
279351
44415
153671
440364
939334
964504
401161
2956538
3013630
1067782
192829
224378
3246447
531386
3775052
156279
7408
1768185
144869
37775
2067286
103125
55164
421866
57943
2094193
3012442
107267
3005971
104106
1240079
55233
2460505
1805044
1107740
106951
241087
168251
3012719
553284
1079221
411560
1164669
2915703
1150938
1428125
55721
2688911
127319
105272
115997
2148431
180751
412672
129520
57813
532414
74165
3713815561
2614435
170582
85939
72894
224363
295355
1267392
120189
116558
149990
1176964
2754517
1452202
296561
29989621
147164
1405131
2850417
23074725
2872088
1553174
1452090
364654
41395652
152628
1741311
1283450
1390849
1248073
137518
134026
1106175
551814
397076
3357220
158974
3010987
1957077
1201150
138675
59418
3027886
1824937
558158
1628927045
1379947
1405115
3775058
248770993
263116818
3228947
157284
44836
7408
2155863
134010
114884
913073
104009
125215
1474898
3227127
380346
1067789
301079
172058
58185
253985
126574
1746535
3251562
2026244
1764573
1156768
406166
3298774
280630
145317
184417
44056
120752
420687
1361397
61299291
55163
2947114
190811
89766
1403080
2917876
93006
184490
288720
146137
1029018
2962339
142276
54761
83082
104836
2259401
2369778
1877750
130219375
21063632
152597
138323
54624
1628147
145095
1847663
3018649
3228098
1166432
2316598
1325514
185400
152300
2439316
158862
1672416
1202314
58638
104708
1066473
56352
1627497
3329208
4347858678
143137
1947869
2202121
1106824
144554
562959
152619
44613
172630
536461
132506
280272
531595
1402709
149344
157300
104915
188409113
1194075612
185504
1550561
146225
7437
1161611
171262
2951840
1342039
139330
3295407
409120
2536070
184490
1673426
1352398
536468
3020471
74585
74090
1853865
1430508
7392
3323098
55399
1159526
168989
74132
240046032
145223
3249322
241087
184818
186962
534266439
159010
130976
106809
176173908
2752783
1842185
5762849
55890
179075
3006300
2168233
109976
109921
163612
1377054
532312
1206588
53296
456793
1476134
7421
2524225
3006300
9070
2918047
166768
1161612
153457
1291402
145829
1107424
135589
2951840
1729920
108661
102269
85606
1342361
152303
120288
2892459
152625
3353620
1435635
55623
3324254
122852
225549
58166
23021291
4703444622
3298774
3349674
1067262
56117
54830
76072
1778053
242620
153472
7401
55828
531621
536121
1127158
1776915
62650
1107722
1013581
44952
552257
183746
54804
72596
1529814
192734
3333241
280554
2032127
453668
488260
167680
48311069
1107394
142276
157768
139830
1374629
1359295
68000
102303
190861
3219356
136446
3007364
123845821
1923997
151935
391115
2917414
26543901
280495
184840
184532
179364
1143167
1149378
229786
240048753
172186
419159
224363
153002
40442
73911
375589
148027
3293120
145933
1159937
1404343
2793045
2671262
1156145
240355
3347845
1198634
3247767
413138
138891
244081110
1176963
5811935
1236194
156269
3357553
1949080
921589
142863
1152642
447595
44788
149340
911844
1952171
2109211
1241404
112143
194119
454714
2171961
1640637
279420
2696995
181040
145158
3354238
910673
129331
1413399
91278
550364
3018691
1395119
53293
160900
963658
167593
2952326
2247311
97213
362413
6837726
2050278
160896
1176963
312144
1775913
900995
114339
145596
543021
153121
2770659
138878
1028988
533711
391153
3009208
2426688117
1340088
139025
1084164
58867
153714
168994
2952951
152604
3256204
1392624
78621
2952748
421866
2531512
2752783
549471
3227399
1232837
3012849
180749
79648
1126191
130972
1156144
132381
116875
167704
104307524
192830
54767
149344
2412675
57397
126419
58655
131293
279418
2804541
1745232
1681788
180837
196240
88629
1402561
147173
138675
1141566
88580
103076
74151
58102
7377
1340091
901588
40671
172206
98279662
1640530
1197613
2084789
45589944
122805354
2145734
1332151
941125358
1019690
342935
2379919
1016603
139502
154438
3018198
152277
2811291
184840
31585309
150397
2723923694
1176776
2947194
280516
1107722
207264
3355613
286372
74050
2066368
296014
168989
2904506
123272
1016572
240071747
1170074
2145227
122805
391153
35280
184468
141971
1959445
1216375
1161683
1380951
1106288
1268700
51856
158161
214672
248770992
111603
166899
142714
151929
1176744
3015119
1228443
58144
153824
1900605
137541
153479
306001
139025
136259087
138332
153036
2872088
114769
88616
1120893
1828597
28595
3247680
965761
106864
3324664
139561
1236014
1069682
145829
2050519
177922
90773
54767
149997
552197
547594701
132373
183746
57993
135786
1076960
55171
144680
56104
564957290
3154415
153656
46260
2952675
1176736
139375
166563
1949080
153106
2000314677
3790801
550626
3007486
227225
133987
3324254
2245475
153495
39727
2952928
1187266
146445
231975489
1777268
2073463
74122
152767
1253665
1084089
1067604
571037
1383408
126561
1014008
412712
2202144
56245
107037
149432
2502058
7393
117634
132463
1121026
342462529
1553155
133943
142858
167679
1152724
419572
2027973
1166204
153011
74153
60072
280404
62675
542788
1628355
1395141
120958
3331103
1225483
1194100
1141526
1458053
1433699
155036
2702400314
45037
55124
1106399
162431
58140
3331052
457024
1025105
171496
3318382
3513471345
1083146
65335
4443571
1964164
305639193
56097
404589
2724049
252551
3663542
146328
437057
1079067
3329816
135875
134068
114993
168202
302635
1920171
55434
168202
1236015
3211745
1815270
150534
148182
26543901
398877
390188
910703
2924862
59064
398942
1776943
2672434
2379915
3352911
172643
1111036
536899
43850
1361468
1162528
35738
87515
73980
2015101
536786
23608718
2259401
3007981
2713484
2016013
3306879
1200994
1878201
131020
88626
1547296
162014
206548
43999
2032127
412148
1808720
1835900
2956754
2910925
59563
161840
550360
3227127
1107745
1741406
106879675
2764710
185404
142105
128143
1253507
113919
114367
2679957
1268570
2892477
152314
152277
104884
130072483
964557
168192
4189345
1403233
7458
145625
57867
1411878
58187
1164840
135560
55867
133147
276953318
342316
400410
1421330
1272374
2273935
3216333
279179
969676
224363
149344
971003
172710
105270
4670891
133927
3008904
1467738
469335290
3347385
416062
1083103
39152
1847663
231974114
1150939
153480
6825777
401802
2369444
3817704696
1945133
162353
53706
391455
1637048
1029554
35078
117659
4703444591
120965
56294
438171
531423199
58652
145823
58143
391220
62464
153107
85689
3357223
536205
286389
45236
54533
172594
2954148
963660
1082277
2989282
7389
2668824
129331
129520
153474
7403
255401637
3357030
404810
2690419
141625
1028992
121876
161424
2088773
76271
90277
349034
2829595
1948194
457027
145805
40969647
26482940
2964661
154446
403055
1627497
2954012
7392
161366
163595
550360
3316629
2825240
2954509
1418336
74806
1334436
192796
148016
186976
508103295
145836
912942
131335
2379909
2671799
1748992
161991
370015
1083102
27365302
72380
157630
145875
172597
2445563
119567324
1547434
532352
3315892
2757697
27308801
1631531
532381
145970
122886481
2417529
131803
149436
162239
2029046
2425993
168180
1550548
155470
172199
90243
1589521
2415761
550362
150507
1164676
162018
2669920
2732849
3349380
152308
2817441
280209
404197
3248514
3321262
142271
279438
1066563
3010763
2414647
2952376
2092350
107015
191731
53422
120203
2972852
280497
1453925
47540
108082
55818
2317364
2505782
93281
1131673
173722
3154746
2179568
153013
2918483
156605
558158
2713676
1403839
2084785
59049
2456294
3172807
3007485
191528
27303322
91278
2692921
178351
3359572
910703
2723259
1392123
2952613
2963947
180038
2144405
62748
7387
152295
1014063
3015119
4703444620
910714
113541
1283657
158881
1342038
1216460
3293120
1877808
1198660
2022095
88210
173298
178737
147977
7377
3019109
2804461
2524225
157677
55681
145820
134071
3258107
136446
1952636
398863
116869
1107348
56141
1060300
145596
1159237
195267
85799
162116
2449427
318807
39837
1067734
3256204
2529822
1547434
56360
3359675
1159674
1206419
153493
4703444589
248770993
1179321
1067777
1185221
198402
178388
553284
1761580
2812109
153619
56145
55721
153785
151115
1198661
168641
2032445
55892
3013059
419572
2518034
2805691
179550
1538253
223647
1003538
3321292
2605259
152747
2090949
1121026
3347845
185382
172639
2917166
122821
1223673
1217159
1326762432
1624718
43989
149689
1640529
62751
1640530
2196336
1289193
3330421
2952951
199073
1107425
1640528
2952588
153621
106803
2515282
152604
62607
157302
1165370
153035
2533822
68008
113919
45757
145792
2741618
3358867
149714
3154415
6838332
153092
1948194
3359752
1066589
134086
3010745
180658
240359
1145825
1777267
153491
1106282
2110264
192787
3307249
195825
2732936
248770992
2657330
168630
1188473
812623
2529848
1084091
55077
1225363
1751445
74845
3323454
1180853
1216604
3063241
153742
2947961
428039507
56328
177922
536223
2131957
131401
1539379
1750226
55460
117651
174916
55841
1808720
2622204
87328
75628
7413
3014991
55584
139257
5811955
150563
185686
1284382
4097196
74495
1156584
1773030
123758
152970
1078990
1429268
454716
2361304
1230129
172580
440145
2094194
123354
398724
179546
1402747
1176744
130250
280526
5937556
417761133
1253406
152237
107358036
55860
456785
6797616
975769
64484
155470
74034
111607
156274
74045
153707
280295
1107425
56035
131309
166563
2139813
760746
1552703
1027785
192791
398020
172385
554460
144645
2545279
3160688
8087537
2259448
130943
54777
58405
168009
130919
280533
119567323
1401444
375216670
119089551
1359759
1340091
114343
3161299
2460505
3016700
1249525
167587
2959874
190811
62581
44741
7459
1959472
62518
149027
135566
2196133
54830
3327208
1121026
62761
1383415
1842527
2092425
1387888
391157
240028160
2947032
1079418
157677
103599
377019560
1151588
157403
2755965
550359
8649
71525
36966065
145754
244080661
2297418
2805108
1452090
23571101
1448683
1284382
1162548
1077290
114902
365331
74034
156732
552194
1004349
112100
1082277
1164653
2776280
240071747
2668838
61549
88129
163566
152304
152237
131168
1075002
114348
1016603
370133195
1269680
133912
151081
419488
103599
55724
1345744
306004
2564500
332493
550087
1316098
83818
55147
112993
2465058
3255205
56078
2088990
3001265
54870
132510
62539
1083100
3215936
74150
120565105
456810
3007853
88146
151097
1211875
88977
2416264
53462
571099
3020526
157576
110019
62652
1592502
191251613
571178
143124
964945
3328411
1083010
3359719
139103
3295229
216272
21063362
3064410
253642
1251403
271514
152750
2147147
279279
2145735
2202121
88146
178176
1403211
171979
172685
55893
901534
2427331
1066830
1079075
55078
54813
2809659
170587
1014063
44204
969359
2725478
89697
153037
1422314245
179053882
286388
1547427
2951593
2085649
177922
1240538
47554
3791413
161352
55594
287827
55562
145169
1188511
138294
55562
107028
4447293
3285636
152354
199158
139793
296584
531620
2980961
1127242
383651698
1412723
35280
1376831
1682248
3792634
958677
1553165
198359
180043
2953367
172199
89715
2084703
531460
456789
2379915
1223830
2848072
154028
57988
172202
457024
279423
131304
3016776
2793104
533705
1249704
1206596
280622
53835
1347476
134141448
550362
131862
115134
552255
104565547
2515282
186984
175549
142706
76377
416921
367988
1675701
3247809
149352
165479
553302
134115
1113143
2904508
1152654
149159
1309622
169034
1347158
216351
74051
1303516
186960
571129
900260
543229
2018151
122381
3160688
1337397
153050
123510
3140016266
2247233
1167367
109657
3023076
373983
2167656
287938
8642
231974111
547426105
1194101
965613
1216375
1162528
1230248
104962
157576
1142929
1106275
957327
253252
189890
2121672
167676
1236013
156171
1452202
131346
123354
1823116
391184
420224
53391
202905254
3350423
57856
3354996
145322
55572
1346668
147219
138675
2563285714
167587
54517
152302
4308338842
2666886
2206549
1084164
1141528
171968
241067
139298
55726
142858
1829636
2304454
189445
1761580
419572
2733017
152743
144676
1121023
1074640
1809448
3317381
142863
1156144
62422
2952349
106716
7462
2503801
134054
1340074
68008
2425988
435514
1831008
55159
74516
106481
419138
120129
31010602
3295407
62363
131898816
74169
55079
449220
158957
150399
3258115
4016543
131283
88595
2997012
94436
279240
138337
1357420
89255
126424
167608
280628
180040
62532
180030
3012442
180039
42014
168236
154391
288720
55660
2563285696
172065
3012360
124458
1067757
153500
1206427
44884
2478628079
74154
2032402
143051
406574
76352
1335802
55486
287517
120237
1106285
38246
1216375
658312593
913069
153713
2146232
3006035
373725309
171496
2165312
62269
2980961
1620629
103076
1162528
531599
62772
27027
217419729
965761
1777964
324269
69376388
147968
298204
106507
214451
3010391
2427331
297640
1161611
2533822
536477
1362164
181703
158851
1167513
54224
250255750
167704
2146251
2448882
3012849
180758
23074935
2950699
1067777
1013579
552246
3162900
1167513
141055
153824
1783980
115168
153605
88115
44613
55072
197698
168008
3579531
1152717
2018151
170555
55951
180045
1106780
346345
25340549
2882148
1664820
3020471
2415518
1744280
68008
88977
53660
43747
1071098
6847723
153005
371700505
171967
44299
55725
146472
109687
1452081
939906
120312
6837742
1003358
1476188
918574
161753
3909995
115401
1768185
3305871
2954731
2170323
3350102
1856674
975778
131603
134029
1975754
1197765
104401
70514356
3255095
130976
1552186
3775035
253985
2067278
54886
148043
128142
44299
416640
34719
168172
2830233
114375
122805
3349604
2950430
1152532
2436520
103799
1356925
910564
3326941
186960
56155
156675
5811935
536461
193222
153741
172643
55083
9071
415673
190262
186981
1176777
129754
216374
150374
167587
167726
44319
1249704
153050
1781733772
1083010
172599
224461
286396
56252
43020
44933
1376760
74566
36966065
138895
1383412
543232
1268207
152991
40442
56288
107231
74140
106521
2449429
2460577
160896
131603
1345977
4703444610
324899689
58091
295355
153495
153119
550727
288756
406204
450381
1402561
1206568
1242338
54801
2959874
2804671
167602
449587
3357030
56099
142857
2861745
1069730
3172807
2605259
192318
2259401
1290654
122813
2117795
2679956
45511
105870
391186
903988
3006416
183747
1831076
1241404
2681149
1259562
1175406
102905
378685
3307249
2673357
137964
1792587
400311
869508901
1673977
153617
1361505
110194036
269952
143115
70040693
1299572
206546
1761742
3223995
90689
179052
3790869
148034
3354170
156814
405156
59703
902329
1197893
155368
149727
454722
391194
508103232
1448546
1180852
74038
1151627
545474
168641
164209
2460523
2180404
97216
287931
129645
1155986
1333690
41977
157302
411577626
62493
1003538
3330596
122617
778545155
3156234
2723259
57958
1761717
153812
152249
374810
240058050
2097683
1067583
240058050
364656
175905
2917360
2016013
16307924
122798
55826
2443353
3228098
139131
410804
185384
456862
1831146
129595
1375910
370015
1106179
74847
324269
3251667
136333955
183749
4703444600
1403233
3348892
198590
536788
1108113
116869
25472086
137964
116875
104404
1637057
161435
2956538
153086
180030
1894771
135604
134591
231975489
110293
139778
132596
2415518
103807
2952044
139298
3258085
144636
166768
26769661
1075038
152241
1452090
62403
55074
150579
1491393
155941
1084381
172799
3992676
152304
158438
1252279
139247
419698
898051
1474898
3017808
1027785
1175378
149182
185382
1159518
73999
153592
7375
131814
1154469
54788
88627
1553174
14808039
145754
1340088
2195080
3218955
186988
137916
120328
1948788074
1473946
1360062
161653
1404333
152970
965765
4443571
166807
145252
69141
1107709
3775058
1242356
151119
1309622
7466
227231
2317364
367666
7423
2949526
1150940
31010602
250255750
1076946
141973
3010763
419483
1413403
231974105
153649
2108121
380346
2109211
144725
37244
1940307
56294
272368
28595
226966
138328
2815568
130140
288603
453031
3407643
1003538
392915
1675657
1161681
3349910
44299
3579531
3248394
134108
2720007
532353
910704
1210057
2954207
307763
7382
50046
2416265
279179
28699
542629
132580
3020069
153714
1804856
149991
3168167
1698501
1161681
536126
88977
1999150
2954252
1452081
536224
1211180500
139540
2297419
62771
167652
1179288
2952326
197698
286394
1206406
153486
55077
280382
74123
1923997
122783
2529822
536780
1176738
280534
59161
2755981
242294778
280633
420107
240050358
1889339
349043
169031
3256269
133960
552257
87565
1230248
1250106
178747
1151557
1647567
114172
144649
418967
202905254
1107395
2906364
1681788
153713
3258085
178380
3004178
43336
280627
171967
142276
3240056
157699
7375
912942
2148493
214885
1227127
341906
1342038
1077290
58404
2689482
106705
147096
145774
1777964
3329816
146328
2186665
162138
3158102
1255319
2768922
41099
1631507
1342811
114343
1410959
2610460
152313
198258
2307203
3332746
2657331
3352934
216374
1164630
1223723
1079343
153699
27852583
59974
1206568
6678712
2177266
1188515
2952178
122942464
3213219
1236015
43512
165789
152297
44383
90689
157559
150534
3007049
1433414
1538255
149002
131594
185301
1268492
1376609
3258140
58143
168637
1279409
88626
53805
131185
135593
156177
304934
165941
146210
409120
3247647
73979
156990
1245052
190161
54864
2728542
1013579
165479
2690188
2200642
4703444287
87515
158478
2202244
73984
2952759
163602
1741311
145735
4670891
56365
153010
107976
422683
1084180
1342037
443158
74111
564957290
169012
1223723
132596
43858
55657
145717
155637
54908
138300
153649
1347158
148039
123845821
88129
4760426884
1107398
550358
73970
153618
55078
2850582
114339
134136
105281
4136816
2413664
152752
115185
223617
54825
4703444286
3012244
1188473
2671799
3016468
89393
1108115
135860
134026
1083333
1043606
1627497
1631524
3352911
173298
1999345
126561
2952564
120203
1734306
280363
532386
23542233
1395213
2460541
2720006
55185
2436894
7388499
88801
90298
3348382
2873415
20995224
138304
3047224
901588
406091
1945986
152750
281346
219518270
179365
154220
240047795
1479980
198268
1069716
136430
1418311
1392619
1076964
3007852
1553735
1686359
192794
1325307
88129
106798
136460540
136333955
56420
456972
1440895
58206
128142
123845821
3226004
2120626
133997
153701
1230276
1999252
3864712
62691
152250
2828625
3333111
1255333
131898816
162030
153240
246673103
2451622
85947
172598
151120
2016768
1158716
1245224
1771739
6847723
168982
134141447
420679
3350111
1067583
2956612
85809
301464
3007486
114944
83124
131299
31941291
2861745
2723260
7392435
149002
155952
482067
73970
1157670
122374
2478628079
2043634
87328
178748
1013579
153667
286780
225502
1216397
3019590
132481
162069
40442
1166430
4703444614
62594
177922
131309
179052
57867
1431094
410422
89393
288719
1066781
1120885
150488
550727
543230
335495
3359695
1175407
1216604
444877
1421537
156967
55390
133345
28217744
1156071
168019
2804565
1167815
1342041
493986879
2177266
197564
155028
3163195
1550548
180751
197697
1163974
55148
1122561
111716
304938
3009262
8651
3325394
1252279
2672050
114148
1744279
536118
152412
179272
139642
112859
415676
1111039
43890
62363
456972
344337
115997
3018626
123353
1842186
902338
331463
1920901
153048
1159251
1944643
54541
2917313
1107289
152620
130981
1120592
3007853
147303
531621
2025886
3342023
1203006
151093
280595
1143167
51477
1945986
53706
1823287
103076
280195
454721
138417
1179330
106797
439840
173351
2755981
150388
155920
184507
2668838
3513471346
531595
139503
2751685
279175
74166
508103232
105389
1963109
8647
1465162
2237699956
279423
237385
2989158
2972955
153686
2702400314
1950884
3019138
54712
163601
383890
2951098
3030295
2171963
410437
153710
72380
54777
1283657
153618
152607
68007
157300
123363
977317
1067598
3348644
4189345
121709
303702
42499
216373
964557
1879617
2417529
2436519
59710
1347158
152967
1154627
121939
531480
80071
373171673
146211
145875
2668913
1019713
3331768
454716
119593162
63512
1131944
558161
115219
2978650
41056
90813
367666
1179330
158880
4629911080
1357320
121799
2195080
55667
450381
374978
122907
1154773
1188462
1084185
44884
65335
102867
171989
3317806
965620
969247
1014440
961595
2413664
1842545
79480
1854763
456788
279143
1109200
1800742
2185366
1334824
122405
149368
80413
3243197
121773
344962
154613
114762
178390
150505
3020545
1479603
2145735
152599
153135
131029
231960258
167720
114929
55838
146661
172065
34719
51296461
149375
150570
57582
160907
1149379
4189298057
1151558
1839460
1141876
367666
131411
155940
1004254
2195069
2953198
729167774
456791
1082277
104891
146333
72020
2181458
3019138
356443
3536492
550371
178180
456813
1106780
147075
2799215
1361815
153490
2950675
1029019
345901
1281095
122826
1085441
7447
138294
135799
157815
1726294
40683
1179644
2985127
3355910
1381444
3015075
1792374
2862841
1252279
543230
2959804
2316596
3007981
1307390
161008
1108014
1003538
56018
53806
62761
186981
184489
150568
2351743
153486
114811
1675701
132373
531461
2473088
56025
79637
1140595
2280261249
1151573
160907
145507
374810
812623
3006074
1027785
44836
1159535
56313
113532
43944
162526
74816
1540548
3087248
307823
172575
2955194
55589
2954252
362413
142108
2955721
456859
2812216
2917332
130072483
145780
1166394
1118870
58049
2927066
1281172
55945
69183
7447
131594
778545155
3324235
73999
136372
2862866
153500
173372
401187
2679956
123262
913073
1265063
130914
2917398
135808
1106819
7381
2452671
1550595
2414648
242294778
62771
74315
30305
150403
2954021
1069694
1083099
2917305
54881
295480
2805848
104184
173299
36996
139636
149197
184629
2066363
1120891
963199
1059674
138943
68942
6837681
70553656
455082
383890
2316593
3223995
1824976
146498570
1773030
153578
123264
3030976
57418
138864
54839
1361999
74287
55241
1332151
1685488
3359727
354481601
3323199
2799557
153719
153115
145214
195270
74818
145268
153756
73971
56312
1188395
1400524
3009198
7431
1253511
135628
152123
1782722
153732
542632
444877
107014
58206
3020077
119089544
167741
122852
1269449
80413
57516
6064379
383444094
130979
2196336
137776727
1158568
1188462
56018
1121075
142108
344962
153458
1107424
1084793
525577
61911
2497864
53824
3332870
53819
85583
2178623
3256268
57533
165075
1325514
1410861
3327158
146137
567267943
55563
2918454
2952759
196177
6797616
910704
244080670
109976
2697338
552254
3347385
193054
391115
975372
2084776
2952127
74023
135793
3544925
107014
25341887
2009736
54919
44143
167720
3355418
133927
1362148
2812216
2825421
305095
346345
155952
2950567
126423
2316594
139231
184482
102523
148229
3163307
85626
152966
115401
2440454
43858
163183
153672
231974101
44145
69141
1452090
55657
71949
3019109
26480399
70553656
106314
2814103
231975491
1270750
151641
1206577
4629949162
55161
114148
90328
419479
349042
168998
55563
67213
198402
74800
557830
1230279
152354
1309622
74020
55622
966739
279441
149352
279338
964519
696768134
1794561
122826
107402
4703444589
149296
1076953
3020257
5815683
1964153
3716089
3218753
280384
173299
150017
151081
186976
2415761
139346
1456792
3323490
2952574
45144
382313
6677259
3778610
1295577
1362086
3006765
1107723
62636
280489
536797
80349
56854
144334
1504057971
163619
4016543
1339786
74823
115286
147988
185686
1622687
117858
55460
87837
185260
73977
279434
153656
115142
369518
2745046
1422612
1105920
3255202
2178684
145989
142308
131842
136379
1121015
373748931
1672624
156675
305639190
1771739
1283513
88801
120846
4703444624
4072985
1163977
1353532
1942816
1428125
122805
192798
3248309
280341
58686
1225218
124464
92968
406470
1060215
190862
138502
151103
120288
153429
1042900
214787401
536173
1450080
332493
3909995
1674119
2171446
1362164
147104
2768922
170559
121939
542636
3087994
405908
324899692
3019589
3019138
192829
1453939
378734
62149
156819
1014465
3327158
1435626
550365
2162098
54921
184432
1410703
1777905
1069730
2273913
58049
129336
8654
180036
186976
135802
2032864
152991
59761
242620
74495
1071098
224458
910566
1567544
169085747
397157
1231749
167603
1964153
104237
191713
400311
44164
27309369
122783
961284
1550568
7373058
332321
287507
2259448
898051
167741
1346767
8640
48925381
1216600
3359656
122829
90334
171989
2084790
45589944
129645
419517
69182
2959850
2245475
2259321
280245
7417
3560284
1079061
1106788
42791
2483364661
255401637
3342022
1616886
384536
2084785
1103578
1630104
2216724
26213889
2827425
365331
3240420
398407
1158716
1289084
1213691
2032812
151115
1235975
280523
72525
55201
373841
103786
134083
167652
56033
2820906
161838
287519
47036191
7402
145166
3298774
910521
158987
4670891
206547
55558
8640
26543901
78621
132381
279318
3317806
152315
1415887
166888
1362003
1187266
119231
144661
3594027
56099
151104
1650684518
153474
1456792
145813
2955236
195297
178751
106802
153785
148603
2917332
122806
62370
104762
55558
158025
121716
55568
2812042
64484
168197
44143
225564
2539350
2690438
1253405
55564
3359694
413194
68942
1965556
1267391
1410876
119231
1235972
53060
1352398
1285772
47036191
84518800
74569
3357537
2460523
2067278
1216467
2646310
1155956
130921
1206406
85362
2713482
223617
307866
2403848
298165
3358871
151083
172191
105268
139256
71525
73948
130978
121360
786882074
190911
124127
248770993
144626
139800
104336
117877
152747
214672
3163307
119089551
74313
1192497
810217856
79480
150575
2032165
185407
142860
27303322
1141874
56099
3020467
969477
270056
1066732
172572
4703444613
2076861
153002
963641
27768
114348
74040
7168979
295092
108850
147268
120842
164761439
3160990
2379886
112859
3006033
419698
72380
371700504
198359
2505788
286783
913110
58065
3347845
1206612
4351432485
39202
407492
3006765
3295229
1378690
1480032
1107424
447584
3648962
332346
167653
1141566
153133
2862937
11950
1395137
163578
2882148
1152554
2992480
2247211
152298
531533
133912
122808
1261619
176095
123009
405156
135576
3313226
143115
62444
3713815561
137913
4703444601
1965551
4348290729
184428
404810
112653
280166
1159937
240377
104184
53461
119567328
400311
1309642
152279
156986
1550595
2674904
2448882
91734
1224499
168992
1804307
1107355
156575
3327682
2906364
171989
1357320
3251667
153713
166728
1404333
1355581
1206478
3154524
83124
188217
1067724
102271
1269568
279225
543227
2755618
151088
139346
244081266
40218
1472876649
1591241
1107263
112653
114368
1550590
287072
53355
1152554
1107425
164191656
2939672
1775054
145413
1223664
126439
141112
3349936
7405
145286
135582
1108014
1236013
1459394
89257
2665643
2316596
1814965
90813
2521916
76352
1227136
3243586
172646
2452671
279309
1351548
139540
139641
178737
55404
7423
168853
404200
449220
78763
3238668
135559
146455
3359677
4629949172
55648
1078979
102272
169012
2403848
1388016
58974
331414
62484
114368
1309662
62768
2185366
1004068
168183
90793
271970
133914
2958206
280295
456981
3357223
31248510
44807
1735473
58169
2013699
1269468
76467
2106627
7453
2952928
3289689
152237
412070
54535
3020545
153037
3087985
2606649
131594
58388
443174
190862
2665643
280372
145766
23074728
128131
391194
44768
44189
166728
60244
244080670
73956
79480
138088
142863
2412710
85640
1448683
105274
197472
147875
4798638637
74287
1553098
2689536
280502
2947032
1227315
1671133
1240069
240074718
296083
115239
2805691
153118
2259401
1217159
1347158
106704
62400
276953318
1674536
2598107
2317355
145819
1079418
411203
1019734
569470
58894
1685906
319872
127864
542790
552249
106803
1225363
44754
231974099
2743135
156269
2505788
2689687
6677259
1079221
166739
1120713
88823
305639190
1156144
1920539
1166432
542635
153105
207455
68000
1824907
913011
62410
305099
73981
5812085
192784
3243690
166717
912942
400311
53706
26161367
157574
172678
163590
532311
3246441
2067281
1198661
158851
123265
73967
58103
156819
453050
1714886
186988
2032400
3087994
1322070
286937
2673321
1550630
302819
3323490
280622
410804
280595
1284995
23074927
105274
130979
141947
1194101
144326
147875
55096
88066
1084364
186382
217419729
3161406
532302
1165366
536471
90290
141055
1405241
1395126
37774
2478628079
1721119244
148359
139793
406169
240057351
62428
138330
7467
1334017
3017814
137919
190380
1669024
192737
280487
279202
3009719
55575
74154
406474
2273935
3355312
4629911079
159868002
180049
74149
2724049
1475324
1236194
107010
56235
58065
153458
1083102
1268700
122382
1777905
1251275
48311069
3016973
2103120
1152532
224951
3349674
1239796
1702499
416189
168982
153037
2917360
408121597
550625
149377
2034933
1152130
370133195
158902
391455
1043606
3007481
16307510
131179
106995
1820891
76024
296584
1107262
44282
2815401
120704
56252
4670891
1951964
1118870
1043606
158871
55074
80143
153434
550367
3355613
172174
44290
184420
1279979
542785
1225197
252565
142095
178338
130072481
186981
105281
2451580
171968
2952094
1790696
169759
2952095
85685
1466455
2524225
149162
154350
44788
2894029
1354280
122405
3012833
1158715
6837561
27021
2552985
3354238
91294
1082292
415676
1664973
36458
1230129
1376831
370137712
1084364
3015119
391157
114345
1761717
1922627
85939
1076927
149344
2674914
5812080
198422
152615
552247
1067734
161816
400311
91914
1552703
303781
2379909
152760
3220685
2805848
43652
1839460
413194
362413
106995
7445
1108115
223181435
224370
55648
1067821
146127
144629
192758
1082277
2646516
279241
172565
180023
132378
241084
391157
279143
3285636
2675127
44299
124464
153343
324899693
55586
1143167
133945
288760
1764574
2932285
2947054
1159664
4703444608
1145269
145413
1528297
2456294
73970
192786
306394560
2451579
532386
3716089
412712
1206399
281006
114367
114367
58083
152279
344685
1742393
154881
131306
1800608
74047
185260
3328413
913069
71949
3356894
3352883
449587
2503801
2952094
307829
119593162
197696
2952349
1106396
1251040
115250
2187211
152306
152599
2917186
1029018
31941291
6927733
398945
153578
2904809
2451579
74718
2657350
156106
73985
148603
27564996
1163973
48311065
120567
1242356
153492
154941
1529748
1147213
224376
62629
139318
7457
149430
142282
2307251
155637
900363
969459
124535
80470
1223658
551814
1152729
507415012
132596
1158568
1734305
158878
62629
42809
56235
190827
104647
3324666
60243
58112
131648
553284
59049
536807
192734
1550568
1079061
280595
2196155
1151630
2872088
59161
3014836
135559
2146331
58652
344962
138502
543023
3795064
1771733
1251254
197384
136147
1392183
179365
1029026
153667
2417529
43811
1167803
23571101
147977
1426915
342999
153696
969651
206546
152744
2464719
1965233
1669096
964255
93029
44909
62652
270098
1398615
2951128
1361815
39859
94401
106388
37307
542629
404159
172207
55465
3358355
144326
7392
1159234
1458053
534266439
1386967
135793
1550584
7441
2985127
1240082
1937057
120745
152753
3293494
1640637
123292
107021
2470060
1637057
55073
1475324
969576
114348
1772214
147164
4629949170
139282
2200823
62599
963635
153704
138910
214671
145497
276939493
172678
1422335
1206399
760746
153119
242294778
280565
508103259
4703444287
155930
400417
1206400
2972955
147219
142095
120027
74319
55401
1640637
152970
2773267
150018
2460551
1289010
106752
163587
1206797
1151579
156972
139316
139566
150499
1206797
157677
139642
1552660
240377
241073
62372
169034
2515282
2965130
2917918
3018213
7458
3017741
1420628
911844
5750005
149441
2741710
4703444600
152300
550727
149435
1242356
435514
33003571
2171392
1231460
109655
1122554
36966057
21063362
2668913
531524
3020545
3293494
168240
73951
79337
1156167
1698501
1140615
27020
192758
1669029
1777267
371700506
2084790
231974112
3211745
134103
1782064
155446
135559
2208036
2533822
1167513
1751445
138943
1467358
56050
152625
3255202
279418
4798638637
337422
491153
134108
169012
151929
2207892
2946644
3354996
2032148
1999133
135848
71525
1083109
575380
6667566
340746
532311
303702
2425993
158874
2468628
62467
404589
119423328
150034
3326941
369518
2952019
172196
157407
106802
1340091
1792387
1342037
398407
21262495
177921
184843
2026244
55617
139238
54728
1781733772
104965
130943
2673321
901985
3006415
131600
901578
2907540
146444
1413957
1231460
195296
1404228
537257
442736
344953
1418701024
288599
124464
418225
3359872
3359719
1014452
1127158
610738
55081
153364
2755243
3350401
1747944
3016826
415695
4422604
73970
88826
131593
897467
1159673
183749
1325307
119567324
25930131
152234
1261619
2139602
4629949164
57418
1014436
3009623
346397
138332
70279
2811223
3355312
271514
144408
536792
55074
144875
1771718
144785
2681149
152766
332346
547469
131178
279198
418082
2668999
190819
1552703
280342
1399708
3333227
1152556
3009257
152601
72596
37244
1067587
2953076
331414
120288
3258056
149309
2117791
79374
69587534
3331723
58175
136389
2216724
145990
214451
3318889
144860
59839
1924257
3156104
62372
3851570
4308338842
55938
58885
59709
1395119
139375
166754
1792387
1188389
113134
166904
54897
152234
1673426
165479
1260551
122617
1889154
1334436
147109
62644
1077036
90262
192306
3249766
786882074
535790
1156112
1963673
74039
3030976
138328
94436
270098
3009290
104332
3016973
186964
55351
153441
85588
3012422
131236
537569
1440895
357644127
129645
150041
139256
157319
62525
75630
8645
1448696
2882617
105267
2146988
3017808
114148
3348644
90793
149602
550367
83175
1163971
1553098
370329200
167593
2093234
190262
334443
1121026
26543901
536464
222057
1307611
550624
1016569
2798105
1152129
552250
1410861
4016543
378734
1923997
1777254
107014
913073
8646
151108
348849
550625
206543
55572
59874
74317
4703444619
153490
1210977
44319
550370
280622
112443
56319
549470
2917152
70553656
167241998
2349984
229685
214665
302091707
133890998
41395652
214598
153701
1348707
120203
153449
106396
2952095
40545
1019750
172565
55944
56315
149307
161093
4348295445
1152133
145820
1411877
1376831
2139059
165466
1167815
216374
4351323483
169022
419203
550626
286796
975590
2032127
1227315
2632581
78821
1060300
198269
139540
1820891
224374
145095
1405150
56839
157927105
158955
4703444595
1403897
161133
1412652
47554
416643
190811
143145
145195
185382
3013038
3228254
1392609
2196133
1206317
416643
88625
3012404
280402
1152135
2951271
115997
3326960
2804460
116875
94401
3324664
1230369
2665925
121771
543310
3775072
214626
3775063
55657
153127
135449
132483
179547
3775060
1240069
73444
2697338
1684068
154605
1029020
138304
62654
2171963
1547296
126413
162353
1151576
97213
56422
153231
57397
90808
1392622
41977
74123
36966065
969576
4703444595
55121
1084369
3082668
25735371
168585
3020440
122431
180044
54534
23074935
168953
912999
122828
1624675
900995
1242356
75021
1060300
1016588
1176503
62751
59710
1669044
2963947
1550564
547344557
957268
2085598
56906
1319816
2505782
152245
89726
1539375
89564
62410
2776280
1066657
74155
1278736
2861745
1152139
412072
169036
1671133
1379947
1283501
392340
7464
27768
2906044
120846
5404608
2427331
1735473
185384
134054
1206838
107037
178202
1206612
2703209
1217000
126574
55128
52411
279240
53825
454721
2872088
27021
2689487
179366
1120592
1392191
1404156
7377
136372
81678
1540512
288720
138676
447584
153018
4703444612
2932315
151304
55351
1253409
431467282
1157709
2690216
330473812
3358938
1653224818
180049
3009396
1379056
1188511
145760
280273
33003571
1159673
146135
399976
1612961
531554
68009
302588
3097346
2690163
74113
135559
1106185
3317908
3007575
153006
7382
156274
2417529
1467738
136259087
1131673
280555
1335802
172170
76931
416937
1319816
1345754
1777266
7439
145317
192801
975372
55461
1550620
2952326
3017808
3314266
2168714
89715
1111051
130971
1673426
2147774
270098
107423527
1066745
172572
3163195
1200994
1175392
913073
344953
90332
2167656
516775939
1790696
537569
1359759
152239
401161
27593232
966730
2815477
1216469
141971
550365
3327623
74585
1147213
1019741
173016325
280490
1529753
1536462
105089
1084089
240050358
2705167
90780
406389
1127182
184633
280233
286394
2145268
2690438
231974104
216351
2531274
2690234
141112
1230279
1721119270
398947
1156146
150337
122324
1404228
146127
564957290
969477
1106396
56843
1804202
946159
1949374
139276
153429
3359656
214665
150367
169861
1682248
370244025
129471
151136
1973756
2084789
348849
1066801
1934100
370015
1246635
2723258
131328
1210971
3359744
280588
150569
2952574
202816646
146333
139588
1227137
1956850
76271
1666494
1156523
130957
437354
123758
1318214
55619
1959472
91290
56236
280363
145766
1161610
182644
156972
120237
1231485
402221
2157162589
88977
1066683
48927573
2027460
183453
1629145
138349
43984
149991
131017
1078989
241076
3757780
162353
1345514
195294
1399708
562959
610744
412297
357981
295480
1188511
157630
120296
104836
2196336
56028
334547
134176
2171961
121773
2939673
55149
1402749
23571101
3012849
2950736
2425990
1631530
1307611
44818
172175
121939
1392613
3350102
114345
131030
2200824
74124
23542233
3359845
172189
3082668
399747
3010736
40784
57960
4869487523
3163135
131862
1646090
279238
1346668
42481
1107725
180042
138882
270056
135830
56125
56237
8087537
1076898
1180676
1940314
2009736
166718
2185374
1920473
2830233
402751
59974
1068067
58049
1672628
135558
3018141
145779
1231485
127309
149455
438171
2389061853
150496
153479
106469
141969
54533
3246442
74152
132492
1293250
150133
2952813
195273
167659
123009
1405115
2399784
153128
1029017
131226
185489
2815484
6838718
2127079
150507
1640522
240106077
106211
121027786
3158106
1669029
136333952
2141759
58652
2947032
2807559
119089561
3309232
153785
375589
3778630
1473474
278477461
153603
137968
139503
2395867
41395652
114359
2440455
1225218
152750
172204
145413
3320809
54531
1163208
41243
157407
50046
2697338
29277817
157221822
240074382
179475
116871
1289010
539651838
26161363
1283657
1029020
4703444590
9070
141913
61315
2506300
3009296
3007932
1745243
76910
3023076
1284869
1208545
3307621
74796
1776915
115165
1151557
2787926
1151569
180032
132580
39152
2952493
44909
180048
2862911
27365302
130980
602512999
2425986
3218318
2741711
1395469
125634
2815585
536125
1944556
569407
167699
2955003
190281
6837723
550366
182644
1405131
131335
116874
29277817
655969
56050
1520612
2105525
271973
336819
106507
1952549
5400890
419500
3358738
62400
146010
1164840
2598542
147973
1176503
2094521
1759477
89780
2084668
55909
145497
121027781
3245104
2460523
2563285714
1209817
1283520
2698742
153013
141998
405156
7405
407285
123279
1059685
1231406
56117
1348650
901985
7464
166768
3329208
1553098
167682
106716
190333
1800742
1166430
1083010
3360429
331463
150573
144873
279249
120321
1842527
4703444602
144676
153018
2917171
153702
4703402618
1120709
216272
1003358
146498570
3992237
1529412
1083329
54804
415673
185497
3350280
4629949161
139326
1230279
152237
3256204
168851
74135
36966069
129814
902349
3246491
90689
3318382
110866
4703444610
869576948
2952481
231974107
3213219
1154757
6837726
190362
1387962
324899691
3307249
36966063
58652
1163977
152749
1539723
1347158
1682248
2917166
1255333
1082292
158403
168982
1380223
131195
168006
3325425
62453
131594
3160688
27303358
3159894
1775691
131327
55869
1154756
1083103
1267391
158863
175031
47796
1776249
62269
43747
171968
2988827
370078954
133945
120846
287072
252551
1231310
138679
965761
135558
1122557
1830913
552249
1106819
3663542
2050519
2815568
139774
508103287
281006
11950
380346
1362003
2073151
193054
54714
1141567
150488
2265860
147464
1361450
447871
149199
447972
3001265
42907
188185
74047
4642463209
3011446
56009
358309
7415
107040
1231762
3258115
2596323
180023
175031
56035
1141681
1734929
249399679
2893622
138297
1259088
172676
1792387
51529
153800
1225794
375668473
3331299
152292
1179644
4703444622
58002
150546
74317
153106
2438231
1259562
138894
1998320
55945
168852
2954314
2907537
184466
2668824
153504
3349833
2013699
171971
402056
28215857
62525
969358
156967
1082277
167608
370134561
202905256
106797
157306
2741708
1379335
1828593
3354596
2524314
3017000
419913
156819
106798
153719
206546
279279
319872
153240
2670303
156563
542793
721570
62340
76271
155445
151112
2917182
2247491
3009719
1154832
4629949170
139800
1842527
869593771
3235880
153457
133767
91294
969651
533817
192784
166905
532300
56250
416656
2399780
1067767
62652
377017579
3256269
55575
55389
134034
144851
452648
1402709
1380268
152229
145875
52939
3778630
57988
1410142
23074725
346134
131283
2954140
270098
168183
121990
1360062
74796
1111044
74045
147299
25472086
134141447
1223740
2674666
88613
2950867
6838718
171963
161782
339887
253750
178748
144631
1311341
2833528
104759
110194036
1066917
114347
4097659
271973
186981
2772008
1188419
2752783
54784
1263319
3396084
74154
61423
1188473
2050278
901588
1405150
55719
2953198
3008257
1206571
1084372
2105378
550359
2513111
131862
6667566
1813385
90277
1361845
44915
280609
3160959
533709
1956850
1547300
104650
1066745
1206572
4422604
240028160
1156523
2177161
58083
2505979
144844
1395465
1106183
240099245
1120711
1874847
71937
2016768
141135
1615610
153439
179550
1141665
62631
422688
147142
414794207
231975489
397157
120148
349042
172206
201138655
27365302
74127
1152532
156948
7409
152295
1019750
1681788
2862866
44200
1283513
106782
2425993
569407
192801
119008
47504
152308
196240
550360
103599
438344
418082
62449
134067
43872
51490
106211
415487
62341
550088
1014436
531409608
1076369
190861
2804541
198433
55147
43989
206545
1342037
62717
139791
142308
1964167
1964164
103076
3358663
3014764
3218921
120704
2673506
191528
946158
3358836
2032165
365307
371700504
3757780
1392183
1390849
85534
369838
419517
134141448
1940362
1452155
149991
44282
139793
2524314
108850
1629146
145746
134095
145223
135410
149162
3330596
280611
4703444619
147446
1080402
55315
152232
1225218
105870
149345
62629
62590
45589944
117877
2952588
192781
161366
2772008
53838
25735371
3012374
2888417
415484
114955
114372
132568
3349833
156737
1395137
1131673
542638
1113143
57954
152508
550624
271110
3348644
534266441
120114
1271150
550620
224384
269538499
305640074
131885
172597
3247678
68013
1701436
1342040
164937
180022
2954021
3355418
152249
53860
195294
173016321
279351
369838
153656
179511
549471
2427331
4629949164
2848072
44145
152241
508103232
1395465
1740406
372678217
4442556
2862911
1216469
1395104
1413399
52343
8641
1477717
110019
53845
536773
280605
57516
1767434
130884
195827
3221548
214394
2692156
2317350
168585
3246452
1019713
88580
287938
550362
106521
195290
179180
131187
73999
130928
3358663
34719
105274
62590
1151557
532765
2131942
3006112
44917852
113377
55578
2952376
901577
18000
1216406
120451965
3018956
2452287
119089549
122808
144667
2436519
1164653
105278
161816
1682248
1167795
1803923
144634
3159894
1395135
4629949170
2952105
6837681
89859
543082
1235992
2917166
152615
62630
395658
4703444598
1550556
88823
2451580
240062631
180442
1552665
161950
148841
74386
44971
2804461
1156146
411190
153437
305099
1019746
172591
178202
90287
178176
55670
157927105
141892
1278326
153441
155941
454716
135879
1370746
56097
1404156
139089
1924257
1426915
55152
184840
145151
7442
144873
62630
295092
3347359
536765
152620
151090
146498570
104498
130140
35573214
54816
161950
3009257
224363
454716
7112170
1777905
139269
2646485
159054
1130433
1206408
412436
3156192
552194
2139059
107075
305640275
2805152
1079416
131037
58169
2016013
2741710
42955
62381
62761
2952556
2951840
2793045
74040
1620629
413141
178338
151929
2066785
42672
2460551
146344
2950675
7458
1236093
151104
3012360
1259562
301829
1872673
74022
303940
1327628
55584
227232
1877989
192796
107028
106481
223407
147267
404589
177415
2825993
145418
3218955
58181
147173
417365
115185
3087983
53824
130914
164761439
183750
253832
3251416
2963947
1187157
1959489
2108121
3020144
2196336
26482940
149995
1154546
1165366
138676
89395
27852583
55459
279351
1067576
5875927
55860
145779
122703
90689
2950481
1465162
155947
1529748
2665128
418783
1159937
2108121
139774
2892477
3007586
1539832
123282
267762522
3140016266
53460
252645
149432
1106285
1216469
172192
46085
2741618
453031
552198
2448882
145095
1395104
282525
3359627
1420601
3359695
153116
1209821
227232
1131963
1263704
1894502
1143135
158868
122419
447597
280564
2145735
1777267
106707
2067281
552195
2552985
142106
145759
516775939
226903
185260
1433703
2673492
29989621
173370
152314
202816646
240393
419550
2787926
2667807
109754
2580605
1074553
146610
1230206
104307611
1149250
56400
3008436
1420601
2399800
2032132
54725
114854
5746665
1204465
547511
60199
1176746
88638
145779
145823
1130433
3218955
7411
165794
62430
1223723
335495
1281207
419190
149714
166806
306001
145252
145766
417365
151935
1078989
188231
1116471
2135921
1624675
1175389
276905
145789
1673977
3247647
106959
178737
1682378
1630104
542636
1107394
162109
1983629
56236
1244004
2712154
146629
58658
131168
112405
444400
161128
56451
8641
1283449
1792587
74039
2997071
2723259
179511
79196
2411900
324899692
288756
229786
903230
1356925
7464
23074930
3326609
135889
1673921
324899693
172199
2759370
146010
1231314
3020879
507415012
2022530
196159
2973029
122899549
52343
2445563
105278
55166
61423
1949080
58184
898338
279188
1079418
1748162
1176777
88607
4347988419
2247211
40767
1150955
1107398
112143
10187
2973029
55575
163602
142703
453027
1079418
185504
167679
122370
532303
412712
4703444287
161991
62372
149430
447871
1948194
1106408
342627
153714
2690163
536790
3309578
897984
557822
97216
1014065
60199
966958
1229109
2609539356
1149451
4703444594
130948
279240
1107393
971023
7462
2066368
419550
56294
148182
134188
108849
109655
2953046
550090
73948
69376388
130981
185690
186382
280254
457009
197696
1106291
179511
279323
3331723
74496
2196139
114843
25930131
76024
2812110
2812075
155957
74009
2918481
165504
2513111
1342040
912999
54725
33120283
58024
62418
1963109
2403848
3161168
73956
153977
1704857
1612961
1998320
56204
1161612
141234
1550590
120136
1166328
3017808
2084803
37244
171980
54767
3074390
3006415
58686
1942809
173016322
279279
3074405
721570
7455
3162738
1156112
214451
131179
156231
85609
812072
37307
1021584
1682378
172628
1392201
1804202
52395
550370
44741
3087985
2759370
1067788
1253778
1395135
175905
152765
131187
192835
1235975
1467738
153824
26528071
4703444593
145858
80500
53803
58102
163584
538363
161128
2092350
1028986
137776728
3212258
144788
104982
2689687
152995
162014
1920087
216374
145941
2415761
110008
145612
50046
1878201
1206590
224045
146213
157394
1084369
2951328
1411877
156967
2015121
304938
2956612
145776
3159894
120752
153364
277559
153109
132580
1550553
2264749
190823
1158717
122381
2351743
1159237
1216769
1140615
1771739
1016033
2690234
131254
1379335
153420
1223658
1309662
279420
1067724
74823
53805
150018
8652
231974112
550371
3879783
151128
7437
138305
3005198
280611
3332889
410820
1161682
121027781
357981
555358
3324664
56252
134129607
1252276
1685488
141625
180032
198918
1270912
3235880
2915650
231974104
2313658
135560
1255561
136388
158863
4085749
62644
55159
280249
538363
1550546
1216468
115056
1154832
150008
135560
157754
2416265
150378
1206406
54788
1107394
224366
2425988
3163548
1188386
120141
172678
1151627
410288
3324640
153838
152997
156393
2442881
74002
269921
1465162
145813
287083
2675270
348849
114923
1163208
180022
3009239
130943
7146560
3020470
3045482
2672050
1387273
3349380
104754
3213219
1029030
1127158
102268
130978
135410
280405
215693
224042
152242
69183
124464
1176744
151103
68000
145831
152311
55580
134108
197564
3218990
280528
3347910
1390434
4703444615
542635
2995467
3248249
109933
145823
148838
131442
3247678
971040
53662
6474878
153049
55185
1152554
4703444620
149429
237385
123393
1016585
150576
73999
1539723
2355168
126281
90786
121739
114942
153135
148043
153115
132428
1399708
115218
44145
897495
180043
56907
74111
7426
131306
1203009
1209614
1164653
245711197
2646310
349027
3006243
1016033
3246447
160885
1934100
133945
2431261
7405
7427
56035
43933
56290
3159767
2956632
79374
90780
97216
1640521
139256
237691317
80348
45104
56035
2713676
252645
3359862
286797
1674110
416063
114843
2665643
144626
271975
1109200
153715
137968
416189
145268
1142934
151112
456813
152749
2675360
2953357
120308
1843107
1964310
910707
151119
271202
55074
1279573
2247233
139641
184818
2434268
65606
175035453
135628
3529725
2452272
376544
55459
36458
77677
152628
75618
152313
114366
149727
132506
159868002
58024
2460551
88850
55431
2815538
75618
280618
190789
372366515
74011
3301368
56366
151929
536765
178009
2674914
184433
74496
145622
370131193
398947
810217856
364654
115006
1395273
43981
153617
2954148
3161168
240053395
148039
326287
298285
109752
28322
240074382
3349930
304934
456859
59518
4703444620
55572
2671314
1083330
2917911
146344
1106287
1392201
123265
305640074
2316593
3008213
1312553
400417
1611887
3249766
145274
149198
533787
1416560
3008857
76910
306562096
2798353
1342813
181703
139131
167593
1747944
2168714
58143
1354664
163602
92949
1405241
1825877
167704
153050
1513057
90259
3350423
229786
58206
165075
419488
1942586
241067
145158
166563
1450080
449696
226968
1333690
156948
3354222
195296
57856
74166
420261
136454444
122808
158957
153614
2307310
2552450
2957904
35280
40452
2375172
153490
344342
134129607
106802
2691169
57954
2809659
1156582
1073957
1459535
227228
2208031
74823
384536
137541
27564996
23571101
28699
147104
172170
1361505
1107350
759198
1312553
122841
1106209
132585
88607
3347359
1479980
491153
168850
1231762
115074
1395355
132342
939961
62631
1602787
40218
2413664
150570
2665955
2050519
240074382
40969647
144784
137780740
145717
53706
1175448
146010
1167368
1004330
4629911076
3342023
147008
59839
3018438
74143
74155
7417
97216
86754
1204574
153490
2443354
8644
224383
1963115
42278
1352398
315173
3817704696
128151
28322
2162098
90290
216359
902344
1420351
7428
150394
54777
3359719
172599
3333238
4629949174
153126
97216
3317908
186382
2092425
153418
2814103
153458
3018649
420687
1107421
1067834
7458
139237
56085
72196
153278
3357220
158862
1162541
1312553
550120
2067286
47796
575380
1701436
54701
2206549
416189
3359840
279317
2812109
552255
145743
2436520
2989154
56319
108083
134095
184633
190273
216217
1028989
128131
3315892
1392619
3018808
1245224
288719
76359
74319
1223658
1106173
138891
65606
90332
192778
54814
155947
153019
324211
1204665
969576
3331299
150496
114357
3018477
1066732
62630
3329911
1028988
3013621
1236000
1289010
62636
241075
1223833
3323490
58404
3349820
398950
179509
56250
178380
1776943
56117
966739
2566603
131013
3158089
3323227
129471
195267
2162098
62629
1291402
161650
1122560
2178623
37336039
54825
153737
139131
190862
132422
418082
55946
3007485
43890
411203
1208546
131889384
3017029
149027
280329
3058686
153437
126415
168006
3356984
4181494719
1972004
288756
112859
180038
62411
2907649
134115
111604
156104
190367
280512
1159673
152628
398693
136259086
964519
2953347
2090949
27308737
2720897
36996
349048
3350423
121497
2108882
1145295
139098
137919
1179644
2657331
1255555
185404
134591
1380268
224379
3285636
1163207
3007853
2952376
145252
1686699
104915
786882074
280368
74113
2505979
1069702
76264
3358920
1213659
68007
2531584
1210971
1271150
149602
443174
1216608
157753
44884
74132
150387
147968
280580
2674666
1889339
104754
6474878
121511807
114368
169013
2403848
543309
55637
1403918
280166
25869574
1150943
398883
186968
146297
2952361
139311
163614
58404
186984
457009
2369652
180042
167680
196240
56203
58879
1430508
3158042
1067788
4703444286
92277
3008857
1157700
975778
114872
3006416
3258140
1440895
154391
151120
456972
134103
1940362
1083109
1682891
1965226
1745232
1059671
123009
43806
1175569
552196
147059
139334
138332
54870
1066683
280580
44364
145762
3152830
49915
1312553
179365
55460
3328405
1363697
44940
103799
144408
1378690
1282528
1767434
120136
149182
2515282
391187
2456288
41256
40137
178338
16307510
56401
167652
147164
149429
531480
150372
1625798
168953
3309232
374900
1084793
2690419
178739
27303322
1456770
296561
3161168
1395142
55562
288755
134034
122703
131300
43512
130957
305640005
145268
1284789
153621
2882617
149182
195296
231974104
152313
8647
11968
280442
2553300
2804671
571099
3241725
3009223
964557
288722
2728542
180039
153493
214394
62504
280564
74847
2317346
2681149
133861
197564
43933
2757697
2917911
1179321
151119
135628
2317362
3016826
1529409
3020761
1842563
6566419
166807
2958206
153292
167704
1079343
114923
1319715
139231
58068
30305
1401303
2165312
171960
7398
304751
1244795
286780
241069
2547697
1792372
91278
114378
152628
87328
3020144
54732
1550553
55154
53422
3020467
1176782
3159826
132451
155468
1211875
152308
2265860
2563295942
178363
1405131
1761580
1702421
345769
186579
7415
35573214
413194
2689482
4663238347
4703444597
974189
1550595
3720376
218896605
1161664
1216719
370476571
3321090
1346719
135860
27308495
1435635
1016559
2959850
3013038
23074720
73283
150367
152292
1245011
1413399
3355699
404815
1347195
1861519
44807
398673
153441
271110
117869
132422
456781
134068
342792
172070
1772952
910707
151075
3296957
47504
106255
456985
91246
1361167
2196135
153566
2355168
153592
1231461
2950160
74386
2097692241
2128285
146346
280406
2712154
2087180
58145
304716
279234
111147
428039507
74823
55151
1127158
134065
58405
126354
148018
1084188
161782
137913
134028
7168979
54773
3357549
6678712
58112
139290
1922120
286396
3087156
70279
223647
2440453
120965
1142929
1167815
3023050
1164698
153723
145780
26487666
149345
2668633
577359740
132493
2610683
812072
1106183
197472
3018213
1547430
105281
138389
1277479
2085598
142193
184633
126561
152310
185401
192777
42568
2307315
2120626
1395119
167679
3007586
55171
269659
3218318
1332269
56837
1745232
2955003
62444
44741
1243070
57959
1227136
1270518
1748490
110194036
46663
3309230
1162680
1120701
447983
165476
2580605
90284
36966069
391220
2666886
136392
404816
418967
1206568
1066745
192829
1060300
151327029
1550562
120136
1379335
3047224
542632
168240
61549
23074930
1942168
158419
149441
138297
156299
7434
225494
74140
1628147
168239
280517
122374
1150937
53937
1999150
109878
3354071
2175078
145740
2665955
26213889
296584
179547
531383
151234
119008
1334824
1826208
964519
2084805
24535523
2972852
2755499
1457019
3285636
550358
165563
165479
1342037
7155943
271973
4703444621
2369778
74039
3358613
62559
2178623
173299
1547285
53706
2633746
121777
2171405
2132500
2425989
533705
2918496
1620629
267762522
167609
1777255
131411
134161
551815
5815685
1741406
1249595
2762871
55681
1640529
62652
3017296
154027
178351
280325
3015417
3870502
56366
4085749
53351
104333
2032100
120236
535828
1161683
2434875
54534
400311
176885144
79186
279228
3014850
53462
146468
2108121
3298537
185382
1084188
3347910
279358
170579
2675360
56009
240393
1003358
1956850
1242255
90259
3158121
56035
1433414
3349631
2207892
280624
90773
1339877
2027521
139611
1014412
3045482
142182
18000
398673
104374
531619
2917152
2628521
55657
2137636
6038068
3349930
5610766
536788
1748992
133147
969362
2449429
153715
3231218
261657499
552194
1828388
1395142
536223
1076898
114367
2939653
969651
1550512
106437
62370
3777290
81678
122405
373841
43826
508103282
3007509
2850582
1268502
145751
1973756
414315
149430
965617
1435626
1402718
3219170
3140016266
114357
1433414
2725478
114351
550089
2743050
1243833
3354254
2953367
4788218377
3074390
224951
2259401
1227118
30432487
404589
2918489
1154833
114993
58380
169022
349011
92956
89395
7393
536475
73986
179549
1188462
1216397
149997
166733
398716
760746
166717
45401
2917313
149029
88850
7402
1167367
1402724
946159
152230
131333
3140016266
401820
869609474
1116472
148551
27593232
108887
3353156
58198
2414647
139793
157292
40671
122907
123327
2436520
2951840
135604
1231460
214885
16307510
55338
1164621
7390
3790801
1950884
195297
87565
415675
2179568
1772952
1740406
453031
2265849
1395273
195444
122821
156274
176021667
2763541
60243
1149250
2825993
1176758
3348412
74169
138895
240102963
1922120
161645
1188393
3346137
535774
76909
56145
1014063
74050
2953192
910703
2451375
153667
2846508
1106824
137541
1354393
55653
74569
172216
55192
1227118
28217742
2460463
1303516
898051
2470060
2195076
168233
195298
2923822
2952388
192781
54813
153617
5812085
135879
550086
190221
2804771
184818
1250113
357981
3225945
104730
55148
1165370
2665233
128158
74131
2951545
963190
131838
179364
1076898
2426688117
162068
58144
2718490
1952636
965756
1166327
2814001
2144520
1360062
87515
1386979
123281
419190
11235057
2787499
349042
288592
416640
1777266
123312
62630
56049
59840
280190
2401505
16307924
67213
3864712
305138
3011925
1141918
1410861
149025
148182
1214215
2465165
153800
51701
122383
2307235
402751
3006416
1745232
543228
107358036
910711
2764712
536899
37774
115401
2956062
1352398
1206400
176173908
83198578
138806
168852
398942
1552661
74790
288599
55201
218896252
147008
1872673
1433414
3331052
180022
62403
1889339
280190
4443571
4703402615
1145290
114690
54531
2137477
153661
3246441
1107723
153743
3793581
153107
3355367
167739
74807
180030
62691
721572
1270912
69182
1109200
1647567
1116471
120114
83124
178338
3348769
48927573
3156216
3007383
402594
134141447
114366
7398
138739
1539722
2434268
2438229
1261619
135830
303940
145286
2307310
2371819
1116472
3234092
149335
1156585
543023
152628
150546
2915674
55831
1160512
126354
153697
3018476
1160505
128167
362413
1331311
3354994
296584
4629949170
142095
1539376
153126
531548
2131524
2688911
1401638
76835
39202
172202
150496
1225218
2989219
163601
2105525
241069
152279
531529
2672323
151082728
154297
1383413
28699
74942
1318214
1240194
45253
1142929
288762
152604
3327208
1152729
192795
74038
119423353
296561
1383413
167587
42284
1079414
2950430
2691153
1952549
3671049
2808146
1851826
231974105
2355168
1176744
151641
412377
115063
1197765
1152642
150397
47036191
280611
30137197
1164845
53803
198268
131254
7466
58102
153092
296561
296083
3006112
1829065
138056
156563
910707
168181
281006
271108
913011
153663
148841
7231014
2050278
1772841
192830
55904
152983
120516
1167368
1107423
73975
70514356
3775058
2609539356
1628355
286937
1079064
3354958
141991
74806
111721
44909
55208
2804541
3011198
74017
107091
361771
1291402
149999
2826006
1232838
1999114
2816901
869576948
245711197
136226
1473474
147109
1216406
3256084
54795
74823
143137
1202314
971033
149997
390841
536173
390867
1673887
168183
114872
153019
2573997
159060
7422
3019951
149990
1163974
74001
145970
23542233
167741
1067834
2951676
58388
546937
3287346
121716
62531
1289084
120027
55077
371700506
149342
1547702
2812110
1179321
130949
543231
134103
76072
1223723
3161406
143116
2713484
56132
153006
58686
965755
1934100
3354399
564957290
144785
1284382
1079061
111018
55166
54801
4703444618
445970
1187266
3349934
2668838
2145227
62650
1206590
1334216
3349604
1142929
448658
3009296
419190
93281
165794
1154627
2307251
106291
120451965
122815
3339993
1159937
1410843
131297
62467
1143143
79196
114362
180047
153677
131187
531533
302819
7388499
1550548
74166
73911
146334
2442881
4642463209
3012374
1999133
1135408
42481
1268595
2690234
2438729
4703444286
57818
1278736
398942
2956062
61911
241067
58383
58072
3016857
153501
1143142
1255333
280372
1361167
306394560
370131193
144336
1805044
279241
1079069
242397
1201656
3329208
139778
1227698
153343
1320707
44800
1824937
43978
4629949162
123758
1236093
3006415
74007
2427331
276939493
279245
138864
3010987
1077290
246673103
198770
297758543
27308486
2952349
154881
2497864
139231
3357709
8649
2084668
1059649
7434
2280261249
2657332
59049
224374
2918444
1538255
1322070
7435
969643
416648
1230120
56050
2027973
3317381
4491048
3295975
40442
132506
191696
62340
1550629
1151557
131335
2951183
190328
4819615
1550559
1216407
2741708
2956538
162115
179240
153603
2019939
145813
536787
1270822
2798353
1842151
142098
55106
571980
172575
152293
163577
2892459
151124
2915660
151672
229395587
1231404
2127079
1332064
168022
1683619
58207
73967
3330596
1151588
3987424
2915709
73283
74052
1824937
2456288
404144
1794561
301079
1359759
457016
453025
120235
2755966
36097
54737
3289820
969643
44807
138300
114375
2992521
50371
152615
153480
542634
280595
1187382
1066853
112857
56076
184432
349048
1265999
104975
157772
1188389
3218955
1378841
154504
411203
147219
41946
56252
74818
551833
280390
1777967
3007586
1145178
398724
2456294
2433239
3019382
184431
54767
3348412
214787401
2084789
162219
74719
133861
1431094
226966
1761742
44364
1325514
1151470
2904797
1776249
1673921
149803
1150955
56109
2092350
141868
59877
422728
1107393
87922
912999
153567
138305
139276
1332151
120237
51477
1431094
1381350
2043639
1084201
1637045
138741
108393822
138679
62599
107423527
26225
3359694
192783
184506
1188511
2666909
2717712
2171963
168998
153482
3349820
7383
62149
55724
2955025
150545
2955025
969479
399906
73975
1773030
3219170
2015121
1120713
1106402
1630104
7419
1626147
376544
2167844
1874847
6837681
241084
154382
1223740
150023
153667
1159663
4629949161
55248
2461386
102480
226902
3289820
117651
536794
1964153
1829636
1151557
68066
1188462
2804541
78619
415693
107085
3958665
130072484
158403
150417
123302
7392
1298955
141970
1144794
55945
153490
1387273
47772
76359
23074930
1289193
446049
2564500
1293250
152599
121497
39230
2267562
1392123
897671
131309
123272
1175569
55401
192784
965765
398863
197609
1060123
147968
139231
1539832
135598
550372
2919649
1433414
224363
1650684518
1019734
149428
3285636
1060610
88799
279345
404159
55726
153153
2621967
1824907
74174
1269513
55877
48311069
121939
36966065
2808146
1150939
59149739
375216670
1855926
44299
1750339
413194
219518270
1540512
59551
280341
153479
85956
1395469
373841
1965556
422689
106211
184506
412672
3359744
55826
149602
89780
303702
88066
157394
2026303
2074733
132601
136488
312144
88638
185526
373841
55351
447862
7388499
1347672
156561
1395119
153713
114339
62372
139330
224366
132493
1108117
2027521
62713
31172722
2412675
1374629
70514356
571747
62599
4703444600
150018
55261
3350111
1067262
341906
1163977
129645
16239
1457019
2915711
1107395
3156098
153719
54777
222057
133890998
180025
384536
1332151
145743
2730708
280551
147074
172202
76263
138057
145804
133904
287687798
114771
153092
1734929
408121597
1413934
451042
6076060
113532
3009348
531491
419161
1107354
56022
1973756
1159669
324211
457020
839039
2032450
145817
3218921
153732
2679956
158288
153434
54194
88084
4629911079
558158
288601
2848213
1804202
1348560
73444
130072479
550620
166754
398942
137919
1339877
3013630
1806492
456971
1159937
1154627
1142934
1079061
153605
8641
919417
107085
282525
145207
341381
104754
3258140
240029417
287494
391184
83175
55719
412148
556075
139108
152752
1746535
158262738
3006339
122899549
137556
113541
1160504
1080399
145740
419203
1194075612
134054
1106287
364087
3351055
7376
280556
62591
3321893
80500
134095
135600
1152556
113395
144663
3163068
137944474
897495
173373
131783
104762
270056
6825777
1206571
149335
137913
965776
23021291
370131193
334547
413137
2757754
146010
44012
1959492
148018
1106291
1014063
135558
1216448
197698
163592
74143
1156067
401847
1269513
3323098
453042
803018184
2521916
2947194
180032
2049400
150545
280333
2090949
279147
1319715
74792
31172722
2954508
1672402
2399780
62772
55575
286937
170486
1253407
123363
3020069
1107261
430739591
404193
1928333
3318845
153017
361771
145268
2032864
58395
224363
138894
536795
132525
26528071
144645
190359
45916
1230146
2097692241
102905
141234
2952376
120580
153707
41842
1413957
33003571
241073
1322070
184523
179272
1106285
442739
1468000
961595
214673
1232837
131300
54919
2690163
346134
2103532
2144405
3228254
3358938
74088
3087982
1167522
54852
420676
1361816
2081686
120580
1225202
1383413
186988
3020516
1179645
1151471
2208659
3355695
3312470
25341887
57963
73986
1019734
136488
40767
1060229
1958982
56109
2143354
551836
156605
1963109
56159
172639
129814
47608
167602
3354571
2805152
145153
122374
134591
55291
43584
1149574
1107288
153691
53422
139316
134183
185407
1942601
3327158
165479
226968
231974096
3020571
1179322
144782
3775035
158955
1339892
965620
288760
2953046
416184
1141865
149197
62369
1392613
198433
3013621
74806
188409113
132428
451516
55289
280554
108990
2413663
1920087
170555
3245104
104965
1539382
1947201
148794
2316598
27308486
62449
2200824
543228
1772521
307833
131360
3795031
2950581
56241
179480
2808164
2947170
240036844
369519
1242338
56045
2952613
104754
295355
54194
5812085
3009722
178009
4703444615
1433619
138330
155009
2952376
1161610
141971
3347731
398944
122821
1016200
401160
2436893
2798531
6956667
422728
2989340
161838
159054
1224652
2755965
3256242
2952864
141892
102269
1201020
1320176
1942587
1152129
3356937
7373058
113919
62422
3331501
3006033
1003358
417327
3007486
1028987
3352782
410256
78821
1792374
1947201
44766
90412
1161683
3087984
153663
150034
120516
1479980
190380
54864
55291
1452155
138675
3358385
1269468
969375
1637045
153806
86048
1998693
127298
196240
2449428
242620
2950867
172639
1395465
131362
287077
1999099
54864
2907540
44164
27308495
102505
153707
115056
3315955
2084706
58039
104177
2315704
74166
149377
3019848
139563
123363
2200823
280255
3247831
102272
40545
571970
1682248
162239
27309369
1142934
913374
1553735
78593
1402561
156272
62422
610744
1346852
3018808
1685488
154109
114910
3007014
3315892
142108
144725
74132
147108
129645
113764
2955190
97213
2692254
3354238
2084658
1197894
2665484
1376831
149803
186977
151110
184424
3333227
192318
55591
139559
55831
280442
1003538
1410703
1650407
87515
279201
2415688
1152132
89726
4629911080
1106185
54813
44807
1354337
2106909
168240
1792386
3159767
55884
964950
109934
185380
3778629
114365
2691169
1014449
2401505
1027785
1842150
67213
148027
114027
3359615
1210978
1351548
185400
131603
2720897
172196
370131193
3012244
173370
3020166
4703444622
3218753
1141681
166807
149430
147108
3020144
1627497
121027786
1083109
1401576
3219160
423228
159010
3352883
538363
7423
175905
1213589
1361167
1155956
1014067
330473812
288727
969360
3357712
43747
1236014
1204733
2957904
165563
1106819
146472
131603
133960
2109291
44959
3333246
408121597
79191
113358
2429523
1067587
1380948
1187384
115286
1550554
62581
1355581
1164840
85640
126413
138741
122899549
134122
4145201092
119581351
532353
646451
140253
2689482
2013124
151689
145606
1870135
1106290
139528
3009194
2564500
131272
114944
153806
1206588
73967
131175
134033
151097
404940
59049
55637
2452669
226966
1698501
1361492
5812083
910673
1154551
3314276
2322446
46085
103807
1869355
1940319
3630439
2965130
913006
2691151
13234283
2918415
79648
3013005
1067262
180031
1231762
279194
1622687
1194075612
130935
1964311
51490
107402
2671799
128167
1842151
2067286
231974114
969459
2665955
1076964
58380
324899692
134106
3324254
413141
1858224
7117066
1141682
57992
1066266
153493
73948
480307
1682378
812623
1538253
287494
195297
1735485
195270
3076268
102269
155947
60186
1167803
1664257
2673889
398997886
1965265
1240307
56319
1375910
143137
344953
74009
68000
3245104
910727
39202
109382
1084091
59149739
153497
55128
536794
1761717
287931
286395
2027869
1066475
1801075
305640027
577359740
131597
2193837
1550562
550120
55619
106797
144851
40857
438171
157677
1175407
62745
1761742
34917
2146232
121715
158881
2533318
1084361
298285
55664
90328
342110021
2951328
2412574
2216724
1059660
144844
35183
2032396
2552450
153756
1430508
270265
1107738
2195080
5815685
457027
1404333
1922627
420216
280534
2952103
1059685
910704
1066853
55860
150368
55399
1016603
168023
2990683
134107
2379886
21063362
158311
48311069
812310
114351
2015297
3017741
1107396
55945
1176776
543023
3358836
44012
166753
2589843
4703444599
910521
1083146
106951
39837
1179646
62591
1255237
3152838
1266960
161816
1066956
1066956
1379215
1362084
2247352
79639
33120283
2679956
1197613
1592502
1156067
1418336
44143
1205479
2860044
180451
55059
2924862
1079075
55460
2811698
2148431
44800
1121033
1320226
1150941
347950
180046
1028985
398945
1197613
447584
145989
47608
1831206
73998
304716
1726294
126354
280532
217419729
149991
910704
56319
74169
1689030
54913
172059
1154627
1107710
1106819
3007324
1944556
1066745
58143
1206581
147099
141969
155947
186977
430739591
142276
1151470
138332
1152132
418042
147006
55877
158861
2449429
965761
45104
366694000
4760426884
139257
55562
2106876
144636
1529753
161753
1826208
7417
1248154
131803
2066778
562958
2989159
410288
3006057
279192
1141666
132585
965756
55338
339549
3293494
155445
1159535
106714
55884
1188470
3986076
157403
56104
897992
456971
153569
184985
4189298057
536225
132506
4703402616
153474
122888
2610683
168850
1179322
89697
56241
4189345
59563
1411877
50371
1015968
163579
1600068
1159672
56004
29277817
55948
28595
2954731
153661
153344
5176019
2805690
149429
172193
410803
21904579
44144
1856674
1771734
109687
114337
2247352
152303
120338
1540524
1333690
2952117
3297062
3019128
5812066
1216406
190789
153092
1309662
42611
156568
26543901
1879617
2524225
1224652
104759
3377982
1965556
172192
3007383
2959850
391178
3087988
2918481
2574214
172678
398724
74807
3013005
153687
106704
1143167
115061
536797
57958
1074553
73444
141073
3327208
2703209
62352
1351952
457027
340611
55486
7379
122431
64484
193222
2399784
164191656
147074
114923
1107707
74317
456781
105274
3349934
198402
130978
4670891
897467
1155980
165475
1150942
3158042
2712453
73994
46085
48927573
1403918
157635
280196
2196171
2651867
2015297
1078993
1246640
153434
553607
123561
121360
104177
418042
543309
3007014
171971
280333
172799
1106185
279206
7429
157407
1141566
161421
503080952
134026
2955236
3156208
7231014
42722
145947
134085
358309
126413
107267
58143
1387273
2379886
375589
56304
2831099
114872
130971
531634
149198
280190
163584
1672628
59049
354481601
153677
6956667
3328405
74829
139256
420674
131306
145743
405156
812072
342563
180904
2997071
1422335
62611
1386972
2918493
78593
167648
2955190
1392196
3087985
74942
165475
2959874
2955236
122798
153107
1748992
280390
551830
3012360
157853
3159929
167741
1107424
151075
43992
153729
1405241
152306
133571
3156234
2954819
272368
4165116689
56171
1227137
55095
2773267
27365302
280209
154964
111031
120965
139777
45401
2131460
142047
4629949161
47608
1395137
1230248
172064
28215857
70553656
3007492
2906044
1477917
148183
107028
53805
349048
1152729
54771
550725
231974102
1872673
3247767
2952564
90773
340611
104915
1792386
174916
113395
2915674
1404156
153663
2247211
2671314
216359
2755242
391178
3009868
55078
155005
1017362
3018476
55154
172059
508103282
1640522
457027
148071
1669059
7442
1078993
56252
106719
56204
456981
136226
1135472
2369652
1965551
139537
227228
54913
3020069
532358
136325812
279225
408105
181040
1013579
280480
1616886
1420215
3152838
4670891
1159758
2954314
542785
2953357
1658233
349043
120775
1420630
6041206
3007532
2536070
53835
571980
2673321
287507
869606611
43761
73966
156740
2952349
3020879
536223
55860
240394
3346137
336075
111101
76680
3332449
231974097
2752783
2956553
2610683
1828595
1376757
1405241
286372
553284
303427
132451
2688911
3158102
2506300
1923764
28217744
1152132
27593232
78821
2433239
157221822
3355613
280280
55234
1639542076
3012850
1120703
1448696
74051
115185
74005
56421
286796
44233
3256084
60148
3232786
153703
531480
27303358
53418
2954980
58177
145740
55464
139800
2067731
58686
69712
76680
35183
192795
1236000
90298
2259407
172072
198376
2755967
1996871
3330279
196161
400417
2200824
153723
3163441
1964157
120842
106956
223607
1122560
1904764
3469133
370137712
139779
224374
398673
2758781
1176743
122628
74791
214665
1206797
1361505
2915711
167659
150041
2952540
43656
280217
1279573
123506
146498570
3310948
1152555
1987491
2171392
1160512
2882148
279204
1342039
30137197
3333111
168584
1145173
2580605
119089561
971033
349027
108082
542292
3338115
8637
1106175
1386979
1376769
1919982
156977
1822781
2128285
80470
2147227
1822781
153143
280342
134028
1245052
1145172
3247831
149714
1084164
280572
75021
60072
287827
139108
184507
2712154
136325812
153105
2340910
3009396
2638181
223407
114690
92968
8648
2743050
552197
3354238
43706
29095278
536461
131168
812068
536223
145779
115177
150008
1792587
965765
2180404
55555
901533
145858
110194036
157635
128143
153135
2725551
2137477
276958564
1405383
939961
448660
2076861
2861745
903988
106314
1423776
2955194
139259
9070
280627
2691157
132510
21904579
57867
1615610
1188511
121497
287077
141972
55464
23608715
3625910
1552703
342935
3010989
1329869
153128
152760
104498
144645
131885
147176
57032
150546
47381
1227134
2425993
549165036
3012442
1069702
3377982
195340
1940314
145624
180027
567267943
184532
1348698
184476
153656
152997
157635
192783
3305871
150488
534266439
163587
130206844
1230369
2692156
139318
1781733772
153712
1076964
198359
1383415
1964167
145169
108850
457024
148034
55944
89726
963197
413153
1106780
135566
1127182
2078292
1152135
1879617
3359695
401444978
2553300
536207
172646
73977
1292909
145806
3006339
168620
1792372
1403940
2245475
1831206
1340074
155987
73967
1357420
2524225
1448718
73980
147101
2951328
103799
7411
150319
900256
1361458
139330
168630
280630
171987
400417
56235
146209
80379
121511807
58446
27852583
2917152
2505788
55869
149803
157305
7407
1206591
3006057
58049
400118
75801
2918444
1152135
3374767
1942816
104725
88832
516775939
2438729
2670059
44940
55622
4629949174
178175
2952019
38738602
1435635
151641
184433
1120885
164209
106291
62761
111601
1197894
55434
2014597
54781
143115
1107425
120700
1240444
1227136
1014470
1198660
1750339
1253778
242620
1337397
531441
1106290
114373
114829
153602
148016
1014017
280564
2917889
1356925
2549937
3163078
123282
26528071
901576
411190
488260
3359656
152426
58003
1175407
153617
135484
226967
1342037
3256761
1014436
3325425
138878
1944556
55565
59710
141969
1290654
1069700
135410
138304
411203
139561
3333112
3030976
56004
1152136
191739
120338
158288
150527
414720
2438230
191039
153671
2032812
549470
152624
171957
1176780
106396
1631531
1362320
58168
162018
145158
59551
53293
552196
2673321
553284
168010
2952540
3663542
70534140
2962339
280496
287687798
2317364
2805691
287827
2959850
2453270
144839
172679
156568
1928217
1146940
169022
552195
158822
1076124
1674666
206547
229395587
178748
190367
154292
345901
577359740
158869
2155862
901578
37774
121939
1823294
913006
1477717
6064379
1209819
1401694
1019690
2789106
153696
1682891
7606486
3019909
56097
104009
104117
145247
447862
3347893
114148
141947
531494
1284995
168231
454722
88604
1877750
1675701
56022
138894
130971
120704
107974
2032098
139342
56401
54813
62464
1084206
2195080
1828597
58185
447584
54897
156561
154504
120177
2954819
1188508
1361460
62646
139561
58049
2956538
3009288
4703444616
74008
1047206
2950867
169031
1347672
166807
90328
278746
2073472
1420630
2754881
55461
1152724
3244962
117634
1043606
119593162
163590
190868
126574
69182
114339
134026
161782
1263319
1361167
62607
54881
88613
169019
130980
3006405
208428926
2951593
143137
280572
553303
7382
295807
3332766
146357
74035
533707
120308
390840
1154468
166753
153106
1157670
74844
143145
138300
43584
1309641
301464
123510
1751833
2668633
1016564
44415
1259885
1402715
2027869
8643
1842185
4098808
3349820
416658
153342
152249
280280
2420076
148074
89771
280412
7425
1550568
2015297
1188462
8647
26769661
88810
1160504
161352
531441
69376453
3008713
56100
1019741
153702
3793581
136430
218896252
3319514
1164651
1019734
151931
153603
131627
144864
106704
1395105
1685488
153105
550622
102269
1539383
2632573
3160990
195825
146337
2675127
2904798
2401505
164191656
153050
3355613
1141682
1224499
74845
442736
536126
115055
151091
2596323
404816
240058050
54711
1395141
1475324
76363
185534
185260
3328413
280141
1412723
1231312
90277
60244
1923798
280481
25472086
89773
3329824
439073
3016700
134083
1106257
172635
1017399
4703444591
1455187
1999099
1105922
1923798
2826006
157699
73964
2872088
53660
129754
104915
3005971
30305
276953318
44749
1346319
7426
113919
112143
298442
1067835
151227
104752
2015121
2032148
74039
240074718
4189263789
55480
2718490
55569
114339
368782
139345
61549
56306
157543
21063632
177907
3247790
6064379
62534
2452669
62366
152749
3359700
144869
1424253
2178623
1230116
969268
145247
55844
1361666
1164734
120251
152617
73973
304934
1107270
1672462
3087983
144629
2448882
3020545
2665925
279163
1029554
531533
157530
2741711
153661
3006033
2468328
178748
147988
177907
2892476
152983
56839
85799
131360
153703
120958
975568
134029
54864
214673
161944
55151
288733
305640027
47796
5937556
54809
1944556
55486
54786
1244795
115079
114362
3338115
2414645
55826
147059
1277479
153499
2671821
62496
131306
1673886
3248309
2755618
131189
279201
145729
3349930
3317887
280295
122841
1163208
153451
150008
57867
456985
3778611
1674536
168014
142004
2954354
117887
21579127
1263704
531449
146007
2533326
412864
383651698
1251296
188218
109687
280213
23074728
56040
398862
1307519
45589944
1411877
163592
6038068
457009
1265638
224379
7411
3320583
43978
2705167
76909
400118
162068
1230248
287519
2465058
58050
122864
153795
55059
2789106
1767164377
170579
180029
55338
157768
90724
135598
47806
1479989
1687730
139793
555017
2317365
348849
910704
1259562
58028
2952675
122617
1672624
552248
139316
135556
3228098
1187267
161648
83818
2950160
1180856
2621967
85689
148182
46260
149995
1726294
1347588
55660
70514356
397076
172170
193260
1145269
1151472
1161611
2989282
1828595
103091
2609539356
1293250
74046
1672457
88084
102875
1771742
812310
43983
1550618
1176724
131000
903230
166733
74823
41946
152295
242620
153671
55569
1435635
1235992
1204465
55081
2812075
280630
74829
30432487
1155986
74005
2167844
56029
90277
138056
150367
76264
1241404
149002
155368
3249322
2962339
454723
150008
1066589
44780
2826006
1540524
169759
145933
1270750
1959472
411195
2632573
1016603
192776
2196335
1159674
3018649
8640
149342
175549
1107396
536123
151234
214394
1176738
29989621
3012406
58652
69141
1230116
153240
144325
1303516
120198
130957
3327158
3011446
2022530
2725478
3161168
349045
62734
172591
2420744
362413
1404342
1156112
1073957
1383415
2952095
3350111
2811520
198831
55628
106798
550087
145816
3333143
2728542
2073472
56093
1083146
1156167
180026
414794207
3006983
1084151
1354392
147075
153687
1066638
535828
571771
3775058
1599299
1167372
977317
7454
153228
305639193
146007
59043
185407
302635
172200
7433
1073990
137968
2923822
59965309
1059668
550088
144634
1912453
132856673
542785
143490
206543
2307313
1669096
279148
1120885
295807
2273913
240074382
144663
134136
3350423
1227118
7112170
941125358
1268702
1013579
142863
26161283
444902
55121
2632573
1550548
1158568
287517
2666909
149199
168198
542638
552251
139778
29095278
1831076
55147
1145287
552246
188553
1083330
46902829
171496
364654
4703444602
166786
107015
88606
131610
62748
168170
2313832
90328
58658
913374
50312
1255319
1206528
2778914
198918
146010
14808039
536205
123337
358309
3317887
1163975
58083
135411
185403
2956612
170559
3255095
1206572
304716
7407
3018438
147101
1959472
151091
62512
186978
1106209
2088990
1312553
1764574
2015297
1957077
4703444607
1854763
1127092
104238
280496
56194
1309655
184633
1459350
168239
153240
1622702
136454444
1230206
532381
412707
107085
2032280
56049
2470060
2545593
1188393
1152556
6038068
145717
134124
62407
142197
1547296
1078995
1359817
142308
64484
158869
55074
123845823
1227315
3225945
3324664
1106396
224462
184477
240355
179548
3352139
374796
3030976
456789
1924172
279434
2955721
2379848
2956553
139792
389983
3795658
3221546
144873
1456770
261657499
447167
569470
109933
2692254
170666
3063241
134083
1820891
207455
1155980
152624
1251296
146333
191605
152244
1067608
132376
1156582
138502
155369
3087988
1375910
140078
2361304
23443256
56010
156972
1830231415
1204430
3317806
913106
147008
1156583
1076953
531383
398877
104337
55434
184489
55681
531599
2032842
2621967
155366
74386
1387962
115134
80379
58206
136712
58114
167704
120129
7392435
2369652
3009257
55083
41094
104650
279240
2505782
1188386
3246447
154350
3318889
1747246
137776727
153125
105272
287494
7396
869508901
2092350
146745
55261
2317364
900995
3016826
161648
156231
172628
404940
2839668
398863
151227
85685
419153
550626
2027460
1751717
156737
102867
156948
1240083
453668
26482940
271970
104730
2165312
165479
156272
167682
172685
74796
42414
1348560
141135
55075
1156523
136389
2929054
2918476
1028987
1179330
120846
543178
75628
240029417
965628
1106788
2825885
1778024
1163971
7326620
150041
1550564
1628355
147075
184818
2679957
62598
106388
1106179
59049
104730
149602
1014470
280564
2206549
74148
55712
1547430
139611
138502
119567324
113646
115142
1405230
2505782
58867
153710
374978
2989159
119089556
2675360
5326784
113967
153106
443174
2804671
2915674
62531
74806
1398615
7404
135559
162138
1076897
152756
162112
280550
550368
1069690
1411878
3469133
3161319
55149
44667
146337
2032402
542292
51529
144869
1448718
114172
442736
1240538
2951545
1141620
108082
1319816
109294
126766
778545155
69141
153009
3161030
143051
216374
1122577
1400524
2165312
185494
119008
812623
1149451
1204451
2167656
1176724
357113
3017741
531632
3864569
153106
2953357
107037
1188515
2032165
21063362
3161186
2610683
3011848
135589
60189
131197
138337
150488
121939
2812109
3358587
62481
279178
58091
8641
185579
1830231415
59149739
287517
2764710
128150
104307524
153501
1225196
112143
370015
3020166
138400
1959916
31248510
2171492
94401
1347195
62428
106714
83124
131198
610744
550364
3156216
216373
1188511
150374
152297
122419
2952376
153420
3012404
74009
135582
2679956
3009223
180046
131346
74142
151103
1547430
1106409
113967
111604
185504
2122060
186978
391194
168227
123319
1395135
139778
1327628
139642
2904508
1116474
155036
1405479
365307
1216769
89780
1794561
2316594
153795
73947
1059660
912201
110194036
1987491
1685018
2444025
3006983
1392169
1922627
1131963
1828388
3333246
106013
62484
28722
2950736
280367
1462008
3006899
280262
171262
2667594
553302
1079343
416658
3359578
418066
131306
150023
134134
1204733
3011103
1240082
180029
74847
151694
969564
2313832
157879
79337
1145172
1283501
1107288
227233
5812082
568575
295480
1965259
62751
146277
136259086
2167656
2220322
3256084
1418311
1227315
1448559
73953
122880
8655
1346767
1387968
364656
1014067
58897
56035
296584
286388
142714
114955
146314
1924326
280318
371700506
3909995
305138
2755966
74042
550088
5812078
55317
2273913
167704
447862
1154627
1083100
2815477
120235
3359645
54837
226710
153499
151077
395658
182706
152241
240098830
969247
897638
3351055
1889339
110587
59041
1664272
114942
144631
2399800
160902
139259
131306
126561
305640306
2692156
62640
74009
131898821
3023079
159868002
131603
55080
3012357
2171405
139089
2997071
161421
157754
2195024
2580605
165504
53355
139778
3879784
75801
1942816
68942
158874
131343
1230206
1120590
1267392
244081110
354481601
56100
57867
3357086
536173
134065
3317887
532765
3019109
41946
206546
147875
1106275
3349833
1210971
913106
3009262
1206574
74051
146225
149431
167669
2953069
133863
249399679
1077290
131600
108082
2757754
87328
2022095
153824
1744279
1529748
55892
3795031
977317
120321
296014
151104
151234
59551
1777268
91290
47207
3012962
44144
180038
145286
139278
1831206
55893
55083
869576948
1410843
3328412
1141620
184476
2907649
57397
2690110
56837
115997
2730708
2815585
2959874
3020471
965617
107976
1119076
148550
131198
572592
2918047
1016561
153663
3087988
2179568
1843107
155005
109934
1960191
153605
74022
2850346
3258165
286837
188022
423889907
190823
47207
56016
3348459
57965
6837681
109933
2670591
2954354
1268570
2978650
149340
3159826
1175458
3006035
3331501
72380
1231406
280555
58390
113541
138877
419159
1111036
151148
2465058
2720897
214451
1216558
58583
16174445
149997
73975
9071
4703444613
147067
224368
184506
442736
57958
1359783
195290
1229109
402221
280512
1395142
2451375
2451580
126495
1411878
3159823
55870
4703444603
309478
1744280
415487
3156216
47696
120318
139674
2953111
115177
160892
191361
2673221
1339778
139676
399747
56908
161008
111601
153570
3163284
145312
224384
3161033
1156071
1269568
165075
253252
131309
2319206
532312
72380
106802
4629949169
23542233
450381
7394
1996871
41395652
1206482
1121029
124535
192756
3152838
3019941
176021667
2804778
62699
269952
1141528
1121069
56352
88115
153663
342563
74570
536765
3163078
144636
67213
149995
398877
144853
106782
3355910
1450080
139113
3008904
536475
1332064
54767
126424
157768
106665
405908
115168
3016857
2137477
231975489
156986
2817441
536471
1236013
2445563
104886
122415
132506
287499
456810
157300
163601
182659
551833
154028
153014
3097346
303427
53453
2755738
550357
122704
168631
74792
6837561
131362
198271
144839
54174
62748
1216390
1735485
411203
306004
939334
445954
303427
141073
419488
3349905
135860
2429377
152410
1455187
184629
1216380
3087248
1229109
1240079
2954509
3355910
152601
2531532
129471
134161
1959489
165131
58881
280487
44768
1833963
531480
411577626
2549937
1632167
147174
62629
1066470
2952376
552198
167680
1380268
555017
147007
2084698
324899689
4703444612
411551
1362003
1283313
1965551
172198
62630
153695
2155864
182659
2723923694
224378
969289
1550590
1824716
400414
146130
2317364
3156234
536795
53293
2918493
4703444607
2145268
131597
56255
1203046
145780
4629949172
168236
1823287
36458
516775939
414720
27303345
288247
76680
969369
2956553
7155943
107010
127309
131000
2307235
123319
104177
147977
4703402618
150403
122868
280302
957327
1188459
1279074
162109
54837
149602
147174
1107715
136392
42568
2882148
53835
113134
74108
146143
1179696
1066266
1640528
1028988
1107423
145819
240074718
153009
115129
150499
160892
569407
1083121
3010292
7424
543311
4629949172
1151472
297758543
1147213
3324274
2646516
139676
74314
3221546
961284
178750
1083104
126401
1673886
58072
156292
134115
106507
85939
1066473
153005
2665128
272644
85103
141916
531529
153458
531480
88580
2571989
52345
1067576
1814965
74177
191740
3020077
1640521
186579
2918481
148551
5610766
3795658
1404342
131442
25472086
154881
1107740
31172722
2050278
192780
553607
74791
2505979
4703444595
3864569
56076
87645
279241
26701367
1014063
154504
119231
149602
1965551
49715
1255561
2200824
168850
63512
135453
319872
1996871
334927
1159670
2439316
550365
120129
153009
3009667371
2196171
2513111
1536593
2814103
40969647
897926
1327628
110587
2720007
7392
371363775
106013
156613
2145735
279418
153565
1066562
1188419
150414
7377
3348892
963043
152295
143115
7452
45236
178180
56325
305142
196158
1116270
332493
1243070
147108
121511793
3359872
44804
168631
183747
2713205
55818
457009
150372
1747955
964255
160837
216374
1017381
1206482
120714
2139602
420762
1685018
5176019
3324254
74150
3019128
280481
2411900
148043
146506
76469
2105378
2815590
1167513
148794
398724
2947577
114172
3018837
42722
391115
3007586
397076
135453
1965547
1223664
7117066
303702
1831206
3298774
1084188
2755242
3958665
7381
27303322
231974114
2175078
1130433
3305871
342462529
122781
3007481
184466
2815568
90203
2145268
90793
399976
83198578
55657
154888
54224
412436
56010
280249
3357223
2946393
117884
138337
1225441
56294
375668473
50312
1231461
869609474
2265860
1084164
3006899
85799
72380
1111055
83090
85689
2171963
226902
191210
123281
3354996
532309
161991
2141214
184818
149027
1401444
150488
62422
68008
121869
1386972
150034
1401321
152765
1107270
107008
2798105
149997
423228
373171673
172193
158311
1422335
2954777
1669030
158079
1552660
6038068
4703402617
185534
1952171
2862937
167454
241087
74132
158459
197697
3437391
139326
2815576
1410142
147108
58888
2603247
197385
318807
1188476
141970
139502
144325
114923
1059673
1230123
280477
158958
153106
1175392
1067604
3006257
151091
1448559
536795
543073
176095
195826
185383
1783980
4703444599
1084206
147109
1348698
1236192
280273
43747
87515
58072
1530644
324899692
246673103
480307
2175078
114172
2953046
28215857
50046
2317355
3358738
168650
161646
1066745
1552192
975372
1109201
3007486
85103
2743050
2084658
2084823
558158
5812080
3248249
45159
226966
3791413
1159664
298285
1253513
109934
2799215
2952588
149346
55459
280333
26213889
406474
45253
280329
173351
1279409
1689030
2720007
957327
156171
37307
62534
102867
417365
102269
138895
1814965
55480
56013
21262495
37775
2050519
44839
1059685
2084668
169024
81816
1646090
162068
295480
88847
1701436
73999
57813
946158
3245104
1265999
58145
2087433
1152558
23074927
56117
760746
550365
156740
1159937
3317908
975727
1120893
47381
160892
2972955
8641
153436
6837742
58380
55904
171989
228340
1209821
2304454
172597
138513
106879697
163594
7380
226967
3172807
153671
152405
120148
153702
166925
1402750
2563295942
2946389
224459
151935
276958564
58628
139311
478385
7457
306562096
2827451
1066606
4703444621
1924326
2811698
122815
134190
184490
399828
153594
2425990
1166394
54830
3013038
2128285
912998
105268
1379215
5815683
141135
965756
129645
1820692
1106285
102870
342792
1386979
1351267
3007532
27768
240036844
3243124
1949374
1410142
1216397
153687
172200
107023
2453270
4703444618
55660
172710
136259088
106752
77677
153127
1473947
2815623
170666
3358385
74050
516775939
153142
280609
1959445
62366
58897
2087433
55059
3009223
139372
1392619
178748
2713466
185690
73979
2963947
2917398
1283510
1455009
134591
3253888
54839
4703444601
2460551
152234
2164745
965617
2093234
55459
1159664
1314591
121686
3012360
1627497
28595
145820
2066363
4348295445
6956667
128126
5746665
183750
168645
193047
156967
532306
401187
122418
2799215
58628
161653
1223664
152277
123363
3329911
1550553
1965265
2050519
54804
344685
975783
133946
532414
62496
38246
1187383
374796
1446283
389983
3161030
107024
1634158
1106282
1243590
1004330
54773
180038
1206577
912942
4869487523
550120
507415012
131401
3792634
1066606
7467
2539242
1361588
151931
224383
2956612
7385
1206400
253256
2529822
188409113
1612961
1404340
120175
55159
152617
26769661
242397
1154756
128152
131382
398407
190867
305639193
279241
279446
3348769
2949526
121855
3219356
134034
1467738
156094
2027521
150303
533706
122374
104401
431467282
150403
168197
536899
286796
364656
161753
57992
532367
3795063
153438
3020069
114375
1242338
550355
1259885
3301368
5812082
1269449
3241960
56018
286395
975568
152233
1211180500
383444094
2762871
423889907
147267
186981
1197647
397230310
80458
1067738
58655
54190
184840
280567
75628
55072
7446
163587
158880
1624675
1003358
47381
2434438
3254651
2804565
178338
2638183
166727
1149250
366694000
122374
1223830
54773
186981
55904
271110
964557
4663238347
170666
1945986
1741406
5812066
532354
56040
153602
56422
1970744
3228947
3005972
1084369
1378626
178759
132568
1230360
1143146
2440454
3324254
21579127
1175448
74568
157768
1122551
1107720
43978
1165366
1149250
457021
1299601
280325
568575
26480399
151108
156675
143051
5326784
56236
380973
122786
3163284
457027
2196135
3347719
167608
149159
1830231415
5326784
1194100
553303
76469
154027
1860340
158025
3011925
149300
157030
1082288
139237
2016159
2915759
47654
148550
142013
44125
106759
2884103
1530586
74127
1003302
414720
224368
2956616
237385
152759
2904797
554457
2536070
167720
1206797
3347845
1963673
453814
2483364661
280233
2032458
138877
161991
135593
163595
269952
135600
145169
107423527
610738
129331
146334
11968
117905
167602
150563
44251
2812042
1672416
153235
1283450
2956616
3351336
172171
2207890
151227
2026303
6837601
83818
153038
1536593
153434
571980
1176780
56255
3247792
2145735
5875927
280534
58885
185380
131889384
150372
400417
229395587
1672515
2951676
224380
2757754
1028987
1270912
279231
191645
1231485
240062631
2819250
2073463
62649
2436893
44830
555358
2665733
2690418
132525
1268561
305639193
969268
214395
161957
76932
56132
3372453
2917332
172676
3358871
2805108
1540524
62531
2340636
3152838
27303322
97218
51296461
55461
1223673
161650
11358
2668761
36989
228340
280519
1615610
136400
138294
1145294
134115
109383
89255
145774
2667594
3009722
107013
57925
1066732
1340048
161008
2026244
1625798
7377
1411877
35738
109754
280516
2171492
166718
153139
197698
147875
3009289
152744
2084703
1150940
139371
89394
153018
2443928
89697
30432487
88627
2962381
1768185
214626
7409
55892
1082292
161991
44126
279351
89394
1404156
119089551
1346288
145858
68008
345576
115065
288727
1156585
1624675
1059673
2603247
345576
536785
74569
139841
1216469
286388
112143
1679959
132373
172599
1434381
1842545
536125
62598
177921
58206
7411
53806
663358886
1922627
422391
1354392
89771
1122560
1325307
1119076
142004
562958
39169
45159
342110021
3015639
420676
1640530
123327
111968
419548
31941291
911088
1216636
3159805
1283313
1227698
80458
58198
139326
119089556
151083
138891
1740406
166905
145776
3016890
35998895
902979900
2434438
122815
1167368
280497
349050
305640277
552256
172162
2906364
56047
3349077
280609
147268
1624718
1106275
964504
201138655
1860340
4442556
85640
122704
122415
179549
3256242
1550564
4347858678
2137477
1339892
138294
153125
138882
2946664
150394
547594701
5176019
88627
2081686
146143
974218
1392621
2755498
536899
1641691
1376831
1194102
156106
131038
400410
152295
3359614
30137197
7417
206547
153007
1345754
145596
197385
149300
1166394
54823
54728
1539755
182706
1120703
1550618
112729
11968
156103
3359614
146332
145312
2084805
3234092
85944
145949
114367
571970
4663238347
280341
536765
1162677
419550
120148
1217159
1900605
76947
390867
103799
76680
168023
120235
153501
71937
3713815561
963662
195273
3349910
145766
138864
102272
3007562
565666208
969459
74316
4703444600
3009296
2152285
7431
55578
3358712
121939
532367
1342360
1188476
532006
2932315
134071
3353156
1999686
1380951
1418624
122804
2950736
2427331
115274
2665128
55838
3333143
376544
3246447
156292
2531521
55877
146345
449696
7390
1392624
2155863
3154366
198402
2917365
1776992
122852
4703444604
55874
277559
107402
532308
186579
428039517
6678712
58383
115168
153019
478818045
3357712
1211875
143048
192796
398863
55465
3017741
152767
54224
1664272
4629911080
139676
1150937
197384
3231218
1898414
161421
42499
192779
56240
109879
53394
193047
116875
167648
150017
139822
546937
3293148
1248154
1127092
280534
418225
176885144
195271
1120713
78621
56240
3018477
135782
3010032
1206528
55244
531300
3012719
279309
1824791
1420628
8646
503080952
543023
44012
1403940
419153
153449
4189263789
122888
2928265
121939
120197
3328412
2955025
2207890
3319485
103799
37244
80379
164191656
904542
3243197
62372
454716
280597
3007586
56235
55083
286390
279338
2147774
1121071
2954314
136259088
157407
113395
453025
154471
109754
62590
2946473
35738
54717
110008
2171392
3019941
166563
562959
2078291
551830
31248510
2175078
3349936
151103
165479
1143135
31172722
168233
139791
2963979
1626147
2884093
115229
74004
65606
1176738
1149575
157699
3331522
3354557
812190
3012849
167691
110009
153673
214672
2809922
166768
162431
190161
1329869
2247303
448660
6838332
80379
2273935
109772
1107263
2872088
1198634
133987
36996
1209817
2918415
3332889
122843
969360
2997012
1538255
1672416
1197766
2819250
150416
131189
3215936
1335802
7446
3019590
2247233
131187
62780
2403848
4703444288
2952564
61423
1202656
261657500
3010736
88977
146337
1103581
410820
4703444599
1404291
3559887
2171405
2027460
44749
103625
1346668
55157
544063
178388
138891
179367
138741
1251275
349027
279309
153278
180027
150546
146131
3015397
240029417
454721
3775072
279148
144399
407285
1877808
1230248
148047
1017363
1164669
74088
114769
559621143
131293
153445
383890
3348644
90259
132493
869609474
3359695
1164651
7467
2317364
62751
3331501
1945986
1120885
44874
532414
1420215
88613
88129
3087155
62422
57581
401187
1942686
3160990
419550
135600
55248
3240203
172206
2589843
122431
1067738
149001
2848213
178175
90284
296961
1083329
367988
76383
2724049
242397
145497
142086
324269
546937
2907540
1163974
186967
40545
3354958
410246
2793044
25340549
227232
1842184
957268
1452081
1067583
172627
139610
1346319
28217744
191713
1410703
1395465
1359783
1303516
7380
412148
964945
3163548
280538
173373
192774
59709
1949374
36458
1231749
536124
2186665
2952493
148011
153126
70040693
404197
36473
131799
149596
1283501
56093
102523
44741
150545
2888417
1245224
279345
143124
1079422
1529409
44143
3352883
1361505
1066644
139345
156261
1235992
418647
2672050
3318382
2918495
144326
2603247
1748162
54786
3332439
1747246
159868003
206544
2822827
1658233
180021
189975223
2828625
41243
47696
151940
54784
3258115
7467
117877
288720
2425990
115165
2539350
120198
3018530
370244025
1412715
1127162
150403
134034
1872673
1773030
27852990
152295
287519
969576
140253
2989154
1820692
218896605
105270
1208546
162061
132367
155953
1776992
249203962
74008
62422
5811935
16132
131198
106719
2966074
135556
303585
1354337
2689482
1083111
1392123
2668850
154471
55059
136712
1388016
106521
47046
3630439
89697
146125
110194036
154501
170641
104337
2946393
155637
369518
532765
153139
1553098
78621
3318382
43718
35738
2145268
139375
76363
152468
2939672
1120667
134054
2812075
1073990
1079343
1231460
2809403
152760
114769
1108117
1354299
3251667
148016
1402724
150019
543024
173351
1066803
53355
1947863
2220322
1320707
1283510
553303
2998589
1767164377
62496
3161319
186430
536209
126766
30295
1480431
7390
2032148
7449
68942
78619
2733066
153429
122703
152604
7389
147006
4703444602
1067764
544063
1255319
152752
142099
152233
62410
2917889
3254946
1342811
26373169
2529822
114811
191210
90813
345901
2084698
131027
55260
1395213
153504
2090949
2144405
138864
1552657
1474716
145805
416656
3851570
113646
58404
27020
1209817
85588
1303516
1067777
1231310
271973
1473946
279143
152767
139375
54713
1269513
78621
255401637
1159674
1167802
2873244
58039
180045
191740
456813
62599
913110
1281095
1648932137
1395141
158974
3328411
398020
186967
186382
910564
167797
543235
30432487
493986879
150023
3407643
145501
2816901
113541
135856
131600
139345
1268570
188225
115219
2661906
5610766
2528474
3350106
119089544
154287
1159671
3357088
2665233
55869
2956538
1239796
369519
1120709
2415518
85583
1630104
3293494
114942
3232992
114347
102523
1216448
74157
1383412
1342360
2265849
56047
54801
153695
152302
1467830
55948
3536492
144636
139128
1283313
2947958
4629949174
131254
139674
32894598
104374
55628
542793
120565105
114902
44280
1216719
152607
1156581
73981
1159664
253824
168170
53351
4348295445
3006860
57032
966730
390265
136222
1194102
2690418
7427
3006333
56255
3158120
550311
536465
2862867
3246452
416648
2804671
192784
2265848
2804803
2163933
153016
1156116
114347
531480
418042
4788218377
3087983
147875
2117791
185524
130971
154941
149001
54194
122415
3348382
1900605
113038
240090728
1952636
1429268
1552659
155924
54788
91278
55943
1959445
1924257
249196828
1404333
900256
1402733
108870
240071610
149441
1084091
2155874
152744
153434
54823
1418701024
121876
1889339
2850346
153221
1672417
185405
153240
153458
3158051
2947961
23608718
602512999
1060300
121709
7361997
2917414
6838331
244081110
122886481
8641
115063
1152135
106761
418082
4703444607
280567
2020070
2830233
2894029
105272
1785276
2762871
414315
1067738
122829
158822
2371819
456793
72525
232874
156225
56018
44219
2390836
2087433
90689
531495
869576948
7455
912998
343535
85685
1161666
94401
97216
93281
216374
43656
1067771
108886
2141214
3258056
550355
153743
147064
92277
109876
1060552
190273
1786760799
4347858678
1108111
54761
136325812
56365
114942
1320062
144336
2032458
3256268
2798353
403055
2946418
163616
296961
179180
1842245
5812078
1395465
3007485
1386967
139298
4819615
192734
390867
197563
146498570
1067817
2950484
2918485
62522
3359848
42611
115136
139528
2953198
410422
131328
966730
23542233
1014470
122805354
42672
2990683
558158
164209
123897
390840
93006
139508
142701
55844
2067731
131822
2605259
1553098
138300
1824907
3312470
1084381
1319715
139026
123897
139238
1538253
1347238
185301
2820906
104754
150376
192833
1206426
111716
415484
134071
1216390
2955293
3348459
2850582
556706
3578391
1284995
552249
150568
132483
1473938
6838718
110587
531529
901533
1167813
1060552
7457
4703444286
123327
1672462
3321292
1235978
869609474
51701
1942601
399976
131237
185400
21335
279351
3317908
443158
83082
414315
105280
2307310
153121
1163209
190820
1154756
120745
1808721
3349708
2453270
408121597
1457019
1176738
153710
56117
1154756
2106627
337422
2442883
131596
1413934
2315704
74140
121688
62650
3012833
3358385
536786
279211
150017
94436
412707
1135474
56312
184425
1550620
1298370
1154756
133987
2947577
162081
307573
3007049
1748490
1152555
74004
191713
179480
65335
3256204
407717
411577626
58047
119567324
536477
57992
87645
158861
1204665
454723
1240083
135808
1260552
3333112
2768922
547344557
192781
287494
1283449
57537
17859918
133927
7417
144326
54725
111968
153017
123264
169034
62870
139298
3357208
2754881
2529822
1342812
280196
1159237
152236
144721
531441
542638
1067771
44807
206543
112729
88129
55874
23074929
56366
2449427
2429756
90793
3030295
913100
418225
1228443
7438
304751
550371
901571
136392
2401505
110293
7405
280441
3020879
153007
602512999
533787
178746
2951593
2992480
162221
27383264
3347850
2505979
120136
1028986
2917360
110293
340516
1014412
171960
172676
3356110
3347731
3359700
1016603
1674609
1952429
1745243
59761
531459
153578
180039
62411
171987
1080396
168851
148039
74171
903230
1940408
56255
168192
90689
3018489
184843
375589
2521916
1675657
961522
227225
2132438
448660
153701
150417
155446
3216333
184425
2953089
80143
1284789
3019073
549165036
1772909
153153
279238
55163
4583125
132601
3020257
1160505
216374
1230206
107028
398877
279351
453674
7402
139792
214672
3020545
180451
104836
280618
4351323483
53293
411203
1255561
1279979
2411584
280220
3103093
85606
287931
1942624
549165036
1216600
1735473
4189263789
2770659
28322
43872
153622
531495
902329
88607
147988
172175
2531584
125675
1180852
448668
1856674
153578
1211875
2445563
1735473
169861
1622687
1224499
58145
185382
1942816
53812
106809
253252
56331
124127
192795
4629911080
3159929
406169
1637045
151929
1159526
1014008
152236
56245
423889907
55583
146297
1179651
151694
68000
1016033
1066745
1379215
147109
1146940
2946389
1879617
1861519
151935
54533
1084353
74820
83090
129543
62578
1832843
3347731
302696627
153014
168010
550364
57925
43933
279143
184818
53845
20913294
1025105
150133
475555429
312144
2628521
88613
180904
54836
869609474
1166394
439073
1103584
106420
1404367
1677007
2815590
151304
172684
157383
56025
411573
131442
971003
1380268
1547430
2443356
68614
58447
152621
56145
1225441
1403940
147173
301464
3246442
1970744
2718743
3011596
30137197
1361999
1828598
4663238347
145738
145740
1348560
2179568
153038
104664
419161
161435
106220037
2952813
543181
56854
3478916
240057351
2117791
342563
1745243
149345
1159526
58103
3014991
130072479
145278
7430
2805691
372366515
263116818
62768
146745
7441
199073
3305871
1028992
163183
1154780
141913
547469
153732
163617
1066781
399906
1963673
131304
106211
1947201
5812080
453814
1772919
149279
1268674
136259088
1107712
1164667
129575
1223723
168010
3163622
156605
1067835
139098
536222
62590
1639542076
1069606
62607
3559887
371700504
173371
114854
35738
6677259
1997192
532381
543310
3295407
416921
1267392
58181
391187
412135
89248
2992480
571805
76383
357800
390184
158403
1216636
44802
158733
1103584
3324274
275926
166806
1246635
252551
153119
1347672
2651806
2798531
1380948
119089561
3076268
54224
62594
68008
1066563
324211
54839
2117791
1176738
2084658
2425989
2307208
2764565
963197
131596
2954207
90306
2078971
2917152
3217684
156967
2955019
89780
74113
3160990
1547430
2869330
1225202
62508
1079081
85809
161645
1083100
1413409
1993208
139025
88627
3018574
153756
3218318
121736
1188507
131033
122374
62496
1339877
229685
168185
1216468
2759370
3007486
1201150
1270518
2094194
161128
2893622
2429523
1830913
1154551
287668
190911
407492
139841
145596
190333
167680
1016569
974218
280220
150548
1176738
280384
55724
1923764
1319816
134085
167647
43843
2084718
131335
29277817
153688
411573
53662
1084206
153800
154387
332493
168585
131182
139283
36966063
1284789
345740
158861
2460523
1113143
57397
153673
154292
275926
549165036
3010628
55171
1550629
74091
536461
280441
54836
2817441
49898
104915
2202428
3213219
3790801
153235
1809448
55487
1267394
106511
1059785
397076
87837
964255
422124
55159
135889
162069
2671234
1450080
1151588
55628
423228
3213219
812068
44555
2951098
1750226
155370
531619
1469724
3063241
2434438
2757754
415676
156568
1144794
957327
453031
123320
3359614
167741
58658
62640
1152556
1704857
155366
26373169
105389
410183
2141214
1855926
419203
74045
153806
197564
1673977
198359
3330596
192798
1223673
149346
1176967
54762
129551
1164670
2208036
1381444
55874
142182
104492
897671
120235
1105920
153497
1361588
53391
55476
1079085
135559
280567
168023
62508
4136816
158848
172173
531621
964945
122864
1043582
55562
3328411
152615
88977
115218
44056
123327
44372
79396
421866
56328
307756
231975489
57418
11968
45253
252565
280481
195305
244081110
130931
279179
2196921
145999
223026
168994
156590
3332770
74559
1270518
1162677
106469
1149571
1987491
2692254
2991079
2952224
154382
78775
3359845
1747944
145812
56237
721570
107974
2415518
130978
1830231415
6837726
5812079
92968
128150
160896
116558
171967
910714
1347588
30305
406166
1359783
142033
2076861
1340074
1771734
2832490
150579
2181664
74314
2919649
62464
1227698
139316
1176780
158869
4703402617
1192497
280540
102786
75628
151684
111600
2505782
1187266
62532
149345
1141528
172061
3020257
3019461
2673506
3011045
1176738
72596
3014986
92968
3716089
362362
965613
149182
168647
145717
1240070
2468628
56256
55480
78828
3010292
1268207
3256269
2120173
2666909
1668045
62564
3325394
391194
404815
129331
7418
493986879
2178623
161133
138513
2177266
391187
2953367
973320
171980
60187
1159666
4703402616
73956
153683
3045482
1083103
192824
3255095
156575
1152728
1283520
106879697
296561
7454
132471
136454448
74135
1629622
440364
1083333
44555
1230248
1155789
131304
136325812
1084089
155920
153438
1216375
103703
3156192
1150943
44613
2431261
132348
1157702
1029505
3156208
253252
54801
133890997
3019916
54762
1539774
163592
162109
536206
1194101
971033
2427331
1340048
3293501
1166327
275926
2752783
162239
2989155
1552660
163602
180044
3579531
1673886
1206570
107040
161944
1284879
73960
1208545
1835267
414794207
1379335
151327029
148071
3407643
57582
1368798
3354071
152986
182659
74818
438171
398693
302819
195266
56324
1079412
27308737
84271
3015119
4819631
122804
2087180
2705167
418077
106314
145158
7441
58167
370133195
152304
1380258
3156216
130980
1374629
168234
62366
136460540
534266439
153492
146629
2429069
1107394
26769661
1403233
3018530
453814
410183
114907
2313832
3045482
134103
1402724
344953
76155
129471
153035
121511793
121716
542626
2862841
2155863
336819
153439
190867
151689
139528
2764710
21063632
1631531
55428
1920171
1922627
158871
153824
166768
1823621
195269
102271
3648962
36989
57516
141971
105777
2452272
3017296
129754
169831
73999
1640522
56243
453027
144663
89393
106467
1179646
152297
1820692
1540548
3331103
180022
132506
1109201
531493
1028989
1359295
1206604
3356937
302696627
1973598
172679
2460536
136389
3027886
162378
55086
154443
1279412
44415
2596323
121876
2438729
89715
2109211
3159823
178202
141916
161753
3330421
1248073
1380258
1122566
1814337
913100
1550595
1380258
153702
2438230
1167811
106759
3243690
279231
1283501
190862
3006243
3332439
240028160
1107715
165473
107985
1188386
184843
2955082
531480
1161684
533706
1283520
3009839
138057
62531
89859
1179288
371363775
227227
145095
1016033
411560
413141
2460551
62693
214671
1180852
31248510
1503354
190862
3020790
56319
1206406
168994
80470
2395867
2965130
1179321
1067583
1894502
364656
117996387
1209609
168022
141073
493986879
3671049
225564
251075
158025
104760
3355312
2529848
1216541
1801075
44788
349045
1263704
957327
152743
43826
152759
154391
1540519
40671
1176724
157697
134161
115177
114829
1380948
280442
2819250
158959
7440
178180
1674119
166888
3020471
147446
54823
153785
1188389
3007637
56132
1016603
422689
2755499
131889384
1877750
27027
242620
43863
2139602
192781
157300
1775054
74112
398716
240046032
7402
156972
282427
1082288
1158569
104759
156675
44204
166717
571099
2668824
1347672
3309578
419038
153702
139131
157777
1140595
2598542
143124
406830
1395104
1187267
1131944
135452
386602
357112
114377
73999
146337
1188473
56356
143137
279441
279201
410246
4545343340
122586
27021
2951183
55399
42907
110587
1735473
1346719
113646
2952564
152994
3211745
3559887
54839
1404156
2032280
55291
152967
1520612
78621
286363
3247680
357000807
153492
168620
104237
55163
117659
3350102
148603
240110547
58049
3012244
1963115
2434438
144336
2145268
142105
1014065
107024
183746
144649
422686
542631
969262
167669
7431
141947
2675360
302819
155468
134129607
1404333
133946
153418
550120
4521144
145511
2718490
536475
194571
74011
56329
902344
164051
240106077
172630
531300
165131
163183
456862
547594701
151124
58380
139247
43652
454713
55628
145812
152993
131593
123506
2032445
3213219
1180676
382225
398944
1078995
62495
135410
2556598
3354557
1267391
7523933
2088990
2741618
2917876
161352
3160990
145270
2351737
397157
131596
139276
140253
3064410
553302
287516
3103093
280519
7436
126520
280628
136333949
1420351
134093
901533
1734305
76359
218657
170568
180035
145789
1354337
1231762
2086237
142193
158866
279165
2247244
1198634
1141526
964255
556706
1121071
54921
1159937
58207
2807559
162061
332476
146210
1159665
79196
83089
3218990
2443357
2273935
56018
74812
2718743
1151579
1180852
153223
79639
1231762
1225441
1681788
1042900
324899691
2280261249
1284869
1223673
391184
44372
2951545
4703444615
1188519
152624
145312
2892459
270056
157407
139278
1354337
144864
2954819
1179645
57959
1901725
279175
531493
55152
1230206
104664
2952240
74149
2915664
121360
25341887
1117583
536170
2667257
1401223
6474878
117571
1957077
1342041
534266441
3332766
153102
55460
1748490
1161610
138895
391220
1208545
422390
1332151
5812082
1333690
302819
2465173
171963
1243590
2690419
7434
8645
149345
144325
167719
43978
172385
157777
135556
1669030
153363
35183
1106209
1401303
153473
158822
133960
156234
192780
2814058
130140
145738
23074927
157284
151109
130948
146216
2666952
62652
141969
92949
2414647
153699
56078
154471
2808164
1159561
163575
344165
158861
119585293
1322070
195295
2753128
2954207
55890
2436519
812072
542292
167748
122809
150415
554460
79396
391184
152303
1521463
68006
1965265
1311713179
145275
536807
106783
6956667
1157700
549470
105278
1240078
156274
157300
1014017
36996
69587534
2412826
4703444595
172204
552194
447167
531495
531463
2023072
150533
1354393
2758781
3007485
550625
58002
153622
1103578
1889154
2697338
391201
406169
910704
167200630
26373169
2951545
2216724
2259401
163183
1241404
900365
406574
2953012
56047
183453
342935
107015
138297
90205
4165116689
139339
1120709
1106175
304938
538362
342627
969449
307787
3437391
1161684
119089561
55230
1528297
3359675
56839
3332770
1629622
149441
1169130
1959473
240028160
3792634
1363161
1550593
1166394
1155339
2954819
149182
123393
2145227
84271
1079064
1176782
1278736
357112
2743135
1374629
3353620
2448882
158403
1107396
1069682
3775063
180751
89723
1203006
136669
1267391
1342041
150499
136454448
286830
134139
1059844
130927
55945
2524225
74168
6038068
153038
399976
281006
131328
1120893
3652281
2846508
2932285
280435
536119
4703444288
3355695
105089
149001
103625
1243759
445954
4136816
151115894
1775054
145511
531383
149436
3099592097
1004330
1206399
3172807
536807
1348650
74004
131799
418225
120251
1386979
114944
4629949167
1420611
542785
1206591
3007532
1240444
102272
302091707
41977
1553174
349052
1163977
1650684518
1231762
1480431
1029554
40137
190911
134129607
1152720
141991
149352
1155955
558157
2573997
1226244
869565029
2739991
1067762
2917255
2280261249
534266439
1151627
383890
44143
151075
144844
1162527
132428
117651
1775054
2755981
869606611
1029554
280412
3342227
1013802
3163284
2952540
55659
2804541
1156583
104404
3213219
126423
2917118
131027
1236192
1230279
901571
1547430
2317364
1872673
43826
2121672
3009348
3469133
1433688
3163570
135782
199158
2907653
287519
76383
135604
169021
138349
197564
552263
1923997
279234
150017
51529
144334
3008713
1135400
288601
2032116
1965226
1380258
90259
1922627
169012
149991
324899689
8650
869508901
119567323
138907
149027
2689691
145823
1435626
1083334
2009947
245711197
1013581
144788
56014
168239
129645
55453
104708
152237
113314
6838330
199073
1135408
139779
974218
5815683
116871
1265999
2638183
224370
145820
3353156
3955977
104752
1106282
422431
90277
2949143
60189
6690056
74051
1392609
2610460
167587
214665
1067835
2452671
56311
115055
1225196
417761133
279175
1316098
74829
137541
1176744
3358938
2034933
280384
104639
74585
1922197
157543
45104
1120711
306394560
92965
62525
3349674
58047
370476571
192775
280368
2087180
1103577
158861
40767
132451
5610766
3006074
2170323
56840
1339820
901985
387318
107024
129520
3019384
45319
106291
153482
111604
51490
550363
115165
142098
3691783
1283513
297514
2414648
3357553
1403897
121688
1066956
370244025
1269513
7398
3536492
3359719
2078291
325866
121715
240072888
1167367
7381
106707
53453
1270518
550123
1398638
2340636
3006860
154964
370137712
8641
185301
62522
1331311
3256329
1176736
2850417
1144743
1456792
2918481
408105
1083319
1107396
1159234
1175569
111134
62532
135628
143145
144839
6502363
103624
56352
4629911076
3589982
3221546
3355910
3464353
149346
3172807
153344
2084658
132376
543311
145596
2018151
21262495
55201
134039
1965265
1734305
58885
2953076
180045
192829
64484
340611
280342
7421
192829
342563
2362670
89395
1149571
90287
122864
73947
1824650
147008
1156523
11950
2034933
1066653
182644
240359
1777266
85685
59551
3158051
231974101
2762871
114829
344337
2442172567
163590
157559
57993
2755242
1159665
2952224
3333210
138896
1340513
184985
1433701
545474
131597
1157702
340746
150508
2917118
2959850
152993
161652
73964
7459
1920087
1402733
145774
139830
167652
1143146
60072
1071098
1106288
1361458
269915
115055
2085649
158262738
1144811
167796
2712700
1223832
1857436
1744280
232874
1185209
1444234
306394560
5750005
478385
1672416
1014009
1640530
1877808
138943
139822
1160504
178759
1144743
2972955
4703444608
55893
54823
146010
571747
114929
153569
109102
2689653
3332889
1084364
409120
152302
2755498
108083
80071
120175
135484
2952376
2193837
543231
2829595
1415887
1150942
43933
348849
4629949174
153465
248770992
2952303
533787
180038
391187
2679956
286393
2720897
2196139
2674666
3235880
532354
812319
6803636
2414648
108886
1176746
2755498
1388175
3221546
190869
3020742
240033839
307584
1392621
482067
533707
1067757
56013
3318845
1346319
1014053
105777
147075
1863732
3248394
1205479
536118
280262
58002
158974
1851826
149279
1030071
536765
2814001
8636
2793104
2131942
131358
2067278
34917
1395105
74023
149335
3234489
1679959
1823287
172061
2084698
44125
195289
109921
1216390
190367
55248
1159251
1152139
900256
172198
3308101
4703444603
172205
2317329
2917398
126419
1155794
1339786
1216406
1143142
279167
3352782
147060
2690163
913109
153626
1179321
106013
41946
1268595
1217000
1179646
2799557
152248
179546
165466
2671158
74132
1127242
418082
152249
3354557
62366
2016138
142863
172216
2755242
3010028
2956538
1853865
1307611
132347
2393403
1295607
56352
2029046
2103120
3332997
2651867
152983
1829065
1550559
356911
180025
1340125
147559
1539722
969564
3241725
1552664
29277817
969651
58187
2720007
167797
157879
371700505
72639
25293125
286394
285864
1403918
90262
133997
135838
73943
2369652
3778629
1131963
280485
2442883
2668999
3795063
6426101
252551
1084365
416189
143113
2440453
240377
58175
184420
280435
1216590
102880
1084188
2120173
147973
152314
280363
2808164
1188393
3358355
1078770
428039517
334927
144645
185524
301464
180451
113134
37332618
47696
279225
215693
132428
1903516
3019128
1017399
156575
185511
550367
59877
1135474
2109211
1014440
400118
179075
336075
106388
1242356
120832
114354
105389
391186
271973
1452090
1260551
1019734
8087537
169024
35280
2956062
1949374
550363
120203
104748
58144
507415012
2953111
2952574
56010
1379335
273622
1231310
28234964
145947
2556679
152756
1299572
1348698
136259088
108843
390840
74287
163566
104836
170486
2671799
2918485
156104
1281095
145270
2032127
26487666
59974
58102
3007485
3359614
3226004
1107270
812319
120832
276905
3347257
1180675
115168
1170074
183453
85583
1387962
1792372
148553
2952748
1831008
216359
1231461
2171963
44364
1783980
1060215
149593
145224
9071
73956
1245052
1016033
179509
1829065
68006
150549
963660
370368642
2952240
1236013
1388175
3777290
28234964
2307235
62410
1165366
1592502
153977
401092
104345
1013579
141868
1167372
1529753
131192
135602
153483
1354475
409120
246673103
1456633
131343
3325146
2723259
58207
2247331
279349
240036844
2547643
153673
542625
3356110
280551
2805848
226903
1589521
1299601
149344
1162528
62340
3359627
52343
542626
2743135
61320
184507
231974111
2531532
2673388
56290
134125
2468628
1107394
3332997
175905
2032396
1157670
2067286
102144
1227111
416216
1404342
3221548
76155
2955082
348905
145738
173722
1965551
106220037
1160513
3020467
131333
2917876
2714132
279211
44754
132580
2949526
1420601
107423527
153467
55890
132349
2000314677
109102
1420351
1539379
3019984
85939
1152642
1160702
131309
1242338
161944
869606611
1513057
1206419
185546
1550562
3326960
166717
2906044
1028983
69183
109090
1224252
550623
153578
56352
145511
1283513
1079223
4629949174
2164745
1702421
167609
2950567
398950
91916
5610766
241076
145804
2032812
146333
2415761
1111044
123706
76072
1155956
543309
104336
2910925
277559
152967
152753
129523
1404340
153436
16307924
98279662
330473812
2085649
113967
7168979
2952540
1242356
2689687
62649
280344
897554
3295975
134026
1225227
1107261
2691169
2145734
552248
397221
1832843
122781
74012
3251667
129471
1747944
2805108
3002965
2712154
1776966
192783
74316
531494
131197
279318
190273
1085326
153627
550368
2067278
152313
2805848
231974100
172627
1403211
536206
1829065
2436520
1243759
3158089
2202244
1161610
62456
2812110
1067608
1999192
3007575
1078995
224366
280384
1217162
296014
109876
2426005
1348625
3329911
286780
1208545
43007
186978
55583
69183
1362320
1255555
167739
55064
62341
2009947
349015
412672
1077290
106802
3009667371
104975
131838
2956538
307866
56235
214395
1853865
154391
2949504
3161266
2529848
142004
1410876
3355625
1530587
370137712
2952813
1253507
157394
151940
144676
418077
3240420
1107288
150374
2440454
162431
139778
55096
167200630
2713466
160882
2453270
74090
55844
172204
532386
153466
2830233
185383
126429
135765
53706
2947170
1180852
383651698
1206588
2679956
165471
3013186
114365
280490
128151
37775
1751445
196177
901990
123561
216373
193222
7451
278721
398020
1904764
153142
1152643
1107354
3319514
130250
132463
138877
542632
911088
1121023
2955687
1631530
280213
199073
3330421
232873
139779
53293
2690095
279181
157284
305639344
44143
3255205
342462529
139350
1746535
897529
3358385
3350102
134083
442794
76352
156990
3355625
1268700
62495
3012206
168203
44385
1948243
382225
1359772
62512
1309662
55724
8644
1166322
398716
1135400
3016468
44299
169860
27308486
1084091
1479989
552250
1872673
3161266
1140615
53460
1084206
550119
3307249
23542233
1175569
139237
58050
142108
401798
2426688117
2918047
2724049
2907653
1260552
171987
121939
902329
55858
302696627
123292
1263704
61549
1959485
3333111
2805848
153479
3331299
1777266
153451
172198
62273
2918496
901985
2316593
145747
2317358
131297
396248
62646
112143
3358587
898338
1150939
531423199
181040
903988
4521144
1251254
138943
139778
2032400
94401
131328
58114
152766
1924004
153696
2918495
1106408
1721119349
56016
542788
309478
74131
7160849
1192497
1107421
55434
4629949174
147096
149296
166713
3058686
152743
1108014
88823
223287694
3327621
131367
111604
114373
104106
186978
145768
58446
152232
52939
1067738
536787
3237066
2556598
2945004
2989219
3357088
166909
357644127
44280
1120590
43336
152314
2552485
168251
113764
55844
3020446
74719
1180856
3011848
124535
131226
153687
106705
1529814
2950736
1158568
2109291
1209819
161033
192795
194119
1079412
129520
172216
542638
172565
1106282
109876
1208545
151091
149345
114661
975778
3019504
2122060
2946664
358309
1227111
73970
46116
3357030
58184
240110547
152970
1669029
269878
1631524
74811
113541
1777266
3162704
56164
1161667
1106399
120850
51684
1567544
2815754
1206797
1164621
1392183
1253511
1206426
1021584
26161367
3211745
81678
272939
409957
1620629
62453
106752
172204
157815
410820
168204
168209
26480399
158262738
1206420
148182
2956632
1107263
157699
1155339
149428
2892484
2147774
74791
1402747
56239
1403897
812071
2610683
76377
3006199
2787926
533705
1452081
1658233
2084668
1079069
57993
2752783
153621
1160513
536773
1240444
3324235
305640277
156986
2465058
1281234
7461
136219
1066653
58028
55870
3559887
3256761
1777967
2431261
1209609
148553
2949504
358631
1108014
146139
4703444603
2690234
198332
406060
2267562
2207890
2755242
1664820
1401303
120130
151094
188176
152234
62675
106704
2361304
531620
279323
54921
3513471345
55657
56025
393835
1650684518
346134
1060184
169034
182514
2451580
114942
2460463
1066853
106879697
1162686
55874
901990
1248154
56022
55389
280538
803018184
206548
1346288
2461386
3211745
150532
2809659
168203
1771739
120704
112997
59953
447862
1813385
109876
62422
2697338
1949080
2597485
1650630003
2989340
3594027
74004
144725
131185
349042
1144831
2778914
147488
2850346
921589
115286
153710
1640521
103799
46663
1156067
161961
1465933
44204
87645
303702
1175448
138806
1772841
550620
105389
271110
912999
2084805
2733066
44754
2952574
1747246
4703444617
1082292
2195069
963658
53443
532299
135596
35738
152759
136333949
1079084
241068
153036
2433239
307833
1933745
88595
151940
168998
3013621
158950
2273935
175905
1059984
1163209
214599
533707
149368
398932
1069730
1175408
147296
126415
1856449
371700506
44097
202905255
1376760
454860
173370
3218753
1060289
2029046
88600
3018198
2460523
7429
58140
1395105
104836
62734
135566
139108
80500
1452081
58177
206548
1145288
224366
130140
134097
153037
139372
1107709
126354
2014597
279228
139528
240074382
168251
168994
103599
1538255
2315704
1161683
128152
115401
172385
3163078
149997
1047206
1074553
151935
144844
159868003
142098
114368
4703444610
163612
1404156
1016200
2094194
40857
121855
42499
2520287
176885144
536470
1411878
241067
115286
346134
419548
252728
1208545
241076
130914
3012850
62559
1674536
1434381
902979900
113377
2132500
58168
270056
149352
392340
1059660
119089556
1206572
153019
135860
416643
1999133
3256204
55106
1669021
1261619
3030295
406872
1142933
4703444606
60187
153692
24517001
147464
1353532
149701
163566
198402
153115
1959473
2809922
73444
139636
128184
2952588
1376609
2917360
2755738
184428
1751833
1156584
447585
447585
42907
120236
168204
1014412
43740
900260
69587534
2949504
1949080
1164698
281003
191696
2317346
56132
3357208
152297
419550
3231218
1314591
901989
910713
135605
56365
2741618
55460
11958
130072484
56082
158868
3006860
149197
1135400
56244
1079084
908959
1430508
1141681
3358385
286395
172205
1250113
1776992
2989340
1067762
1067751
5815715
138088
1166430
53812
550362
280133
975590
185686
1225794
43978
531495
1962188
971040
85583
3006203
1227118
2827425
143137
131185
543178
1225483
170555
1602787
134034
114843
1198661
88915
536773
8641
166733
531460
551836
180022
62734
3652281
280605
271973
169860
153278
3218753
55152
23443256
178202
1167367
156826
3023050
68008
453042
2216724
151109
139611
2015121
129814
7146560
162068
400311
123533
62407
191039
1744281
577359740
901990
114356
1227136
132381
2132505
1552186
44971
122837
216217
184843
43652
58628
131300
2412675
550363
3237066
145774
536461
142013
146346
531619
56906
897992
74020
913073
2304454
58828165
1777967
57818
43724
1131963
153479
240355
1206573
1307519
1154757
371816372
3247647
154881
130884
456981
154297
145823
2691153
106314
150413
153434
107075
1550630
166768
145722
1405479
1043582
131828
1059671
81678
202905255
104238
253642
336075
149436
1271150
1828598
2825240
44126
146336
7421
812190
7430
92949
45589944
2117795
160902
423228
1268593
1346668
55870
191713
114356
1066767
141073
198265
120236
153603
74812
55280
1225196
1973598
134136
27564996
3359627
149199
1467358
92949
138885
3076268
2689482
132348
41038
1550546
55943
11358
125618
2990453
170555
55594
112298
2443354
59877
326287
280534
158719
76263
279315
1014425
115056
3019941
1141918
2798531
1144811
43761
2918493
1230277
68614
138356
961595
390184
135598
56047
2178689
571178
2805108
153127
146125
2460525
44667
1216389
147994
226710
172627
1346668
125215
138056
2429756
137916
1028992
168994
964945
153153
2207890
145168
150545
447584
62531
2146232
1211875
3019267
1159663
55146
1405383
1067817
58143
415482
2434875
2882617
4583125
80470
307763
2171347
1004254
185383
171982
1359783
2772008
569467
2666909
36097
153619
58885
57867
1550566
342999
1107740
2087675
111134
7409
2141214
2768921
43452
2953118
2904508
412436
280485
2892484
3318845
151108
110008
137556
1269468
132601
130206844
2994939
58638
402221
151839
106704
116871
53806
3018837
281346
181703
1179645
2723923694
2755498
2812109
1206427
130972
131303
2939673
192778
3011198
3318845
197384
104186
145507
3013116
1452081
172627
1060289
73941
54870
1152558
111604
2379915
356443
288756
1758858
1863732
1547296
901534
1152129
74132
3087982
542634
195827
59056
115065
3160688
1107725
6872713
1079418
131898816
2015101
139566
131185
74719
419479
120251
180040
387496
2952540
412707
240071747
2955204
55080
1553098
1842151
1060289
2084805
146509
172684
185820
2789106
55719
139642
44766
158025
150423
7422
7436
3346137
43890
3012405
2067278
1216467
965765
305639493
552194
55185
161650
2816505
1180676
1204430
3357709
149341
252728
571802
156225
153342
1223830
88606
2279652
139672
74823
448658
1318214
36966060
2689653
106419
1800742
172072
939906
134026
2773267
1823287
3012297
1167367
542785
153566
122405
130072484
149593
45319
2754517
141055
275926
3158121
2917368
1166394
1014440
287931
1069729
150548
172200
1014470
3297062
80379
1106209
132462
1156768
55860
412672
244081506
1410876
131179
1450080
109294
62780
2862841
153342
195827
975783
2805691
134071
223181435
134067
305639190
410060
1284995
44917852
131237
72894
166753
3019461
121497
226967
1403918
3354238
2025886
2110382406
1775054
113395
152277
240056905
253824
121987
43843
75801
72525
2743139
153439
370244025
3227399
145831
80348
969360
1764573
145151
152278
1159237
418225
2939673
68986
2015297
2953995
157853
79096099
6837723
1735475
1236192
370329200
85583
1540524
1028986
1151579
1822781
206672
3246577
1161664
2442172567
58175
2259401
114372
812072
2144520
135808
2703209
7155943
174916
3006875
533709
224376
1686631
1477892
2178684
3792634
112857
147173
5812110
271975
62471
3018198
4703444602
407717
2032458
2953118
151088
37307
170100
158959
54174
1227111
223407
1161664
107085
1154551
3332770
3005972
1180856
1550584
44383
2267562
3625910
134139
169031
1395142
170579
27852583
91294
135558
1230123
1952636
3009348
60072
1067587
35280
2994939
4549670214
549165036
55555
161650
2892476
1245052
150394
4703444595
1637045
302635
288756
2067278
74844
27308801
131020
176173908
1269641
139835
2196921
185380
145836
161653
1777265
192785
1076946
3560284
150576
2137477
104332
2668913
3007532
1828388
2412710
107069
2812042
7328360
3349631
494043969
26373169
1347672
1201150
123394
240071747
1973598
76910
112405
106951
2099810
3352139
90409
3355367
246673103
147064
276939493
1814337
2638181
248770992
550625
939961
141625
128184
74859
106716
1402747
62428
2917171
1106275
2412826
151641
54852
532306
2904809
55073
2443356
167608
62405
1154627
1223658
279322
240122485
2032148
1631541
1194075612
901533
120189
2094193
158878
1255237
1229109
153434
141933
362413
1175406
1479603
139345
2733017
143117
1230248
1948243
73994
90412
1043606
4016543
190862
1269513
45253
131351
1381444
52395
145990
1734934
127864
543024
149375
2147774
280177
1381329
3226004
74011
147464
2755499
1188507
281003
412070
53937
2754881
109294
1415883
2196139
3009623
157777
55884
536173
167739
166739
163565
46116
42791
2812216
537569
1106396
57983
3354596
74165
2247331
71949
54713
145779
1359772
135559
1539378
74812
2668824
1076369
2675270
2420076
2317329
149027
104647
279318
2187211
3243586
1612961
3017000
191731
180048
3019916
1107722
7428
153710
167741
231328650
4181494719
150337
104492
195826
156977
83082
30295
1067751
391153
85587
4629949169
76469
3168167
411577626
2723259
194119
7429
134068
1682243
2963947
152410
318467
2085598
3348883
1232837
2094521
139642
2670059
104650
146334
349052
406574
123869
912942
191696
3256269
1107394
279231
108887
153092
180451
3332464
2078971
104915
2956624
185287
1395104
2957904
280233
79637
447585
376544
55945
7419
122805354
542632
55569
73962
1164667
192779
2712453
1835900
1342361
3356956
151082728
447871
156737
1390434
965613
202905255
280405
133345
280485
2915711
1016572
74169
2947054
151119
166713
58886
58886
2202144
344165
28322
149002
2815623
52399
1160508
1047206
3327682
910521
62638
74122
1269568
302091707
2340636
71033
531493
346956
969358
135593
119089556
4703444621
1650630003
133960
167241998
1014436
969247
138884
105777
151672
406169
1686631
543312
1079067
106759
2956538
1120885
2950567
1159663
174737
2390836
17859918
2946393
3347257
1071098
74002
226710
2755738
3355910
1878201
150367
147006
88850
54713
144725
31941291
2963947
1361492
3323488
147303
3296957
964255
237691317
2539350
89395
2202121
195297
1161684
2950430
185260
44555
1170074
551833
1069730
1277479
1647567
1156585
3161266
114354
1547308
145817
1360887
7385
44749
542788
2349984
2673221
153013
120129
122806
104237
3012719
3237066
138057
156819
4703444619
398944
168641
448660
1410861
168647
150041
146314
3323454
123552429
57943
3357709
62713
170579
160887
2955270
1075002
131783
130979
1084185
1074640
547594701
1270488
537569
535774
190869
1149250
107021
3163284
54195
55952
869555482
900363
152309
302635
2265849
7436
973320
1307354
4703444288
1158715
130973
150413
139822
168231
88621
2412826
44839
151119
1351267
2917918
1152724
269918
1159306
153183
3011446
1401303
172598
2598107
185287
2195080
532309
74131
122899549
1672515
286396
122806
45401
150488
1307354
2032450
1268492
279345
2850417
965628
120850
3006415
1402747
1404156
2924862
1404367
122604
55431
3087988
1141566
153115
7426
217419729
1402733
90786
43172
422689
145816
172191
2414647
53403
420674
2547697
2574214
27303345
55157
1674666
1735473
1176776
1179330
1634158
2918021
2196133
1270488
1543125
1164670
131327
121511807
2438728
869609474
89253
1550566
1206478
267762522
32662994
168239
88850
58103
26225
146745
3339993
58169
1999345
279446
311575798
180451
1401694
3355910
422431
40671
172063
149182
1206573
969477
132493
214885
148074
2202244
153594
1166328
155470
56236
1761580
902338
3374767
1949374
153976
186984
226710
64484
1156583
280295
1127158
153578
2827451
149347
156613
536475
658312593
3030976
3008389
61549
198376
3015904
1410843
182644
3018247
1121033
1076897
153707
145754
1107398
142193
165941
3013630
1277291
302819
1948194
122837
58114
3238668
2168233
1412656
172058
74143
192796
73956
55399
569407
3358663
152315
3008904
3359695
1357320
2898443
974234
1066689
144645
88146
2131460
103786
60759
1107723
1156071
119567323
192793
1260551
4703444606
1108115
1164651
3006983
280628
152604
1159668
145913
6838332
191251613
3158102
123322
109877
109655
356911
240072888
75618
145166
132568
104335
412864
3227399
3018476
1187266
171989
3958665
74111
7382
2412710
2127079
3156098
73972
149689
156740
550090
123897
1122566
196240
2954141
93006
2825421
166718
214599
279318
1059914
1329869
147994
214671
2668633
305640074
55893
2951593
1077036
2137636
198258
158412
192785
136219
3354571
389963
3011103
134161
2460541
153602
131027
44597
1279411
6663864
419483
1456792
1243759
1333690
55244
1208545
40671
163590
8646
531495
168010
3023079
1084353
74316
169034
1244004
1339778
1922627
1029030
190262
1342039
1529814
1197765
2342818
280633
148863
151234
112859
59043
83124
122604
2317358
1145310
57810
192763
1606296
139316
149352
183750
3016700
57867
1142934
153086
269921
2952361
1309641
7155943
115168
536797
1028986
25869574
412160
128151
145817
7443
2165312
1772919
2351743
185407
168589
3006033
1144849
122841
115106
1155794
2442172567
1176503
167798
1669024
296095
1107745
1223658
1672462
106396
279225
3227399
272914
1149250
55909
2718490
1478019
56022
272775
7411
1947869
155946
149999
2502058
60187
138297
2413295
162110
1208546
144631
1164670
2862867
151684
132490
1920087
89726
184843
374796
7387
106761
2073469
3315892
150303
2807559
1066584
420754
2809403
288719
1387888
55338
2955951
1003538
150413
106793
2371819
1963673
62269
58648
192737
142865
153465
146661
192736
1230278
2436914
3955288
3010745
2972852
1209821
153567
138304
2190572
371700506
56839
47534
3161033
45681
45236
130957
1175407
135793
1067848
2195080
147104
139339
58867
2953111
11950
1345825
2703209
161033
58028
1225379
128143
406574
532300
1685906
542785
224042
166907
88081
553607
1231485
1433721
1059984
419479
2741708
1631531
271202
55248
146445
126429
1206593
280488
104908
141913
59049
3331501
478381
2939673
88068
1783980
1225244
2952240
58686
1149378
969477
157530
129331
1152132
109921
115074
62512
1745243
1375910
1264630
52373
153979
175342
1231311
1326762432
812310
51529
182644
1410843
130975
3017000
171968
2673506
139372
3358938
3250832
178390
4181494719
1948194
1245224
1164698
62607
148051
121749
1163974
74847
3354557
172630
571771
157302
74165
2128285
3529725
55952
1418336
7381
1067757
53403
410422
157030
1465057
531634
2195069
112859
349041
3008436
120722
2787498
198257
184425
415695
1457019
58686
3258165
188203
2452671
1279573
172627
2317365
399906
2673388
206547
40683
144721
287670
169031
280141
54771
198422
454064
2955003
1540512
3355910
55428
1473938
148850
150133
3331723
244080661
2946612
1348560
1150940
113967
969369
3325146
1744279
454721
130947
158161
1742393
2440453
3359614
58198
1965547
3023050
58879
216351
401160
2815477
280228
276953319
45037
1164653
54537
120704
168172
3237066
144334
2946612
275926
547344557
1255237
55185
3348772
183746
88600
132379
358688
1059785
949522007
4016543
1106402
1772841
167691
1151627
57516
121739
195271
28234964
1029030
2812109
969479
53351
538362
1003302
897984
55945
1167367
550625
1175448
23074929
132471
1379056
375589
76835
143145
2780630
79397
1283520
902329
156948
1420215
3009296
1166191
57963
3324254
1227137
199158
139269
305640277
1075002
180904
139316
5812078
1068067
1253665
113358
231974100
152753
145274
2145227
62581
2478628079
3586169
2799215
3513476360
2771635
106956
1325307
167593
51296461
3009257
1122577
1342041
89393
145270
550368
3247886
57960
3258115
161644
1149574
113377
161950
1948788074
120114
1363630
280572
3009262
406060
104186
5811935
214396
2690410
2757754
3020527
2932315
535828
35735
153269
106995
1924172
6837723
114375
1801075
3258028
114364
2997012
2247211
2187211
279194
139641
73962
897554
3219160
3012719
2947032
1252276
3625910
444400
288762
224366
146455
155941
131185
73976
1142933
149300
142282
6838718
305639193
1456792
5812080
97218
90412
1312553
3326873
2438231
134095
396248
2954646
2954207
2171963
1210978
145739
4819615
1160513
3795031
1244004
1804202
3356984
3355695
1152729
2809403
144629
168202
1872673
900256
1108014
1401576
280325
131367
134103
729167774
1401223
2531512
1159251
1539755
114336
110009
1226307
2825240
542638
126401
1815270
941125358
1151557
3255205
3352782
56050
122431
532006
3347845
1283513
1863732
3008436
162116
1107745
1136727225
55952
141991
62366
318807
279361
60163
54713
2174036
2399220
74088
152127
1582777
1066745
280480
159868002
3227127
280280
1919982
2108121
3247678
179272
1675657
139108
150008
1076957
103599
2918481
4869487523
160882
569467
1230120
525577
3011198
3295975
58881
3016468
1411878
122815
3293501
169031
2939673
135857
1640522
414720
2966074
3019384
3332766
167593
148044
1231459
87645
552196
44836
1706936
2811223
140989
55578
344962
391455
106499
2671799
167676
114942
2950567
342563
110597
442736
56194
3355367
396248
1903477
252728
408105
1973598
280228
3794962
550356
1640522
1777254
1230123
963641
153038
153490
2132505
149291
3006416
74811
1216448
134033
144721
1106780
1279573
2196335
2893622
168637
1923764
4703444620
301464
7422
62629
3298774
3103093
1348706
1964157
56117
1398615
134134
152621
269907
165794
139537
969359
56235
2952240
3652281
3489649
134039
148039
2415518
138305
1401223
7425
3008389
173297
91278
2757754
1145288
3009290
147268
305099
1083010
2950603
2825993
131037
145153
4348290729
122806
1175448
6791758
134136
1376760
53461
55106
1107711
1214215
1106179
1175448
1431094
324899693
167728
439840
1152643
1942168
418039
2915703
54837
306394560
3020467
1448718
1529748
1283520
1263704
120700
121855
2917182
5812079
2610460
165479
1410142
2196171
168585
1964157
2084823
1119077
240122485
149344
2317358
470054
71949
130972
1107723
2950481
157530
2954819
287517
2403848
901571
68008
1152643
419479
57031716
153838
3243586
1255319
1402749
122806
280490
419550
57032
131411
267933614
55234
62341
1107724
280412
1919982
151931
130957
147064
149348
1340088
2646485
1117583
1956850
97213
2917414
150368
153106
138883
2465165
195294
1029029
1465162
74516
2429244
152114
1162542
1150937
182644
3720376
1154833
173373
1187159
2915711
55673
54534
3333246
33120283
7375
1640522
43984
571747
2955293
1152554
1392191
3359572
3357208
1863732
218896252
4703444602
3298774
375668473
1673426
3020742
21904579
910564
55831
1346852
1066584
2208031
172189
2317358
146277
58686
1279979
397230310
974227
3351055
120846
56125
147107
56909
3006339
57418
81996
448668
1721119270
449696
56076
1107722
2917171
370131193
146210
62478
183749
135560
111603
280280
43656
958128
3763647
2713724
102269
155470
296561
58002
1547300
78763
55431
1429268
153343
550358
139350
55830
2574214
2026244
177907
2567380
139256
1381329
1204665
163578
151227
240122485
160837
163601
1083333
536224
172070
231975491
532310
2016768
1539832
69712
2812110
74148
1162677
3087983
367988
4788218377
1392622
271110
103076
105870
2689691
3082668
42611
58184
1240194
1084188
139636
280435
975568
2105378
89780
2947194
59518
120842
279241
134071
152277
1458053
188225
55660
167603
149997
120177
163576
55594
156393
1120590
134591
2989158
1066689
117659
1764574
1359759
965617
158881
1824716
2445563
1965551
1230116
456997
2932285
1402718
1410142
3219170
963660
147176
241087
57397
1528297
1268683
4491048
3248514
3354399
152311
74386
54725
1235978
58648
131382
3348459
2414648
40767
2633746
156245
3161168
550370
280325
231975489
2952135
1016569
531449
1538252
6678712
1103584
1947852
900363
156261
3016834
2273935
104884
2888417
1083111
531494
122942464
176885144
153729
42014
106419
280166
288719
40671
2665128
2953357
224457
531554
153681
2827425
119009
240379
1105920
4703444619
3161111
803018184
1209614
2122060
1975754
167679
58879
1251040
143113
1459394
178760
454716
65335
3160959
108393822
91914
1180852
163617
2917918
2815568
1231483
419479
62578
406106
564957290
134090
1772841
1268700
1142933
453814
1744280
178338
1934100
149435
172199
398693
2793104
44933
1747944
167648
4703444286
223408
153656
44807
1672628
54777
556073
1672628
196159
1676328
286937
3347372
1179644
2076861
153126
1922197
172639
2016159
946157
348905
153730
1240070
145151
4629911077
1216469
2110264
1832843
1734929
168589
2131957
102505
1626147
3087248
3020470
58049
1108014
1653224818
1223835
76351
26161367
3007045
2723923694
1792386
3237192
280627
2997071
375773
90306
2955003
74045
150416
4347988419
2420744
72894
3007492
91925
2032402
163617
58628
2951545
2951271
149995
1106209
56040
152310
280173
2279652
1067576
120892
1154757
3009262
224363
28234964
1201020
80379
1539833
2923822
168245
147267
1225227
2927066
128151
1225243
130976
131358
279257
122843
2379848
157394
1418624
152983
64484
1704857
2155859
145224
3356956
241075
3359694
345769
151109
4422604
43392
139259
536899
149714
43806
1144849
3246452
1401321
390265
198590
279441
119593162
147988
134090
7455
130884
4703444610
1682378
114367
2666886
2815640
80513
3992676
1083329
2452287
123264
1164734
216374
1153513
7403
1842150
58143
2665233
2361304
93281
2906364
88627
153119
145317
134054
113465
2451622
1223664
975768
47696
253750
2021962
34719
123533
2917368
125634
47540
913109
161816
2873244
157292
3008257
1154832
150527
1240070
117887
155370
167682
172207
2690410
55576
1552186
412148
971074
206548
3162900
59418
1206482
912942
88626
150399
153702
3354958
2951271
60186
73981
152765
44372
120842
89766
153671
1014008
550366
3589982
3986076
138908
1279074
78593
122806
2146095
2839668
153235
537257
1706936
161644
3012412
1376757
4097196
132373
1741311
1392613
1386967
906558
2804565
152295
349034
78763
122868
3006875
166728
898338
2815619
7440
1539382
43652
114942
152232
106211
105268
114368
1421330
1637028
90290
55072
104106
120203
2196133
198336
1401835
88801
158951
151148
3325757
73911
2950481
4703402617
404713
190789
153018
280608
167591
1759477
1203009
1078988
74123
1159663
124464
40857
167719
1792374
531494
2904797
157753
70070
448653
94436
131351
58072
1230151
2688911
153795
810217856
2690418
287082
157319
305640074
2741710
3295975
1167815
137776727
412672
58974
178338
2468328
2952361
1552186
1352398
340611
178737
370193443
2429244
7396
2121672
56304
3160688
149803
55871
3329387
3156192
172199
55079
1403233
136333949
3324640
76363
130957
58032
151109
152620
375589
2917255
148252
335495
2811698
2830233
1216590
3159823
551833
1801075
153602
4629949167
2438993
279238
138417
123272
536790
1160702
1206406
117877
1999389
145312
1539722
152991
325866
129567706
1340513
145820
54767
150527
1164840
1339820
280517
1283513
304938
389983
3579531
368782
119581355
55564
1141620
969479
158987
4703444621
1198660
1401835
1206797
1874873
139676
16307510
57943
2170323
58897
145268
161957
1106788
55818
252551
25930131
142182
2280261249
3348382
279204
941536
1029029
1383415
171980
70279
104337
2917182
116869
44741
1206528
43992
3255672
1672515
913006
142865
1160512
78619
1151474
214671
115239
403055
1376831
1550620
231974099
443174
2953118
1078993
132505
138400
79186
2207890
7433
1877580
3348883
54722
3007492
132510
1777255
136392
111705
1340091
196161
150505
2805169
1206596
1029018
114993
281350
134026
7458
1059673
35738
62422
90203
1028987
85534
155446
54728
131335
2434439
1259088
1395119
130971
3008713
1079422
344337
569407
1553165
158288
168202
153607
1084793
104333
2122060
147177
31988486
74816
1772214
1162542
963197
119585293
3243124
185380
2317362
1160512
168245
280404
58167
115229
131841
1080399
1066657
288762
1135409
138895
3247767
555717
74828
91925
58885
1263319
2862881
67991
1480032
186964
287668
2468628
2355168
3359872
1163209
1014470
276953319
223621
59840
1682243
76373657
190281
145768
136259087
3010204
374810
72196
1152129
2184233
117996387
402594
189924
969576
182954
280512
280173
1987491
2137636
1999133
3014836
54712
55106
55568
74169
536470
3332770
110009
3320583
1069729
542634
54813
1952549
149309
420215
155446
1289010
62590
3349934
2439316
964480
56315
3016468
142004
158160
150576
191712
148051
1942809
195267
21063362
131828
2452272
157777
1741406
138337
146610
145596
1120891
8638
62649
419159
1230248
1342813
1672484
1539833
1151576
112100
231974114
7457
963190
56097
2827451
1159237
61911
161033
271202
543311
1164667
1154624
542793
2907649
122837
3231415
62780
1078990
536126
148039
2451374
177922
167720
2146095
1210971
1357320
3011643
1082292
131038
1016569
55583
536788
55673
166806
122383
56235
56324
58175
55152
1225483
2180404
58050
143113
6566419
1729409
3018438
1363069
3351055
1109201
418039
132367
1131944
81996
91916
58140
412297
1473517
1428125
2809659
16307924
269918
139793
57992
42602
168023
2465058
54533
135838
1014452
1156768
193222
145722
1348650
542634
55338
83090
2689687
151108
2087433
1206426
1928333
44768
7523933
27852990
903988
55660
1701436
2952613
3018489
122820
74313
138899
172196
3325806
139777
1999389
54821
3870502
280550
2945004
1079084
1426915
4703444594
2050278
1430613
286776
2815623
149996
3161299
56155
2531584
7409
551831
420086
1187381
3002965
1162527
1418311
45681
8646
111601
1758858
1226307
74000
132596
192775
119089556
3357208
1334216
957268
398724
3018489
184425
131411
1453925
2842383
125215
132349
2958206
91734
2808146
550625
153494
153665
903988
3331723
132381
536224
550371
55844
1076936
34719
76363
2351743
1152722
7436
172578
571747
136400
911844
2827451
408105
1116474
3097346
3256268
43839
59759
1268492
55662
2078971
1202314
1162552
1175391
1079084
126281
1016001
1107261
542634
383444094
3087994
197696
168234
2553300
226967
2672323
453052
3333238
456788
192791
251075
152310
44415
1154627
532312
974189
131600
288599
138878
2713483
197566
1119076
2105378
306394560
153715
50371
405908
44915
3251416
2955951
2412826
1230120
1529146
5811935
179479
153343
2425986
153482
177922
1223673
121686
1259885
192795
2917332
42568
1552659
130935
28234964
58201
602512999
114365
153979
1243833
552246
128151
508103259
1079422
206543
131037
51477
1143167
56045
171957
44364
1405150
131197
393835
1216389
102505
142282
152239
44145
185262
1164621
898238
1151469
1084089
59064
58881
1975754
303585
138886
2207891
2451375
280538
53853
1066727
420215
147988
1942586
54819
453025
2090949
1230276
56299
337422
416643
550369
2915660
1155981
2668913
287827
3258107
964255
75618
168017
532303
542638
6426101
56132
421866
2955003
1106175
2828625
40683
1325307
869565029
62629
188176
555717
422728
192835
1777268
536173
44290
2563295942
3307621
135848
287953
26701367
161838
139103
1772952
1269680
1253665
280496
3578391
1771733
186981
3087983
55195
1225227
131898821
1851826
56907
3006058
1066801
1156067
142857
8641
148024
3237066
2697338
1360062
158862
56164
115219
180029
178746
280390
145792
161753
190811
2947958
114337
408121597
4703444622
142086
168198
104730
2084803
3310948
5805195
3018691
184431
1084164
131822
4567438900
3020472
27365302
454721
3009208
1860340
1106409
74177
7439
1226307
74017
231975489
3713815561
1198660
369838
420687
3018649
1141918
117651
152242
3333111
168192
114843
2622204
119567323
73972
2084703
368782
1669059
552249
3255095
146629
56907
1164845
1159237
131898821
112298
272939
3087155
105274
2280261249
172580
192791
1078995
199073
3020446
59063
3010628
167726
151304
280487
114942
158950
153695
531595
3321292
115063
3293494
148863
214672
62658
4703444608
62481
2379915
307828
139672
23443256
3087982
384536
1227118
173373
139326
180032
145413
105272
90203
1230369
2690438
146444
412148
154109
1950884
146216
1144851
975778
172186
1270518
1066475
2953977
244081110
135592
2674914
2985127
123897
1150955
240060919
153017
2067731
2032402
150576
231974114
21262495
418783
74847
2743135
1167803
964950
2915738
150575
3775063
7405
3007383
153729
1474898
1937057
146215
1206007
280141
965617
1120591
44917852
54825
149300
305099
416063
3009290
178739
74153
1159234
146128
1145294
1347672
3009708
1748490
1209819
1162548
109876
88801
3356937
131033
1253513
449220
1245052
58175
240098830
1628355
74847
145286
3317806
1539375
1376769
134591
975783
153715
2952117
231328650
550365
404200
1281234
149701
969360
96905
153092
78821
1553174
2245475
36989
23608718
1362003
105870
2917332
2073952
158862
1106183
198918
146445
2954207
1664257
2951128
318467
910704
137780739
153685
311575798
74012
153622
120256
130980
2809922
1387273
51477
400417
168245
1121029
113624
76931
55459
1154624
153048
974227
1126191
161645
3159767
303585
1405115
2536070
3058686
111101
4703402617
3228254
3156208
131017
138356
1019746
62369
3009262
77677
3354996
1401444
370015
106761
1686359
2946664
182706
3218318
550372
1402733
151119
141163
132505
132492
1251040
168852
1631524
137518
54881
5404230
192830
173371
62493
3349820
150579
2247233
74314
184466
145418
1448696
194119
3301465
1156164
154382
2533326
126281
42602
150534
1851649
55558
3360429
1402715
1405131
115129
192794
152300
153149
156677
104891
1303516
3211745
271108
3219160
2316593
58091
2917186
55261
280141
146610
280412
173372
147075
1122557
3233214
276905
123503275
1703756
1327628
129471
488260
2351723
120842
123758
155369
114929
3245104
90334
17859918
2673506
3161299
571970
56097
298285
139566
2171392
6566419
1188470
102271
2952564
172685
1229109
1152129
171960
84518800
3158042
536793
185048
166754
151115
196159
11968
188409113
80500
1999099
172200
442739
78775
3407643
1947852
453066
1154780
8650
55487
62691
2628521
178751
3347845
305639493
3227127
1450080
125634
280534
2088773
73994
119593162
2720007
280496
2952303
3020446
240057351
145728
1188507
2371819
610738
122809
2132505
279361
38246
2316593
104965
62411
536473
1456633
153627
296014
55664
3007049
156274
2444984
142282
2745046
401160
1160506
122604
55128
1179646
1067777
344685
108393822
122822
2915664
55390
122415
231974102
55074
131182
453674
419488
55555
2032396
89258
149348
1151557
3016841
2452642
214626
109877
2904506
90793
2673506
387496
104009
414972
4703444592
287518
901533
1430614
35280
2317350
969459
1395355
1402709
109879
85385
166806
3691783
901534
89723
5815715
2939673
475555429
123327
969247
185494
3161111
3227399
5610766
55877
3359845
168927
54854
1265682
3316629
532000
91734
123389
2958956
399976
531603
1144794
2793045
74126
153838
138879
286396
3358385
153723
2103721
280274
3006112
2351729
133912
542789
242294778
403055
240106077
2998589
129523
103625
180031
912998
3020472
1145269
3006802
122324
326287
3350102
7459
964480
52411
104754
2032864
2998589
456781
1223658
184985
158957
43981
47036191
1206426
1144743
134033
280390
531529
3221546
58446
2307310
135558
1197613
1759477
901985
147446
3317381
1952171
1083103
390840
156283
475555429
56290
1786760799
184843
913073
117869
1060250
104884
1299601
108843
154471
1552660
190221
3020879
1467830
3018139
1329869
2362670
54717
1084372
79648
1363630
3359700
282427
130884
172070
279423
469335290
1550595
297640
142700
1067583
44915
152597
5812085
844710
420687
3012849
123353
399828
1268492
149341
1411876
45916
1964157
144788
168647
1176738
2021962
131885
1448546
1084201
122828
2529822
357981
152293
132470
168589
3359614
2787926
2714612
145717
2094193
4189345
3015075
112100
2955293
1550559
113038
1106780
2918496
1028985
3359572
145717
3219173
134086
1083330
2811520
55151
56093
151093
3231415
1309066
31010602
130072483
1869355
1152726
448668
2087180
1286942
36966060
133890997
1231460
151931
56245
1776943
144839
163584
120197
145158
7432
3347845
2776280
391178
1726294
1223830
137919
172205
456972
121716
1013579
149689
135595
184482
157815
224951
135450
146610
153019
123264
1942168
415485
1685488
2956077
3158089
422728
405156
1550546
1748162
2146988
169034
172594
3245104
939961
2963947
4115866
180029
1152128
1392201
104024
9070
279361
1804856
240379
532310
2954509
122821
1433703
2862866
406470
131610
2917186
337422
1206317
442739
1761580
3012374
54837
2117795
44830
1433699
1392183
123320
287666
536224
1628147
148034
1151563
1067848
1141682
89766
2084785
1206421
139559
405908
2317358
3331299
106809
2145268
279418
1376761
138389
153602
977317
224040
135860
280404
1159306
153701
3348459
135604
288722
2106876
3255672
172202
3332746
1776249
152114
2993601
152226
2689536
137964
8651
169831
44200
2084823
1228408
123319
56401
1473475
961595
31010602
104404
161991
280344
74844
131833
156568
1111039
55659
1216636
89697
646451
342627
1924172
1999133
85689
112857
1230248
1361397
90813
3359675
139558
2814001
142703
2952233
231975680
74012
4629949174
1729409
2425991
1777268
532302
190811
167680
133927
120321
4567438900
172598
1206591
150527
2873684
550087
130140
1249704
3333241
55595
969289
507415012
1158717
2670303
1158718
85362
137780740
173016322
2092350
2425989
130975
40137
1013802
102905
117571
1079067
55072
1159669
1204451
1281172
166806
4181494719
271108
126766
56125
198770
4430941
280172
43761
3244962
1359797
1640637
1319816
74127
342110021
109754
135857
2247352
1458053
3009348
2698742
106507
152615
2455086
90689
149806
2563285714
1359797
145941
122821
129418
3012422
120775
1404340
1176758
420216
2939672
120189
105162
1270488
54535
75630
92955
2395867
2175078
3012404
415482
279358
279201
3018139
3014850
1674536
1790696
3254946
1121075
305142
55572
1513057
2755608
1060330
102478
4703444604
131001
36473
158288
1152654
1152720
54535
103786
1160506
139298
1539755
1669024
240122485
47534
58380
156673
3359645
58003
123758
7443
119581355
115032
166888
453066
1997192
115229
58867
898238
9122
1255237
55619
44754
3008904
1066644
2720897
454889
106959
1404342
2723259
1108113
4629911081
52373
166786
171979
119585293
1223832
44836
3013059
145754
148034
166896
2427626
91278
383890
1446283
261657500
913109
36966069
166925
107023
167669
2259448
196177
444897
1082276
3018637
4308338842
1206406
131299
109934
3248260
152997
109921
3327682
54189
557830
1550568
145751
305640275
130935
179075
114843
80348
3020069
138943
3007364
4115866
2633746
153504
345901
124464
2531521
536790
7464
168641
1067764
145507
280342
969247
155947
370134561
3358836
1108115
1376609
154605
44879
120714
55146
1402749
2451579
269538499
167200630
192824
413138
127309
1197766
3293494
280595
197239
144839
1231749
141991
1422314245
155987
1014440
410820
43989
2128285
45511
178094
117659
279204
1206482
383444094
173297
3247886
2162098
149025
2917255
2603248
2917152
1284869
1672628
422390
152615
3355031
153139
79396
3359845
135558
332493
1223664
331414
74171
3879784
1622702
2754517
128143
76263
182130
158438
55106
280405
391157
279238
1412715
1084369
55594
536787
149996
126411
1201656
1206838
2954074
143137
89773
157927105
3156104
3020526
192778
721572
145223
144785
279420
152279
1923929
418077
55584
2833530
107028
2741710
418082
1339892
16174445
2032396
416185
2451539
1141682
2917182
137913
44768
74859
1446283
179180
184532
3158106
58185
1078993
75630
3168167
158288
542634
149345
70553656
2399800
6838718
1079418
1948194
201138655
1016561
144784
280280
2084803
2369778
54725
286830
153712
134141448
4703444621
2673801
113314
153228
365331
2440453
3324640
191712
342110021
1473474
36473
3478916
105267
5746665
158902
68008
370137712
240074382
402594
969564
1016146
1242356
1539378
102144
1106179
1206427
2915650
1253778
180025
572592
1592502
2950736
153366
151929
139290
2732936
134033
141625
3219356
44741
58648
55595
180036
1412652
1236015
129595
7380
41842
59874
1154548
1050399
2955236
117877
2032098
280302
138899
1333690
192791
3017768
6803636
52343
2628521
3358738
1151474
451042
1835261
3009288
131182
1411514
410437
149192
143137
1135400
482067
288603
130884
919417
206545
533707
305640306
552194
1378690
3005972
153360
151931
3663587
51800
1029026
172216
128152
2711874
2434875
3247792
136388
55826
2622229
3775072
1076953
191039
73998
94436
3358738
1263704
134183
145717
2184073
1964167
4629949167
57032
237691317
172572
1079421
1963109
371816372
1107738
198271
3354996
453050
3019969
410060
123561
147067
135847
58894
2108121
280295
131304
5812085
3152830
1286998
2429756
115286
410820
224380
40767
138906
115185
721572
3217684
231974102
1243833
7428
26480399
62405
44839
112859
2755498
532312
146598
104345
126429
2066785
1263704
85799
148550
305639344
2175078
1376761
406872
73972
1227148
4348295445
53824
135589
1964157
1155986
54722
2195076
1960191
1113031
419548
1163208
1741311
1863606
144783
1530587
145789
1672402
122862
3589982
126413
1279523
869555482
532352
1120891
3006765
134141448
1266960
54711
2924862
1448546
1973598
146509
1144831
114364
286780
62870
73994
152620
2954252
1188519
120451965
197353
1253507
131616
3316590
1228443
114883
122907
23542233
1942601
1411876
2958755
44800
145751
153626
2395867
180047
168851
419203
2690110
550623
135798
188185
1786760799
7394
549470
1075118
1342040
296961
131020
153649
1106183
3159826
305640074
157677
55866
113358
136669
58185
144680
40218
72894
1151475
3082668
147108
224951
3008904
2951840
158987
2815538
185048
1430508
1674666
152245
2952127
139282
114379
1746535
1152554
1206570
74823
1074640
226710
185504
447584
214626
192778
119567328
88081
2952303
195298
391194
1151576
1154833
114372
2947221
1673426
21579127
55465
2449427
172635
412135
61911
88826
153656
1161680
456859
1933745
2531584
306562096
571037
111968
123278
1582777
55660
224366
130140
151119
1950884
1348625
130978
192793
1942805
2947958
138886
1831206
3333247
57965
120567
1831008
1230151
145322
139537
122888
1640637
1066781
3358385
2553300
56109
153048
2067731
186968
2947054
44597
542629
186988
51296461
150387
54531
1735475
1851826
564957290
3251667
1748490
56040
2713482
2456294
114883
145518
153800
126766
1637048
163183
721570
280390
117858
2917365
152226
1279573
153474
136226
88627
348905
2952748
1197766
137910
73953
969576
2904506
151075
21335
161133
2451580
142108
166768
162221
279249
198267
15412058
53853
54624
1750339
172200
2812075
288758
179480
1210971
151092
55064
2128285
280141
532367
146332
1552665
2690418
305092
410437
2628521
150376
1162677
197566
1159670
143124
39230
123506
7401
1539381
138297
167691
106481
3256242
1403211
286830
1107738
4189263789
1145288
40218
280526
55106
2954012
294001443
53397
144869
406060
123897
226708
1206589
58140
131179
2951676
216374
56040
3097346
2317350
1309662
144721
550088
3158042
1377054
417327
61549
146213
844710
304938
36458
33003571
2690163
185048
1175376
167726
419500
1379215
1004349
55870
2152285
280608
3350111
2443357
2915660
1228443
3759193
106419
3354557
122784
1672416
88626
145774
2468628
36966065
412712
185497
142702
2603248
1964164
151672
415676
159010
1161612
1771739
1920901
1167803
153663
126439
152993
131358
2351729
152604
1669042
105274
62534
158959
271970
2177161
3258115
115074
1167802
8654
6872713
288727
102870
3087983
153360
1152532
349053
124458
79191
531461
544063
1175376
114372
240098830
145518
134188
1154548
3020440
130323
1188515
1106788
3323098
3559887
3359578
185820
129471
27027
74011
1426915
1934100
108843
2181664
1402747
120237
152430
2892459
149593
145762
970963
2155859
1337397
104184
1164840
104908
53824
85385
1552186
54761
151641
306004
2997071
1392177
55583
190789
2442172567
74051
1014425
136147
139537
4703402617
161133
2449429
2438130
156104
1395104
428039517
104708
1963115
1751445
55201
1529813
105274
2672323
3011925
166738
74122
141991
240050358
1348737
531619
135879
62340
3163307
549470
145941
3161033
411190
946158
406470
121840
172678
3013005
56313
1163208
1243590
3851570
1402753
1029018
153292
1083319
55562
139508
136226
342935
60148
2157162589
2896660
370134561
46085
4703402615
3016776
156675
2202121
168192
62591
337131
1605981
171987
68066
202816646
1281095
1240538
552195
3329208
2825993
1206488
153696
148917169
1964310
56312
154471
2947577
1107289
90332
2689536
1121023
122813
103625
134010
165479
55568
2131957
1334017
3010032
214673
1362067
150394
2690234
3327639
2888417
74126
280627
3006765
144399
1761717
2657350
3349904
1831076
188225
2690438
1426915
1420351
1028983
56843
306562096
62636
390265
602512999
88638
1629145
340746
969651
3009194
531383
1166191
1834655
168641
54804
1176776
48311065
138878
1947201
1253406
2322522
154391
135450
532759
74052
214451
1721119244
442814
1120592
1206394
1540176
964557
1959916
1227137
370193443
152621
156106
135605
185405
55248
970101
1611887
1107353
106419
74008
74516
3016826
1066266
1135409
109921
1076960
543082
358688
3006243
1151475
62484
2442883
153360
1043606
3256268
1553165
88081
2739991
3327208
1230277
132342
1084365
170559
55712
168172
188203
2020070
2264749
7434
154885
1993208
135830
4703444615
53838
610738
227231
130219375
5326784
188022
73972
1473938
449220
2793045
151327029
57965
1404333
143145
3013630
1814965
151641
456813
1079414
4189263789
58628
544063
1079416
2026244
2362670
125215
56843
3297062
142857
416658
2032132
2755619
154964
151108
43656
1155794
245711197
62478
2681149
1547390
167699
122806
1176964
3162738
2917171
3023076
786882074
53859
1156164
2816505
1530587
1400524
127167
1209609
74022
3012422
1152726
1145825
3359694
141916
2947577
2689653
1004068
1083334
1155980
537569
297758543
373171673
2032165
136226
144554
550090
3713815561
411195
80409
1120893
112298
357112
141973
1135400
2099811
114910
79639
172685
401092
147968
2952117
1404342
185504
137776727
3154746
156590
1206572
2632581
1362076
74007
3358613
2963947
1339820
120114
2985127
2923822
75139
2449428
74569
180758
104371
1704198
151101
153037
55943
1162548
2862841
153467
2146331
149432
287518
1959485
54624
312144
854798
2953995
3354238
2915709
130948
89257
2563285702
2691157
74719
130250
1284382
74844
280551
115177
122829
408121597
4703444598
420086
3358712
412864
1167811
1238839
70553656
276958564
5379538
2146159
131838
1669096
1777905
165075
231975489
1141528
1962188
197698
155957
106388
2451375
199158
168620
869565029
3354557
370133195
135875
1411878
122907
1223740
44280
73966
269926
54767
56004
163619
122703
74037
168180
3240074
1223723
1413934
3329387
1405131
135875
43981
214626
168180
279317
103625
152405
418967
413138
1284382
131027
918574
2170323
2873244
139345
550355
152311
7388
227225
157320
1244085
2505782
125215
3045482
1681788
131197
153108
131838
1176782
76835
1940319
215693
169759
346397
3589982
457009
55195
2009947
177923
151227
126281
3097346
450381
152302
543232
129523
152630
91906
1360887
1403080
3018990
3301465
3246491
3012374
1750339
812319
974227
141892
148917169
74318
3513471345
151090
3097346
1059671
1206400
2799215
1529814
3354238
74123
3012357
16307200
1269680
1206604
195340
104565547
153806
269952
280497
393835
1685018
1143146
1928217
89715
86048
110008
3243586
1206593
55147
139777
197563
153977
2411900
1084364
3087248
399976
1231406
901989
225564
471417175
104177
59161
1155956
137776727
2531584
161991
1332269
1539755
531603
276905
550625
2952103
280437
1076927
1874873
418967
255401637
114148
74034
55591
2954074
223607
152991
60050
139563
121799
2862866
198268
3255672
295480
267762522
391178
3320583
102875
2808146
179052
56247
55951
76465
324739
2097692241
62771
59709
156231
2050278
2202429
3018247
2088773
183747
2806471
1225794
1666494
1631530
1311341
173298
110450
913073
1167813
288760
85616
2917332
3010391
153704
2952443
438171
105270
1159672
2741710
152309
198376
90409
280245
1268595
123292
2956632
73962
1813385
158161
170582
3006405
58169
279141
1404741
224459
2952928
1829636
531548
133863
1106396
551831
62370
139502
3240420
1376609
88606
102269
1249595
3258107
1735485
146010
901578
55558
2127079
109772
2066785
224362
43584
1225244
136712
280340
42809
869576948
1404340
1069730
475555429
55291
157292
54881
53397
146216
2399780
120965
202905256
55404
910704
543021
55159
185403
2703209
166563
62493
536469
3218921
288722
7398
144869
135598
113038
298285
3348644
123322
156555
4567438900
531595
28217744
55315
411203
2434439
1672416
1721119244
280627
55078
1803923
153475
151940
3359656
3047224
173016325
3232786
55712
62631
149436
2673492
1187382
153092
131328
2755981
368650
1973598
279420
23074725
1277479
280130
121688
2067281
1122561
45681
110019
120296
148863
135798
1962188
114843
147099
306562097
558158
1381329
1362164
7459
971033
252728
1624675
1591241
1824937
1082277
1359190
1269513
144667
144839
170666
2513111
4703402618
2954141
98279662
153480
1401576
1640529
145169
2108882
3329208
1135408
2673357
2815484
8655
85799
75580
1942601
153092
1682243
2170323
508103245
2317365
1236192
111528
2247233
402056
120846
142703
1550554
190867
130072483
139339
398724
3249857
383059
150017
53461
153420
1179583
150019
177907
1227137
131027
419138
1213659
543230
153726
150381
151839
2440454
2443356
161424
112405
76835
1952549
1942816
85956
901534
1206408
3347257
1777967
142106
154297
83175
305640027
551814
1392123
1240069
131274
370476571
3254946
180658
3011198
55667
2773267
156673
2245475
1640528
1279411
1142929
550355
139674
1339778
1231489
3331299
2689691
1924172
105267
533705
1403211
240106077
106419
1107395
1920171
1014412
1963719
2860044
3594027
478818045
1164651
1107709
3006851
1589521
120129
131029
62352
3775052
1729920
3013112
108849
2711874
1539383
305640027
342999
398407
812190
153567
184490
131840
167728
1342041
3253888
1383415
401187
141135
2417529
2155874
156272
1076960
280280
536797
162069
1204465
1933745
1230373
301464
104186
153423
419698
2825421
415487
1204639
271202
57954
280435
1124039
1951964
2804565
2078971
2434875
1643184
153434
1107745
340611
547594701
54821
3006112
280220
151227
3246491
2132505
362413
79395
198336
80513
2139059
145947
1206399
231975491
390184
367666
53803
3258107
120850
119423328
26543901
1266960
45757
2675127
145195
2780630
288601
161944
197609
279238
1751445
3253888
1079085
60199
153717
417761133
150387
1014440
3347385
1225441
7415
332346
2186665
153486
61449
550123
553284
56109
153439
114345
2820906
161638
1206589
154888
3356984
1824650
2319206
7465
3008904
1386979
58583
1260551
2666909
156272
1188507
278721
2120626
59709
3326941
1116471
1107394
150337
1202314
53806
130976
3247886
142858
966739
453052
3160959
153004
3020441
57856
534266441
153120
457020
1127162
286394
2117795
2171347
1141528
157699
552250
74818
123337
178751
167669
55464
1361666
16239
168180
172599
150406
2692246
1959492
62478
173299
7376
1970744
76271
151839
1187382
1019750
1131944
214672
406060
3258056
2563295942
165941
8648
147081
453027
192794
280440
145759
192736
422124
347796
1612961
344342
2831099
1014714
288589
88081
42722
131033
1331311
56854
206546
173297
1640644
3663542
146472
114902
55571
1194075612
41038
536793
44766
27852990
135808
553284
1423776
2157162589
2949143
267933614
162239
141972
2884093
3019590
43843
149368
231974096
3009290
3216333
11240
279257
155920
196240
115077
23443256
240071747
1831076
169013
280533
217419729
4308338842
3318845
216359
133890998
73981
1116474
422124
1434381
269878
141972
62675
2108121
7395
104117
2110264
146468
111716
224370
1987507
189890
56013
444902
53351
1066830
1674609
3019138
286363
231960258
113764
2812075
912201
8655
82933
134054
160891
58638
157927105
1021584
532299
1477892
1390434
556075
1151563
2989340
196311
142865
406872
1231461
1539383
71033
148850
280633
445970
153465
207264
85799
1067808
2954731
1106291
154443
149029
104915
1235992
1782064
1230276
62713
411560
1346218
62761
1771733
1120602
1284789
2947577
280382
153429
279204
2449428
3560284
178094
340746
7413
162061
961617
416640
1744279
231974112
167676
56837
57533
28722
1307354
114902
145247
4703444605
55083
109294
1150940
288733
74791
87837
1014425
161133
2438993
40767
83089
2946664
1376761
144869
169034
130947
2810954
40218
1216407
2032812
3358794
7403
3160959
3018818
224374
226708
138911
1066956
154605
122424
145949
543310
153742
189890
1761717
35573214
83082
152767
475555429
1404156
1130433
7435
152619
88146
146357
107069
70514356
1082288
2533326
2146095
2953357
3006074
149002
2317364
104335
151689
1119076
231974100
55289
1268506
1159673
1627497
172206
139528
280502
3009288
1268674
126574
542631
148838
55617
1162541
165479
2953347
145312
110866
2691153
73444
194571
1204465
167748
44282
145501
3030295
155368
89723
71033
55096
55726
281346
1263319
2723260
114883
1236013
166904
172171
3162704
565666208
161648
1552661
150003
2950581
1231312
342316
286797
331463
89715
3227399
1230123
179546
1066653
1418311
280402
132428
1225483
54190
113465
62418
135860
161438
157681
145511
1403897
103076
2720417
167676
158958
146135
2196171
161645
1792587
286388
4703444591
172565
141868
74314
122586
3323266
1376757
162219
2567380
121715
80379
1380948
910704
7382
55572
158438
147977
145717
150406
156743
1077290
536899
1300499
296961
145780
151234
155930
56239
2132505
965625
1230203
365331
92955
43978
150548
3323612
2679956
1076369
1940307
2953089
2952224
1842114
73972
250255750
131272
280538
7400
1014412
153019
1402750
153710
168589
108990
1309641
186981
1079064
52399
1363069
183746
3216333
4703444603
6838718
136392
1354664
376544
1398638
374810
3396084
2904506
3161033
1120885
1175391
2671262
122784
344953
271970
161093
193054
190380
3359656
374796
153423
147081
1259562
2955236
131597
913012
240071747
163576
3333210
3324254
153622
281006
3359719
1828593
55280
145804
1230373
2692246
3324666
190811
159868002
531524
447595
2917365
164051
7395
2673388
1767434
2918485
152245
2918493
1201020
3332464
571099
125618
183746
3354222
58638
129520
1360887
105089
1107262
74942
1073990
559621143
1379335
1106267
1076369
3010628
971074
1122557
1260552
2351737
1255558
1392123
131030
7427
3007575
4629949161
2444025
132556
4189345
137776728
1066732
153118
62539
7404
1631507
55659
536793
1404741
62372
168998
120197
227232
1216467
131236
305138
192799
156292
2606649
2025886
87334
370131193
453025
8650
135838
2819275
280368
1648932137
2090949
1347238
2712154
151710
280404
1677007
1206427
7375
1067576
965625
442737
1197647
1346288
551831
2013699
1281095
148850
114351
1828597
253256
2109211
532298
197563
277559
55893
1159671
168198
2196165
131175
1540512
135556
4703444603
531595
186579
58003
54194
26161283
2610460
53443
2099810
244081506
869593771
186967
178746
223647
4703444609
62631
1066917
44584
2825993
231960256
156225
1429268
62369
1361816
134093
287077
162014
1772919
280130
2085598
3246441
2081686
253832
138088
149296
26769661
3172807
2177161
1375910
1106275
54886
1361450
2956553
2692232
72380
61549
198269
3348644
2989159
1999192
1940314
1206394
2032116
3663587
1268702
1107345
444902
249399679
1758858
192774
145612
1154833
969643
1120701
2668633
451042
73981
4085749
3009719
373983
54781
146211
192776
286388
536470
144875
1383408
2117795
138908
53453
280404
1362164
7433
1664973
415487
571805
1155980
155947
1028987
149026
144649
2202144
1435626
188218
44279
123265
1251296
192783
201138655
536785
178737
469335290
23443256
112857
911844
7432
134141447
1772952
152615
1965556
2952574
138305
102144
2109291
153479
3359744
447325
1656678
55726
93029
152250
1285772
74847
1761717
180022
6825777
2671262
2952564
721604
2528474
3006339
4442556
7435
2094154
139089
2868289
3307621
901985
550119
148359
242620
419190
280512
47534
1083121
2952988
4189263789
55706
139113
154504
56324
898338
531621
1161683
1923929
1066792
3249322
1456633
1630145
117996387
457016
2132505
1298370
531527
3159894
60187
908959
145158
270265
1240069
168192
1279412
438344
2196171
23571101
163612
1999252
1479603
456981
1637045
2981211
6502363
55667
1194100
44279
2443353
104762
55586
135848
190870
2120173
89255
3323199
90334
543073
107023
216359
1550618
349052
26373169
58140
1800297
25871341
53853
27027
1362164
568575
67991
7406
152300
3006875
224042
2690289
414794207
62449
2032842
161438
2473088
3333247
542793
2668824
130072479
3333227
1387273
149296
3158102
1145269
550120
57537
214665
109878
55562
1942816
324899690
7219605
1370746
2997012
1259176
869609474
75139
411577626
3251295
157635
137944474
431467282
53448
139774
163576
102533
139326
139642
3161319
74796
1547428
106521
161644
90780
8652
1260552
145319
2120285
55248
184629
53825
156257
167728
417365
1360887
55867
286393
132481
280367
3159823
1158566
8645
1429268
121799
134071
1293250
141258
1340513
7397
55469
158863
2949504
55884
307756
2812110
301829
2027869
120236
74140
152245
111968
122424
2433239
1480431
2825421
812068
2989219
2828837
941536
41056
85809
391201
135799
152998
538380
44134
48925383
59064
550621
72525
153686
69712
63355
419698
550362
533707
1164698
2078291
3017741
3396084
169012
1121023
2186600
121869
226708
37307
1206612
130919
56035
89248
150023
1206427
456981
1378626
55875
1152128
2665484
7455
145858
158478
1243070
383444094
370244025
412135
1206568
153037
2691153
7447
130979
1268593
55171
3008857
1351267
1351952
2917171
62578
167728
406830
395658
202905254
88629
1230278
109879
2084718
288733
550366
1152133
107231
2953347
1734929
167796
3359689
532759
54094
42278
120237
56246
55841
231974108
1216604
39230
106719
55080
55576
279163
145805
153125
156967
55480
121688
1154546
3099592097
62598
1942168
1354664
375151
121771
1547295
104886
195297
3298729
115158
280526
3536492
153470
61320
223408
1060184
2953069
2413663
350902
1203046
536168
218896252
89780
3325806
898229
1016561
508103287
1244795
153434
3348381
1120893
1167368
74090
225549
131360
3010987
1376760
3358794
3358794
3322815
47554
1103581
74005
536765
3246452
2862911
1076960
8655
3864712
55586
1920539
2952240
279238
2413662
107024
223181435
2892459
280489
1404338
88084
44898
3156234
62658
2951716
869555482
2247244
3018139
2884093
58207
216359
1175378
74040
1252276
1076927
1107722
3019941
2073469
3529725
420041
4442556
1202314
4283101
1752948
419913
104501
144326
1107712
1084372
114771
54717
151931
415485
3358794
1466455
1357320
1434381
73980
2438992
152993
56035
126281
171262
150546
184428
2812075
2915747
74022
29277817
2963969
2109291
135598
1127092
1279412
186988
151128
1179288
37244
149352
153105
121987
171971
2297418
26621545
4430941
131367
3251667
138910
56239
1074553
110008
411577626
110450
1079223
420676
168239
123503275
536461
190819
7464
168210
167454
298285
913094
1777256
542634
1167367
194571
67213
419483
120706
151689
104336
1107394
7462
168210
44145
43850
306001
3156188
102899
150008
1216469
154301
224951
2757697
74051
1685018
3314276
3358355
1999192
2811223
3016776
1359817
166907
59965309
55584
7384
106761
191696
2265849
3156258
224459
3720376
44584
182644
163579
571970
2819275
111716
168227
390265
121987
1187381
536797
411466
7388
108858
134136
180049
130971
1213691
141194
154888
1342041
295092
112100
3019916
153005
2317358
1106285
2527553524
161128
104307611
231974101
2073151
62525
1395213
2915738
550368
280271
1145269
412072
120842
70553656
278477461
53391
1156112
138741
2892455
2918415
1043606
134010
20995224
537257
1340125
27309369
1826563
965634
81816
114364
2668850
1163207
55909
49715
406060
1197765
7390
903831
35998895
1835596
1964311
179365
171961
55906
1783980
1190905
898051
280195
153457
141913
280588
123262
123320
115136
3020166
202905256
195272
2816593
295355
91877
55248
43863
1267394
121869
75457
1176738
2815640
76835
106995
2440453
1824791
58167
3240420
132422
184428
1223658
44884
231974100
27768
906558
226728
2443354
145501
280220
2915650
89773
1105920
147067
104760
1230151
393835
2147227
167241998
2829595
153800
146010
137518
55159
146498570
2953069
109294
1188459
168989
79395
132491
192798
1145310
2917876
2723342
3047134
2954012
532308
2032864
139264
147096
120328
280556
1361450
1141876
76359
44219
3317381
168584
16307200
74008
71033
2426005
964945
1242255
1080402
106655
280368
168170
53405
90259
240058050
136430
162798
120235
153661
1176743
3851570
185241
179550
80470
120534
153049
45024
117542
84518800
168210
3388394
132471
86538
2375172
2661906
306562098
1152135
138400
1141566
133345
3403431
62870
2757697
1277291
54919
532303
156042
3329824
536225
147301
1455009
153665
115129
2615716
298165
1156581
1230151
1111036
120027
2954181
334051
137776728
151227
1777254
2956624
145169
1164621
173298
6837561
145776
1231483
4703444618
149436
1014067
156679
2997071
178175
375151
1631531
158850
44056
102786
197565
3212258
1253405
3358355
3333137
171979
1627497
3327208
4703444616
153812
184985
446100
147101
1223664
532298
412070
139676
135848
1292909
166753
3348892
153743
155953
113134
55073
143145
88580
2952019
55867
26225
58102
76383
2692232
536807
53835
153627
165941
286783
279345
1420630
122886481
550368
1960177
168239
41977
271202
24517022
3327639
1107267
3329816
130927
115286
1582777
55822
114854
297640
74121
1824838
161655
2811698
898338
1831076
2954731
1014449
56331
1345744
342462529
1216448
3355699
1771854
3163307
2436914
3211745
73941
120256
2427626
153013
198359
543178
2208036
146629
126401
153806
152127
910703
280406
409957
252645
54809
58207
286796
143048
140989
400118
536224
531491
1158716
77677
1152643
114923
5811955
550355
1014465
3006112
280627
178180
156292
148183
55389
1376491
55892
24535523
1279682
111134
158868
172678
2465058
168172
123897
4703444597
4165116689
158955
552249
163587
1410703
399747
3372453
163578
142108
25340549
106291
7451
57533
398997886
153977
133987
365331
1067789
128142
55072
206672
2915674
54537
3359700
901985
330473812
151083
2247277
420687
73998
130323
1685488
153002
1278736
131237
1251296
531383
543311
1777255
294001443
136259087
1923929
1231311
1744279
54777
532312
2955025
3009868
4703402617
1956850
3009288
4703444602
1375910
1999099
147559
3163441
133943
153434
3348883
190328
136259087
1204665
178380
1143169
5176019
178750
1084091
1084185
2518034
2147147
11358
167680
1462008
2952951
3006416
1109203
53819
2915709
453913
69712
2427331
3014850
112729
2798531
1311341
163602
114366
241067
4703444621
139778
417362
62772
412712
407285
3350111
7406
1558108
1151558
106442
1920171
3161030
1963109
153479
2536070
68066
224380
148847
3012245
130921
1345977
168641
1231635
1411877
3357086
104909
139269
1198660
1201656
193054
120565105
142004
88081
2416265
1121015
1259562
139298
153619
398863
3359744
122806
149352
147060
280245
1155980
1066638
158862
172196
7393
1362067
534266439
179240
912201
59710
151083
62407
1176964
2812042
1539833
163616
57032
138330
3007532
1066584
281006
349042
131274
2533318
1348560
79191
198830
532311
1107710
55584
1127242
577359740
1083010
151093
62745
339887
1216608
76263
963635
55166
1612961
180023
57581
1078770
409122
1078990
442736
241087
2443357
1735473
344685
1157670
214673
2426688117
1107398
1253511
216351
192776
1252279
2952481
184532
161349
1674536
190328
139350
44134
1066767
2443353
3019951
53812
242620
2185077
1179583
2139813
2531521
361771
3018530
1814337
1550551
3578391
114350
2755967
195296
122888
153423
1473938
90205
341906
227228
543228
3342227
139290
145151
45589944
104371
152970
1079418
55884
1550548
150549
137780740
3158089
168009
2917876
4181494719
2016138
73967
1637028
1120701
2705167
151931
158311
62734
152621
4283101
139508
62870
54908
152318
569407
3014764
3350102
1017362
37332618
53422
1144794
280384
131178
2759370
183749
44239
41977
74048
153800
125618
74171
253832
3210999
398693
897671
398942
3349930
240122485
73973
3019589
150548
3319485
162116
1176724
1078990
3018438
1076927
1244795
3671049
60187
1283501
1433708
153223
901578
7398
149346
119567323
1227136
154109
104647
1410703
297640
451042
3076268
1060610
3020440
150413
172070
150008
75618
114902
54713
1067835
1066683
3338115
383651698
1402724
105089
2671262
52411
963635
62411
370078954
139508
778545155
1216603
1405150
1145294
115185
123845821
56237
279181
1079412
120327
128152
442737
119585293
1243590
1536462
131343
1066689
156283
139247
111528
120235
733759
180658
104332
55157
1673982
147968
144399
1149574
146332
4703402617
55080
58112
287687798
123302
159060
192781
2092350
186430
415693
2917182
1069606
139345
1826563
280196
165941
1076927
114362
407717
1379215
137735
2953012
1213768
56033
155920
3349380
577359740
152236
1616886
296584
54804
54825
4629911077
49915
120580
58091
2178689
148841
195296
91877
2714612
132451
531529
7422
141055
62449
1983629
42004
357800
169021
131013
88977
1227315
2947577
135566
166739
1480431
2135921
138014
1392121
1203046
2846508
280556
305640074
161653
416185
270098
3359689
3228254
252551
120256
154350
184425
1963109
102905
280341
3006874
1188459
438171
280532
153490
206544
149162
536899
55594
404589
51854
279206
456791
106879675
149345
142098
2950867
62531
349050
180021
41099
169022
1377054
23074929
122815
280367
153704
130979
1808720
1963673
2193837
1028983
2085598
131297
1066767
9071
912998
162353
137776728
2892459
1066455
74045
153607
153108
1251296
120235
74052
324899693
362413
195298
276953319
3324274
2317329
75139
1339892
241073
1067608
1122565
2120173
165471
85587
911088
457009
11968
2531512
1067789
1167372
3019382
2556598
2668761
1600068
1401321
374978
1152129
2317365
115063
1243833
148603
148043
138304
106507
158719
2125492
280215
33120283
1216380
4629911081
44915
115250
1013863
4347988419
307829
133912
131898821
55943
74050
2723923694
130072484
159054
1920171
49715
62531
324269
53060
2146232
1547434
83090
3691783
1804202
117571
156740
157383
324899693
1298370
550370
3357220
2596323
148027
3357223
80143
7448
198830
148044
35183
280480
1530644
134093
76909
1363630
1346719
3012206
1270912
75618
115997
110008
1161682
974189
145740
4351323483
55338
280228
1107715
1959472
961617
45681
62464
3255095
1161684
1477892
1108110
2917166
3156216
168231
54761
2739991
168982
279178
1225379
2316593
2904809
6426101
88850
168240
1942816
2145268
1155339
149803
1067175
1251296
1069694
567267943
153037
73975
126426
240029417
62636
168606
21063362
3158120
192734
56400
2805152
1076964
56312
1771854
119593162
135786
147104
136446
397230310
1851649
152318
229786
412707
131362
558158
2006941
365331
104332
153014
550360
105272
3161111
53860
1225202
158716
383651698
156948
3247809
56240
155005
104836
1395126
279317
130884
903988
6837601
149025
43336
3009708
2084805
153125
111134
3014850
145501
1924326
106013
536765
1362084
3154415
180026
2807559
253256
162526
36966069
417327
7393
454716
349034
3359677
280367
1244825
2552985
2946664
3870502
1901725
253832
2395674
88616
1877750
1869355
104886
153742
111018
1669034
1145178
53803
532302
1335802
2798105
43584
156826
165479
193222
1637057
2425993
2955293
55072
55874
279228
40784
170559
357112
20995224
184428
1630145
2110382406
1418633
148863
2032458
2915738
1161611
198422
3087994
172598
2429069
3256204
62636
74091
76363
58112
1249595
1959445
3008904
104762
96905
62449
2667257
57881
1014440
193054
168203
2665128
1342037
2691169
153745
288719
2978650
240060919
166899
2074733
1216375
1404367
244080661
383059
1413957
132381
5805195
44915
1872673
44874
150385
147296
1400524
2076861
172594
58050
3247678
2882148
223026
1141620
184460
150034
163183
447972
3017296
150416
185260
147174
3231415
7418
344342
151090
56306
2862866
113395
2196171
3018808
4703444591
172597
4703444288
1164669
90203
2167844
1395141
1145173
3082668
1900605
131175
3156104
345576
2816901
168235
1226307
162050
1078989
420687
170582
409120
552196
114811
3010626
150374
456981
42278
1553189
1224652
454721
1628164
412377
62539
206672
2078291
7160849
7458
88068
1203009
59710
531409608
3347719
1265999
3955288
551832
167652
125618
3331723
40452
571980
1311713179
3020069
3232992
157299
51296461
74392
120236
106507
206544
49898
2665128
901534
2032445
1392624
171982
44875
119423328
306001
2425993
58169
1669059
3027886
104106
550365
7034910
2952493
1582777
1207551
90205
168620
402751
180031
162069
168584
214451
1067757
53351
963641
160882
153566
76351
146342
71949
192782
190328
139318
1998320
156740
3158102
131898821
1422612
2125492
2917736
279167
2006941
139559
47772
231974099
1539801
55175
57983
1059984
3333143
1539381
2066778
1383413
122805
197472
170100
74091
280441
1268492
195266
1014412
1146940
166905
88604
74040
1176964
88915
532000
48311065
1279412
46663
536793
44802
134010
542789
1959445
178176
3354996
1204451
135860
1197613
480307
2689536
107007
536471
3017029
1340037
2032812
1116474
1664257
550357
168235
2907653
69587534
85640
36989
531621
42284
106388
307828
73947
148031
74122
1106287
1116270
85583
57954
1015968
1230272
272914
190911
1014465
89780
148229
1028987
3289689
1188386
208428926
412672
391196
168853
179549
1966020
106951
186976
4085749
153681
536795
279322
2434268
1612961
532303
62644
961284
1664973
9071
286388
162116
190823
55454
148024
60072
138907
1547296
172202
142096
1368798
190870
147301
1159670
2417529
280228
3790869
1159526
55944
946158
202905255
2904508
54795
73973
106314
27308737
2741717
2162970
1029029
104401
575380
2816593
2094522
1231762
7439
2755608
28722
121688
163576
188022
280220
2690163
1951964
107028
74569
449696
106521
733759
3087985
1206574
148015
1107288
105389
2955082
157559
2825240
136460540
3154415
172064
158025
2566603
54713
2196135
158262738
2959874
6678712
3349930
2193837
253642
1151475
2690095
420674
3019589
1771734
45401
163592
1530587
56366
106783
550355
115274
39514
400417
1165369
185546
244080670
2403848
1285772
1244795
147988
150388
1067849
1402753
190178
910564
172678
409120
1079069
1386967
2713724
2965130
2673221
62512
3374767
3795000
2815653
1553735
184424
2027460
1079422
2691153
145497
7392435
168192
1672416
3020441
167680
156292
58114
1854763
58072
114379
897992
3007324
957327
2804541
120177
396248
139108
90773
152620
1209821
240056905
74559
2379919
3347359
74012
149999
267762522
279211
151093
3469133
190328
2804495
166728
153494
1672417
387496
1855926
1159672
1152557
102874
157697
131297
110587
153479
149342
158848
1547688
1744281
869606611
1761742
271110
122704
1084369
155370
3215936
43989
168992
8640
1392191
334443
127864
55580
52345
240098830
897992
161421
2755618
55938
126354
252728
188203
2196335
1179696
2029046
146444
57963
1066803
2531584
114356
106761
368650
54837
3013621
240046032
31010602
760746
969262
62691
538363
1790696
149341
190333
145497
288592
280628
2297418
139800
279241
9122
382313
2208659
339549
1363697
53355
47207
2132505
2946393
142105
2084805
2506300
1682891
241067
7395
1206589
3018956
23074930
157815
159010
137916
280384
1640528
1405115
721570
1457128
131038
1550551
2692232
2769604
47534
1356925
6837723
803018184
56075
4348290729
349015
1209819
2688911
86048
114339
159868003
56325
90306
1067788
168995
178180
214787401
88626
409957
543181
1363161
153035
107028
172209
179272
3007324
2415687
1152135
122841
122821
146143
1225379
286394
144873
1283510
1167811
117634
7117066
279143
288755
2723923694
1448696
910566
54839
2949161
1107724
1106408
1269374
1475324
271202
2952389
2259321
3309578
1444234
1240307
4703444589
1156144
7428
2362670
156590
133890998
3289820
542784
3332870
6426101
35998895
1298370
54717
5038117
1842114
1631524
134190
56325
142700
372366515
1362157
1361167
53443
1204444
240048753
3544925
1230210
553303
139238
2804765
1403918
148847
54537
150507
179547
2753128
1122557
45024
115239
1109202
3007324
3817704696
5812079
231960256
190178
43709
44839
2906044
1357420
413141
1107262
1631530
94446
542636
158311
370078954
88801
157699
1145173
140253
3163068
1631524
147296
25341887
7430
138911
3009257
1227315
533817
214394
2959874
2724049
57516
1282528
114345
56329
2148493
2827451
146330
114366
1227127
152759
139350
74818
153363
214396
1314593
162110
1965265
183750
3211745
4072985
1080399
3018691
5811956
2755738
242397
2545279
241067
280488
123845821
1151556
1161664
447862
128122
3307249
169860
1019713
4869487523
539651838
152617
39169
73943
1339892
966730
3324274
60189
163594
55157
104501
305640275
4642463209
2006557
150376
154504
159060
3332439
138885
869576948
536795
30305
343535
1078990
1176736
153418
43706
337131
151123
964519
131272
145734
134591
71937
106396
149002
1150941
1283449
153228
150545
1672417
439841
180032
1268674
131358
1083104
2536070
416921
104915
418042
106481
42809
114661
161950
185511
134093
123281
1771733
1201150
56097
74829
58024
3251562
53706
154471
2444984
1410843
58185
49898
2951098
550090
2963969
1630145
1628927045
3087988
3359727
401161
156106
158311
1721119270
1211875
175035453
1965551
223607
143116
7112170
1085326
105777
3012357
1863606
166907
44802
2078292
2207891
151108
131013
74559
136333952
2171492
1107354
2196336
1140615
536807
120832
431467282
97216
974189
3879784
4703444596
60243
1631531
1216556
1141918
111031
3213790
1325514
163575
134115
17859918
1269468
1150941
145153
1003538
2689482
62381
145743
1842150
147968
62363
74168
288760
1176744
231974100
122862
3223995
280273
532414
2811698
3332889
454722
1255319
1342811
141135
2953012
438344
55662
156561
62418
2170323
1107261
1307611
68986
241072
153656
163562
135793
1682248
1792374
1161664
74317
116875
1253507
1156146
1421537
442794
2918476
2679957
36966057
1161667
370476571
1145310
1083121
184428
122806
148863
1402561
55662
3221548
46116
45104
1107353
120745
123845821
1284995
216359
54713
2894029
1334216
1265999
1231635
422728
3007014
1342039
1552661
3350393
279244
543226
155908
2032458
111607
173298
169024
58185
3160688
169024
2804460
1165369
3306879
1669024
74316
177415
1947863
3020069
553302
1083010
2120626
56401
3011045
3625910
17859918
1359783
3357088
104762
224384
62768
192794
447862
190273
145734
104307524
147267
149701
120318
2032280
11978
2369778
55175
430739591
1179646
1776915
939961
178760
531441
55487
134141448
1067262
89766
73951
55171
110597
2950699
272775
3020571
167679
58181
153278
168008
88638
74315
45253
280496
332493
402221
1120709
8652
2451374
2952086
854798
362413
3156234
3354238
107231
531300
287931
1965226
288601
1107393
3008436
3326609
1163975
408105
1108111
3020470
134139
74008
43863
42809
153486
1345719
2690110
137780739
1152642
153622
153422
3349077
1116471
225494
44667
1767164377
2307208
55399
375668473
152759
54795
224040
1107707
136259088
2753128
106956
442737
1924326
1071098
2307251
169021
153002
2778914
2665484
2698742
1120703
58888
2673321
2811920
1783980
3313226
2754517
3216333
134033
1106285
412672
150008
1214215
389983
146345
3010763
2280261249
3218921
47036191
2755608
1271150
94401
186960
55208
56837
2690289
1456792
168853
457021
151710
1077036
172684
396248
1529753
137910
404193
151104
57418
319872
2907649
172643
1379056
1121015
279446
974227
1083329
2809659
49715
398673
1080399
47806
35735
1672622
56141
241076
1106267
3258028
420220
130919
3355418
1283313
153108
81816
2862937
161638
2667257
1083099
396248
214396
1382494
153704
40442
37244
51477
146342
1686359
418700
1230151
1079414
5812079
155445
168853
287518
1248154
2200824
149198
2764710
440364
358688
3324254
2379919
73911
158974
2808164
184843
133946
975590
163614
153473
1067849
59709
7437
2952988
406872
62464
3163284
134190
1103577
1111055
43981
145317
2187211
58102
272775
42955
2027521
154220
75580
206546
145622
3290008
126766
1920171
122899549
152411
55147
7464
90767
1004254
1145178
4703444600
133861
1842150
43992
1076960
7457
536124
1106275
113358
508103282
3012206
2947221
1143167
253832
1059691
6038068
7459
149192
73967
172209
61320
1013579
41842
1085326
166806
279181
44319
1959458
301464
160882
123561
3348382
158878
156274
44280
1269468
106704
3671049
2533318
2147147
152242
1160513
354481601
7374
1851826
3008436
62381
1462008
89564
151097
145207
3020516
75457
137913
1016564
153480
280497
3012404
156279
2910925
1160512
416643
1721119244
1395105
1108113
153151
1206399
2952177
141892
51856
122756
1539378
3342227
88629
139128
3023076
869593771
54882
786882074
85626
3350280
3347849
47207
57988
58112
1455009
286389
1014714
2915747
1552659
3016841
1656678
184428
126829
119585293
418077
270265
58143
1395137
145625
147299
1455187
153619
1919982
2741710
384005
190826
1395104
1775691
271970
150372
1422612
2954021
1162527
1269680
146139
144636
1151470
2951128
1152136
375773
135856
58168
115053
62578
269918
3354071
3349905
417362
54809
56366
1014067
1295577
153105
4819615
1466455
11240
550360
279323
145274
214665
533817
160902
1270518
59974
280406
1415887
1674536
44189
2148493
2819250
1014042
8652
145735
280133
1685018
3000952
112857
122832
85606
1402733
2955025
1235971
237691317
1176738
407285
1066745
547469
2955190
23571101
132556
1383415
56400
190823
89248
131862
44279
74149
131346
161424
1940319
2197548
1152133
58405
2798531
47381
151108
552257
56401
1106267
68013
44383
20995224
151641
58380
538363
53460
172060
142108
44597
1158715
105280
115077
571771
3023076
127864
1106408
3625910
2665955
191210
2815576
279188
2868289
6678712
3202950
231974114
2952759
151684
122805354
167682
1777266
226708
55399
149197
3987424
138502
1392121
1547432
74585
4189298057
1255319
59710
3215936
133914
122628
139311
1777267
102144
447871
1230206
170486
2689487
89395
123706
301482
4629911076
138676
1188393
197566
59840
1240070
56100
536120
2805691
154028
1298370
387496
73999
1069729
55460
1119076
130931
2671262
391194
3047224
3359572
50312
130219375
186978
223617
132463
56255
122783
184225
416184
156972
2443354
1235970
202816646
54804
280582
55487
3388394
2939672
102867
178338
1987516
3795064
1778010
2567380
131192
3099592097
1950071
1376491
1536462
2832490
454064
1206838
1231460
1083333
54722
343535
90793
6041206
3359869
146506
1066683
104332
122586
1354299
286393
1159518
975568
131179
105281
2398104
105281
168197
6474878
3349674
2297418
1066745
1279709
43992
133960
2892484
5750005
269952
536791
120338
141549
411560
56311
2533326
2313832
1428125
3256329
162221
911088
2015101
2139602
1945133
43944
151931
1187381
119593162
134028
146661
305640005
44097
1231404
2809922
1612961
406574
1354299
533817
456785
128184
185407
272939
173351
3013005
165794
153691
1066563
144860
151115
2963979
62531
183746
453814
1205479
2196335
422688
1777967
2073472
759198
58065
75454
349043
55568
145804
280406
178093
2952813
1928333
56040
3357223
2533746
542634
131411
1387273
60244
131840
56306
68008
1159666
1167803
1653224818
85689
131803
149291
1176738
56288
3016700
62422
1152128
1167368
2178684
1740406
280133
2084718
3159805
2202428
280129
172175
3775072
410246
2882148
1069690
2127079
139256
121716
2452287
1357320
190328
123278
74568
123354
2804536
2682940
144783
192783
126419
3354254
422124
280341
11358
2379848
115053
3360429
1014452
1161288
2094154
1223664
149300
533707
139298
121716
145933
1824791
126423
1404342
39727
74392
3006074
1142929
1340048
115142
2955003
306001
7429
965762
412707
2805691
76835
3324254
1270488
197353
286393
1640521
2449427
3218921
186579
1298370
57818
280254
44839
106420
2163933
1180853
1801075
7418
146209
1547688
903230
1324150
21063632
3332889
2444984
438171
3864569
2379909
114379
1402715
2820906
55867
87565
153741
919703
192756
241069
3009289
54921
306001
3087977
106951
62654
1413403
454713
975768
272775
898338
409122
88604
162068
913069
2139602
145224
1216380
156972
122815
280249
171961
149335
74042
2449429
138739
279194
46116
156814
1152135
1235978
3258115
240058050
1729409
1060610
252551
26701367
161424
132381
166739
2954819
5812085
26373169
2991079
406166
410437
146445
939906
1176776
137919
78593
144645
3249766
1083111
1309622
178363
1401444
1277479
141970
2952588
26482940
147268
153102
123869
88636
565666208
2811698
2084658
154391
558158
280280
280249
3247790
156826
152766
2668838
7392
550623
192801
550367
374810
298204
918574
120567
113541
172058
3163195
158438
150368
1842563
2917911
149596
225549
2815585
130072484
104836
3246442
2873244
273622
138891
1411877
3158121
145717
154287
76947
59041
1473474
198257
3018649
3009198
198336
55091
152619
1154468
457020
1014017
150507
102874
74037
198269
3320809
54722
2778914
172175
2815401
199158
2132438
3246441
3009194
144626
2808146
182130
53806
90306
130976
122786
43850
2657332
185048
508103245
55081
168606
5937556
1106788
214885
146135
88580
145834
74113
2815640
1411877
2259401
44959
198336
449587
120757
2237699956
1536462
3158106
279257
1291402
414315
1121075
1401835
3156192
150019
62649
1998693
1552662
74127
1826074
1413934
1673886
1230123
2084789
1751833
192799
2220322
131306
1269468
1922197
2531521
295092
3020545
55201
4703444605
3778610
132856673
198433
135582
178390
1225218
2675360
1066727
54541
1160505
2425989
6791758
131840
1078988
3359668
1106288
412160
287940
2915711
3007324
110587
2952233
226967
2556679
88084
1016146
44754
2904809
241075
192796
161008
136325812
1479603
4760426884
185526
253832
53060
398716
3329816
1179583
115055
153007
122324
104501
55660
74052
391196
1145310
3006035
148074
139026
114686
2518034
151093
170641
536475
141549
2918481
337131
280517
550621
131168
2415687
969375
131335
3359675
3005972
371700505
153365
280540
2917393
2455086
2670303
146336
2718743
3152830
53453
49898
2787498
2132500
102740
114686
1107351
1149250
2084803
85616
963190
138806
146610
192758
4115866
133345
287518
189450
1107724
131814
56854
167798
58207
1121023
137556
156740
396248
107091
2195024
76271
295355
54761
186988
1547300
1156167
531388
2713676
153672
1084091
1309662
1084185
38246
136147
158950
223407
131351
3316629
535774
1202656
145812
1227137
1923798
61299291
1004400
214598
2915664
3014764
56085
11968
3018199
44909
1291589
134129607
168982
1162680
377017579
2690418
59965309
1216468
158403
48311065
1672457
3256242
1405131
91906
3018213
454721
949522007
138389
1965551
122822
153658
1107394
147973
3713815561
131192
1028985
153120
1410912
1141665
83818
240074382
130971
551830
571802
1466455
55248
56837
3258056
1160702
2892484
3009289
3350393
1889339
130980
54761
178746
195297
1141682
106803
162526
184225
114027
120704
172162
206544
4629949161
1354392
1940362
242294778
122798
1151576
1934100
83814
150027
2087675
3321090
90767
1401303
56246
1800608
27308801
1539375
139563
54624
898229
89257
1714886
150378
1513057
145270
135605
1376831
1456633
2084785
2084805
7440
1920901
3018808
148182
192776
7440
288601
2316594
550362
406470
62273
3156208
54531
1269641
2954731
135824
121749
58201
1154557
131178
106752
2955082
2527553524
111018
1156584
269907
190362
1332064
1029029
1835267
13234283
3795064
1539376
373986
1107265
149340
3007981
180033
3246442
3359840
27852583
453052
512552945
1145295
153756
223181435
42809
149436
62636
1152724
44959
54725
2015101
1017399
44839
1151579
195305
55064
356911
139311
190868
185301
198830
192799
142197
124464
153113
58050
318807
3513471344
1965551
457024
3006203
160907
51529
1166191
1082290
2520287
131594
156613
147101
191731
76947
133345
280551
153004
901989
145759
1776249
152759
1388175
135595
7425
123314
1197613
116873
1820891
148252
180658
420107
1188519
146346
73976
1835261
1413934
56040
2755242
2862896
1361167
171496
1231489
1083099
287931
153314
1223830
1141566
62422
55555
55648
1067604
1641691
1630104
306562096
162116
2074756
438171
58879
54732
145717
117542
971040
164051
1074640
3020473
1068067
1082277
1083333
2674798
153649
105278
1158715
58888
122628
334051
153500
188409113
123552429
153135
531383
280628
1017381
420224
3246441
155470
1283450
131841
1225244
144336
128145
153136
2904797
157383
248770993
2139059
2084668
1672515
1159306
2438128
2962381
162110
3014991
1284995
74174
2632573
571747
456997
969564
114336
180049
59703
1066801
120757
2529848
279240
147107
2032464
919703
1079343
531463
2828837
43718
151124
1964167
37332618
148858
2732849
185546
123327
2953111
1004068
56025
1107723
145317
1067583
1791324
153977
4703444619
453913
508103232
157681
186968
89771
969359
406166
52399
54919
419698
74542
2892455
53461
147108
1236015
1422612
114372
2733017
53296
137780739
2915747
3013116
1179645
115032
7381
2168233
130976
1085441
55096
3012245
168251
44917852
131033
3246447
1640528
1440627
76910
1163975
1401444
3023079
131291
3009262
121497
1402561
55079
1346319
4703444605
172572
109090
2917358
106803
1550512
1059685
1152557
102505
2427331
552250
1378626
901989
167647
508103282
7421
56194
112100
304934
2822827
3019916
156555
85626
420086
4629949161
3010046
56400
110008
74823
536773
1269641
1777256
453050
59063
1539379
3009239
13234283
2946664
135782
1154780
114366
135808
139278
74048
1163974
1539723
1150941
1084364
224383
3349820
2952117
54771
134183
225502
3020257
144626
3354399
508103287
139346
1155981
1283501
4521144
88810
156568
87328
240058050
1145172
3328412
3357613
241066
193054
78775
1357320
2196165
97218
1479989
415676
6838331
2917358
122805354
119009
111968
150532
139089
1223740
122899549
1455009
55390
1014067
3317887
280390
2965130
1686699
3354071
2918424
153050
2395867
2952361
116869
897638
1230129
1241404
2807559
279204
1466455
168181
147007
56093
1440627
147875
132505
969262
90412
2972852
164209
534266441
74811
969289
2672149
3018141
7392435
105143
2026303
1209821
965620
2723341
42527
148182
86048
1387273
6474878
531527
1105922
2247302
145759
412072
157654
1161682
115401
6667566
1213768
1960191
1151627
191645
224042
3478916
280550
1474898
3154415
3348882
398862
553303
1231406
1422335
138056
1107421
167200630
1131673
1831146
240098830
185494
135593
1106780
2808146
23074935
161421
1152128
44143
91246
422391
3359752
1777964
1160504
2084803
193222
1163207
7421
109876
104009
1347476
1152724
138911
147108
2862881
36473
400414
1539833
2016138
59709
161652
54784
3163463
62771
2917918
1281095
1999686
1380948
54830
3307828
2819275
76464
174737
55230
192757
2247244
279206
20995224
56244
153656
172199
2145735
2429244
104730
550086
2741618
1672416
295807
1685906
1418701024
1673887
4760426884
1631530
3358355
2026458
1361999
1067835
141868
456971
153483
7415
2702400314
1289193
53060
55480
965762
1539381
1028988
55096
844710
58140
1078979
55660
331463
59097682
277023297
197609
91925
3020571
153366
144667
1339786
180048
74005
1127158
3795658
3006850
1204451
812068
279202
558158
543181
44584
1203046
1235970
57397
536123
279446
3027886
58068
531621
398862
1340125
1345754
148034
138330
447584
306394560
1143135
192763
286395
3009239
155445
45589944
183750
7396
158974
147142
1166328
192787
1210977
180758
3327682
2896660
2032445
3010745
184476
190359
253252
55938
120129
1268595
349045
27021
194571
1651889631
130921
1021584
374810
1162527
475555429
572571
2842258
162109
2460463
1792374
92956
195269
240028160
341381
305639493
534266439
173016325
3163284
921589
2520287
276953319
62691
132349
1019746
2049400
362413
240056905
55109
114027
1395135
159868002
3307089
2674798
1538253
336075
146328
3023076
1444234
280582
2915747
2981211
167739
135592
2815538
1227093
1263319
1626147
1552661
1734305
512552945
1106175
1211180500
571804
542793
3342227
1251254
3163548
306562096
3348644
1376831
8649
199158
1298370
280497
44219
149455
2798353
470054
1972004
132367
362362
107021
130979
288727
2179568
1877580
153343
1923997
123314
1469724
3152830
2181664
2787498
1920087
152298
68066
59874
134067
127864
552194
414794207
80071
3251667
1681788
119008
3159826
2907540
536475
5805195
407492
287670
1395213
232874
44219
2651867
2804461
183747
56117
168637
280220
2553300
74002
146468
409957
1188473
2460536
104336
543230
120892
3246442
3309578
180039
536899
1339877
55637
542635
1076124
113377
1261619
547469
280440
1076949
147096
56113
2842258
453027
1922627
103234
3018489
2139602
398893
1822781
417362
163601
1146940
110597
2952095
1107712
443174
85956
901989
58388
90298
168180
536468
2955721
7400
2712453
1547430
2125492
7442
137556
114172
114884
62652
56366
488260
2733066
294001443
1244795
7430
1225363
131442
132379
78312
151090
26701367
1107394
146139
280255
1225227
119423328
1401638
192775
2690138
1108110
448658
106481
1627251
3006850
1078770
191739
4703444286
190862
3775063
913094
1067757
3009708
109976
55289
913109
7446
3221112
531632
902349
1122560
4703444592
4348295445
6837681
3354596
131803
4703444607
89396
760746
2596323
1823287
1540512
114347
401820
3329387
3087248
192734
192783
1003302
169019
161753
157403
331414
1362076
122415
3012849
74009
131596
3323227
1016572
231974107
74718
3015851
92970
2949504
1959473
7395
549165036
56241
2690234
90773
3010628
1828595
106752
104725
2207891
1157670
52345
286393
103624
532298
1627251
169036
420676
1804202
2998589
1853865
153501
3333246
190178
120130
1073957
74040
139025
120235
44282
55724
195444
36966069
76351
124127
145275
279349
114902
456805
1241404
50046
2073151
110008
2764712
550621
195267
53853
178202
1060123
53403
663358886
153467
58897
153614
337131
610744
280213
165075
572571
23608715
3332870
108886
144839
1547428
1166328
145913
51701
1283520
269915
721604
370133195
542788
122419
532356
168851
2754517
5610766
145762
964255
2121672
25472086
280228
151109
3163307
195444
516775939
1206581
1227111
109976
1151588
1166327
170555
3007045
168010
420754
411573
148015
123312
56104
2910925
305092
36996
149352
1704198
306562096
1075002
1113143
35183
54813
135798
1831206
2412826
1777254
1842563
1159518
1231489
58888
280280
54624
1278326
1151475
240074718
145813
2850417
2723342
2953089
146444
195826
1431094
1643184
1949374
153105
56204
132347
88606
280627
253824
145810
21579127
1392121
1340091
104730
74823
150381
216373
168170
55095
4443571
1016564
139559
3159826
47696
179364
109383
120237
3293501
1345825
153671
170568
2196336
196158
56907
147060
112997
1831076
74131
165475
2666886
56422
192796
2862866
3778629
113038
62410
1539723
542634
105089
123845823
340516
55586
2989159
2896660
2145734
120846
153470
2741618
409957
88626
156274
114375
58144
2958956
2144405
1251403
900363
5815683
7418
3589982
2947577
135453
153466
155370
3795635
68007
1103582
36966057
3160990
419548
93029
3158121
2412710
4422604
147067
1180679
123897
1154546
336819
2832490
1550595
2200823
1550554
3757780
1265063
448660
356911
75454
35738
2443928
2006941
105280
721570
153683
1922120
2547643
142865
3359872
1404340
131442
68614
139561
50312
287494
116871
1640529
144851
150527
224366
201138655
404197
44917852
58446
185489
44056
123262
1283449
844710
138884
74046
1268595
1162548
43999
240090160
3348459
2816597
144649
23021291
191645
1067262
1948243
162018
1230276
318807
32662994
115077
182644
2148493
161638
2146331
1272374
132580
217419729
144853
1249595
2873415
542626
145774
3314266
57533
2946473
156104
1082292
346397
1550584
1142934
44952
8640
3156188
1083146
120203
1734929
147174
7449
963641
1547427
3223995
812071
1558556
3017808
965755
1332082
2527553524
1420628
2605259
1340048
48925383
58091
3352883
1176780
130943
7430
72639
74495
1289084
55555
102740
244081506
54537
153688
1019713
152750
142033
28322
145810
41256
56422
1060289
1529814
390184
1176964
58655
34917
62504
2839668
3013597
44584
4703444609
913100
56837
74150
2067286
2171405
55943
154443
1694459
1216608
1388175
62534
1538253
1084364
186579
1298371
153038
7399
150018
111705
3478916
55080
411466
133927
542631
147559
812071
3156258
70070
126281
533681330
153475
269952
2317365
180758
3328412
3244962
1277479
1942587
1456792
1106209
54804
1903477
1206571
115185
1395141
153133
346345
44917852
23074935
153688
2417529
2146238
1342039
114993
102144
2804536
3358867
556073
121716
2196171
134188
147988
244080670
88636
147176
271202
55619
151103
1206400
73964
2429244
1204465
17721995
122415
480307
23571101
152314
398407
1631524
423889907
2207892
364656
126281
54813
226708
2947114
3087984
67991
149428
1151630
370078954
398945
145999
1281234
1395469
157320
369518
2956538
3156258
2451580
3007852
162526
1677007
1154833
185301
399906
2449428
2946644
188176
391187
1307611
134054
55628
3011045
83814
531423199
5812110
56328
154881
398877
106995
536794
138896
531449
3358587
102899
1107355
246673103
1227698
240071747
153673
975783
120321
2956754
106879697
1180676
279351
192781
3654543
74122
115074
49715
164051
121749
39727
356443
1379335
1543125
185260
177922
133997
170486
1144006
2147227
178739
2956752
1206399
152298
1259176
1066853
24517001
76469
2092425
1803923
240062631
119009
1830231415
1804307
2952493
166907
140253
1387968
1334436
280567
20995224
2016768
2478628079
1283520
192799
552263
152624
145858
155445
224922
121869
3249857
1216375
132856673
1948194
26482940
610738
1359817
190178
2953367
2954646
139779
1270822
974227
122784
2755498
1016588
176021667
1176777
442736
195289
48927573
532298
55124
1643184
2465058
270265
1083111
7446
419479
1539381
1847663
1318214
3161406
153621
108990
286837
315173
2349984
131803
2667257
2032396
2147227
2723342
536461
2369444
180040
8652
1800297
2947958
371700506
3247767
412160
53448
1771742
571747
4703444605
55555
56018
172162
280630
1390434
536224
136259087
150576
3018956
2917313
4308338842
153139
165475
536222
1106185
115274
3307249
900261
2972852
2947114
2399784
131189
533707
7450
91246
168231
1894738
380346
3009623
318807
4788218377
72596
3791413
1188511
153344
910707
280605
122821
7424
121840
73982
114902
1631531
3350280
153691
144864
2723342
3011643
152242
129551
1853865
439841
279438
3018818
2692232
1346319
4703444286
3010028
130072484
115286
368782
912942
1355581
1154548
113314
155953
4629911079
1420215
151109
3359840
4347988419
1265999
134115
1251254
2714132
1076946
74046
56451
37775
279434
1251168
7383
2758781
2950430
3652281
137780740
1900605
58003
374796
419483
56246
1141682
1166430
128126
62675
3358871
2195024
1113143
2317350
150003
1340074
192830
4629911081
2952928
3005971
134115
536469
131272
75139
369519
137518
1225483
2121672
107024
3018637
1947201
2733066
3018626
168992
141957
119581355
4629949174
58091
1152554
1824937
74818
456788
2764565
1066584
1079421
2638183
168251
58206
146128
3012244
149997
1253513
1158717
1253406
550372
251075
224363
73977
56045
122864
1187266
134010
2952326
107013
147007
78597
1017381
55152
112859
1120891
150003
130983
2146159
2638183
1629145
4703402616
166806
132373
172192
1188519
182130
151649
1107261
356912
3020473
130927
2725478
115274
207264
279423
3329816
532308
138883
74011
90804
43984
1121026
20975578
44383
88607
963641
1066801
1206421
2956612
3020761
131300
478381
370078954
3759193
536469
2146331
199158
127319
1231461
3087994
172678
156732
1176963
88626
939906
139131
1674119
2596555
111601
3775063
2032812
2672323
3314266
195267
79186
280528
1637028
286380
149370
148051
137556
965762
1354393
3320809
2953192
1476188
8638
2580605
114350
180039
123706
2628521
74050
23074728
153977
2032148
143137
279420
150303
73948
173373
3589982
543309
92955
1107715
533711
373986
188176
133571
106499
111101
1450201
1362086
2690188
2689653
280588
72639
152304
1231485
2811520
131401
76910
152970
55404
1339820
1107723
5762849
223407
1283313
1363069
110293
74569
74315
109166
53706
43761
414720
73994
45253
1165366
1067788
55461
1158715
900256
1076124
7168979
189890
358688
280228
74052
3017296
1268595
2972955
1240509
1726294
1152555
56076
1669030
240072888
191528
1107709
2661906
2340636
120892
74319
1625798
1141874
139830
1059785
1197893
55617
153565
1401321
1164670
171262
2917955
191696
1206317
1550556
1777255
172063
1752948
74318
153494
55454
3357709
912942
131299
1303516
532312
3513471346
74020
144636
120196
2811920
108858
55909
1145310
2918476
1159666
4703444593
147446
7146560
2245475
90745
531386
195289
191210
550120
279418
1453925
149429
456862
3011848
1307390
1231762
2340910
157777
901577
44768
1395465
148065
1060250
2917398
144869
1940307
1704198
1358731
3350111
166718
2997012
148550
47554
4283101
905534
144676
869565029
139647
898229
1750339
3163441
145776
3152851
2461386
1135400
2438128
3349904
921589
56237
1167368
2443354
571771
121511807
1105922
3161186
185383
1165366
120175
3513476360
146445
311575798
1067262
556073
910673
55623
4351323483
215693
2429523
280213
1206577
3333137
1107348
296961
3020571
564957290
406091
58886
55428
7448
131770
132568
307573
1378841
2906044
1418336
180025
4798638637
148074
75456
339887
49898
91877
2533318
56004
179052
153501
2825421
1079421
2307203
105777
53462
104332
165471
438171
339549
142706
37336039
130884
390188
152967
172207
1664820
23074720
3396084
55830
3332870
74811
54762
55285
148858
280173
47534
224457
2669920
2825993
2954141
114346
178180
531495
1206570
198332
55128
344962
3009296
1107740
2015297
53402
3009208
131303
224458
241069
156234
48927573
279322
149279
136333955
287953
33065776
1346852
1106267
1942920
56312
44909
279418
150406
2954509
418039
1987154
59709
1420601
104335
406060
36966057
56093
1674110
1004330
134108
162109
184843
531529
38246
1156146
123302
149997
172578
2451374
531599
1216603
89859
2146095
150133
161943
1937057
56840
2738922
357981
117659
92949
1152557
1828597
44280
898051
47046
115063
3354399
3332889
57993
1340074
7457
1359783
44126
114356
269926
172191
3011925
142098
3354071
3005662
3009024
1067262
1904483
1672624
1937057
3559887
3338115
3864569
191361
107010
1071170
126495
149002
721570
1475324
272775
1359295
1188470
192734
3359845
5379538
115286
1758858
1235971
2032132
103125
62340
1402753
398942
949522007
491153
2355168
3020879
74001
141262
7419
1624718
160906
3087977
124464
3009839
1547430
120197
2032396
1145269
1167513
1503354
131304
134090
413138
4703444287
152292
2981211
4629949161
6872713
3014764
536899
416216
2670303
7399
1067767
431467282
102505
2799538
1206399
2646485
1413957
1060610
1356925
43858
44754
1433619
178760
145168
142276
4629949164
55828
1450201
55670
721570
280555
1421537
62273
4629911081
107085
119557
224462
1206388
2952748
1227134
1151579
2533326
151088
305639193
195267
159010
398944
1217159
1450080
1940319
531599
279318
81996
160891
107085
964557
122813
1558556
55154
6426101
189450
170587
103076
163565
138333
62539
1411876
122783
3347845
1079343
83814
138891
1640522
134188
132596
543229
44780
180043
1106173
1959489
1529412
55875
128152
115177
3219356
130928
904542
55389
550090
136325812
2245475
74542
1240307
192782
3020742
7379
83090
55076
130206844
132367
2351723
45916
54711
145278
1683619
3357220
141112
161655
2689536
3006033
1418311
280488
2097692241
191361
912999
113487
1206478
172639
104752
180758
1319715
279186
2473088
2952928
141625
184523
2755618
149309
357113
7388499
153732
2184233
3009719
3256269
89394
3018956
130947
74131
1208545
1016146
532356
3012360
1791324
123503275
2670303
153723
409122
153422
1004254
138878
150133
1188476
2915738
1209616
74171
2171492
977317
85809
1080402
169034
2259401
55075
280540
1066584
1550584
1856674
115218
1410703
1067583
111528
2815585
910673
165504
198831
152293
225502
36996
536223
146334
152749
62484
1999686
457009
1166432
2666886
3017741
913094
59709
3006300
56018
269918
3013116
3014836
812319
171961
188022
147104
120141
2420744
161644
1878201
3008257
2904508
410288
145776
1309642
151094
1076960
1253406
115129
136388
1188507
3357208
4072985
113487
1106282
2917313
153149
1161684
3007509
1014449
2313658
169085747
2369652
11950
1283657
102478
88081
184633
1107353
2809922
1669044
2103120
1433414
147988
412135
249196828
54762
172678
3388394
2016013
1682248
1283313
2425989
126574
295807
58583
1283520
3359862
109976
153343
1144006
550090
3321262
1395273
2952349
288719
1656678
74124
41946
397076
3008857
1159671
126518
119231
1413409
1550548
152297
3243124
414794207
2413664
152405
166739
2951840
412672
2743050
147219
279244
1066266
2670591
180751
153672
139264
78821
57881
1103584
3355613
2144405
2436894
1106285
1204451
3354996
6872713
444897
44372
7439
3332439
152278
21262495
1145294
157853
2128285
7381
152998
285864
1111036
1029026
2127079
1552661
121499
188231
391220
157221822
897992
1835596
280565
74132
188409113
115165
2208659
532367
1216397
1430613
456789
58828165
153565
141055
2022095
2780630
442814
2759370
1206419
153004
1348698
74009
1309641
172200
1140615
2952556
3087977
150413
1121015
156743
2259401
1014440
415487
1826563
1159937
3018214
55841
122703
139345
1714886
1726294
2953281
1942809
1084151
141973
415673
145779
1392196
339887
145875
153619
1004068
470054
1069700
114378
171957
3017741
1152654
3007486
147008
1861519
975590
2720007
159868002
37307
1269568
146127
231974107
422431
2259448
192777
1259562
165479
153658
2963979
1656678
2436519
1152726
153105
168174
2917332
153472
115158
145774
1155339
2438230
456785
55404
2954141
279204
1401694
175549
155930
55904
145806
4098808
195298
121511793
1340513
40683
2414646
25293125
3817704696
4788255110
568575
153360
1083330
2411584
153006
53461
812072
1741311
168234
104639
28322
1703756
223616
2505782
542631
43890
120892
2862866
1079414
4136816
241077
2444027
3352139
180035
104909
88626
172186
7392
113487
456791
7421
177415
197564
279143
3158051
53660
2997071
145596
167648
2603248
2449429
172601
964945
2665925
3323266
1669059
55909
7428
90793
192796
3350111
131411
1206838
184417
44741
168606
2259321
1109201
3256269
196159
153429
102875
1235970
2825421
54535
271973
4629949162
53835
85802
59064
131038
2719041
92955
168631
153712
147177
180038
1176967
391115
90284
280271
547594701
151109
532367
161424
172162
74046
85616
7393
56451
62539
8641
146498570
151101
280551
2842383
3354238
3019909
131197
149025
957268
949522007
1083111
3322815
1067821
145622
2117795
91734
56159
2247311
141991
1402724
43955
165794
25930131
152760
2758781
219518270
146345
48311069
279198
1162528
198268
3559887
2131460
50371
869508901
138879
56366
1410959
2805108
153472
122822
1777255
59551
280605
410288
155005
54913
1013579
150368
1378690
253642
2622204
2307315
1029030
975727
406169
1672622
146344
46902829
1963115
136259088
2953046
1161682
156673
185489
2952361
419203
3018990
1903516
173016325
280512
191696
131603
87328
2811754
406474
2067281
39514
145497
152248
43989
7219605
1243759
2460541
44836
104759
2915711
2034933
2416266
184225
153048
151710
342935
1726294
172684
272914
1395142
1682378
56025
1161664
2668633
3357031
1188515
902979900
969576
1122554
420674
145776
130983
1624675
1474716
172594
1255333
1014440
191742
106782
152966
3355695
102867
2043639
169861
145834
55285
114377
67213
1420215
2958206
122617
2720007
130949
139559
1540512
1340091
1004432
139566
1361468
2564500
145150
554460
184818
1877750
41946
525577
3529725
147075
399976
137919
416184
2950581
7421
1386967
1824976
552254
342935
43656
55179
2128285
161437
156245
43584
1240509
131037
1745243
1179646
54795
3324664
571747
2755498
145759
40969647
2113725
39169
30137197
153687
7418
571805
3333210
555717
163616
198590
4703444591
75139
59761
151148
55648
1214215
156177
179509
341381
2131957
152750
78597
226708
139540
542625
2032812
8647
4447293
36966065
44280
117884
3348459
149002
168953
83089
1307672
1669042
2307313
123282
129543
5400890
1334824
143137
231974101
301482
198268
188185
59840
155940
196161
179368
1163977
145751
145224
537257
145900
145759
26482940
2904798
185241
390265
27431648
106797
206546
3325806
85385
280274
963199
1149250
168233
1829636
117884
1398638
167682
2904798
11358
47504
55151
1154832
2596555
1144831
56294
280340
2952178
7403
551815
1108115
139318
1149571
141998
1668045
5805195
152241
1166204
7413
2513111
557822
3332870
901990
54813
41099
1216537
120745
241072
107985
55562
153221
136400
3006199
1156067
1228443
97218
2808164
550364
1567544
152625
1071170
58103
536765
153578
1411101
172799
279309
1281095
2668824
1230146
378685
155036
57981
2505782
124328387
214673
152628
3007049
4703444589
1236013
20995224
280228
114769
2811291
153364
3992676
550369
3018489
2316596
2711874
153479
146509
3020473
225549
131324
1227134
1156581
180031
55948
44597
536120
1206593
1776943
145970
5812083
172678
3793581
74153
58185
86609
280215
1230116
60050
2434268
1433619
2171392
54814
7442
55075
3011596
2989219
11235057
2947221
147464
147176
151104
145399
106951
198267
42398
2697338
1152129
443174
3757780
69183
158985
2162098
1144832
1536462
1263704
69712
3716089
1156164
152625
120130
1155956
54881
142086
168180
2606649
16132
1346319
1750226
172678
89771
6690056
3578391
416063
1347070
85534
24535523
1987516
153038
6667566
56313
146215
2787498
206545
2958206
1963719
2953012
1014436
3161186
62649
3161186
349043
419190
52373
1392169
134095
3156192
135802
106798
1792587
167653
2939653
4629911079
123389
6837742
71937
550091
166760
1269449
1209614
3027886
2665643
900995
1347238
2811698
2451622
158519
470054
2811800
55826
2952095
2755738
1109201
391201
152303
2733066
192757
1209609
113487
3007045
7382
2773267
132580
1151588
1152729
281003
3324664
123279
131171
2946612
2681149
1152556
231974101
62352
1227137
3323490
126401
1251403
1539774
1948788074
510542745
112993
47608
4703444589
2666952
390840
1558108
244081110
1224499
74806
2196135
1920539
74516
149363
104760
58648
1842245
145169
147875
550311
1194104
1801075
3004178
3354238
106211
131335
152983
161993
55653
58175
109921
2809403
104024
146314
2907649
135799
1404741
1175408
138908
2084785
1772841
172059
958677
104909
139610
76909
2316595
89773
2527553524
447972
1316098
480307
53803
1348560
153622
1473474
1066767
195267
139647
144691
3293494
2651867
1539375
1080396
143048
107013
306394560
1176756
2032098
1998320
2998589
2808146
1345825
1105922
3347910
1410142
1854763
1854763
74047
153741
454721
2369652
43648
2738922
55080
146337
2610460
152226
3009223
69376388
3333137
1156583
304716
3219356
3329824
5811935
206546
54773
145166
158861
416062
1197613
154027
3332746
1552192
75630
1301935
119089551
1175407
2443357
288599
3352911
152278
161033
1158718
62512
910713
280249
2972955
1889339
53439
145746
1395135
531609
1179646
162378
190862
107974
171262
3011925
156568
2452776
2815619
43718
3325146
138323
108850
152983
286372
3469133
2464719
141163
280280
132493
156990
1479980
153009
4703444599
131770
134591
80513
190826
3018808
420261
390840
139269
1295607
160891
3258028
146224
2443928
153475
155366
74088
152315
62599
151109
552249
1083330
139611
2178684
1206612
2013124
133345
420086
134028
2755243
3388631568
555358
7450
1185209
167680
111134
88636
246673103
104884
126439
7397
149455
54821
158412
1923997
148044
391186
1433414
1083111
269921
3536492
53832
910703
2873244
1458053
152232
1842245
420224
150533
183750
3218955
1332082
150397
150414
153697
23074927
2506300
131627
1382494
1154624
1084369
1269641
383059
167602
318467
146007
62405
1163971
419550
130914
281003
74166
153106
117905
137919
114379
145224
244081266
139559
53355
550119
287667
3017814
2904809
44898
1167513
106809
1539832
2032280
1084188
54813
1160702
150303
75630
70279
157543
62381
2187211
152244
55617
536124
136259086
169031
158403
130975
2972955
1143142
159010
1646090
166925
3010736
1272374
2032165
178009
2815619
1029554
417327
1016561
135595
8645
1553148
190826
280534
3578391
1163975
197384
25341887
287667
286394
206547
2917911
900260
1424253
56253
444902
1455187
288719
2483364661
121799
339887
964504
1772521
104337
303427
44807
158861
139318
44219
146598
280605
59470
165131
7397
185404
2139375
1742393
198271
1230277
3559887
1019730
241087
2738922
21904579
1166322
34917
1109203
1339892
547426105
1277479
4085749
68986
131333
1446311
410804
145933
3388631568
161652
74849
56239
21335
76359
448658
135566
136392
226902
1107715
3009708
1322070
163579
280440
85362
2094193
152994
1734934
167647
1160504
161093
231974104
2672050
1188515
2108882
2399800
507415012
1067817
1066606
2952376
1084793
3359634
151940
56014
1831008
242294778
76211
288719
1202314
1342813
1175376
941125358
491153
108870
1016564
1141566
106442
383059
59965309
135559
1342039
288719
74812
1197766
280605
104498
1140595
226708
130956
1107261
2168714
303940
131346
5815685
1109202
1923764
3321893
4629911080
192793
1159666
2954012
126520
131803
3161111
153473
123302
1348698
2146331
2712154
3020144
135449
1307611
91906
1156144
453052
123883
55280
2606649
2980961
2757697
1283510
167748
144783
76383
74847
7393
4703444615
1076898
1179645
2989340
137776728
469335290
420215
90243
106298
2828837
132525
3358712
153153
3160990
1791324
143490
137916
144782
2780630
1043582
171971
550311
305639710
55064
1362076
131898816
54777
1216719
812319
1261462
1291589
85583
1158566
1775848
62512
151710
1592502
1823116
130072483
153016
1216636
3308101
1430614
1066266
3012719
74174
7439
166925
198257
2702400314
1180676
5812085
96905
3560284
342627
223607
124328387
41094
2186600
102867
1206577
159060
7402
404144
1342360
1122551
3354571
3359872
3328411
107079
1558556
153569
59470
1152135
418066
442737
963190
2956538
1203009
2741717
122379
1650630003
49898
62650
286797
109752
153480
2799215
2259448
117905
152599
146661
280384
74828
74823
1631530
2259407
23608718
1060229
156977
302819
2672434
122808
2898443
74140
7377
146128
153129
43452
3009198
969651
36966063
1734911
577359740
156986
1019713
158987
965761
3099592097
62366
139237
2819275
4703444607
3005662
1993208
1164698
3327639
188203
104337
2208036
88638
3228254
3158089
106714
164761439
295480
1388175
1167522
202905256
1879617
1404340
136259087
1231312
334443
89253
7523933
117884
62685
153743
286393
180451
1861591
1298370
74148
1418624
2533746
42809
2741708
145224
2307313
2081686
41946
2816593
1164630
2396450
412297
1160513
89723
178759
2714120
1253778
123281
3162704
1340513
150017
129418
57032
2827451
411551
2398104
1141528
2461386
280384
387318
55946
168953
62370
132580
56204
1547308
121840
279231
131828
153806
156279
2420076
3006415
3293494
1213768
276953318
1066589
3070202
226902
1206400
1395119
135605
2947032
156981
1942624
2460472
2316593
88801
3006035
1309641
2757697
447862
152620
190281
179368
2815619
62745
156234
364654
179240
56097
1823287
1433721
44415
181703
2265848
1858224
1240081
1216397
1942816
58049
149368
188203
3314276
90277
102272
2918485
55578
138886
55248
1083333
3020467
108083
2725478
1771756
88115
168641
1223658
1078989
3289689
224042
332346
2531521
898238
55572
2894029
1951964
62611
120130
114359
26213889
120235
156555
165789
1029017
2952564
62658
153343
1230120
398932
1776249
412672
21579127
4347988419
2827425
145169
55074
3355442
56840
1775054
58828165
225548
62464
2989340
1158716
409676
533711
85587
137518
153494
295092
190820
240122485
2850417
55390
72196
2673383
1553174
3158051
280519
74111
1402709
975727
74315
3018637
1558556
418647
1877808
53937
179509
150372
898238
1198661
74132
2956616
456781
1107262
6797616
249203962
151234
1141918
3256242
1671443
571747
56075
1295577
2906364
69730
240072888
59149739
150406
1307390
90724
2196135
163619
3293494
58028
550363
2950675
1591241
237691317
44802
786882074
106507
163575
1202314
572571
1839460
2811291
108393822
3359869
3329911
48927573
536469
3015851
409863
1141666
131274
3342022
2755966
241077
1448546
2805691
145717
165475
1469724
74132
216351
447983
508103287
1383415
191039
306562098
2952103
344165
107069
1855926
963658
135410
1162527
76931
145751
443174
1631524
2196171
420215
132462
58628
102905
62768
36458
1106209
1210057
1790696
145501
167647
552246
156272
73994
131175
105870
145195
3247809
104647
303427
1150939
151109
412864
2679957
324211
180658
1376761
1164845
185287
1480032
113532
148024
1674609
77677
3020257
161646
55469
241071
1359772
42819
2672050
36473
1539832
2135921
145286
969359
166733
869576948
3006875
3559887
115053
1076964
186967
62693
150496
74847
307866
298227
2819275
124127
3152838
2952613
162014
542790
3354571
53824
542786
280523
1356925
90328
398863
46663
104708
2120173
391455
269926
536792
2147774
74169
62149
131833
1772546
1079064
153756
146342
1149250
3374767
398877
913073
1418633
280274
56075
138356
2932285
389983
357112
1117583
192775
1029026
59056
3360429
2128285
59551
408105
74317
7450
1179288
1947385
41094
550621
104371
7463
122418
1223673
398950
2690095
330473812
2440455
2267562
272644
1640522
172216
977317
142703
178760
74169
1940314
139503
151120
145178
305639493
55434
271514
279234
56132
134107
1853865
2247352
62518
8654
1249525
1281207
3349934
1378626
3323227
165131
172710
104106
288756
1466455
1772952
135449
131840
151124
157699
4189298057
134125
8652
134107
1674110
1538253
128131
148182
1230123
156383
1269374
244081506
1152724
1869355
3333227
440145
2953357
1255333
2955019
1017363
957268
3018691
186981
2759370
2026303
173016321
1540548
3058686
1669034
969359
1145825
3219160
153619
165789
8646
139672
1198661
3045482
131197
146333
167454
55659
172206
106782
89771
1159518
6845078
1392621
401802
2953076
42014
1019741
149602
131187
93281
7419
1477717
2862881
1003538
153120
149370
42153
2825421
3221548
1014440
115074
74790
3097346
2247233
136325812
2443928
552195
153436
114348
62771
96905
1225196
4583125
37336039
189450
190789
122798
3009868
2505788
56125
129754
202816646
1952549
154613
1067762
114172
1300499
1160505
550360
1327628
261657499
2137636
1631507
106255
4629911079
178363
1143146
4115866
122823
2533318
191742
1671443
531529
163619
56365
8655
1631541
901576
1200994
2799557
2811223
164761439
2950603
134190
144873
1240081
510542745
1206399
104335
58065
344337
1552664
398020
147994
1671443
536123
1842184
104307524
1260552
3350393
160907
186964
3289820
4016543
149197
2200823
11978
3020446
3374767
3359840
1107345
2413663
226966
120203
454064
138907
240071610
1410959
131029
4347988419
131442
102874
2066785
108661
2954252
31172722
280130
280605
344165
1157702
2927066
2531521
145829
1231404
3006199
192758
958128
1395465
55838
2793044
2050519
279211
2196336
3154415
123706
55248
532356
56004
109166
2904798
2032148
193260
3012244
1079223
3010745
1550554
7425
3332766
74155
399976
2952388
1405131
1230206
104639
2946612
398947
1348737
74123
3355312
3355625
157306
2434268
163575
2078971
3355699
1164669
109382
2884093
451042
74812
278746
134036
103807
111603
128184
3354596
1059844
153688
172216
269878
72639
132342
42907
206548
550368
7425
135595
3879784
2884093
2917785
153570
1404333
156990
1255558
1547300
1602787
166754
124535
55869
152302
3359845
3255095
139264
139540
122837
2539242
55072
152318
1395135
55147
2815640
153795
1835596
1279409
347950
56078
162109
240379
177907
157772
2951271
2434439
2032165
1410959
53859
192789
1404291
4181494719
2962381
32662994
7389
1940314
2571989
157576
133147
1067835
913068
1669024
2019939
129336
109879
3020761
280633
488260
40218
280402
3007853
184507
271973
90328
1016561
245711197
55637
16132
131351
1429268
2953347
122942464
285864
405836
55465
58050
1066584
131254
74090
457025
251075
108393822
2208036
1106179
1528297
55461
2438130
131822
3018637
2202162
2812109
370133195
184507
2917171
30295
286776
83814
130927
62456
149435
44056
3347850
3333241
165471
2918493
3352911
3163307
271110
1246635
1942624
240074718
76465
163616
1145310
139537
1648932137
104024
147107
2429377
2317350
2651806
113134
941536
148018
88807
197696
132367
240050358
168172
184420
1107289
142182
184490
1197894
2811698
5812080
168236
106783
58658
280554
1167522
87328
1203046
1154776
2074733
134067
3011103
71033
1235974
58091
44144
383444094
74392
1898414
901576
3007932
3357537
97213
1362164
105278
139247
2144520
279241
128145
93029
148016
55648
3248249
3162738
2093234
3790801
1227127
153121
105870
147176
72196
147267
145729
1107262
1550559
172192
157299
130914
536177
1405479
1067834
192734
54809
53428
3317908
1250113
1347476
55667
2027973
1179646
3018956
1448559
8087537
1634158
2954646
969289
39837
280572
68013
157030
1540548
171960
1163209
2178684
153626
146444
184225
223617
1539755
1963115
3359608
1165369
106507
58404
103125
1206400
410437
305639493
56149
123510
2416265
77601
108886
1851649
1387888
58173
161753
1067764
456862
2279652
151101
280333
2533326
1996871
172639
551814
280502
55431
74569
280130
2195076
115136
4629949161
1167524
280254
143116
3011848
1016146
43020
121511807
111604
1761717
62518
151115894
1078979
1067808
172189
2524225
104238
123319
306562098
168174
45037
6825777
9122
150389
1106824
1444234
138333
153037
192756
122855
1083102
1147213
2954074
1433701
1107709
139537
169037
2892459
74847
120328
56035
57032
3790869
146213
45037
419698
184840
75021
125618
155028
531491
1747955
107423527
159060
1669096
1083121
106481
721570
76467
146598
3247647
3256164
1404156
168003
111600
130956
36966069
163566
57981
127309
74152
1423776
3775072
56164
62782
534266441
2972852
224922
152621
62772
2103532
138879
279163
11968
3009257
106719
154613
3323098
3331768
141073
168197
1243759
150399
1225441
7438
3790869
141262
151074
192775
1106275
43933
1808720
53662
184467
1252520
53461
1231635
1750226
55885
910703
279143
123322
2369778
2918485
180758
1028988
2460577
131333
3156208
146337
271110
26621545
2316594
152292
245711197
1269641
122822
536177
152621
3359872
347796
3159894
9122
536468
6667566
1831076
2673889
1150955
122837
5812079
1127182
3775072
279407
2825885
375151
54517
1231460
391220
192782
74005
131616
127309
279143
1783980
1402561
324899691
55660
76947
153474
74152
3076268
69376388
279204
454721
7449
168010
135604
155918
74586
1135472
69376388
241068
2179568
390265
153151
1175406
901577
149198
2185374
1835900
1242255
2163933
1809448
457009
58380
153364
3663636
2032280
156106
1121071
44597
2688911
192775
343535
55844
3663587
1069730
156990
139269
180027
1228443
3018477
149029
532302
3255095
162571
1144743
1874847
2674798
1922627
7403
269926
3357553
3359634
3087985
1029017
153707
252645
57031716
3215936
1376757
56304
2050278
1017362
141135
1339892
1223832
3321262
1380258
153480
1240538
105389
78593
287827
149335
420687
2196133
62631
172572
179549
3010292
1804202
172061
7464
3347845
153741
2952813
349041
135596
44372
2445563
2917305
167609
897926
3246452
3321893
54801
3009194
167593
1664257
543024
1179583
1078988
2452272
279322
134115
76263
1325514
3323098
143113
152248
152599
198433
157777
3316327
531603
1103577
398020
1209614
272939
1028989
152248
5400890
571099
224376
2757754
298442
3333112
2078292
141878
153006
104184
60072
184425
121688
54864
139131
75618
139236
1513057
3006765
4629911076
186962
422688
2139602
1284789
157306
144875
1340088
1240074
102144
121869
109772
456997
173299
456862
2436519
104639
179272
231960258
324899693
279340
158862
144788
146211
56420
3354238
135576
1187381
149341
49903
1106291
280534
192835
168202
216217
198770
1246635
303702
1455009
550119
2556679
1459535
149001
107079
2955293
1752948
73953
1107421
1201150
1163977
142858
1547300
1319816
190911
2992521
62599
1411101
240109398
3008213
43955
135856
1152727
1074553
2556679
54795
123561
90332
148024
398716
288722
26621545
1281172
1949080
112443
7398
1154624
144334
1392201
1433721
1320176
168630
2202121
23074927
3011922
1143142
74495
3354170
88607
1227093
1898414
1455187
153724
307829
192791
123506
111031
1013802
55591
2146232
1202314
3349934
231974111
80348
55706
147081
76373
74847
104117
148794
57581
1771733
51490
1025105
1236093
1188462
2939653
2949526
2907653
2831099
267762522
1529814
2429377
148024
145829
413153
4283101
1904764
2811920
62370
1298955
73979
1567544
1251275
122864
1420601
173298
146472
88595
1267394
2972852
115168
1392609
184425
88626
280633
58404
1379056
68942
153457
46085
279241
412133
1401638
844710
2952135
80413
114377
128126
2032148
123706
126766
531491
191740
2443353
2963979
2947958
1458053
759198
1059673
106707
1066689
145762
155468
3020446
1879617
382313
4629949163
223621
167792
3154415
1800608
60759
138877
117877
550090
3163195
1392177
73948
7458
2531584
1347158
2691169
74088
62658
1860340
1016588
133943
151124
371403808
2610460
144626
453042
115286
413137
57516
53422
1108111
1144743
89257
3018837
1231483
110008
4629949163
1231311
135808
191731
1672622
2755965
269915
1244004
150374
2725551
610738
153010
136379
532356
1076898
153116
26480399
198433
3019951
158262738
2952748
147142
1269374
189445
897554
150563
1402733
1675657
139278
3087155
53824
38738602
344962
146346
149435
191605
1410912
7428
1346218
2989159
147067
41256
121777
135836
1075038
2556598
3357712
1283657
151097
55428
7385
130972
531609
2436521
1539755
854798
145624
2690110
532386
7408
398942
144663
152298
412133
1149250
1631541
1965233
2952556
3359656
119567328
61911
88621
1216604
2946664
1204574
1456792
1066475
3018438
1103578
85587
1240081
3360429
56045
122868
139257
1230210
27564996
1249704
1345819
147301
138057
43944
153422
417365
142858
1420630
60186
543232
188553
147875
145268
3356894
2757697
1141874
2146159
104754
1965226
153603
146455
3018214
2808146
2955194
1382494
172216
2815619
163587
1553155
138014
2997071
550360
62748
1360062
81996
370131193
438934
1361468
167704
305640277
961522
3320583
1216603
106798
75801
280480
1141666
1154624
409120
3016468
1924172
240056905
57516
1320176
3544925
406204
7439
5815683
89771
56097
196177
279240
398944
2162970
62484
112997
180039
269538499
2216724
2413664
869508901
1669059
330473812
3333137
139672
1076124
79191
3087248
3006415
150387
122864
172630
224459
120237
280608
288762
1230151
151119
168620
180032
370015
3234489
3357031
180042
145780
90332
139339
2714120
240060919
1404367
74319
75454
153139
1067724
1160702
149291
2322522
139590
2414647
1771756
3015851
2452272
1157670
68006
562959
185241
131300
2084703
58033
70279
1043606
1156584
57582
552195
75801
1861519
276958564
56325
147446
129471
1376757
150549
141055
1824838
23021291
2972955
3357552
1413403
153441
1268502
1150942
398710
280597
74171
286937
1998320
1547434
3315892
1197893
191712
1842114
8640
3020790
2427331
153499
305640306
44749
1775645
1792387
2951098
1152132
3018141
154471
190789
11950
104404
3671049
287952
131171
172645
1965233
154502
129331
7428
1155789
74719
1106399
102272
102867
369518
2316598
1260551
405908
2657350
2804541
1386967
1729920
7390
1550548
1083321
150023
280516
231974102
446100
3161111
1083330
1764573
136488
3159929
1734934
164937
157768
1433708
106793
49898
1591241
6845078
135847
3354557
27303358
2340910
139131
59839
1771756
1251296
362413
1076949
1107395
1940307
120141
145875
913105
2425991
161033
5176019
1456770
74135
1631524
1152557
131429
1017408
2682940
113377
40683
453027
198376
280495
202816646
165941
122415
180758
969262
2743050
152308
128145
183746
1380268
2952224
900363
133914
122942464
550370
307763
7326620
348849
144784
74796
287507
69587534
3240056
3019382
135856
1891495
24517001
1240083
146225
1187157
3020166
54761
287952
117996387
43839
357800
153139
1067734
1016569
1156523
172059
144782
301464
2259407
158079
55721
151088
1359295
130928
107085
3020472
58002
2155862
550371
149714
240058050
1800742
2016768
2103721
1224252
104756
61911
280190
145501
1107423
411551
146345
1059844
2533326
1216469
1069694
91290
1771734
438934
2563285702
1216406
131603
7461
206545
122370
172173
3019916
902979900
145789
90290
114365
168192
135410
1777967
401847
963660
3289689
178202
2563285696
37774
3248309
224383
46902829
278721
2085598
2375172
137916
58032
531620
54852
208428926
2196135
54535
130219375
114347
2073472
25869574
2671821
1108115
139561
152313
1420628
1179696
190868
409957
1082290
26373169
134106
3372453
89771
3015417
897467
168236
900363
349041
62352
280550
901990
2689653
419190
2168233
55079
1194102
1777254
1206394
3243586
1122560
56312
1083107
939906
151103
133992
2196336
188553
23074935
280254
552197
1159671
167587
38246
1529412
3333251
547426105
153699
402221
74091
150367
963641
2206549
2175078
307866
454064
74050
153118
23571101
74091
418082
161816
3357613
185511
2141214
1476188
280233
150546
1552660
1235978
134108
1966020
104335
74942
122678
1154546
288756
224384
390841
1230116
150319
1059673
2759370
1141528
402221
184840
1923929
131327
202816646
57856
2692232
51854
242397
139371
1948788074
55571
171496
3544925
3352782
454713
1210977
280341
153470
450381
149341
55657
136460540
1751717
76306
2673492
139588
179366
3156258
1923764
1299601
146146
1552657
287082
1829065
965617
3018837
2084823
153474
280496
330794
1143143
1307487
59043
2893622
383059
106951
1225379
74148
54881
2949526
2754881
158863
27308495
2146238
348849
138884
2673889
3318889
170587
1227698
1411101
90203
23074721
324899690
1433690
1804202
1197765
398944
384536
1530587
4642463209
38738602
364087
2949504
1175569
812623
1405383
3308101
135409
420754
80413
1067771
2691157
2317346
59949
75618
44544
146332
2952388
75580
74823
1144794
1067771
2690418
1416560
3358794
179546
42809
3354071
45159
152310
1163973
1066470
2351738
542625
571805
542790
1539382
7438
143114
531495
184428
1704857
287499
42809
136446
1776966
106291
3225945
153565
2528474
2208031
135857
2804495
422728
542636
111607
1834655
172799
1307611
1145173
1673982
139276
152619
3791413
153494
1198634
58002
158958
54711
3256330
2757697
412135
136460540
280129
2705167
8646
3010292
550090
3240420
1042900
2830233
2705167
73977
349045
65606
132378
165941
3323266
168606
114762
3015417
114762
109166
2915674
177921
975769
227232
280624
153016
7396
149375
2273921
1402715
1067751
1937057
1333690
3357613
1265063
3256268
410183
134183
25472086
168169
1550584
55461
1176780
57537
1552659
571805
1154548
62591
156103
2754517
167659
3016834
107028
54537
3018990
180046
139672
1141528
2094194
167741
1216600
3333227
106814
153824
286389
1672462
913011
1249525
1269641
3009839
153049
134033
131411
55726
135560
74011
2831099
144645
109752
3011596
3006860
155446
136392
324899691
1014065
155946
550368
2918021
167652
176173908
2689653
2092350
324899689
2438993
253824
2564500
53819
1206421
107976
52939
531388
88977
1206426
231974111
90328
150017
1150938
153467
172065
280624
167609
154504
1078993
1539755
3103093
126426
2755499
135860
3218921
3255205
172202
2194745
131351
3296957
3006035
156245
913011
193054
1292909
1380258
89258
1230211
536471
1004432
173722
287953
54711
58447
153725
3161111
288589
179075
144661
1206420
2552450
3350393
2181458
1156167
132347
1771733
1269568
1342812
3017029
153106
2196921
3795064
241075
7435
106752
145750
106211
1230360
152624
123262
277023297
139610
305639710
550089
42004
2444984
910713
4703444622
760746
2956612
3331723
2954074
253824
4348290729
139026
550123
2247491
547511
280344
1159669
1261462
122786
3792412
3247792
398997886
104639
2603247
1361816
45319
1395349
445954
207264
3158089
3233214
3159826
1187383
3163078
2279652
550358
88810
416184
55874
1348560
135576
206672
122862
1156144
2460541
54224
128131
1067734
85956
4115866
1240074
180032
1175391
2755608
536464
109933
122783
415693
2673506
57582
155366
3007441
2755967
55461
539651838
2099810
1685906
4703444597
145768
28722
1894502
2614435
3323490
3018818
1392621
147173
56203
1674119
2741710
3513471345
3006899
1067762
107974
1794561
191605
1240444
172200
172070
153681
1794561
1206612
553284
307573
3009868
449696
214598
14296
3350393
1342812
3076268
2225912
111031
2313832
244081266
1777905
190870
148252
145747
23074930
2755242
913106
59965309
1067598
408105
2873415
552249
88580
2171347
148071
3258056
3349820
296095
1192497
2088990
1674536
3295229
114350
141892
123897
74718
104307524
2000314677
2958755
138400
1176963
392915
1368798
55399
3018649
404193
1311713179
3020879
2146331
141163
131627
158719
1462008
1216407
79186
2018151
114378
149375
2764710
364654
1309066
2327259
143490
1455187
812190
471417175
6426101
193047
44818
237385
2947577
1404741
1082276
62522
224368
4629949162
155370
126281
74828
280333
2006941
52399
3019109
898238
555017
166807
215693
1082292
2954439
4567438900
166728
223407
2906044
3255205
456859
189890
104307611
1135467
2798531
3019964
279143
538380
1206571
144326
89394
152232
197565
1145294
90773
399828
332924
1267391
7392435
168169
158161
153436
131185
1154757
104494
1103578
3349674
1149451
2672149
3359572
153617
2478628079
2563285709
280480
1206426
1835267
1362148
1235972
1771756
1066657
2755981
53448
1453939
121511793
280344
3317887
532009
349050
280262
454064
114368
139339
91278
3317408
1550562
86708
167699
280609
2020070
55389
4703444620
142271
1236015
2815401
1083102
503080952
158438
3221546
1420215
1386967
180043
122855
43336
1242356
44807
231975491
241075
1232838
2947170
144844
139128
1342038
1161666
555017
161993
543228
62405
1735473
1227134
3007575
1529146
1734911
109934
1162541
1270750
3348883
151304
53832
975768
149339
3349604
410803
370244025
146344
178138
1226307
454722
139103
1107262
1401444
3359752
1077036
921589
1894738
88066
55124
241073
138907
1742393
1223658
55201
1903516
3007049
3247647
1392624
536792
1387273
158974
90813
153458
1259550
156283
1543125
144869
410422
1216556
536469
54725
1279412
407285
279165
2598542
157305
1106287
3323098
78828
90786
1079075
147559
2528474
130978
167241998
149307
23074720
3347731
2915711
280166
132376
3333656
2951716
454860
121709
89723
27309369
2022095
2351729
114003
7452
168022
1059668
58974
136333952
3348769
1867188
104909
1309655
47806
508103282
2724049
277023297
237385
1121015
150375
138878
295480
157630
115177
1392622
901533
2904506
3004178
168650
144336
2825240
305640292
1166328
2915660
3327208
3156098
2651806
119581355
1283449
8649
145990
151117
2956062
3016826
3202959
280384
156225
1180675
1150955
37244
136383
318467
912940
90804
901577
3008904
965634
59551
391196
35280
1922627
2713466
2713466
1744281
85606
302588
73982
279178
156605
550120
1124039
1894738
54190
253252
437354
3011596
162353
375773
1075038
911844
1553098
56078
2952864
132491
2953347
1714886
1379947
180658
1141565
550626
531554
1066727
286390
3017029
7401
2972852
572571
8637
3013038
163578
1029020
1309655
1198660
26487666
132373
163594
55578
3349380
195294
109877
124464
3324664
139128
1402718
7374
334547
2988827
949522007
1360062
2646516
3158102
55128
1277291
153119
123363
46116
147081
286383
2132438
150368
156042
149996
114368
56304
1729920
91925
1380268
1213659
2953123
88600
55662
2084823
2873684
1889154
1164676
142857
1156164
3358871
131179
3009288
141991
11318
5610766
4703444603
196311
68000
3160990
58042
172645
1206408
151115894
192775
196240
2533326
53660
2780630
1203046
913012
2950699
27309369
90259
55568
3012442
54767
241077
3258107
1206421
2952349
1348625
56099
1108110
812072
195296
1159670
62734
536124
2531532
3332449
1640530
416937
2621967
1166328
153621
58894
3210999
1225363
3544925
89253
1067576
74569
3011521
1157709
1395104
35280
111600
157768
120741
900260
3019384
542625
531524
2959874
3355613
91294
1405383
2425991
1083146
87837
185301
184843
1151563
3775052
120203
1204665
85947
2032450
1674609
1999686
456793
175342
133943
119231
122809
157407
1919982
1552660
1187381
16132
1197893
2162970
1204665
1729920
130947
26161283
128126
168235
1395137
153501
1150943
1206612
166909
420674
48311069
402751
2307203
148553
1082292
1176776
163577
288722
168240
1529823
2009947
1083329
412070
62652
3009396
2720897
43652
1131944
3317381
73984
419203
149428
2351729
185405
195305
301829
39202
156234
153626
58173
2951328
1116472
1151627
168019
53706
154446
139282
1334824
144325
104404
182706
149241
1107740
151120
3087984
2904795
1120711
3347385
3248260
2146232
536773
55086
224383
3220685
3258107
139375
2714120
191361
166806
3349380
7381
3325757
1106287
168006
305640292
279349
139339
192789
910673
179479
147074
2084776
7392435
33120283
139237
1361450
448658
3223995
44584
76264
965776
1920901
27852583
550372
89394
411466
74148
2804771
168235
178751
1163973
3332770
1640522
1403839
1076124
542792
27308801
151304
2816597
4703444604
62630
1230369
2814058
3074405
1345825
156234
3227399
55166
912201
214598
88065
910521
55201
151115894
1479980
3713815561
3219173
54804
79337
153695
3158121
1152557
154502
89393
152136
153278
3355910
43921
2137636
2978650
72380
214394
334547
2155874
150041
156737
107008
1359759
62629
1206488
2718743
1216636
240062631
279244
107423527
198376
2186600
2923822
132525
149375
168850
149377
153480
1999686
151649
2789106
1354664
106291
76931
51529
1144849
56235
40671
1987516
85685
197384
131299
1671443
44802
179272
170641
1083104
1176776
304938
216217
869565029
2110264
332321
44584
3357613
1386972
185489
161438
11235057
122915
375773
156972
73985
191605
167718
4629949163
1378690
2470060
1592502
1201020
964557
3161030
7396
2692254
7429
1235972
72639
7392435
1435635
149279
3330421
1272374
53812
286342
145734
398942
3310948
3009288
1940362
2952695
152986
2713205
422390
131362
1808720
1079221
153011
135824
3017768
41256
3256329
3255095
2804461
53859
1246640
280588
11358
410804
54189
387496
7462
2094194
145625
87565
161133
1627251
214394
3018438
152237
153741
2369652
171961
4703444603
1379215
139791
192780
3326609
721570
184417
278721
2225912
2128285
1201020
1107398
141135
1383412
150488
136259087
1154780
158412
298285
3161299
1155789
79186
897638
1477892
147101
60050
106437
2361304
1216769
58648
131346
55146
3513476360
86754
302635
2952044
54836
3332746
1673977
54882
1216380
1083109
134183
3238668
1898414
58072
120141
456998
1155986
123277
23074935
1145294
1161680
162116
1622702
4703444286
191712
2470060
198590
398724
3014850
1206568
733759
1175406
1402709
2200823
121777
382313
1223830
1268502
1069730
131862
62352
287072
417365
2032100
542292
1777268
151112
280228
177923
133904
2962381
145150
1106209
166718
195444
2473088
122809
122783
812071
2815401
3247831
478385
1163971
2904795
36966069
131306
406091
305640277
1165366
3330421
1194100
2085598
536788
244080661
61549
3216333
543226
146337
152303
158478
153785
15412058
280220
162068
1456792
185403
7433
418042
122886481
134183
150381
104909
150133
37336039
120850
131236
2426688117
3359694
270056
279201
280172
1197766
1290654
398932
913100
56237
144336
1077290
543227
552263
1279409
148044
83082
7400
319872
55909
418700
1230151
27431648
151097
111018
3006243
146455
1889339
150374
153037
133946
1381329
7451
116558
412135
2313658
151075
161128
1348560
2563285714
178175
102269
88129
1216556
1229108
55280
2196155
970000
2563295942
1934100
62273
549471
153466
224366
74005
86048
3333241
3006033
3333656
1116472
191740
1771739
216359
3295975
3249322
179367
1553165
282427
104494
1420628
231974100
44233
1235978
1120701
1309642
1175376
139238
88115
240099245
158880
1345977
1334017
1480404
44125
2478628079
3352934
280269
73947
161950
62636
536788
163619
542292
147219
2906044
1225244
1078995
1666494
1244004
869508901
1028988
1410142
111134
145497
50371
60148
1392191
1615610
365331
79395
106797
153504
1128379
3006199
144676
1378841
119008
20995224
2237699956
6064379
141998
562654
27303345
44754
153136
2954508
1124039
2032812
58686
7361997
184506
1947869
74796
2666909
1223830
3329387
2468328
123758
1347195
55583
180048
1231749
115134
454714
138884
158412
1154551
3328413
120136
1159672
106951
1290654
1872673
1283520
147875
280269
2606649
2066785
4567438900
3354996
4703444620
131627
1283510
144721
138806
1069700
131783
108849
1801075
179480
134141447
128142
3720376
150416
88613
406060
56401
119567328
7454
1550618
456862
122382
7448
153183
155957
138356
332346
571771
1999114
1375910
371363775
152619
302635
58169
287507
1314593
74126
1270822
367666
74045
55185
74123
447584
423229
1395105
2730708
73981
2953076
1161666
53460
2439316
144788
2755965
3154340
176021667
152749
344342
158478
2200823
3009257
54714
82933
413137
1135467
1822781
364087
296083
3246447
155369
2425986
404940
21063362
376544
55834
150532
56009
1060289
1076124
74496
1106285
44164
2029046
3332889
104498
157319
3163441
1120701
1164845
153115
1113031
3293120
185511
168209
271973
74318
141970
139342
120516
134124
131283
1381444
2416264
136333952
1160504
41946
155930
1824791
112859
160892
253252
35078
1433703
1152136
2991079
1203046
62598
2556557
3213790
122832
114843
1067751
532300
37774
55261
535828
279245
3012404
286394
3007492
2953281
155924
3006875
7400
2589843
56256
158869
37336039
131898816
969459
55166
115239
342462529
2954980
3289689
533817
1480032
55563
901577
1160506
1204665
1235972
4642463209
1376757
43850
153725
139237
3354399
6797616
45112
1351267
415692
2668761
182706
1309641
149997
3015002
1987491
3140016266
157630
240090728
227233
1127158
2022530
139350
3377982
298442
192758
456972
163617
2918495
531620
113541
172191
416185
153649
1362084
1672402
4165116689
185048
1552659
56365
113079
120148
3016772
1378841
531423199
406831
2524314
3489649
102430
975778
44056
56028
3007562
155369
107023
147173
144875
58974
114367
420754
1283510
153656
1358731
122383
153618
2723923694
1503354
179479
137910
2184073
3251416
1434381
1230116
3287346
2673357
3987424
153436
2078292
543311
126439
1342037
108082
3020879
2952826
144864
3388394
2171253
188225
43512
54713
971023
543309
1539375
280435
59049
153366
151327029
146506
556075
122756
3009708
7433
139334
2097692241
153715
1891495
2179568
29277817
114368
3235880
3388394
59877
1149575
287507
1270822
1870135
286776
3350102
23608715
3992676
131333
1120590
58161
121799
155370
1547432
119008
488260
44279
1230211
969262
151234
2787926
902344
1227148
127319
218896605
155908
2793045
3359645
3250832
1014465
280363
2179568
3559887
1253405
1162541
8642
549471
1227137
79395
1478019
1877989
1701436
153492
1227127
1145290
3348382
3256164
412133
180031
153742
107040
1067849
31941291
3324664
3087977
1180853
182659
153592
2946612
1386972
2478628079
28595
1392123
1106175
271973
74719
54711
114690
1326916
2950160
153342
229685
2032864
56255
1353532
1164653
2066363
163565
3227127
55346
1410843
1682248
1209609
135798
119423328
2646516
1269513
53355
119567323
153567
160896
152753
54732
287931
150573
20995224
1455009
418700
387496
2730708
224378
3469133
139774
145829
3020077
133987
151091
1159758
142700
2657331
76377
56145
2691169
104337
2952574
3240420
105267
148047
128145
144680
2958755
551814
3289689
180658
186962
897529
3220685
35280
1163209
1354475
52822
1378841
2754881
146509
1109200
55487
2379915
43826
1067175
286388
153494
133960
406166
123292
7443
155449
2952493
135453
1158716
1479603
2438993
3018139
2049400
70553656
1227315
53293
104024
2862896
3352934
178760
286363
2032464
1679959
3087985
340611
144782
2804771
1351548
2186600
975769
137776727
54194
447983
1625798
412132
3359634
4703444600
3012404
2892455
2399220
157394
76352
279423
40218
107976
1014412
74585
192775
2690234
1252520
122586
1764574
1154551
910707
62591
110866
1083111
2816597
401802
161751
3014850
2964661
1539774
147075
58024
80379
969552
104752
44385
2713676
1801076
3258028
1380223
1190905
1150938
1206007
168197
1403940
73953
1307390
152250
152767
156740
1279074
8648
1599299
152767
1764573
58881
5762849
3013059
2873415
131828
74316
536475
372366515
2414647
147067
3009868
3008713
2273913
2989159
551814
158438
1342039
44164
3011446
119009
102870
138910
1187382
55870
35735
1376491
1236014
2317355
43964
3156192
1631541
3161186
153473
1279074
1835596
139269
280627
4703444623
1975754
1824838
163183
2460523
1550512
104982
90290
124535
156977
186964
569470
62636
123009
280133
2097692241
2120173
550363
145817
129910
1412652
1824937
152297
44933
44164
158862
168641
30137197
2829595
1937072
2769604
1268595
1284879
2787497
2465173
62761
58404
1029026
153565
104238
1354280
40767
132506
166786
550087
241073
1392123
4283101
61449
1924326
296561
537257
172200
165471
3008257
279202
192794
1602787
182514
117651
2146095
59063
123264
1159251
148841
130973
122852
180025
3306879
138906
571970
438344
277023297
3347752
1775054
27431648
88636
146143
1640521
1236014
330794
56033
2562137
3328405
3013597
179548
131309
55179
153701
3321262
219518270
153619
1963719
536464
218896252
437354
1744281
23021291
23571101
161349
148074
107024
146472
2674798
3014764
53296
115006
2316598
179364
280622
186960
162526
3019964
7361997
2815619
43944
172200
2322446
147101
58102
156819
184425
286776
185266
1682891
3305871
3223995
55948
2952224
2963947
536473
1119076
153701
285864
76932
168927
2904798
81996
162239
1192497
345901
536787
1013802
153143
3329911
280367
1791324
536791
47696
3013038
56022
214673
2317365
55164
172209
1106819
56299
104336
280490
1401638
176885144
27365302
145278
3007486
53439
26482940
1381329
2131524
3357613
1176743
7408
134136
1187266
108870
2416264
405908
3348772
192785
1106173
240377
3007562
122868
2893622
1197894
3161186
778545155
36966065
25930131
122888
123264
1230369
23074725
1016200
913068
898229
131274
398950
115063
26161363
141973
2952481
151083
1964157
189450
157879
156986
2237699956
2862911
240369
532367
3154746
122813
117542
2668838
2460577
56085
3332746
80349
1347238
3210999
543310
62366
1267392
62352
102523
1928333
1176744
145195
3348382
551831
1413399
1669059
2084698
3359752
27852583
122886481
91906
1947385
3354557
146629
134090
2196133
969262
3331103
122822
44056
3233214
1158717
1157709
3020166
139282
3156192
150368
58648
1014452
525577
7231014
2956077
3030976
7426
1160505
179368
143149
54786
172207
160906
1230203
58102
7373058
1230115
1855926
552263
250255750
3349930
2084823
120203
58198
190367
122781
1342361
1392201
1402747
453814
550086
1800742
2815653
1180675
240053395
59874
1152532
1152643
153343
2817441
153482
166904
74052
3017741
1698501
551830
142308
2379848
2375172
166733
192787
192785
192791
365331
1824937
88810
138333
1639542076
77189
3014836
296584
3240074
1121069
155908
2144520
1145294
139778
2953977
1067788
110293
4703444595
2315704
1145825
3795063
56099
1268570
88847
162431
550358
139350
154301
1225218
168994
1130433
306562098
54913
543235
155940
191039
57988
1150938
286780
186977
571970
162798
150388
378685
1473475
50046
1152558
143115
966739
56117
3355699
117887
2690138
3295407
55096
2097692241
1805044
1332269
172601
90780
7447
150381
168010
2904809
55563
280588
531621
119089549
3087994
158985
131898821
123389
62504
44749
122880
25341887
147875
72020
182954
2755618
168192
73998
120741
453814
1141918
139264
3388394
24535523
3350102
186981
139237
2084718
2689702
145754
1289010
28215857
142706
1824838
54830
3159826
1392622
1433699
3350102
137518
16239
141878
149602
102505
1894771
1539723
58167
3327639
147164
58405
2536070
453025
533707
3017768
151710
1420215
2444605
135598
536773
54517
1240070
3246441
3763647
170582
1477717
53803
240071747
191739
76383
109383
180030
1415883
340611
154888
153005
1223673
346345
112993
386602
1647567
153667
1283657
57925
2989155
115063
1107289
538363
3012404
115997
2815623
227228
453025
192829
104639
126561
2563285714
1253778
146302
162221
54537
1998693
901989
2351738
296095
76469
136333949
2955196
133571
2247491
1067788
340516
190328
153704
104332
1521463
2741717
180042
55192
964557
231974104
120027
279434
2019939
131367
192830
550623
3775060
225564
1835900
224246
2478628079
62652
44056
145999
269918
366694000
131889384
2787499
3218921
1433688
1337397
974227
4016543
1684068
147109
88613
295807
131182
106707
165794
1225244
2661906
1292909
898229
287499
3210999
1945133
552251
1612961
2195069
145596
280572
532414
252565
168982
60186
1307354
177922
122837
125215
1240444
2533746
420107
3011922
186976
1291402
2812216
147006
74051
123327
2506300
7606486
2947114
1952636
149278
137780738
226967
107010
454064
151327029
428039507
98279662
1028989
3011643
156094
135559
406830
43872
171968
62630
1856674
214671
162116
1206419
134139
1376330
2955236
1161684
131411
192787
447597
1161682
2259401
1346319
106291
55591
532352
6838332
185404
150403
1268584
965628
453913
62611
184424
179367
1175458
1286998
1176738
76465
192791
7429
115006
1216389
160837
91916
279418
153732
1152555
90409
1771742
1240509
149346
2946612
134010
280195
1179645
182659
1188393
126354
1281172
150376
2049400
1107711
1103582
1083103
1107288
577359740
176173908
167454
192776
152241
244080661
2470060
3314266
2950430
1473475
179366
57031716
2606649
3016890
1392621
2915674
74496
946157
2692921
286380
1847663
1539832
134115
1106408
1127162
3663636
2178623
1151470
2094193
2103532
62611
1157709
62717
139830
535774
3007586
1529409
7376
152597
1937057
1332082
43984
1268674
115136
242397
2571989
139025
1014425
345769
2453270
56250
3161111
79648
58648
1820891
251075
280565
370368642
2440455
1410876
963043
389963
106803
3018530
171971
1942686
59965309
149714
162081
1127092
3012719
156967
3325806
27564996
115142
53405
1151563
2951183
51529
214598
139508
1813385
975768
3357030
897992
309478
305138
111968
153677
47796
3228947
145606
571802
3006058
253252
3347850
167652
139282
4703444594
1627497
901989
408121597
193222
3289820
152970
2907649
226968
3013630
2814001
3017000
53832
145728
1403897
1106291
1775691
2132438
1066956
1363697
185686
146131
198258
3012719
156613
298165
109655
456859
1536593
287072
8650
1251254
1792373
2946473
3014991
184467
110019
1066830
104647
2952240
280622
2438231
153223
134090
2762871
139282
156677
136388
2696995
1824791
55623
1922197
269538499
172639
536791
5812085
550372
1894771
1255558
531599
162526
148071
2946664
1686631
88807
2084658
1998693
62559
184490
1889154
2918021
58652
154382
43020
1230277
190328
158974
74009
288722
106802
1206419
54816
31585309
3218921
2247244
531463
2815590
153441
122381
1231314
138330
417327
42004
401161
43747
53453
133997
286780
226967
1347238
127167
3240074
2952178
90724
4629949172
135559
7380
102473
58145
16307200
2185374
58184
152983
2162098
2429244
122604
3140016266
975783
3348769
1206482
157630
3012833
1169130
4788255110
1949080
157299
1975754
182706
223647
974215
132347
126426
180049
1225218
185048
3017814
2145734
1363630
178737
3352911
114872
2399784
550123
946159
2146159
142098
43978
349013
225549
116874
162116
44097
197697
280485
2411584
1704198
277559
62611
3019518
45112
1376831
153677
47806
151115
1135409
162571
3469133
168645
153627
1159758
41946
1069716
26769661
1538252
3020526
349043
55659
2651867
139777
192789
1792386
156967
114364
3316590
152628
344337
114872
447983
2918476
3018438
3256761
1477917
153732
108089
109752
73911
2442883
1395142
1401694
1334017
147007
1395142
62534
1259176
344685
168235
532299
104501
153800
306394560
144873
62748
153656
42398
145274
149987
1298370
224457
55401
3020166
131616
42414
280384
1672515
3357553
1067608
1412715
1281095
133927
963658
144860
144788
287667
245711197
1553148
74121
6791758
55884
557822
44097
2892484
255401637
117884
2208659
1066473
153704
1127242
57397
214451
2105525
439073
1067757
74142
550728
551831
2951128
186382
1777967
1376330
39152
157768
133914
150534
149192
44125
571099
7425
145169
365331
154471
1175392
3087983
2670059
122680
55938
1326762432
1164651
2297418
1188459
280382
72639
6474878
153621
1151569
147067
3012850
3158121
56159
167704
47554
334927
79637
542292
280272
148850
1085441
1079069
1334216
172186
41094
123279
141972
240053395
2733066
183746
240074382
3324640
90328
307787
280217
439073
344953
3331501
303702
1141874
115053
148065
2460536
185526
131197
1309642
178202
1874847
1891495
1141665
153592
1162542
2438231
1942809
40442
178751
62691
303585
198433
44800
92965
2177187
1113143
2952388
2672149
177907
1674119
144634
59049
1122557
43850
1361492
1231489
3327621
27309369
130978
184843
195270
1782064
131029
198590
146468
2833528
910703
1209616
87645
2953089
55075
279179
158079
109655
3256330
161950
139674
2954207
178747
3330421
420041
74019
76363
1076936
44319
1920473
74011
120312
1135467
7420
139540
2265860
1143146
2690410
3019384
58177
55637
2451375
900260
1879617
550728
2444027
405908
1672628
171963
278721
171982
1176780
552194
55909
531599
3009262
1227118
410256
182514
122828
131304
3228098
3359615
1552657
155009
1945133
3318382
1253407
536209
55673
303702
168210
164937
142047
550371
2146159
2998589
4703444610
144399
154446
3321893
1312553
152617
145178
192830
543073
171980
1231459
74318
1721119244
442736
3007532
1255555
2573997
3082668
1151472
1361450
296014
2907653
53824
152624
123353
4629949162
2952574
3012405
145750
3009239
288758
269538499
946159
2167656
136446
44385
3020473
2032280
141262
128152
305640027
161424
2427331
136333949
218896252
2184073
138349
2137477
109772
146598
2954148
2307203
1333690
2094521
55453
2524314
2965130
1017381
2892477
400311
410430
1552662
2108121
2307251
150394
2395867
419190
120114
108849
145214
76359
1459350
1420601
2712700
2202121
158874
1160702
1156768
137776728
75628
1552664
3355613
122431
120177
2651867
169034
148850
2032842
144336
1240074
1828595
551831
136712
2668633
58447
1269513
122781
3010628
157772
60050
119423353
398863
971003
1121026
63512
3349077
134054
206672
1231312
111601
536465
1392622
3354596
2751685
199088
73998
2412826
2954012
1965226
190380
1361815
55486
442814
1842150
1392123
58638
1145269
62636
1410142
2132505
7402
1157709
2723923694
1339786
74818
1156581
216351
151148
1253511
1156071
138333
2438728
2448882
1080399
44372
1176780
279340
280404
190789
149987
457020
152750
149352
60186
56315
130072483
374978
139630
301079
59949
75630
1965226
75801
240074718
149999
1179696
111604
295092
1243833
3013328
122680
2340910
1079422
114993
158862
2313832
1230120
113358
1206408
80513
2917360
57813
24535523
161943
224042
153108
1079416
1399708
132492
152354
1808720
1674609
192776
158883
148838
106704
3348381
131429
132451
898229
447972
182514
1240079
179509
157677
1014452
2547697
149363
307763
1392191
1230369
3006765
1167803
58628
106298
2825240
3219170
90262
1465933
286937
241065
3019267
3006415
162069
454889
139791
131327
54781
2074733
536125
3358613
2531274
58886
3775060
1741311
567267943
139561
365331
1401694
1176777
53460
153127
2610460
202905256
1176744
132478
3013328
3325806
454714
74177
57981
3330421
3161266
11318
542629
2420076
1832843
1744279
120700
8636
202905256
72020
157879
139630
56328
121694
51701
168630
132478
2032812
286380
2518034
144691
1547702
5937556
56075
195290
7467
123506
117905
51529
55487
2679956
305639193
54195
189445
178363
195273
150546
276953319
1768185
279438
543023
3256268
279211
1016572
2951840
2162970
1224499
1418311
2390840
153688
1742393
110808
1410207
1145172
1376761
1059984
2032864
3347850
141969
62428
913067
535828
7389
1339820
279279
2915650
2416264
165475
126423
4347988419
2952864
1877580
59056
279244
122806
139636
135604
206545
1066732
214787401
152747
59760
148074
1933745
4115866
106759
2443353
138906
2610460
3160959
2951098
5875927
1823294
36458
130140
167603
133943
23542233
1332064
279438
158160
149192
267933614
961595
420687
138300
1216604
3018990
1475324
107015
42284
106511
4819631
1347195
1433414
130931
2949161
1230278
3012206
263116818
3359719
74585
152970
2682940
3019984
126424
3349708
1612961
2442172567
136222
199158
156094
169024
1503354
4703444286
2804565
73975
324899693
104565547
145158
156967
305640123
2712453
173372
58068
453027
72639
138389
307763
2657332
161950
178746
7404
3010736
120892
153129
3578391
1686631
1268492
1298955
1361397
145762
2139602
74569
1405131
162109
2074733
140078
2120626
102269
3020472
1362003
398945
3011446
42004
3330596
102473
1402753
168245
1175408
223287694
1999192
2307315
206548
152278
62675
152278
1940314
550357
3218955
910707
113541
278746
168641
120312
35078
1869355
1550556
1120713
65606
88626
3160990
2673357
93281
4351432485
1761580
3347359
4442556
3013186
172072
132451
422683
7400
241075
90786
419548
58103
3011596
1679959
318807
279446
131237
197566
378734
1959473
132471
1238839
1630145
280344
2022530
1162552
1316098
3225945
3249322
130976
453052
178093
1144849
62512
2833528
156261
109102
3324235
2918047
197566
2399800
2316594
161816
4629949167
1764574
111767
1108014
73998
965620
55834
151103
55586
121990
85799
3246447
1628927045
2953192
105389
1209821
3795031
45144
39514
3358920
106802
971040
1067757
343535
192778
74124
3333210
2772031
135582
2997012
55578
62658
1111039
169085747
2196336
2247311
150575
152986
2963979
370078954
1637048
172593
144844
61423
3388631568
532298
158863
74151
50312
2131524
162069
102523
56104
420762
1014008
534266441
1450080
3347918
104337
1347688
193260
1149451
550725
3244962
159868002
158848
1418311
961284
1433414
146131
3159819
280435
3355367
537257
1650407
2959850
1919982
74820
227225
137919
65335
2815477
154443
1155981
3161062
71949
2738922
4703444589
1225202
163601
409120
2420744
240359
150374
135556
1361845
2772008
156042
83198578
44959
2798353
1164653
153441
240046032
111600
179548
897992
2132500
168204
192833
1405241
532303
137518
2674904
133904
42278
142004
1188462
3240056
146342
139326
1599299
68986
109166
58652
138885
1924257
183453
27768
419479
371700505
131236
549472
280588
2720417
2108121
1111036
1150937
153729
122843
2084706
1973598
61320
115158
196240
531495
1648932137
134183
456785
152430
145804
2527553524
152617
279340
261657499
104332
139779
414794207
1159663
280582
122370
161991
172171
1176758
304938
2646485
280497
280517
280404
7377
153492
153360
1348737
1014412
1066689
171980
2755499
57516
2167656
1354664
2817441
280609
136381
903831
1141526
56906
55893
1059674
53461
58032
44597
897554
152994
349015
456997
153115
121360
1225202
269952
130927
145729
280318
1778010
56247
62644
1342360
2451622
1804202
844710
2989219
398693
6927733
227233
190359
139630
3793581
1120701
2414648
56029
721604
1201020
1800297
1158564
280367
57954
62559
149335
1136727225
1842185
157543
149455
869555482
3018489
2580605
1281172
179053882
155468
2666909
349043
55166
1863606
55659
150415
173299
963660
1111039
62870
1362076
1216636
78312
1402715
3348644
370368642
56097
145829
156814
267762522
7433
2067286
286372
139316
3359677
2155862
3016890
144785
3864712
122405
271110
446049
185403
1539376
153663
3219356
157772
195270
4819615
1267391
2952759
532353
447862
2917889
349027
3992237
62649
153092
2396450
280363
406166
1291402
1674119
152743
4703444601
1107267
1640528
171957
415693
46116
206547
2954012
1084089
74942
416185
149431
1355581
27020
157530
1673886
1025105
3163622
1626147
1354475
169022
141055
159054
304938
1122551
1346246
280340
1629146
134086
2833528
1842545
1283449
1028987
240355
1080399
3014764
253985
1176756
1348707
145913
55673
417362
1161667
147108
73953
145751
1359190
1540548
145933
1650684518
122880
129523
280280
1933745
229685
2563285714
3047134
146330
190178
280368
3010046
144663
3316327
172685
135836
2610683
1547390
3162704
1235963
151103
157927105
122809
1550546
1842245
151304
5176019
2438727
1269641
1552665
1166191
391196
536224
145622
240058050
3007364
16239
1801076
144725
144785
84271
55657
1014009
1150943
6837561
114993
73985
2952361
1347238
153143
1721119244
442797
1669044
655969
3247680
55818
1404340
4642463209
442739
550621
1120592
162221
153016
153504
35280
1159234
2247382
148342
1682248
1283513
2944314
190262
2574214
1059660
420676
62410
131828
163584
162069
44749
123279
103599
202816646
158079
2755965
141991
123319
7451
1402753
398997886
420676
148550
55151
3348644
124535
1141918
2917365
149162
44219
1776966
92965
51701
85956
168584
3087994
146224
44164
1814965
153737
2812042
3992676
145625
185301
139647
119423353
1307487
2862911
152279
123354
183746
156677
45401
240355
402751
2340910
273622
102478
158871
1622687
2497864
391455
532309
150563
532309
150417
74111
1231488
1348625
1159672
1167513
70553657
2196135
190362
1029019
224457
147099
439073
3011925
1268702
2050519
1281234
280551
134190
1842114
240050358
3318845
391186
1014440
3293494
146509
62870
152278
47796
1107355
2413295
1107350
1395213
1714886
3011643
139559
398716
150023
1963115
1176759
457024
90205
1180675
1299601
1111039
1761742
1901725
54533
106291
1673921
403055
1140595
170486
286389
145729
2741710
1161611
131360
3347918
157574
145776
3012849
552198
2453270
123394
134183
272914
163595
3358867
168019
1772214
5379538
31941291
3018626
410288
154964
910727
2415518
153127
1504057971
2460541
58390
44917852
137518
2741708
3355910
2815623
3009667371
969552
58583
177415
3313226
45104
348849
253252
190811
1145825
157394
1152129
120850
2753128
152993
151327029
120846
3331768
14296
2670059
3359615
2067731
375216670
146137
2084823
139131
173372
231974114
444902
2317358
1268593
113038
56907
122324
148184
1395141
44802
55163
444897
2803566
160882
132506
223408
168203
1151556
453042
3307249
3258140
303427
913374
1792587
227231
543309
280390
136430
55589
534266441
145734
2545593
172061
3018247
456859
122806
3309232
1669059
142863
195290
965765
172639
447584
167680
7394
1630145
55185
144649
4703402619
231974096
169023
160907
172679
161653
56237
324211
1778053
1078989
4703444589
276958564
1326762432
3006033
2981211
1083102
144326
371700504
44251
178094
453066
2596658
1401638
408121597
1230279
153566
3317887
113532
113532
56328
1003538
6678712
153457
2395867
58950371
2389061853
241073
126401
223287694
54771
1107265
123510
189924
1453939
1154468
155930
536168
2032864
1775054
1530587
184428
136389
74091
7403
536118
54545
1120591
2016013
148184
2399780
1852574
142105
120752
2917398
131172
2825993
1121026
148553
2438130
2873684
130919
1106183
2178689
3172807
1121026
135856
52373
280519
240098830
169023
3005662
440145
240058050
3347359
58027
377019560
4189263789
2954140
2717712
1361815
168172
226903
1004432
153977
456805
74150
3350393
542638
1261619
1823621
552250
2440453
2666025
2953281
3354571
190861
1206394
420762
55945
1162542
153691
42955
422391
3238668
90284
1429268
2952864
2442172567
3350280
3163463
240394
138356
155920
2952759
2399780
1828598
1161288
54921
1159306
1060184
913110
269659
2465165
2171405
192824
1175392
57856
56099
2247233
86538
1230210
1395465
3625910
92968
105274
2723258
55428
1127182
53439
35573214
1434381
2073472
146127
4629911080
1083146
418082
913110
54714
224374
2918483
280228
281350
3016700
1433721
1197893
147173
217419729
1399708
74859
1198661
531634
55706
901576
2743050
1630145
44974
3011922
307584
536464
104106
344953
1547702
1156145
172635
413141
2307315
58201
969576
20995224
3293120
532310
1176967
531459
44749
1751079
1473475
286797
543235
3469133
62654
115129
114346
56244
31248510
2000314677
55460
197472
2954181
1547295
130140
2460551
2949161
450381
1404291
196158
905534
146128
153121
1144006
141947
217419729
3318889
113465
2529848
123322
532765
214394
1402750
2917118
1067757
185260
970101
146509
1748162
1540512
3258115
337131
7606486
1567544
123337
180026
1083103
122828
253642
152597
1231762
111528
1392191
297514
1118870
153038
153702
2152285
1360062
2812075
2743050
280215
1605981
74392
156279
3357613
5762849
161950
151092
446049
114883
349044
55664
240050358
1480032
138675
536125
1211145
3016826
3020472
2689653
2563285717
2185077
248770992
1673887
202816646
172205
453027
1248073
152621
190862
62273
901533
280329
8654
137944474
74313
2666952
349013
3309230
148039
1959472
42481
1078995
1238839
105280
1440895
1539378
142308
180043
276958564
4703444599
60189
280538
1122577
114366
1019713
149342
194119
62481
971023
279279
158883
1122566
122907
269952
1361816
2692254
3347910
2949143
172072
1777255
1230369
158733
119567328
53448
280580
87515
49898
2673801
2718801
2952493
1106282
1106824
7219605
141991
240071610
120832
1674609
3012206
1360887
147060
74001
224370
2146159
2952951
1067817
2563285709
172385
2097692241
3351336
1120591
146337
115079
2247331
246673103
3202950
404589
39513
1083121
152410
1107723
149339
1410703
547426105
153691
42398
1127158
43512
147061
3317408
131033
117884
131862
957268
184428
552251
179240
307828
3156188
535828
296961
2139375
2717712
151710
280440
6041206
422688
1161610
945587
145875
1329869
145820
54921
2207891
413194
157753
135411
198268
1225227
3354994
1999192
1348707
104754
5762849
128150
3348459
54804
1998320
61549
1379215
185401
332346
551831
1156582
1823287
131603
349044
3020470
280333
1066689
63355
1348560
55562
3350423
138513
174916
169036
190333
7034910
153422
43584
53405
154109
58655
2692254
1154551
138883
1479989
122806
44780
280228
172599
240072888
1473517
288756
2563285717
3329816
1339820
2743050
2671205
551830
142702
27308737
207455
141916
134141448
1361666
55464
161638
1216603
80379
2755965
543228
153578
1947852
135830
267933614
2425988
8655
142857
56014
180043
305640306
2917736
1387888
241087
106798
1804307
3243197
110866
543229
172216
1230120
18000
1066689
1159666
538362
135600
139238
963660
102874
2529822
2145268
184460
1268593
2691169
1413409
2120173
1940319
152405
157320
304751
2681149
1142934
3087977
280633
280551
3325806
1852574
3258056
963662
136259086
1919982
108661
153719
2155862
76352
1677007
3008014
188225
1230272
1332064
1440627
373725309
342316
1477917
161950
184523
280254
3163195
854798
62374
8640
1206797
153438
252565
2764710
2127079
58446
148034
231974107
104401
1236192
3348892
134107
383890
3008436
126766
62652
1059844
55054
131343
55892
3020441
1227315
2084706
279317
1152717
152298
158862
1792387
145766
156299
280567
391186
229395587
60072
131291
192778
1188519
2086237
92949
1156167
52411
153364
104106
54189
729167774
107423527
1828595
1947863
108393822
129645
7395
2764710
2918444
324899693
56145
279198
1251403
1084089
2000314677
73981
175905
143113
531461
57818
74166
153465
186430
3308102
2465173
571970
543181
1106275
153120
35573214
3097346
137913
244080661
1059914
72380
2951271
3017296
171957
2850582
167591
553303
156563
1792373
1161610
122899549
369518
38246
123435666
138899
3006339
2894029
1084089
1637048
75580
531533
2954646
420754
3347731
2812216
1741311
2989219
2427626
131822
145836
3322815
23074930
114356
4145201092
1121033
1380223
1151630
194119
148850
1664257
240379
1014470
1957077
3671049
56331
287667
79196
1107263
1701435
62456
1673921
145836
2668824
280618
153126
3355910
307833
1230123
55877
136389
550119
227228
2094194
43584
55260
44319
1152556
3018649
1152132
105086
4703444609
368782
136460540
144325
3249322
1832843
131178
153108
571970
280624
190367
172601
2628521
146146
153109
3355442
1119077
2952233
158716
133904
1395119
231974100
131198
73964
1152722
1067771
391153
1383665
280630
155445
56909
54777
55480
8087537
3030976
3307828
2245475
1227093
89248
331414
52395
7457
2313658
2746229
31172722
168606
107024
147104
2989282
3359608
44879
2117791
121688
172064
456785
3360429
1809448
173016322
151109
550623
1084091
1141918
55648
1142929
1651889631
2819275
2545279
53835
161424
142701
149435
279147
145858
231974111
1402750
536120
131367
7377
144839
180023
43452
156981
90277
1017399
1529146
153423
136460540
150576
62352
3007932
153418
391201
161751
409120
1347070
2426005
195340
132580
172064
145268
153125
149441
166718
2032148
1448683
179549
2122060
111018
7437
131597
27308801
358631
1159251
3016857
3006802
1223664
1228443
419698
1013802
3163570
7606486
349050
4629949162
913067
114762
551815
1418624
135576
1828382
11950
552263
364656
160839
153729
547344557
1550554
54801
7444
152993
56097
168003
134067
1164667
1347476
1359817
3332770
1216448
43858
132483
3154746
1197778
44830
114366
1529814
131038
1540519
153183
969268
145275
59149739
85947
286372
1202314
149309
198269
3310895
346956
145317
533707
3586169
1060215
974234
4703402616
120745
2811520
1162548
153005
1648932137
172639
288763
131254
2691153
280622
54624
1803923
403055
303702
3332746
2084668
2317350
1066562
59874
1298371
43863
2317329
3007981
153687
170559
161352
1084185
62594
2764565
1240082
177907
3359862
149435
149436
844710
110597
1874847
162115
869555482
1067777
62149
3307621
58047
2106909
151090
156292
88066
80071
172072
152747
7462
122381
48925383
1987491
108393822
2207892
3356937
54886
3020472
6426101
130072481
158419
123561
47772
7379
195305
158955
7430
2006941
2520287
1843107
2456294
553303
139647
2806514
135605
42004
288719
21579127
1387888
167720
60148
2067281
286837
137964
1245224
2000314677
4703444592
1164628
1467738
2671262
3359675
1244085
3244962
2776280
115158
149455
158851
286388
1271150
2964661
1268207
61549
1648932137
1164676
1450080
56236
121716
903230
153696
150406
142013
198433
7373058
1076898
1987491
147968
183750
3307828
305639344
508103232
2327259
1253407
1279573
1851826
3349604
157677
122424
121881
59149739
2815585
114354
370133195
2815623
23571101
3790869
2351738
76931
3775035
542625
3332464
345769
2412710
149995
152297
139318
2808164
131283
302696627
326287
532352
4629949167
1160702
1782722
1479603
122804
444897
383059
2674904
165466
73962
3211745
55146
3347719
1923997
122805354
130219375
550725
2810954
3241960
3159819
138328
156590
207264
7448
7404
55081
153567
536119
412377
190271
76155
342110021
225548
549470
897984
179272
553607
147008
2425988
2719041
1734305
57959
185262
1084206
1376760
1752948
7426
1216558
550355
121511793
1231406
3358355
121840
1433701
155369
156575
1894502
74142
6426101
3247831
105086
53418
44279
168180
1107725
1229108
1410912
1231489
190823
75021
135879
3648962
53391
536177
2952117
55866
55670
279351
1079067
2429756
3352911
1309641
456985
55077
1362148
185579
2953012
42611
165466
123327
227231
1076897
1156167
3023079
4703444594
4703402616
1374629
111968
939961
1987516
130935
2273913
569407
227232
1402750
2090949
168631
1231406
1277291
1529814
4798638637
4760426884
1143143
288719
531423199
180022
85802
1176777
72596
135409
1877989
55831
139311
166717
358688
190328
2411900
533706
1201656
2032396
1156145
2436893
7444
532310
1347070
56256
164191656
74317
132347
3691783
6845078
152624
43981
55875
1105922
910521
58177
4136816
151082728
44251
3359727
1152654
231974097
186960
729167774
152759
2673321
1107740
55261
1734929
14808039
1106257
88826
59877
3255205
409863
1244795
3254651
3648962
412133
3103093
42819
54864
3326609
150003
150508
2811223
7373058
3347257
1376491
3020473
3354170
1307672
186962
1672624
131838
56306
54839
62638
139098
151075
55659
358688
1672402
139025
2954819
144839
3851570
74154
2804460
1159665
7422
1392196
3161030
1418336
55637
185336
2815653
128145
280129
57031716
2195024
114339
3358613
279338
1448696
2915674
58091
2904809
532301
2952813
2892476
1959492
172627
1552190
3589982
1775645
157815
1424253
3074405
1120711
190789
405156
1553148
2247302
145150
111716
1175458
1144794
144782
126401
1210057
155957
61423
1491393
104501
44200
2827425
122809
7406
131616
2928265
279250
74000
2705167
553303
47036191
144853
1356925
143048
2379848
5812082
1842245
180036
3013005
77601
1363630
198257
252645
145750
149352
1209609
139298
160839
3333111
152245
571805
179511
132428
3215936
74088
150423
138332
1206427
912998
172597
3219170
2603247
56049
138056
139792
1748162
172575
130978
2598107
897638
552248
2809922
1228408
119567328
191696
418700
153292
2340636
3019073
3154524
415692
2918047
1067782
148011
382225
2043639
3307621
1401576
74127
167647
1013802
2952303
4629949174
53439
62495
57965
23608718
133890997
2032116
2805848
107976
1342812
1390434
55864
151649
280567
172198
62508
167659
223607
55389
1920087
1539379
3258140
1107745
126401
1143167
3407643
152756
552251
4663238347
147994
2513111
383444094
28722
131333
161133
2247302
7112170
152430
2379909
1347070
964519
1833963
1327628
897495
913094
6837742
74051
542634
74124
1216608
146612
1457019
153011
54823
153102
575380
2819275
456781
55838
71033
2713466
2850346
3216333
2954207
74559
1216600
114364
383059
57516
167591
536773
1970744
2185374
58050
91734
74570
3019984
280554
1206388
1227093
2725551
1764573
2411584
536773
39727
162030
2952988
153004
56085
133943
3228947
129523
11358
1107289
3019589
3020790
131033
3358836
122703
1924326
280372
8637
1066917
59759
54713
897495
157320
142703
158438
3018837
62591
146135
146357
124535
404589
120237
44544
3258056
571970
1904764
55653
571099
1987491
138333
172170
186984
2718490
3232786
1021584
115077
192824
456813
1028989
6064379
153621
1014042
2917313
1751445
73943
2724049
152229
1068067
134161
2533326
913374
136373
172628
2207892
74150
2167844
1107421
59097682
1151470
111018
139131
1230151
372678217
532306
231975491
2478628079
2531512
55147
1669034
1420611
2917171
142271
3307249
2032127
131172
4703444599
3258115
168203
349015
1268570
1150943
1083319
1825877
150388
1073957
1320062
113487
162378
897529
1066653
240110547
2805691
3359727
2951183
167241998
108089
1179646
1206588
374978
1629145
73943
141625
280325
4703444599
301464
131648
206545
2651806
280172
2953012
1067788
1231635
153367
115185
161838
2307203
131017
1347238
2991079
2682940
550368
171973
117634
44780
62598
1206604
128158
456810
152293
1410703
7448
2434438
135595
2917182
418082
1418633
2137636
2804541
949522007
168183
5812110
1279682
53806
131182
963660
3016468
190789
2807559
410803
90813
55584
44952
43584
280233
2991079
453027
55586
3010989
172065
158955
443158
2907649
279323
1553148
1824976
3778629
3020077
3359627
128184
143113
145949
1355581
913012
2917332
55459
2955951
3330596
144334
49898
163565
60072
56075
939906
3163622
1152139
157559
172799
558161
1348706
2355168
240110547
3007049
55072
2415518
241075
149309
1076927
58628
1672457
57925
150041
43083
3172807
106814
44189
109976
139791
224246
2671314
1415883
3163078
1775691
172572
1672622
2917956
1777905
1231762
1164676
1420628
2168233
74790
153449
185526
2755981
146127
153470
447871
134591
1550561
1404343
152229
1014042
156103
149339
43826
1060123
73980
153742
305092
55083
168991
456793
1380223
446049
78593
1376769
958677
422431
418967
3231415
571802
2087433
3778611
387318
150378
1411514
456793
1142934
2951328
153107
133904
42819
1751833
1942686
131597
542786
3357537
1411877
117651
136446
1347238
166563
162014
152249
3087988
162110
39514
89257
3007532
3221548
280262
1067762
153129
3202950
2443354
16307924
3359871
1230373
3316629
119567324
966958
92965
73979
150496
3357553
1067821
2322446
1362084
74037
2436914
3713815561
2196335
58213
134097
74496
55157
1448718
1106409
1339786
2273921
158733
280190
155445
104752
557822
150532
2873244
1159664
344342
1013863
138877
1433699
144875
1307519
168994
153724
123302
56076
1016585
4703444589
184225
172189
2809922
153228
104915
531554
43955
145875
646451
1332269
153473
192794
158902
1067789
44754
166760
1741311
3301368
2006941
444869
1135474
120338
134103
531449
153269
106864
241072
1084353
153697
120308
88068
2671205
107028
89757
531620
550625
104024
456789
1083010
1206612
3243690
415692
1299536
153661
271970
2952224
1842245
128126
1164669
195444
3163284
269952
2074756
531491
142004
2989158
357981
1347672
74150
1084372
3010745
3357537
173722
3298729
3240203
1405230
965628
184629
171963
54722
3469133
410804
148551
3006199
240109398
3355910
3318382
73998
1204451
152412
2884103
168589
1079416
27852583
550624
1547688
1318214
3256761
91914
122820
3348412
3015851
113967
1682248
58628
159868002
2882148
1342041
149340
131799
3159819
2952759
1235970
133904
550086
88115
131027
1107351
2850417
1162552
444400
76467
167652
55338
2714132
85689
139276
171963
55152
375151
5815683
130935
1210057
55163
1231749
2167656
54870
142108
44056
149307
74165
371700505
1106173
156994
555358
2947054
1149378
1781733772
135798
2425990
119581351
161352
4422604
132492
2539242
214451
71033
2754517
158866
43981
280554
153445
346134
139672
910521
3342023
2009947
5812085
132568
2915703
102144
150569
231974111
1307487
240354
123314
147559
76931
248770992
131013
154220
74126
1152532
282427
1230203
1503354
3339993
240036844
550368
345901
146334
131840
161033
442794
1457019
111721
1179651
286342
136325812
3358587
7168979
7417
447972
2953089
189975223
1078995
1835900
79639
1066781
153006
420086
135453
123883
217419729
180751
3163195
3006874
161816
1346852
138943
370134561
172597
280228
7377
104371
350902
1241404
1069682
170555
2947577
1332082
120273
26701367
190281
8650
1374629
7399
453674
148039
456789
184417
131182
3218955
136373
536170
58042
1107348
44974
542632
543235
138675
58112
131300
88810
123302
3317381
184506
549472
145624
55201
106388
119423353
1592502
456972
149428
62464
41038
550356
60072
153017
56329
2947032
1942686
161957
2690234
302696627
531609
242294778
2094521
3317806
231974114
280487
3020069
3168167
3347752
1019713
3330374
364654
145166
62518
1143169
1539379
197353
129910
132601
231974102
1771756
1121069
438344
85809
1480032
1964164
40784
550372
552250
2815484
184477
123845821
1592502
1159237
11968
2826006
2202121
532301
168235
3355418
1685906
1529753
2081686
900260
454860
1167367
3357088
2953118
74123
2950867
153422
7411
1204574
911844
2539242
2755981
918574
3087984
179366
1550595
2026303
3014764
402695
1404228
1083319
2615480
1363069
1307519
156274
74844
1745243
56312
370476571
55909
2018151
55831
55161
2094193
132490
2196155
2460472
240072888
280538
179367
157302
969358
55589
6041206
146224
2950736
3350102
1208546
279225
2798353
2894029
3006257
347796
2674666
131343
106798
83818
2110382406
7398
89723
136222
1355581
224045
122823
2006557
1347158
162014
150570
130971
307584
1144811
3009667371
152997
168008
56035
197565
1999099
231974099
120741
7395
115053
56149
2515282
2197548
9071
43826
1904764
1240444
1360062
2951545
123322
4189263789
192830
60072
2998589
1028986
34914
59759
1145294
240090728
190789
304716
4703444619
1151588
1553189
59760
2690110
543021
58380
1334216
1209614
2444027
190221
571980
456793
62418
971074
192789
1079421
3009024
3359744
342935
153092
1156583
153824
182644
1117583
1175376
58392
413134
532299
146444
420685
399976
1912453
106783
2497864
158822
2833528
1550553
1216469
532386
144676
1361505
1156112
2066368
3018198
1067608
1107745
2518034
74849
1410207
158868
62611
147142
178747
131600
2322522
55681
970997
2027869
3234092
901576
2155874
151124
370329200
134097
3350102
58652
533707
148031
1637045
45589944
115063
107231
2798353
1127162
1682891
3161266
7606486
3327682
1279573
1268593
109655
157383
2369778
2315704
1286998
51490
53824
88068
74022
1823294
402594
103703
126281
1206317
1457019
1216603
53832
74586
3020166
2805691
134034
3795064
2087180
172209
1402724
2483364661
41094
1073990
2621967
168982
58395
2950581
3332766
185534
45037
131236
57993
1029029
105270
112405
1952171
1379056
145875
156613
2690234
149991
150423
1553165
1164698
156561
2954777
1127158
402751
1228443
214599
14808039
1376831
7441
401092
2665733
319872
2379919
74392
2539242
91916
1161684
946157
162115
241068
172186
279244
2032396
1283520
2917736
206547
56329
163183
120534
6678712
1067834
280173
1107398
2692265
3354238
117869
1547688
418042
1378626
912999
156561
156177
7408
139822
453674
142013
279351
1060184
1187267
153343
2804460
282525
2955204
1206317
55399
45916
152303
305092
3011521
152967
192784
120534
54870
1903477
1165366
73994
156292
134106
136259087
1156146
3013621
939906
1067834
1379335
207264
138323
158959
2393403
7429
2000314677
1206596
401820
550123
542792
281006
3349934
54541
3321292
442814
70553656
280302
55884
1387273
531491
62581
91290
2155863
20975578
2918454
168234
1347688
154287
1960177
171957
1395135
153619
189975223
2804461
2850582
1637057
55161
1453925
155445
58167
1082277
1083146
49715
152508
3513471346
62870
2379919
1858224
1872673
158716
106655
109383
145761
1163977
419550
142095
2918485
161033
113764
1156116
4819631
1823621
969397
148043
9071
153364
2918454
280477
115079
149027
2755243
54813
153497
69712
149689
1332082
74516
2827451
2533318
398673
1145310
89253
68008
2803566
167609
2646485
76932
144864
2917182
55547
958677
442739
131360
74135
1550548
7393
164051
153050
555017
26161283
532000
158079
531548
1513057
1014440
1530586
1359772
2757697
1751833
149352
62782
2804495
170100
420224
139128
164051
120189
969369
131833
145760
139540
134161
3323199
2451579
1084188
150415
109772
108849
1958982
160907
2013124
1395126
1029505
536475
137968
138330
2953089
153466
349044
147006
1161684
144663
2503801
1828382
86708
180658
1259885
114829
115134
114346
1243590
1292909
1558108
172565
3012962
1232835
1279074
2317355
1831076
151327029
79337
1236093
136333955
357112
89253
2185366
2918454
7406
1079418
231974100
133992
59949
1433721
1742393
23443256
145178
145095
46260
69141
901990
2955019
280215
2944314
138885
969651
1117583
134085
153439
1211145
1669021
478381
3011446
3357552
1279074
536900
1059689
3330596
104337
446100
157777
106420
1145294
482067
198590
44299
43921
30137197
1230203
2953281
27852583
150367
1151579
139636
135589
104647
147303
1066653
1404338
3327621
267933614
142033
2807559
172628
2989282
56356
2146232
1476134
1543125
4189298057
224384
3007586
2772031
62598
169024
114357
2442883
2814058
453674
2027460
1106824
2317358
126429
402695
184633
417365
54777
2955687
3016973
62598
271970
2438727
1067604
1231483
1176736
102271
3716089
1359797
371700506
2825421
3013186
2668913
1179696
231974101
365307
370476571
1043582
191528
170587
73444
129331
4703444623
2317350
1402747
2379886
1380258
571178
3289689
420107
168641
2955293
349034
167797
180442
418039
55149
305640123
58027
1156768
286383
1940408
1175407
1145178
126354
3254946
1135953
2016013
1180679
1267391
411560
6837601
178388
3671049
137910
1151573
119581351
126829
3347752
55628
1605981
145789
280342
1378690
1805044
40857
406091
1203009
1197894
1074553
149455
2351723
54187
2439316
149348
3715845
253252
35280
1456770
56194
147988
131175
330473812
3243586
131841
53461
1127162
536792
448660
1959445
454723
1734934
1952549
1387962
1466455
139318
368650
185400
186984
2998589
167593
117887
139779
1745243
332346
416062
287827
1401576
1354475
2714120
330794
56204
153007
2798353
54870
195297
74155
168239
356443
1158715
1167815
2524225
106793
2949504
177921
2265849
132367
1107398
1299601
168017
146336
456791
144725
1945986
401160
280565
975590
1155956
63355
135560
156568
1777255
3005198
2349984
397221
192799
324899693
287082
2556598
105268
144784
151117
2952574
303781
1874847
58201
362362
1216636
280342
152630
1376831
74542
1477917
69182
178746
104978
958128
237385
3020790
123278
286830
910727
9407
88636
73941
88600
2171963
179480
106511
55175
1326762432
4703444616
171968
2690188
280372
3005662
3314276
1361468
370131193
1027785
186382
2194745
1079343
391201
168851
1198634
131335
62598
342563
1249595
55867
4545343340
2014597
1413399
3243586
3240056
456985
55401
1286998
350902
1550620
1345977
172175
161349
1383415
2571989
546937
3221548
122868
1611887
557841
2436894
303781
1248073
134161
58184
152753
78775
55712
3225945
1550618
156177
1329869
120567
172684
170641
51800
132478
162081
1225244
1079412
3159819
139800
74088
280196
1119076
152601
2317329
2904809
43872
1179321
280177
1698501
161638
3160791
1167811
104664
153128
88810
1354337
575380
47381
62644
155947
1206797
1923997
162014
1152130
1933745
3357031
1309622
901990
195290
134197
7429
120580
974218
88915
36996
127309
1413409
104884
2452776
2369444
2917368
550365
134197
1973756
180035
2952178
3986076
39230
1161681
302588
1413403
184466
1179644
2829595
368782
3087994
3713815561
153619
4703444287
1950884
54897
2690410
2032280
2425991
2675127
1236194
122370
74152
2573997
62772
120752
422683
123706
3018837
136430
40857
168183
2665925
1829065
135411
373725309
72020
151935
109876
1613214
3240074
3011656
3006243
4819615
3247790
58144
110866
92949
153473
279178
144663
1666494
185686
910711
531533
964519
913374
158850
11957
1340048
141933
3329816
1145288
1999114
62658
154502
224246
3018691
1145290
142095
2939673
341381
56907
7430
58168
1230206
2178622
55100
144626
1028985
2531521
2711874
125618
115168
132347
1998693
2918476
4819615
1300499
131840
184506
2553300
7463
3018574
1477717
115177
76373
2414646
1965226
116869
2696995
1176782
3331103
47381
377019560
1231310
3255672
172173
3349910
1664272
2524314
286394
1412723
2106909
6041206
2196133
410820
1223664
1920901
2955019
403055
74042
223408
3354238
166899
1164670
43863
47806
3293120
1188389
108661
115136
157320
1059671
55285
195294
155446
1339820
172630
152766
3017029
195290
55909
1255555
2939672
153671
48927573
373171673
280333
2888899
122786
3350423
55943
1225441
3348644
135592
2917171
1122561
1190905
156590
1120703
62422
227225
1209614
1279979
119089561
1347238
969449
148015
1255555
180048
2954508
184460
1014067
1326762432
1339820
7441
149995
178737
185400
2894029
179368
326287
169861
2027973
232874
152114
2451622
157630
114372
1135467
56029
2958956
1539375
1550512
147988
2952103
2018151
26621545
3349674
106716
536468
133147
153673
130927
552247
1863732
1543125
57032
343535
62578
52373
345576
1111036
2141759
2556679
3013038
1157702
23571101
1164630
7375
3355442
1227148
1359817
552249
1059660
1301935
2455086
54795
1145287
26213889
1066917
144326
2417529
3352883
56022
416184
1194100
1808721
1392121
132481
2121672
1281207
1202314
2273913
152292
130921
1225227
3163307
110587
2563295942
129910
79639
172575
135453
133904
445954
7449
121736
195295
286796
7426
3578391
2317348
54913
89395
104335
288603
114347
45112
149368
406872
1107711
138417
1167367
145750
964519
305099
1206581
3356937
552248
55948
45401
1152717
2131957
2177266
3009719
184425
153602
54765
86708
74172
154941
1216603
903988
4072985
2247303
152279
61449
139131
153457
3775035
1231312
912942
3348883
3350111
336075
1361492
170555
185287
131001
1209614
404810
102899
36473
185404
74034
2950430
508103287
2006557
132342
1550553
1403918
1188511
4819631
298204
558161
279141
1159518
2842258
419500
1142929
131168
131343
240354
150319
7408
1159669
1268584
55892
153661
1120667
59063
54830
121686
62607
150423
56093
4703444611
569470
114944
145166
2497864
16132
869609474
1203006
1547390
232873
3354557
1107348
3256329
1281207
21579127
3654543
150576
2436520
3076268
3250832
2438130
130948
531460
1210977
227232
3358867
152624
152127
2573997
551814
2954646
1550584
145810
167603
398893
252565
56253
1664272
3342023
156393
368650
157284
1877750
158955
1677007
227233
1922120
1216769
1107355
3256330
2646516
898238
135856
111721
137556
2442172567
105274
157630
104501
1231312
2415761
3020144
2892484
288727
1772909
85947
145275
2811520
422728
167647
55465
131885
6502363
279257
3338115
145622
1360062
2804671
3012405
55870
1268584
131236
111767
1480404
62685
142865
186977
153578
897926
145941
153687
190789
343535
86538
1016001
7444
152508
158863
302091707
64484
1014436
3008436
2720417
55164
1606296
3007853
7459
74174
186430
2518034
14808039
2531274
1158564
1156145
59056
123510
104237
55079
143149
184432
223408
558158
4703444610
3258140
86708
49898
88621
158874
2589843
1279412
11958
1631531
1558556
3087156
1179330
3009290
56299
286342
2998589
104494
536170
2460551
231974100
3326873
1404291
132462
1251403
190819
147096
135786
2369652
115250
75139
172060
128126
1340037
1162552
150488
1216541
185383
149340
1421330
1059689
1209609
131178
135856
55572
145751
2989340
1376757
272775
2668850
1333690
144783
180658
1402718
975727
384536
168982
963043
74019
2962339
122370
371403808
170486
172572
168927
179272
55166
135830
57963
869609474
305639344
76352
2952103
148917169
1141565
168927
279441
77189
128126
3019984
305640292
54094
4703444609
287517
2690095
2027869
74046
56290
4629911080
1227111
2399784
150423
1741406
184466
3308101
55595
1231483
3213790
2954439
1152717
27593232
383444094
76465
1163973
185384
1016039
152410
2513111
1339877
144399
537569
2086237
457016
1111044
90290
280496
145813
510542745
1243590
1539382
190161
45757
155924
3010028
4545343340
190820
153715
42004
2632573
357644127
1216469
4443571
1107424
1269513
1824650
416216
131616
69730
378734
73960
3295229
3333112
2084703
157302
132492
58390
57537
109166
1253511
3348459
1418336
1421537
1059673
963199
2315704
147267
3010745
1152556
137964
536121
2718743
2815653
2195024
123389
2279652
178363
136430
153310
280516
1206572
1154468
2817441
2915650
90277
28595
1158717
374900
1332064
2379915
1120667
135411
153048
3020467
74051
2416265
131401
85685
166717
149344
163576
2888417
296961
1014054
153649
454713
428039517
132505
153785
2952389
144789
54836
47046
148065
2453270
2752783
1375910
2016159
3795063
55867
536785
3154746
3258115
87334
1161288
150534
1550629
2155864
120136
62484
132373
88915
55906
55317
153269
1412715
85362
1491393
146498570
180837
2665484
55469
131648
1029505
3318845
173016325
532765
92970
97216
154881
214665
2670059
128126
2753128
57965
143114
156279
131179
42568
154504
103599
40137
380973
190911
1167524
2185374
2434439
2460577
3018637
117651
2196155
3160688
1940314
179365
1346319
54722
3332766
965634
2671158
117887
302696627
241071
1410843
3333247
1108111
536795
251075
3047134
1069730
161991
114762
1066589
1669042
153221
104631
1785276
1824838
139326
195827
3316327
161033
1627497
3087977
74151
3154340
8650
56045
54762
1354664
58638
2950484
1192497
102880
131197
2842258
280556
149001
153494
3359668
55072
2351743
1121015
179475
155920
55822
87565
286830
550358
111716
1259176
3356894
279163
145999
180040
269915
35183
1362076
130323
279206
145768
1430613
130935
1462008
1210977
111018
150576
58638
55078
543311
80348
1263319
94446
3778610
3219356
1975754
1135400
407717
123282
110587
3020526
157815
1142929
1079412
1225202
179075
2673889
444869
7219605
189890
162526
1187384
111601
454064
69376397
398407
122374
2952443
1206573
128184
130931
1491393
2032864
1142929
153730
1550593
422431
58003
2216724
1265063
1539833
153092
2952224
153717
62525
347796
115032
177921
2313658
1767164377
55909
3158089
1354393
391196
145612
1320707
552250
195825
79395
1060610
3231218
39152
543073
2770659
869609474
108843
3140016266
16307200
1395349
1415887
55175
142095
2120626
280551
58027
69183
152315
2953995
2714120
191605
150413
120775
1422612
1359759
137944474
131254
130947
136259088
2598107
167748
109878
172058
138294
55725
2949504
1152555
550620
152983
106314
1999114
1206488
131020
1236093
272644
162069
1156584
6803636
2681149
168234
401802
3152830
406204
494043969
1764574
130978
2689653
55724
134115
3006199
294001443
122843
2155863
1180852
113487
449587
2949504
1450201
102874
2483364661
287519
180028
281350
34719
57993
1999686
2811698
122324
1136727225
80458
553302
113764
8638
107075
185401
400311
957268
76932
457027
3012962
173016322
7387
1277479
61449
80349
165075
911088
150569
153649
364087
2827425
3016776
58828165
2651806
56241
1640530
190868
120842
3258115
1346668
1080402
106951
152753
3007485
422686
156299
562959
2872088
131017
532353
74792
58047
428039517
3015002
1269513
2825885
3006415
4663238347
105089
1003358
1227093
269659
62422
54777
2954980
3016468
190281
1069716
56243
175031
146357
153592
156555
56082
2953347
1591241
153756
1686631
1162527
3332889
32662994
149803
3005662
3018530
5815683
148074
1071098
3006205
92968
1403940
439841
2950603
2197548
184843
3586169
33120283
1643184
3359634
104915
179240
138908
1345754
152123
111716
1404741
3256268
126766
197566
151641
2456288
1672417
151694
1829065
162353
422686
56329
1083103
165476
1473517
152405
240110547
1226996
136333949
3325757
272914
1689030
1164669
74124
109752
2460472
75454
226903
192775
23608718
163183
55128
73444
44974
1156584
146146
158866
297758543
172198
136333949
153439
214451
2956616
90767
3955977
303427
192830
113377
5812078
391194
3007853
54854
1337397
2174036
144844
146455
1776915
3359614
1270912
1145288
3159929
75021
2317329
54713
224922
337131
6064379
1260552
109933
55157
1405230
161961
1435635
1683619
410820
2207892
2805108
3328411
109090
3324235
152298
153465
964519
23074935
139566
288719
108858
153470
1681788
231974104
412135
445970
1208546
3358867
3010028
62403
157383
2596555
74040
1309641
733759
1342811
282427
3159929
1159666
2904795
3156192
191645
2460551
391186
913105
134188
112653
1973598
2953012
152308
3307828
158950
8646
1357420
1194101
2917151
139342
198830
5812080
122382
135860
123845823
1404741
2610460
1176746
2665733
1301935
3232992
552198
536794
280269
3348882
103599
1404741
146598
2946473
276939493
1850580646
869576948
152245
3352782
2952105
147303
62599
151689
120534
191528
90813
2117791
55338
3006203
1156071
75139
147074
2816597
974218
153451
104664
532310
153812
55834
1431094
156261
134034
62631
139276
155005
1152717
150403
60163
2733017
1303516
142701
114929
552256
2434875
1074553
40095
56204
1244004
153626
1778024
2513111
150023
2950484
1379215
53448
72020
1629145
1820891
1121015
144784
158862
1653224818
138891
309478
135410
1650684518
1014042
3020879
6791758
1940408
567267943
166760
1157702
1830231415
88977
166907
1965556
1197644
1107354
1243833
1080402
142702
153231
144629
2671799
2798353
156675
1209616
149368
1332151
2436520
120130
301482
3087983
1079221
562959
55706
137518
147301
139841
307573
3018990
3020144
2723259
412132
410060
132373
180451
392340
2672323
1792373
1151557
1279573
3357712
113134
54908
2673221
398945
1240444
1076124
173371
71937
2632581
552194
279340
1386972
55230
1539375
169024
184629
150423
78593
1179696
172580
2018151
550623
1067777
122419
279338
168202
941125358
123262
156272
2651806
280262
3775058
912942
87328
2904798
113377
184818
3298537
139098
3020527
1606296
72380
3005971
1156582
324899689
1223740
1159665
333597
158288
153269
2723258
80349
153035
57981
288760
2730708
912942
6679920
170100
153741
44239
8643
1747246
1410142
189450
175031
1354475
72525
3536492
110450
74005
144334
2954021
1206589
58392
2610460
122885
1154757
168173
422683
180042
342792
2951098
2787497
191731
56366
198269
280329
3007562
413137
202073792
1164651
4629949174
144844
2547697
123278
1067734
55154
3163570
53391
305639493
152318
1628164
1004330
134036
180021
1216406
62649
1227118
86538
149182
158866
153722
31585309
138906
480307
168991
2869330
2932285
2319206
280618
913110
1673887
196161
154292
286396
3047134
27308495
1269374
7450
171963
55667
162219
451042
160902
155446
155470
131351
3586169
7395
532381
1842527
74022
2952574
55858
193054
2692921
2598107
140078
202073792
56906
147267
969564
1999099
2816593
3012206
1550568
136379
2917876
172196
3318382
398020
409120
1734305
1159665
76352
25735371
180042
151077
2768921
1250113
1122551
1106275
280272
182514
280173
158985
163616
114364
1206571
41946
1669030
2084668
1947869
178388
2951593
195305
162014
3158106
144782
1206478
3347359
253252
1060215
1155788
971023
74052
72894
1332269
1084089
941125358
1734911
2918047
1084353
93006
185301
103076
1538252
2918485
1235974
55351
156177
128152
1339877
153696
2919649
1250113
153006
102269
3016857
54809
146131
62522
287519
114365
6677259
2247311
47036191
418042
3011922
939334
1403080
7160849
158733
4788255110
3020742
214396
55234
42278
1380258
2915709
3513471346
75628
155952
2950603
400410
2196165
179549
1293250
145501
1824937
2953367
152405
969479
3016890
155449
2952388
1298371
1167522
4521144
180451
55315
72894
4788218377
1904764
444400
111101
122381
4629949161
79395
1121023
153050
2988827
1734929
1410876
1069716
133767
53405
1993208
3156234
3349077
4703444621
2155864
6837742
1361167
229395587
139636
531441
1628164
168853
177415
133945
1066606
76211
417327
2438727
3154366
5811955
56290
280273
158851
2145734
148252
1249525
163579
224040
226710
27431648
1210971
2917186
1059689
133945
2950484
134141448
55073
153129
3359848
114375
2084789
136373
151101
104725
77159
3012244
1160513
1069716
1550620
1348707
131274
531548
4670178
153108
2772008
2954207
975590
2725478
1380268
1192497
3289689
1187159
287938
418967
197697
1613214
287938
1776992
533711
1314593
79396
3018637
3017814
1401444
3720376
34920
3156098
1075002
280496
1783980
4703444621
2918424
149341
1307487
4703444598
146342
4097196
2443356
1231483
2549937
61320
55673
1348707
280595
2460472
147174
2787498
181703
1947869
153482
153136
32894598
1823287
2947577
2120173
58446
1225483
132348
3228098
136388
1745243
53937
138337
56035
2573997
87515
453674
144860
1109200
130948
2692921
1640528
2444027
2988827
2998589
1169130
167241998
3012422
169023
3349904
119089549
1145310
2297418
7453
373171673
131828
131898816
1357420
475555429
104884
1067767
3256084
2668761
1227137
2196139
2953198
153107
1261462
3016890
391184
1279411
3227399
245711197
287938
179367
2741717
2088773
3317887
7393
2451375
2758781
129910
2436519
1161664
3347372
1452202
172204
107079
1175408
153360
151092
186579
240060919
3156104
373171673
2185077
172064
1996871
57867
1631530
1029554
5815715
2952481
1141665
160906
2657332
1228443
120534
131401
267762522
26487666
153142
55622
3241960
105870
2671205
153102
1083104
223607
145223
1107354
76680
4703444288
54777
1106282
279181
150374
151090
543312
512552945
149689
901578
105389
3006860
263116818
7467
3356894
166910
331414
7417
33065776
158883
53402
552256
75454
2552485
1359190
2545593
1538252
171968
69376388
2429069
1346668
179480
119089544
305640275
419500
1735485
191713
116874
145812
146506
92956
195267
391153
3316590
6838330
1842114
1141681
1806492
1120701
1236013
4629949162
897529
156575
3007981
2958956
1942816
3322815
1592502
115063
344342
191039
3012850
185400
145900
72525
168641
2689702
532367
2436519
76359
138356
1348707
2073469
1253406
11978
1776943
1107720
125215
184425
122809
1135474
1383412
3007441
3019964
1192497
1374629
2672434
1529412
3359615
1959492
1078988
3006033
2872088
3019848
1066801
16307924
2953123
152229
135889
3000952
128152
410803
55175
370329200
1206399
2690234
1268584
168982
2815619
128131
242620
157300
2657350
190811
969552
2952389
156269
1538253
152426
3794962
231974099
1107745
4703444609
2989340
120321
1339778
3358794
2032098
1814337
1472876649
2547643
3356110
106959
146302
129331
47036191
110450
144636
1298370
3324666
124464
2436894
2178684
964504
108858
324739
57533
115065
153009
1949080
54864
153107
120706
132381
1105922
54771
142700
2420076
1151472
1251040
156283
971003
2216724
1416560
1781733772
2453270
167602
553303
2131524
7435
73911
1959445
130072480
56099
2955019
145804
145728
2674666
150534
1362076
104106
1318214
55390
76352
1637028
2949143
2438130
121939
1539378
1141665
453066
128150
24535523
44875
569407
1236000
898338
1120893
2451579
416643
2414647
391187
3006333
148182
2861745
158478
272368
3010046
148858
2691205
111607
366694000
192784
158863
74392
2950481
1553148
358309
1777254
154027
156814
2954021
115079
1543125
1106173
1230369
3087994
1152139
168209
105280
136259086
153363
56319
3006875
2946664
1243590
281350
1107720
2237699956
1675657
126354
2171253
422124
6837723
150023
1640521
74022
2872088
3330374
74088
39837
85685
156272
47504
112993
280329
190273
3007586
2692254
2882617
42611
1309066
55146
419138
1824976
281350
43921
3020471
114377
104337
423889907
2016013
430739591
287940
55248
1455009
155918
2506300
240106077
7430
350902
153128
1999099
1145294
165471
153723
3310895
2954140
25869574
1777266
3630439
24517022
1529409
324899693
1179645
1253409
151075
28217744
192737
153658
54881
531409608
2951545
56047
3156098
206672
2669965
62638
1413934
3006033
2808164
184431
134125
902338
1152136
536787
3158089
129955
3006899
1248154
109090
150575
53806
3012207
146330
145399
1359772
135628
3011656
74172
132470
2603247
146200
280404
2917393
120565105
1354280
144554
1165366
1842150
550725
307828
190823
344685
1734305
281006
1901725
106665
54732
190826
335495
192318
185287
1345963
303781
2455086
921599
1529814
113079
7407
963662
160902
1014067
7429
1456770
134591
153479
26621545
167704
192835
2536070
869576948
1676328
420676
1775691
296561
543310
185511
1673887
543227
307763
227233
115061
1815270
78619
117659
301079
3012360
2679957
58068
2279652
74008
121360
74168
106707
145820
1155788
550621
2349984
1348737
898338
73984
164051
1216448
185497
416185
26161363
1362157
110009
106467
1889154
94436
158025
114365
397076
1029017
2099810
1628164
1543125
4703444608
104492
2915709
161961
4703444616
126415
172191
55248
74048
131237
963199
1616886
148024
16239
2451374
2317365
2438727
2918483
2162970
149198
3163463
1378626
1676328
510542745
410437
1735473
131401
2952564
324899693
6838332
416656
106499
240099245
1631541
3359675
1772952
59097682
1307390
1231762
4703402618
11235057
2918496
1226307
182954
90328
1142934
3347849
3357223
62471
153500
2322446
103599
88065
536469
55157
88823
2451622
11358
2460523
123561
2755738
3009208
55945
409957
186976
116873
1804202
2720897
280538
121716
1145287
151103
33065776
107402
55622
135600
120536
2393403
1126191
55721
153501
3794962
2917785
122888
913069
1185221
571037
1224652
1605981
1552186
128126
1206574
149278
1206596
1122566
1721119244
68000
2443356
16307510
133960
139674
232874
53448
126766
533707
202905255
536795
53461
1107722
279418
132379
197472
2939672
122798
139561
3161033
171987
2989158
410256
305099
324269
1923997
2830233
55719
180029
279175
2679956
149806
1188511
144399
148838
536119
55673
1080402
965625
37774
4351432485
91914
279204
46902829
73965
121876
3019073
1206394
56125
149368
144667
3240074
1206596
53397
56245
68008
1625798
102505
404815
3216333
1080399
33003571
55563
3163078
1268595
152767
57954
74047
163587
176021667
1771739
2162970
5811955
240029417
1245052
3464353
975778
58187
280516
420224
145622
178746
1820891
2050519
130072479
1752948
1771733
191696
122843
11950
195827
231974097
2862867
168204
3010046
158822
420216
7453
86609
2460505
161652
89766
1999133
163619
1942920
180043
2139813
58091
2084790
2132500
56356
7446
168245
132428
2443356
54809
3358385
1204665
7379
55147
1159535
1151576
71949
1106185
1395142
168181
2692246
3331522
69141
1076936
532765
1392183
1163207
130921
2955293
149429
161957
139791
2952951
3161030
69183
555717
55946
2691157
153702
417761133
172599
2027973
36996
145268
2953076
154292
1354299
2804778
2016013
134071
304934
158868
155941
1599299
54545
3006899
55586
55555
2460525
145806
112298
57867
549165036
192794
6679920
55124
122806
4629949161
1154780
150570
1668045
166896
1767434
155470
974227
62400
478385
4703444615
405836
1503354
54839
115218
2399784
122405
195271
1235992
2723259
4629949164
550356
106291
56171
3019461
80071
2804461
26621545
193054
62734
1197778
144869
73283
2918489
51529
532356
150423
1066767
1188395
2084785
55128
550364
3256329
152318
56004
536468
1401638
162050
550625
1467830
156981
2531584
152242
73982
3354254
79396
7394
1422335
2668633
54809
2723342
1103584
7417
138328
282525
384005
74112
37307
53407
543235
59041
1540524
54191
2505788
89564
147994
3221112
151684
144839
280633
133987
131254
56093
55946
2741717
132463
3349910
179549
1777905
138884
57813
404815
3013116
56360
180030
145829
185336
1947201
1270750
136446
2954140
280477
152233
286388
130072479
34719
3350401
279228
103625
1987507
112143
153228
1147213
181703
3355910
542292
74178
456997
147446
122786
7401
2536070
134106
188225
224922
190178
7146560
249399679
122798
1422314245
296561
1620629
49903
3326873
162014
132348
3312470
128158
188022
114352
1279409
1179583
3992237
553303
1474716
1681788
1538252
1107289
897926
41243
451042
172578
2862881
280477
2954148
59761
248770993
552246
44917852
155957
4629911079
1175406
305639493
1179321
149727
332476
280516
104333
186976
418225
422688
1059673
153480
2918047
1161610
1013802
5326784
946157
74052
58392
279225
155918
419548
1230123
3006874
145317
1671133
156231
1685018
3087985
114872
401820
1082292
134107
59965309
54717
1216390
269926
1307487
280342
27308737
8641
1529823
192794
286372
1963719
1467358
280497
3008014
60199
1164670
190359
145795
23074721
180027
3005662
57954
1067808
364654
4703444619
280384
17859918
1403839
302091707
160902
414315
2953977
139236
168650
231974105
1066796
62508
7034910
2146232
106752
131020
41038
279441
132556
27431648
135453
152310
280477
1151472
1465162
1155986
447972
1767434
2671234
109976
94401
1547295
51490
280608
398407
198267
1121075
440364
1748162
2109291
370137712
73951
1380223
1103584
120832
115239
113358
134183
1529823
3909995
1163974
153010
1942686
152311
3159894
1225794
2697338
287931
131182
188203
153102
3293148
2539350
550087
1107421
3795658
1552657
1019730
133890998
897671
114843
4703444620
1392622
115168
2806471
106797
134097
2815484
7160849
407717
2955019
1829065
133987
1163971
172189
1392183
532356
1309642
2168714
7427
1420611
231960256
1942587
129551
913069
154301
104494
146332
1357420
2873244
1206408
1120709
168645
145810
1136727225
1141874
2718801
186977
73994
1861591
57867
7450
1395119
1342812
120965
1307519
1084089
272914
902349
121978
139264
2094154
2945004
2713205
115142
241072
402594
142308
2398104
186962
130206844
1175391
144788
2838555
152279
2185366
184425
3321292
280262
226967
2379909
1395142
146010
373983
1084353
106211
543021
106864
939906
3087994
1942168
4703444615
153006
2027973
59703
153703
1404367
169037
104498
115168
153824
138886
428039507
1340091
1951964
7390
1162552
1159669
6838718
135602
564957290
2015297
153037
1163973
536123
131237
1209609
55725
2449428
42611
280141
1283313
74000
1201150
7399
184466
155036
1075038
3012357
401847
153107
1413409
1558108
1714886
3247680
536792
1227136
1225483
58897
85616
3716089
137919
341906
2084658
3015397
188185
73984
106437
145158
531491
1550590
153437
1550551
420679
2084776
202905254
55460
152297
552248
231974096
149027
132525
114771
55399
1513057
531495
414315
1539375
151234
147101
136259087
2873244
1152556
160896
192306
131309
1066683
52939
4703444608
115032
1067764
1410861
2090949
3007364
447595
357644127
59709
439840
1106175
2171961
1448559
44251
279257
162138
123730
79337
1456633
610744
974215
197566
398716
3015119
2666025
272368
2097683
153692
106291
148359
296561
269915
543021
3020473
448664
131603
151094
168589
2460463
375589
280485
3020166
1159672
27308486
172385
1673426
162069
148027
1151627
1066657
3162704
2146159
1107709
416656
1956850
152292
543178
1244085
126518
131382
157319
74040
156561
2032132
197697
1107722
171987
102523
2743050
137913
2723258
103091
153465
147075
3006983
4703402615
2917889
2113725
975727
1079085
51684
168650
191713
2667257
1318214
1413403
139342
2713724
412070
153671
2603247
131254
3309578
2167844
1345744
1156582
153979
1079067
3909995
538380
1152720
145913
122806
1176967
2297418
3006983
1078989
21262495
333597
1253406
42672
1433708
269878
1154624
161644
549470
1143142
1166327
2247382
550368
145990
3249322
121497
2185077
59149739
75457
2915660
2832490
1128379
191210
57818
419038
1351267
20913294
56014
2539242
1379335
21904579
1429268
152302
156103
531548
180040
202905255
287517
2067286
3349905
42284
163602
1957077
167648
88810
158950
135802
168023
1225483
145751
370078954
224362
195305
74020
1940408
147061
1354280
56324
1248073
51800
3352911
3348882
279192
1457128
412148
1230211
130921
1452090
2806514
150534
151641
288761
295807
7422
1152136
6838332
3158102
1808720
1452081
2531521
550372
1433688
2531521
1060289
543226
2884103
3333143
469335290
55480
185524
149999
6038068
510542745
1674666
111018
40857
2671158
104565547
129575
53296
454716
121869
130948
1634158
244080670
280245
971074
154504
902338
4703444623
224045
1152720
104752
1248154
1339820
7421
1664820
191645
5379538
122888
153128
55563
190359
192778
1128379
180047
132347
542629
453814
169034
7406
1107348
167793
162116
1067789
7112170
53706
280627
2917785
2692921
195827
153360
2804771
2174036
133770
279245
1379215
2955687
2073952
56149
42481
2563295942
195273
1047206
179550
130919
539651838
202816646
153115
114661
1251275
288741
206547
1669030
6845078
1776915
1076927
1286942
140989
41094
168240
1282528
152599
231974102
55617
550089
4788255110
7402
2963979
2196139
56241
6837601
30305
144408
1529146
2953347
25869574
4642463209
120892
446049
2723342
1164653
1230272
154501
131421
160839
2139813
152298
107013
4819631
3358938
1959472
158863
129910
136669
1083321
1268700
3202959
172628
1014053
120965
568575
1392609
420687
134129606
1269374
28217742
913105
3009262
1947869
241075
74131
87565
3293120
1669030
3652281
104332
280627
965628
3309578
279340
3099592097
160891
148034
2955204
392915
2956612
1231314
57397
53397
123305
7380
168233
94401
8645
2317364
383444094
240090160
1474898
186967
3018637
47036191
153567
413153
7384
1361588
3007852
153136
1412715
143149
137944474
163578
2671799
550623
168009
158419
2689687
1067724
906558
153360
75454
59760
2006941
193047
2521916
130219375
139256
2067281
418066
153126
114690
85685
1107267
135836
921599
271514
1452081
958677
1165366
7404
89394
406106
1357320
2531512
6837723
1353532
153360
3008213
145319
1550561
1358731
965776
153016
3251295
1392622
190870
1402749
542786
132367
4567438900
1154627
5404230
141971
149001
1379056
3352883
1176759
104962
3006850
56255
279225
1550553
3015075
910673
168017
3087994
55885
3009257
536790
1131944
158025
1284869
288756
969247
156732
2571989
1405241
2615480
2690163
62273
131802
3009348
153436
1078993
106507
114366
135560
147101
133987
3019518
1283657
1225363
1120713
2556557
456972
107075
3163307
127319
11358
1240074
27303322
57032
280534
1550595
3251667
30295
2317358
167741
145312
54189
134065
387496
1226996
26528071
161093
149441
3350401
1347588
53706
1164667
1813385
120534
128143
72196
2147147
1013581
196159
139311
2667257
4629949170
1253409
2195024
74586
1383413
1362157
3247647
168010
164191656
137780739
149279
4703444590
1270488
147988
2919649
358631
162378
106298
25735371
417327
531409608
3321090
1947852
31010602
8654
1027785
133945
3016841
1253405
550088
2478628079
1475324
185287
342110021
3020467
2690234
146297
240109398
1154627
7523933
384005
2755966
1121075
114345
54784
180751
2957904
404193
3010204
555017
3251667
1176963
148917169
342792
301482
120114
55623
158412
153119
119089549
169759
58065
1550551
132471
53662
913105
76680
120203
153724
1777254
531491
3097346
7385
231974096
114350
2452671
58447
287517
55465
3023079
115079
1021584
269952
2904797
231974107
57988
3536492
167676
3358867
120148
156740
70514356
142271
111147
1539382
115065
1141682
106797
1536462
3325757
131898816
216359
305640027
152752
4703444615
158822
1107715
4703444620
1107265
1107421
89255
1107395
1107710
729167774
420041
398944
115061
153741
180837
44768
1922120
3357220
3010626
129523
3063241
62405
142099
1019734
58213
3227810
1152136
114811
44364
123353
1079085
2460577
531493
56246
146211
153010
2646516
63512
1346287
2259448
55072
173016325
1145172
47504
62453
456998
45112
1613214
1342812
198336
152743
2566603
145834
280630
42278
3009208
1250113
195266
56149
2349984
2165312
44544
3013005
912940
1698501
153458
2770659
177923
1631531
3016700
3007853
111600
4703444599
185382
119567324
1154832
3009719
1078990
158974
276905
2032396
62590
1155789
1122554
170666
3006033
3325806
147973
2793044
1141865
399976
1547285
2947054
3318889
115077
82933
2208031
1792387
3720376
349041
103624
2918021
137780739
55637
195297
1351548
1747944
185524
60163
55428
58042
543235
1346218
206544
172565
551830
1289193
2839668
1952549
2167656
153231
1013802
1263704
168251
2369778
2713483
3320583
1146940
1240538
550727
1764574
248770992
2732936
202905255
44385
161957
156675
535828
3357086
229395587
16132
910521
3087982
114902
139792
2110382406
58072
969375
3045482
117659
1632167
2414647
1141529
1920473
148553
869576948
139334
1362164
153686
305099
60148
62607
7451
371700505
2966074
1156146
156948
135596
76947
131597
1226996
153707
56252
3006035
282427
2413664
2939672
58065
195270
537569
384536
1550562
286830
71033
131300
139334
7464
90808
1216390
1161683
44940
1842527
129418
1459394
206546
108990
20913294
2632573
198258
397230310
54881
2273935
1176724
136373
55428
1151556
55721
2121672
190819
153010
2322446
1083111
168009
1347070
2117795
280618
153681
2668913
62374
153504
391115
90780
62467
1253405
150023
46085
3158102
1067835
59149739
122829
55575
54194
44933
412712
151103
138895
54823
131360
2992521
1211875
1940362
391186
304751
3019984
153457
2949161
1165370
969397
55149
3329208
3329208
148342
280274
53937
1345977
152630
1164669
1423776
4347988419
2171392
280533
55595
152354
447167
2757697
1356925
437057
1066653
442737
3359744
2884093
8648
104884
122843
1180853
1230203
286342
1120602
153151
2671234
44097
1379335
122418
400118
3293501
1164698
1853865
135596
1120885
74829
531441
1771742
3010628
1243590
158878
122418
102269
610744
3293148
57925
133927
1164676
74111
3011521
1151556
6663864
157221822
1418701024
91278
6825777
185681
2247277
1017399
169024
3010032
1337397
218896605
1735473
75021
190826
43989
3007441
145792
58002
270056
1111039
2108882
41977
2723342
56018
969289
159868003
1674609
2815401
21904579
416656
161655
536470
3087985
1942920
158412
166760
2531521
58039
184431
1180852
412135
1067738
1735473
1111055
74035
3152838
910714
1211180500
153745
1066562
138739
168585
456791
1669034
3240420
152601
3347845
58024
190362
1347195
180044
153107
153142
2991079
145779
375589
153149
114348
1637028
1268584
114348
180042
59953
1231489
1473474
279240
1877989
180036
1167513
1231459
23021291
307763
1014067
1413399
55346
2596555
569467
305095
2032458
42481
163590
3958665
6690056
447595
391187
286783
188203
162109
197353
2021962
120236
56331
1536462
114661
532765
2917186
149025
131600
128158
87565
114902
115074
79648
190362
142004
153687
356912
121709
2952224
43858
55828
3218955
1164669
3018626
152411
113395
57867
279148
144554
111716
1145310
964255
447585
2027460
342627
3227399
33065776
37307
172679
145501
55828
3231218
2805691
2425991
55149
151128
69587534
3023076
1466455
146598
1701436
154220
176095
189975223
2952326
133912
3008904
178094
74000
2413663
156994
2963979
54517
151110
172072
1945986
144336
131038
404200
280367
2438229
86708
2951183
152615
1342360
1169130
56164
162014
3219160
149430
3349936
153136
3006035
1664272
2148493
123845823
122370
2989340
414720
1291402
296083
3331052
2917182
536168
185262
2868289
185405
41056
196311
44613
1776943
2103532
139784
161646
536461
85626
1135400
1216558
153977
1067587
1428125
2917166
306562098
1142933
1158718
2185366
126429
3327682
1206596
4347988419
172063
3016468
153314
131254
2202162
192824
2078291
272644
88605
2815619
89697
373986
190281
1553148
117634
2196165
149162
115053
115218
2340636
2950603
1347688
412377
280220
55185
913012
132601
88977
57810
3158103
170587
550123
27027
1083121
1412656
2425990
44768
55351
184424
1877808
280404
2622229
2949143
143145
958128
1630104
2804803
197239
144860
106797
7401
2842258
3018438
21335
1422335
453025
1423776
910544
1144851
2412574
1231459
105389
2915747
1076949
280488
334927
2955687
2139602
542292
3018477
3007014
105162
54882
2755618
131033
1283501
2956616
135889
1077036
53394
550090
145761
25341887
56245
419138
68008
1250106
2812109
104836
121777
3159819
135847
3255672
36996
3016857
3374767
172199
1550561
122915
551832
190359
373748931
1073990
180045
900995
2536070
2177266
419548
186964
81678
184532
2668633
44597
150024
3349820
1448718
131442
59874
1161288
138676
58049
1106287
1152720
175905
88066
2439316
2869330
58950371
59043
139346
56306
52399
54801
141073
3298537
2131460
533817
1079414
36966060
1279523
143051
137964
2917118
115177
23074927
1216604
104237
1435635
2951098
1540512
130928
59761
280485
184482
141971
42659
1361999
180837
2259401
43392
556073
156177
1646090
115165
62481
158262738
1395135
398020
417761133
1345977
3045482
3016776
3958665
280622
89395
152295
3014850
1354475
279358
167241998
1067576
147994
88629
1550584
131198
373983
120842
121799
55189
149340
59470
138884
136446
43811
1206571
189450
1232835
2952233
412070
55338
55662
2692921
115142
55844
54531
241068
113487
1863732
73994
120235
1160505
1480032
74131
166904
444869
120704
184417
134129606
195269
145268
90277
1520612
1792372
3327158
145810
1847663
158161
1777256
58447
75139
129471
3009722
1410207
286372
189445
145760
131814
1014042
163619
72380
62522
2754881
1340088
2006557
148071
7403
185534
556706
149370
44915
57516
28322
184507
3020879
27564996
153795
153035
1107289
2351723
157292
26701367
2973029
508103245
451516
135602
120965
1392624
267762522
74149
144860
44134
2917414
2954509
1320226
134097
1830913
1083321
116869
303781
1284382
144680
969552
133987
334927
69182
303781
132585
155036
2438728
104725
137968
3348892
40218
168172
56255
52373
195289
969397
55875
192791
1016001
175035453
419517
152279
2882148
1539381
43981
2690419
416658
1151474
142096
7381
151124
1395355
286380
150023
1060250
241087
192796
536791
2460472
1209609
156605
412712
195273
2815576
2804460
420086
6038068
111607
143149
27303345
62273
550369
2369444
542631
151123
51800
62363
48311069
3152830
36473
2955687
263116818
1772214
3359608
1202656
2131524
2917918
145999
88084
128150
1392191
551836
73947
115055
3359608
139282
1392621
80413
184523
4703444621
134136
20975578
139791
1898414
149027
106499
122382
349045
44802
158419
153116
44134
1069716
1342813
1853865
142193
156737
280517
1206406
1060123
2547697
1453939
1236015
7441
106420
1530586
1227698
54913
142098
1206408
172072
149714
2673506
114907
302635
2947194
147973
156677
180027
1778053
1014470
1912453
131192
3020516
3006203
2379915
3246447
280217
1776992
2815640
51856
1014412
1300499
2451539
3349854
135604
1084091
147064
153017
1159937
146146
172598
1552660
145150
147064
370368642
74035
55161
194571
169085747
1121033
1111051
1319715
2032396
1107715
158874
23074930
128131
280280
1631507
55952
133912
151128
2067278
42568
1119077
2915674
129520
56004
139237
1047206
122864
280532
58388
1067834
288727
1235978
107985
2460541
136259087
178390
183453
280390
7462
1815270
303585
74004
3017029
102144
145774
149199
88595
279175
190362
3016468
280402
147173
1069606
134034
147446
536177
146444
163575
901577
7390
144326
1547285
120318
1014714
1552665
149027
1145294
172207
151128
44364
2947958
550088
1162548
1751833
1066473
1322070
2020070
158438
4097196
158262738
347950
1474716
104332
44597
83124
3249766
3355695
3349904
2084805
130973
146127
102272
1404228
185524
135600
2862911
122381
151117
445954
2739991
375668473
55166
1339877
76024
1904764
898238
56256
167669
399747
30305
184489
1074553
1142933
181040
157753
3289689
350902
447585
139316
55664
1434381
135836
106511
141957
1152139
1107424
107075
1013579
450381
3248260
270056
2536070
3358355
2207890
2690418
543310
405156
43843
115006
170486
3331103
157576
240072888
2741717
1452202
1686699
120892
54813
1083333
173371
1673426
68006
311575798
398942
4085749
2351738
142308
147142
229685
2589843
57032
197564
1345803
1268584
168850
1637048
165794
149162
172170
14296
224246
146445
2918495
1295607
1631530
123730
721604
135605
958128
167676
919703
1602787
161838
2958755
130072479
132525
112443
1528297
43811
88600
3327682
76072
1131673
2265860
145829
2032450
62341
1380223
2502058
1255558
1263319
56840
115274
1259176
3309232
324899693
102272
27020
3355695
139238
153497
1251040
173372
122419
89723
3323490
2955293
139777
25472086
103234
73977
2741708
149340
1392177
7402
3158106
59874
132490
456981
3325806
263116818
1942816
1339877
89257
55721
182706
80458
115165
139559
1076964
58181
2646310
62467
2168233
158861
27852990
2412574
55476
1411514
2917151
145804
977317
2954012
139674
145743
1152128
1937057
104752
162798
1473947
1226307
2195024
168180
156743
54881
2915711
1390849
184629
1059660
2556557
150533
180031
1066796
117877
1401694
2952559
1874847
191696
372366515
536123
90780
4447293
1675701
2439316
1362067
2815477
161753
106956
2413662
62471
117651
169023
4703444594
349044
374810
1175389
1776915
80379
2220322
969247
2317329
2803566
913109
240055326
571805
2723923694
114377
231974105
2713482
3359694
288589
135848
154613
571805
77677
2016138
286396
1159518
444869
180043
54795
167593
158403
1362003
1019750
336819
1448546
1348625
62512
166904
56049
55547
2165312
1175378
156299
128142
2952540
122855
532312
121987
2924862
5815683
1395355
57818
3008857
131038
37307
60186
131421
430739591
53403
151115894
57867
1235978
46116
508103232
3347719
120308
1281234
134097
3226004
137780738
3775058
107069
536123
1175378
152628
83124
188176
364087
153602
146345
142013
43983
1140615
2026244
3285636
1067764
133987
1080396
1083111
2951716
1176776
183453
1067764
150319
1778024
1714886
1741406
1536593
57582
1206394
456971
2074756
113967
1552190
153717
1107393
536900
119089551
1830913
53819
3158042
119581355
7405
1164676
3019909
454889
149352
2032445
543232
146328
1230210
141973
123845823
120722
117884
152304
1703756
149342
43843
2399800
1120590
1198660
6838718
1615610
2307235
1346668
280196
52822
280582
106442
2956624
1106824
139290
145322
151074
307823
114367
869555482
1404338
2787926
1346767
1066792
225494
2317346
144864
1261462
3154366
185407
1282528
2449429
42284
214626
1013863
192780
53819
361771
139334
157284
55338
2443357
241069
168606
138910
26528071
1240076
55584
2177187
178009
1076927
963199
965625
1550595
55870
75021
192786
153715
172594
965761
54535
269878
74127
1959473
2196155
89394
6797616
1279682
2697338
130931
145858
1824937
179550
341381
971033
156994
280517
38738602
121978
3152838
85685
1853865
1547702
1154461
1201020
1361505
1167524
2954012
1151630
7373058
280196
43921
2014597
1362148
1412656
138879
8652
2106876
1814337
155028
112993
556075
2917305
2195080
2452642
2120626
1368798
2753128
810217856
610744
1771718
39230
1014065
74586
153605
61299291
62369
153494
114661
25930131
279175
141892
58140
110866
1107289
357112
3030976
55175
74050
120198
115177
56155
1141526
23443256
168630
152226
1303876
88977
129471
346345
1209614
2758781
150508
2460523
172572
2804765
126406
122828
231960258
1431094
2812216
139318
913011
1650407
57965
1392196
2955300
74124
421866
106704
1179321
6566419
55575
55431
158869
135566
149300
104009
302091707
58446
401160
75456
185494
2563285696
145625
1164651
145511
85583
74051
1206797
2247303
2043634
2668633
62559
145729
2884093
3006199
305095
33120283
144691
195272
2021962
2505788
55884
2718743
148359
1261462
74002
179547
3006860
2950567
167669
1251040
80071
1198634
1999114
1842150
148016
74847
1919982
133987
2436520
2798105
406474
182706
1236093
342792
280564
1079085
114829
54773
58206
279309
3351336
298285
1672622
1398615
53835
102740
178093
969247
122880
1650630003
62699
62782
148018
301464
195267
145829
2713466
568575
85685
37774
176069
102875
55128
129754
2831099
342563
40095
1750339
1801076
56908
271202
119089556
153726
192793
1466455
90205
119089544
901578
184523
56075
240028160
1539774
1122554
375773
4422604
97218
550725
152766
161352
184629
180751
412707
4703444617
131179
153007
1804307
1245224
1225218
1156583
106995
148011
161438
144721
3009208
1066917
145095
2146331
1539375
40784
409122
131013
2247277
3012824
3353156
1392609
1741406
1060552
406831
2825240
1701436
45024
120516
2009736
167739
105278
1167803
494043969
2379886
3326941
74718
1144832
508103259
1225363
1835900
2915660
1433690
253832
2918444
83175
373748931
54545
180658
191039
152597
122864
362362
1014063
145274
153038
2413663
3333246
287827
478381
68066
1547285
29095278
131303
2954207
62428
163562
114148
58112
62590
90786
280368
1082290
3332997
107358036
155368
139339
2713482
1128379
190362
79196
121715
420107
173370
2952389
185266
1152555
1159937
150505
3234489
223408
1157700
162571
1430613
3009194
44251
167602
2562137
104747
1345819
2955019
132347
296561
110019
131814
4703444592
3006257
417327
178338
1159668
138337
148034
1689030
244081110
192758
3909995
55179
2099811
122806
155918
3160959
357800
1647567
3328413
3359694
1632167
3350393
961284
106437
146468
153806
1411101
73982
1843107
172175
1342812
405836
1850580646
1945986
1179644
1965226
42284
117884
44232
172162
153742
79337
1550553
1792587
3097346
1213691
2671158
7523933
249399679
148229
148551
74143
155918
121688
167454
1180676
6837561
148047
1824716
123009
120752
152966
1674536
142863
168236
3295229
186964
280141
451516
3513476360
150019
168606
7422
58395
900363
286380
1959492
3247647
147173
106655
2117791
198402
3323199
2413664
1079418
1144794
40683
184482
88068
2369652
145776
134067
1014714
1163209
2171961
139089
120775
1309622
1111039
139559
1996871
330473812
3213219
2016159
304751
3323454
4430941
3010292
4703444612
1167803
3247680
153013
1230277
1160506
1420630
167741
420687
148917169
36989
1863606
1066767
74314
172205
2953198
1410703
1071098
1059674
153838
3323490
153712
1069682
39514
25293125
170568
1108014
550727
553607
77159
1170074
192737
7034910
68942
3321893
2917358
157753
241071
1107262
4703444600
324211
1674609
2954646
1106819
2103532
3339993
145501
1279074
191039
3009719
153685
111600
135593
145750
106879675
2915703
27308495
107069
1903516
1630145
1828382
2184233
1342038
1431094
3320583
478381
85587
68614
287519
331414
147296
79337
86754
1404228
115286
62649
55317
1029030
390840
1387968
104884
240057351
214787401
88626
557830
1083100
556073
1983629
149199
3240056
192801
1207551
121499
152619
155940
185690
144663
1120703
156972
62649
74828
280523
349053
149689
146346
1550559
156743
1351548
132373
114375
44597
74796
3019128
897495
380973
150573
1163209
3248309
166907
135605
93029
89715
53443
135860
139610
280333
192830
3321090
150579
152354
3329911
2917911
88638
1361588
88826
3347918
1314593
271108
172635
151641
2793104
1106408
168589
1121029
224374
138907
1107421
74316
85689
148184
287667
1857436
2417529
132347
55208
195827
55617
39859
146007
440145
1550546
1894502
56078
58974
2527553524
1940319
1163971
3355418
151929
2815640
224384
145816
144661
226903
56076
1159674
3256268
120130
122809
912201
1082288
54722
2915674
1553148
2478628079
1124039
154885
74037
412436
73953
114907
2067293
196161
149339
2427331
1363697
171982
1777265
1298955
3359677
280269
150034
532006
122617
5812080
42398
81678
145875
62534
62782
1084089
122826
197384
158974
180904
106782
55390
1166327
57943
123869
150423
51490
1175392
1339820
279438
145717
1060123
56422
2615716
1216600
2110382406
39727
1163209
150569
5176019
1079069
190826
415695
141194
88606
3356894
370476571
2460577
1166191
2084658
1083104
3013630
123393
55487
62369
280318
2195069
153649
3011045
146629
2078292
55399
419550
135593
3654543
153592
3332746
1702421
2952326
2120626
123264
198332
3323227
123262
62652
130976
2090949
2451375
123337
3357613
531300
172059
963662
279204
9071
74178
57867
8648
153656
406830
155947
963662
138323
74542
166760
162219
75456
4430941
3058686
35183
113487
163584
413194
116869
897529
1230373
144334
186960
188218
108082
23608715
55867
126424
25930131
44818
324899690
1120592
53439
1066657
1159526
2811291
184843
1145825
1107724
146125
76909
1248154
270098
144869
2691205
1187384
571980
58652
20975578
358631
1151630
158987
111018
177921
106437
27852990
404810
131303
531634
3009262
446049
104401
3594027
1121029
406574
2415687
406169
57954
279340
1145178
2954439
7446
1135472
173722
180758
56906
3331299
1251296
107015
155930
192785
113358
42611
167603
1538255
407285
121360
223181435
1735473
1339778
3012962
115065
533681330
3652281
47796
145789
1383412
135847
7381
1806492
400118
2962339
43890
157299
2032280
409676
136488
2842258
55874
190178
387146
178363
148074
105274
3352139
3243690
167704
1832843
1161684
121499
457021
157635
62599
62340
531300
139339
1197766
2415518
1620629
240090728
1107262
1558108
298285
167241998
531620
391184
42398
44200
152994
4703444622
104492
168006
1388175
27021
420215
152300
88595
1269374
166904
150488
2793045
73984
901985
216373
373983
415693
7418
3354557
412072
56420
180904
549165036
482067
298165
59965309
131299
55346
1291402
966730
280233
50371
88847
3359695
457009
1145173
3321090
168995
55338
153339
2906044
146216
240058050
1672402
43718
55164
1268570
152297
172627
902349
3349854
2135921
456859
115218
1550554
280526
198268
1894771
131303
1188519
135602
131195
94436
1948243
158959
280325
2317346
131030
129520
543082
58213
1144794
1395273
146210
280233
349052
7454
384005
198376
1815270
1154627
3013186
371816372
180758
151074
419190
2955190
554460
65606
139779
167726
134085
191251613
406060
104374
280384
1413934
167748
87328
1188462
112298
153038
3594027
56155
2605259
167719
2954819
73964
373171673
7376
149347
116558
132525
146200
1067604
1361460
74051
279446
44874
73953
177922
1107354
423889907
172200
135765
454860
1154773
543082
3333210
74570
555717
3009719
146128
153223
129331
1231749
908959
280554
2787499
280172
59949
55280
180030
122809
1230278
167792
115229
152601
1084151
2873684
1361588
4583125
374796
419479
180033
422431
417362
2117795
3359695
7361997
382313
143116
273622
150018
372678217
3009348
391184
178180
11240
149441
419153
3255095
377687879
3221112
1175389
1188519
3342022
190911
3238668
2247302
2690110
567267943
180048
149363
1942587
135802
167454
1478019
1019690
185407
536225
1279411
76931
61299291
1832843
130978
1404291
44134
240394
141055
3159929
1122551
531383
287507
533705
1103581
55428
2915703
1227698
1268702
111603
56837
2200824
240393
280442
139778
85385
131303
536119
547344557
2671821
139276
240029417
312144
4097196
135449
456805
55719
1552186
396248
345576
76931
182644
147299
1079421
91734
3559887
2438727
342792
2015121
149455
324899689
287077
54837
73283
2009947
74007
252728
531621
1122554
122680
44915
139590
969397
55064
43718
3163078
90262
4703444603
1145287
569407
145252
532414
532759
106707
170579
1285772
90262
2963947
280273
2646516
3016776
74847
59839
1682248
77159
964480
1378690
1340037
151094
139346
3359840
2444605
171980
117651
184818
153342
447983
2202162
108887
420224
231974101
3258140
2804565
149370
3354238
1076897
2805691
185266
3986076
253556
150488
1641691
131303
2828837
280597
550087
55486
88977
2195024
130973
139276
3358355
277023297
3161030
85947
145740
55059
1684068
1386979
305640275
552254
122586
545474
143145
44804
2815401
1850580646
1402912
139537
1014053
3225945
75630
7434
1270912
1363161
36966063
2078971
145933
1552660
280130
1240538
1671443
55128
3074405
2962339
43652
1392613
543231
195267
400414
1279074
3332889
3018199
2671158
8638
123897
145780
58028
532367
241075
167648
180046
58068
133863
1159670
185400
1140595
331414
147109
1404367
168009
2425993
106705
2521916
536121
1060141
1113143
168995
391455
550359
1658233
957268
3246442
165473
279244
56840
164191656
4703444608
44056
38246
145223
144725
2603247
192786
60050
115129
72020
55712
1650630003
1106185
104106
2533822
73962
1188419
191361
56312
137776727
442739
55667
3348382
120328
62508
44788
552197
102478
402594
134183
173370
3328413
3388631568
1249704
1999686
2807559
1395126
138906
442736
5404608
3227127
1346668
104117
3158106
144725
1106285
152279
3349077
1433414
114929
3010391
1159668
121686
1283449
57959
3317408
550357
60186
40452
279228
44933
106437
398863
3332770
116874
172601
106481
2892476
3347719
3234489
231974102
137735
55948
1121023
1084091
7458
153149
55163
534266439
354481601
1106288
52345
139610
4098808
153732
2425991
279201
179367
55079
3315955
296095
223617
74038
112859
55075
2673889
279148
2665233
2992480
2610460
1106288
411560
195340
1395273
1479980
3255672
445954
1782064
1107424
1107393
965765
1066657
3006199
2692265
168231
1243759
3775058
3403431
2951328
2094193
171979
1747955
1403918
148011
536224
1152643
4703444595
279441
106481
138305
1109201
1319715
153710
2553300
415692
404197
1106285
116558
334051
2918415
122405
1529146
911844
214396
280572
1777268
106798
2164745
128158
231974099
3006415
186382
444902
1106288
969479
55946
56149
7452
1078995
1479603
170587
2972852
1552192
2959874
910713
163595
121777
1169130
179368
27365302
2146251
1107263
1640522
149430
1842114
1674119
280329
192777
172065
139108
1744279
2832490
138907
1999686
1251275
2755967
2723260
147107
148039
121499
168169
137944474
1135409
56149
192787
224458
114357
59056
180904
74557
2074756
76383
103091
122431
287517
176095
410256
180046
43336
58024
42284
3012374
39169
3349077
54545
168198
44940
158951
1592502
146444
55724
2097692241
185336
1900605
3663587
305639344
1201150
380973
532414
2915660
153367
3358794
120273
167587
1066683
3004178
974218
106803
122880
1253409
55157
543021
132471
1420601
3354996
3012206
111528
145286
415485
1105920
153106
949522007
3163570
56239
102272
2918493
3350393
1016585
150413
62481
903230
62658
447325
1947869
105089
2862866
180036
54813
166910
74316
177922
240053395
280280
1107270
54801
152295
280534
4181494719
407492
2787926
27383264
2425991
1198661
1206568
1637045
122907
3156208
182514
1141918
73994
378685
342999
1422612
195340
1829636
224374
1540548
106467
130072479
1465933
131411
139672
1111044
122843
1964167
143051
1480431
123278
161943
215693
83814
151101
191742
206547
4283101
1107348
1106282
58102
1279411
62650
1327628
1152557
910714
62340
1152532
1150941
3307089
2811754
1828595
81996
154350
392915
74155
2429523
53296
5326784
104631
966958
3161033
1801075
152304
2023072
3009239
55830
154030
54531
168989
89780
78763
414794207
7409
442739
54517
57925
163590
349015
3333241
1151630
341381
970963
1942168
869576948
90332
1180856
104759
126426
1151474
1223835
389963
1106780
55148
420685
3020077
167796
1175389
1631541
969247
150024
172170
55480
2313658
2155859
90287
3289689
147488
571980
4629911080
2954508
1775848
2032148
1418701024
1157702
146336
128122
1947863
145774
166909
3018489
913374
2401505
3356984
245711197
151694
102303
536224
1263319
1156523
115158
153439
5815683
192774
153278
854798
1272374
1637048
146128
2947114
1686699
1204430
2202121
74166
104498
180038
3152838
114365
97216
415487
409122
240060919
56421
26161363
50046
1194104
112997
1404343
7379
1155981
1217162
150017
105267
153979
138885
3407643
59161
337131
139345
536786
1334017
140253
1253778
1404741
1211180500
2689487
1387968
139588
1066475
1550618
1028992
1362086
2148493
1206571
7438
149375
153151
970997
1903516
1776249
153619
412436
305639493
166733
1452155
162378
147008
897467
155449
3358613
1794561
1231461
115177
3332449
4703444607
1253507
54886
1325514
55389
168992
3163078
3019984
1176776
1079081
3007852
419572
143124
356911
44279
120338
58032
3778610
2952127
142013
1824650
3357552
2455086
1351267
1582777
3354996
1206797
168014
131299
138304
162014
153719
1216719
3020441
168251
2963979
3219173
1103578
2958956
3159767
2673889
280580
113487
1122554
76469
73970
62370
1538252
167793
362362
554457
1361458
114883
386602
106499
2429069
106481
288741
3007383
1251296
54819
88850
2195076
2177187
3248260
59761
166768
153420
2691157
104975
2157162589
4189345
1538253
58652
135556
3011103
2362670
900261
900365
169861
147081
305640074
2171492
410430
28595
27593232
357112
2152285
149300
279179
3992237
151234
2442881
3010736
158985
168236
1324150
56328
149027
167608
74122
135860
2892477
2918415
21262495
139290
167587
62366
179052
2952103
25869574
185241
2665733
4629911076
282525
6679920
87328
1473474
163592
419138
135602
557841
56906
911088
178175
138806
80143
1107720
286776
2651806
154502
55938
135830
1014465
342935
1156584
5750005
1242338
108850
136333952
142197
2438992
2184073
138323
2714612
2743135
147994
2862881
74806
149455
2155864
2317355
167704
135860
921599
288733
1231312
1107393
7399
5815715
5812085
88068
2713466
552254
2951183
74165
178751
152226
195297
56078
280609
358309
3020545
145875
156568
1203006
7384
280382
3469133
58867
3359645
139345
428039507
3359695
1156145
153436
2162098
543309
1942809
1547688
3329911
974218
167728
6566419
3355613
114955
287083
1672628
161424
1069700
71937
25871341
105162
122786
157753
303781
75456
2805108
414794207
2449428
5875927
2904798
126426
969362
51701
1150941
1083330
1473938
120197
151110
123510
3327682
192786
2953367
153504
80413
168240
2918496
1107720
1362148
149428
3355625
134129606
3374767
412672
161644
153128
457025
377017579
536792
325866
1160506
76155
184523
146297
1079416
384536
2429377
298442
151090
112443
844710
153049
3087982
1216380
1547428
3332870
134090
58686
407285
145933
1293250
1664820
3317887
152304
2690163
139269
44383
58042
153672
402695
53439
280442
2952928
307833
2412574
142096
2951328
3158103
107023
137916
2666886
130914
1358731
1107348
149342
280580
1216448
1721119349
1959472
1079061
7435
280519
74144
969643
3009239
62512
1140615
280609
162353
68009
3324666
2032127
411577626
3377982
2951593
280580
1163972
1187267
244081506
3356894
3358836
148016
2465058
1433721
58166
1152130
152624
2804778
152601
3355367
1553735
1682243
135604
2596323
3012412
1230248
122841
4347858678
167679
42955
240050358
191210
2915738
53407
69183
237691317
1060330
192763
185405
151079
107037
241086
54781
142865
138739
114829
27852583
59149739
1164698
106809
2307310
1952429
240090728
224461
2862841
1346767
3063241
2016768
2915759
162061
76155
58143
2947961
138885
149197
2691157
1403211
58091
279228
3218318
1235992
2180404
168589
1060123
164191656
552194
108082
123435666
184482
2917360
1538255
1167522
2950481
1959472
3018247
3010626
303940
1013579
3007853
138899
3016700
2120626
166754
131189
156994
971040
1433708
27021
2146988
1530586
2667594
1152724
4703444607
1078770
76373
240062631
48927573
349052
803018184
123353
62400
74140
280540
166753
1550512
1084381
542785
377017579
1402724
1650684518
1154557
2952388
417327
161653
2146178
404940
107024
157927105
1326762432
1120893
56256
53853
149331
55075
186579
143113
409676
157394
1684068
1197765
278477461
58583
74559
102268
1167524
53453
1771739
1216541
73951
1014423
1152722
2455086
1141918
2438728
142098
531460
2825421
60072
280556
139298
1066853
2862866
1252279
145497
114359
162109
1963109
7423
145990
1346668
131274
216217
149602
62372
153108
1666494
241075
4703444613
910711
147464
912998
1106409
410803
120273
1067604
3248514
2564500
536470
2989155
180049
2505782
1014065
1066470
74557
1326762432
151839
2106627
3076268
418647
151931
107024
57533
3328413
3352911
1402561
183750
160839
150423
1163971
156814
74091
184506
1412652
149339
2952094
2128285
178746
1145269
7376
161645
55648
2671314
1361397
126439
2434439
107402
135798
121511807
1111055
3792634
154301
391220
1404156
173351
1423776
2673388
1229108
1106282
532309
2429377
1450080
542632
1987491
1640529
2673889
133987
1166394
398724
2351729
63512
3161299
1230369
153785
44233
2313658
153441
1963109
144649
43083
135782
168185
1627251
152412
1547428
155368
85534
156679
128142
1751717
869576948
280363
1808721
55289
1552665
153429
131027
56299
397230310
58049
1230360
152298
2533313
44290
543023
87922
1265999
131027
43724
3010987
60186
3355695
1175406
1076927
910566
92968
1355581
1083329
105162
2906044
3006199
412070
1152532
173297
2668838
16174445
142857
44126
216351
3248309
179272
2815619
2438993
54882
85606
58404
2146331
152426
1479989
54913
145150
279245
1529412
152226
53397
134071
184460
2399784
1529412
144663
108858
80500
1268570
131382
3297062
54535
420762
134141448
1600068
280406
1826563
62590
1227136
54714
3355625
62640
153473
145286
1230360
56290
271110
2416265
55653
3331723
2954207
91290
1176746
1204465
536173
157305
1388175
45112
370015
1216769
2741717
114843
2939673
74792
442737
130978
167648
196240
1734911
2483364661
357112
158733
76932
145816
1203009
157394
1187383
280497
150575
2809922
913374
3330374
420674
696768134
105272
1283520
2811800
104650
131304
153493
9071
3014986
3010626
122885
1150939
42398
2958956
55660
153314
812068
3359615
1121029
1236194
377019560
85385
261657499
148043
72020
153310
280550
31010602
3790801
156967
58207
2842258
1016146
161352
3012422
79186
270056
162378
2081686
4442556
43872
1076964
1552190
287952
135592
149436
3329824
157699
1145173
172173
1206426
2666886
900256
62771
44364
1156585
1465162
3087984
21904579
1067724
55896
1457019
1152558
106255
1230360
1550568
305640292
1834655
1231762
104337
185511
1362164
145169
7455
138417
1067175
2355168
4347858678
158419
190328
192776
3330374
2032396
2811291
244080661
3006851
1078770
139238
1924172
2084668
280217
113358
140989
1071098
277023297
146127
153795
111767
1066781
1239796
1479603
109921
157221822
148015
1067821
3247678
370244025
135589
1078770
4629949172
2846508
56839
2798105
49898
370329200
2162970
113532
74319
1066455
411190
1842185
168172
1016146
1151474
107976
315173
3355442
11968
5750005
240355
2954140
185400
8648
3987424
149291
1165370
602512999
1106287
544063
965761
5400890
2949504
249203962
2947194
1004349
1291402
146130
58686
1067808
231974102
168202
1080402
114336
1422335
11958
120203
2958206
128184
1999133
1231312
131841
44959
229395587
53462
287507
1165370
400410
169024
2690419
2127079
536795
3347257
171496
1165370
2917365
97218
2452642
57856
3245104
1476188
55712
1230373
1160506
108082
415487
5750005
62149
150018
192758
1066455
336819
336819
542636
3009719
149159
145795
105270
1405479
1120592
1340125
901577
145596
3243690
55077
1066745
216351
1395213
148342
134124
2443928
1923997
44372
279361
180048
1329869
344337
1540524
404713
1637028
114854
232874
1776943
1160702
1074640
475555429
207264
1965556
170100
1164621
3356110
1473946
373986
150576
104186
4703444608
2452671
1197613
112143
130980
153136
1465162
1550562
17859918
1401321
27564996
2379886
60186
760746
58658
1964310
2349984
1067724
1255333
25293125
4703444601
123281
913069
139026
110597
536120
1547308
121987
418700
180048
3020545
43850
1266960
104117
1016569
152430
537257
56145
156106
1631530
190868
901577
1289084
146506
150374
184840
1216590
733759
55619
88613
189445
154027
131182
131029
1141918
148553
342999
40442
6837561
3012405
131401
3326960
1019746
2667807
1150941
1175392
3007852
456813
1198661
2954012
154471
454714
139508
1639542076
123353
83082
383651698
2049400
148034
56365
1240083
157543
1176736
134095
1155339
269926
80413
1418701024
2460577
3349674
114769
104401
73982
55622
115401
87515
2904795
152309
88847
146333
162109
1478019
1159237
191696
58181
168233
60759
54788
391153
138739
161093
280213
113134
44219
2110264
1920087
62411
1744281
62748
1402709
74019
1332064
60199
73984
1069606
15412058
51684
4703444618
74174
150416
154391
905534
3020790
1398638
132493
2267562
138899
54809
447167
109976
1013581
3347731
2712700
533705
812623
150378
88580
142714
142706
538362
1504057971
910704
2787497
533681330
156673
231960258
106220037
163595
3243586
2460525
3006033
62374
7381
145518
382313
153686
138886
155369
131000
3331723
151935
2949526
122907
411195
1151470
7396
160896
2202244
138877
1255561
2815538
74569
133571
3017814
54821
7377
1206577
2954980
1832843
1669042
57533
318807
29277817
55653
1197647
6837742
2679957
3219160
280254
62453
1624675
131192
3010745
965755
74314
1028985
191731
80413
2953198
56164
3010046
150397
2815754
1413934
332493
216373
2952086
76465
2108121
158951
142033
1079343
1107724
1404741
198433
1741311
3020471
439073
3018489
3006033
152628
306562098
6803636
1378626
2657331
1383408
1735485
974215
408105
3775058
2137636
169021
2438728
912999
1380951
168994
55885
3578391
56078
73965
58173
104965
1162527
2955194
241076
150394
3359695
54541
139674
55175
44807
1361468
150397
76680
4703444592
550087
74019
7430
1413409
1113143
1311713179
139131
3544925
399747
5610766
1122566
47381
3354994
354480754
287516
192795
74007
1309642
158848
57582
106759
2689536
1428125
139674
2988827
2552450
2567380
150507
1176963
405156
104498
1964153
1398615
191528
1823116
76271
4016543
1043606
104565547
41243
163577
45916
280262
92970
106388
454722
105267
2745046
1782722
153422
2666909
1235972
123552429
269915
172601
2316598
156279
286394
241076
3159929
148342
2050519
73966
1124039
110194036
62418
1479989
114343
172646
3333143
27303345
7377
280245
44134
90306
2027521
1823294
55563
3329824
1924326
1832843
1232838
155924
1154546
1150941
122868
1253409
62693
2416264
1151569
1672417
216272
58072
375773
280342
145789
1106285
153314
419572
136372
2066778
3250832
2084658
26373169
543310
165075
115053
3355367
153109
216217
1782064
43336
1674119
161991
145829
1249525
161655
2692262
44364
138906
74022
2950581
1156112
153795
1672417
158868
1180853
195294
163562
131179
287667
167653
80143
55575
188217
869593771
1395135
119557
155369
1405479
43955
3017000
172630
1252520
141194
2146178
134183
1209616
1240074
2917736
1158569
131328
536790
3355442
122855
386602
90780
445970
1059668
1155789
531383
164761439
1111036
1828598
1188395
1903477
3087983
2955270
1270822
7417
1405150
123503275
536785
153314
1106291
1474898
161128
2473088
869593771
418783
279234
141073
404144
1066727
2691169
969289
129520
2947577
2436520
1227134
406831
1433688
62453
1900605
288755
3010987
2451580
1999133
440364
3010391
1159671
152226
150415
224362
3354399
131185
7413
145735
139841
2094522
1550629
1823116
20913294
121715
280550
334927
2713205
3019073
166754
110450
3347850
1395104
7424
2032402
62422
167748
58068
1159665
2247233
114944
282525
550360
55844
1206574
139676
120892
122829
2078292
287666
153422
3020761
1164653
122431
144784
88129
115077
2113725
445954
131362
1155955
2390840
393835
178750
160839
1352398
287687798
542636
125675
1165366
1120711
3019518
195296
279192
279241
132342
144634
150563
135556
1355581
131168
85640
131297
1127242
1383665
3011521
418042
2371819
1003302
2389061853
1066956
58879
1069700
131841
62340
2955019
1362067
3297062
153004
132483
152625
3795064
134028
1446311
550091
1402715
1159237
342935
172070
2155862
1067576
1309662
2207891
1319715
3020472
2013124
1164676
137968
1550559
961595
146468
3019073
136226
132596
172191
3775060
1119077
3323612
969289
900363
58628
543023
72525
1284995
315173
156986
3579531
2989155
1637057
1167367
1682378
2954207
1861591
1150942
3240056
305099
1004400
1347672
1216608
149596
536205
2962339
2952224
537569
1176780
7462
102473
88810
3015904
120892
1231488
2164745
1404291
90808
415695
4703444615
2820906
1152132
2208659
307829
4430941
134124
966730
536173
1279411
3293120
542636
288727
456810
1360062
2084706
1066562
131197
414720
4629911081
146336
1329869
1082290
3012719
188553
3156098
56854
332321
2917152
2952361
2032842
153314
1084381
1550553
163584
3654543
2733017
171973
389983
168251
941125358
3330421
1947869
59877
3045482
89697
3342023
3349934
3006257
180045
186579
912201
1004068
3332449
189975223
401802
3243690
170486
58213
1162528
536780
31010602
81816
1415887
1156583
1672628
1672417
446100
1190905
150367
3010626
1206572
1116474
449220
2692246
47540
2717712
93281
115077
349044
1016146
173299
410804
226710
279418
43955
32894598
1067771
149991
178739
2425991
280172
1401303
150388
55121
536120
7112170
137913
146598
74178
1109201
31010602
102740
2805690
124328387
152412
3350393
172643
1748490
79395
286783
532000
1029505
448660
965634
4869487523
167652
158862
58185
114883
1347688
197353
2917368
1629145
55822
3103093
370193443
2915674
145754
2470060
164209
119089556
74152
3006033
1079061
180021
531609
1175392
191731
1079412
1934100
227227
27768
153701
150546
153493
1236015
51701
4447293
1412715
56145
547469
157927105
2021962
3775058
169849
156732
280556
3354958
1309655
185260
165466
156563
47207
104401
1433619
3333246
3011925
6872713
1777268
4798638637
1599299
188176
136373
1154773
141135
1860340
244080670
1180675
108083
3163622
55317
2013124
3012245
23074930
134141448
3350106
3008904
90262
1205479
112143
3586169
153120
442794
301482
2171405
108870
62631
1411877
142706
1066683
54777
146225
30137197
150416
1059673
55163
218657
144336
172575
3347910
3513471344
2434268
1127158
2917414
1214215
397076
1206591
2671314
554460
74807
1162528
2809659
136488
172216
2689702
420261
1552662
145507
2954354
3778629
121709
54830
46260
410430
56029
2952443
56033
1145173
1307354
404197
70279
1777254
131237
301079
532765
106255
1552664
2390840
288727
4085749
46085
195826
1083111
1175391
1348707
43648
2955687
1197894
191742
2108882
162050
1107715
3009839
2020070
26487666
199073
1144743
73956
1539722
55664
128145
153756
55434
240058050
1141874
53832
166738
214451
155940
135628
2953123
456985
214395
2175078
1067576
154382
1689030
138294
21335
136333952
411577626
2533326
910566
223616
1998320
55059
119089544
270056
131597
398997886
3347385
280325
2247491
2957904
345769
354481601
1019734
8654
279143
226903
72894
1628355
128126
17859918
134591
55151
404200
1539382
3879783
55830
1135408
109657
2026303
135410
1669059
456789
193222
198376
26528071
90205
2147774
158262738
1550553
109877
120308
2399220
150533
185382
2954181
2131524
146146
172646
55660
2185366
29095278
149997
55719
55660
452648
2429377
27027
131178
969576
55874
2929054
6663864
121688
446100
279141
2946644
1155981
2032116
412148
173298
1339778
2139602
4629911076
1879617
6837561
543232
399828
56104
185546
542786
1539774
2436519
1388175
1067762
55096
150579
131306
74149
121978
135799
139371
104650
4442556
143116
59974
76352
3218955
153013
1198634
224459
104345
1175392
44917852
126495
6041206
122821
192793
153592
153703
1159672
7424
2022095
3352139
1320176
1316098
1283313
85588
1107396
111074
1128379
550625
145286
139563
144680
226903
1467738
7452
2518034
963190
456793
3359872
3009257
55285
151672
149341
4703444619
419159
105268
1004400
55459
1268492
122400
3007932
1422335
241073
306562097
102480
3358842
126520
6837723
139590
242294778
47540
62449
280166
54713
27308801
26621545
370131193
159868003
113487
1354393
153142
153812
134039
1106209
411560
1776915
138906
155470
1245224
1940314
1346767
3347719
1778053
139588
1634158
2928265
356443
227232
1342812
1999114
131828
2917368
1792373
2440455
280325
198271
2562137
1605981
2125492
138911
1066853
142276
1180675
420685
3295975
1740406
1429268
146139
3018837
1013802
41094
1889154
1355581
147303
62363
162239
167647
70279
7117066
26161363
54195
62699
2671262
2120626
153704
153824
1268502
130976
104333
571099
272775
74318
1361816
3349910
61320
3156258
129523
4351323483
372366515
1403897
1624718
147875
146455
280340
404940
223026
146357
73973
1923929
552198
399976
172684
184420
1792587
131803
1870135
3163068
1552657
224370
4629949167
286797
420754
2103120
2850346
2755243
450381
3354596
1106396
3955977
1395355
168645
168185
908959
54195
2087675
1987491
387318
21579127
9407
53462
44836
168998
142193
141972
1850580646
58583
104836
2675832
1152722
253256
536475
121840
2084658
1084381
2755618
1772909
897495
399976
153118
144631
3352934
2689687
1161664
115032
158822
138330
3018956
170100
171987
190862
536795
1166327
1552659
168236
1448718
139237
11240
6677259
2952349
3308102
2470060
1687730
62352
2989340
107423527
74806
109934
1120592
534266441
195271
531460
53662
56014
54921
2924862
156274
7390
1420215
129551
451516
450381
341381
186976
4703444592
2869330
20913294
2399784
141625
903988
131648
172599
1664973
288722
1159937
423228
2297418
51854
1106267
1159234
104009
965617
1853865
1003538
3103093
114359
1924004
2952481
141055
2992521
110293
153565
1060141
241084
154028
156555
55157
1877580
3020446
536475
4703444594
1003538
3293148
2439316
412072
3256329
51490
104335
123272
56010
27431648
62748
44766
57582
216374
138323
1266960
1948788074
3358867
1530644
134106
1538253
59953
185260
1832843
231974104
51701
2989219
58047
2952361
1158715
2092425
192781
375773
58114
1109201
2955270
349048
123277
78763
128150
3358712
56099
403055
1543125
1152129
122379
143137
1347476
3258056
253556
508103287
114686
114346
68066
1236093
1106288
390867
62611
131300
2952613
1386972
138337
569467
272914
152619
153278
4629911076
1105922
3357613
115274
7467
3350102
55938
1898414
1359772
142702
171957
1348707
2833528
2757754
1433619
1164667
1019750
419572
1758858
43984
279315
123845821
2830233
145875
1122565
2438229
109090
571805
40767
869508901
531494
1164628
146130
131236
3324274
224462
416062
3006333
73956
106803
2171446
2956612
153366
2316598
172799
74091
423228
56366
415485
2106627
114762
538380
1404343
55896
3691783
3074405
102874
1284879
185404
74174
3010391
117659
1224499
1669021
2809922
87515
55595
149352
803018184
286830
141008
2026303
418039
552247
456972
2692265
1669029
1616886
165504
146137
1539774
556706
921589
1761717
104237
1122565
1828388
148229
109090
332493
3013038
1421537
74127
137913
2962381
62658
121709
145823
138333
2465058
130072484
153342
55909
1631530
1671133
6038068
2185374
157777
152767
1240070
135589
127864
1285772
279323
2670591
532310
55594
508103295
1948194
1236192
58655
89395
54534
150496
131346
2978650
180038
1078979
241069
1402749
2952117
4447293
280177
156106
1952549
168850
279167
131171
1122560
3018637
153470
418077
104501
1382494
206543
2073472
2804565
139131
1066562
136219
370015
2444027
168606
195825
156675
152628
371816372
123758
42004
3020471
3347849
153732
56010
2399220
166806
54722
2771635
1973598
413137
176069
130140
62531
190867
58042
4629911076
1448559
185048
135558
184840
3006205
129575
391186
2989158
51701
3013005
1466455
146342
142095
1320062
532301
2954021
2351737
2670303
1017399
961284
168023
1016001
89393
135765
1473475
180032
55831
508103232
3010292
3356984
4145201092
3349820
154304
2668913
123282
1268502
1106290
1928333
911088
1964311
169759
80513
179548
1109201
2429244
156743
3007562
3349631
138330
152300
1202314
156292
62456
3307249
153566
126281
76835
150376
1067789
167718
3000952
1388175
146506
68942
49903
62581
1163973
2506300
103625
2605259
279148
5812066
1185221
1232837
150499
2973029
2962381
171982
114364
150394
2954207
1159664
1188389
1411876
80500
567267943
145836
186988
3001265
1231749
80458
420685
1940319
112993
172578
7448
1999192
123393
531524
58888
3353156
193260
443174
85802
3020470
1135953
2955293
342935
2032148
168197
1122551
532381
56035
1831146
3349854
5811935
40137
2918476
87334
88605
240344
192783
24517022
1226244
1042900
2125492
1611887
1175569
1550553
74516
1206399
279181
1188476
3332889
107075
115077
2675360
1320707
2531532
1152727
532302
148551
1912453
104975
2202244
3333656
150570
1161611
153730
74828
123510
1947201
55944
56324
55584
1413934
2804565
508103282
178748
1540519
139566
1192497
280233
2259401
975778
3243197
134028
2187211
1176759
231974100
129910
172599
1877580
3247680
418225
2127079
228340
2452287
73975
184477
150403
151649
2524225
142098
1216389
280556
189975223
1775054
279315
1339778
6825777
44233
149198
3006300
1268570
245711197
1187381
145268
192774
153475
56854
910704
869508901
1342811
406060
74178
153607
508103295
189450
286363
149307
1060123
2120173
244081506
1067598
55653
153742
58027
1197894
1268674
3298537
106013
88580
229786
3359634
139256
507415012
1620629
2436914
172189
1159664
3775063
1067604
74152
103624
3307089
115185
122864
1083104
114907
93281
1671133
62713
552195
2952086
1075002
1253409
552246
185241
2952361
74566
244081506
531386
44971
1217162
224383
543073
2438993
377019560
122821
1251168
149997
913069
168019
531461
102905
167720
3152851
1851826
2412574
62531
5815685
2827451
170641
312144
1359295
1145178
532312
55572
192306
226902
2892484
109953
184467
56237
2904795
157292
146629
45112
571802
2547643
3258165
1206488
153605
7168979
76363
114366
106442
1245052
167680
279323
1268702
7445
141913
31172722
154502
2697338
172639
155446
110019
120775
975727
132481
2955300
55558
2196135
56319
61315
1151475
76373657
139128
1669042
80348
1550630
1835900
151103
2414648
3018198
168192
45024
153437
122370
2804536
2171347
73953
1363161
163577
1141666
55586
3359871
3009667371
2563285714
1079084
55952
1206588
2955003
152993
1547300
76024
148024
2907537
420215
1269468
161424
149432
104965
114923
152619
3589982
3006057
897495
2793104
1704857
142276
145735
1236014
3010989
1794561
150389
139113
1606296
281006
1303516
2952613
2247352
307823
192786
139566
1204733
199088
913068
2892484
2155859
1402733
1340513
150563
58091
1640530
122379
280565
80143
172679
1176743
55075
104762
1016564
135860
2946393
53859
420107
1059785
44959
106704
3018476
398724
444877
150508
569470
51296461
55338
531494
1107725
1176759
192758
3297062
3349820
131027
135879
543023
167741
2084668
303702
149159
1106780
543082
552255
131367
216217
1164628
90334
136454429
296961
109657
153422
172207
145858
231974111
153621
1019750
3087994
131597
108083
2431742
145612
134033
536461
56331
7392435
1253407
2429377
453674
1898419
184432
1151470
153006
1066644
1179322
471417175
145722
58103
6474878
3256330
153036
132491
231974099
1197778
167719
152744
2953111
1622702
191740
334051
3158106
147176
53428
223181435
121027781
128152
1815270
144844
269907
57943
42398
1521463
159010
270265
3006033
139350
104401
280534
153665
1376769
74007
76264
1164651
1265682
941125358
120752
131027
1179330
3775063
158863
2513111
139108
148847
1668045
3630439
1243070
28217742
150569
161943
121497
2563285683
7407
195290
1356925
146216
147977
416921
3333227
3349930
1894502
1392624
1379335
126439
550728
454723
2206549
1388016
2953046
375589
1242356
419161
134029
54533
1163211
280554
7380
130981
137913
3325146
1142934
119009
153490
7409
1278736
184431
132490
2888899
1083103
1019690
7428
2850582
1530586
170555
302635
2965129
3168167
969358
90259
288758
2773267
1269513
1232837
428039507
1159669
377687879
121686
1412723
106879675
171957
272939
3333227
73967
185241
1904764
1835261
287668
90780
153143
2953012
319872
80379
146314
74122
2950867
3218318
531386
114356
113532
135558
1107715
186977
3237192
2533313
54713
106437
181703
1107267
53443
1003302
404713
2317362
280368
3172807
139792
3328411
112997
138895
172192
53462
1217000
1185209
110587
23021291
62534
107231
456789
545474
457020
146328
123282
2892476
536765
139674
368782
1824937
134085
115185
39152
54777
964519
1381329
190161
1069702
153725
963662
149370
157635
2596658
416921
3007575
171971
2959804
279186
192780
136325812
1307354
73986
279186
126413
55653
1107423
55946
164937
145813
536465
398997886
3016772
161991
36996
901990
104332
110009
2679956
153339
1924172
175905
139276
2689691
1751717
172063
136712
139316
1106409
1380948
536787
3007575
1286942
1959492
114355
166899
4097196
146139
2533313
226966
2207890
536473
152318
3285636
3332449
167748
2610683
44279
1987491
157853
1216467
145761
62411
130948
1792373
1430614
279420
3162738
277559
188022
2787498
3357086
55660
1771739
7441
115063
55469
1404342
2196165
62430
195290
168982
114902
280249
55465
2610460
167793
65606
269952
3247680
531634
135566
70040693
54624
2317348
224458
280480
1268506
143490
543232
1078770
142857
4181494719
161943
3009194
130072479
307756
169031
2755981
2668850
173372
104754
115158
535774
1307611
142702
191605
3158071
80143
69376453
1402718
550725
378734
190867
3010989
145810
148229
280481
115250
2651806
1066830
2109291
155446
1674536
1175389
30305
168630
170579
1159306
147108
81816
3006850
1403897
115134
159054
1084151
1106183
1309622
1363697
4351432485
150133
55128
531494
172639
192780
5812066
2811754
1745243
1167372
170666
3058686
16239
168183
547594701
391153
28722
134065
3005971
139800
305639193
1225197
106719
217419729
133946
2342818
543226
696768134
1229109
186978
1162686
74792
144875
145622
6076060
1216558
1149575
145319
1161682
1223832
135782
3326873
1983629
251075
7404
2144520
2013699
167608
3315955
1828388
68942
56909
27303345
1121026
2827451
135838
88115
167719
58187
169037
1016603
279309
155366
131351
2317365
196240
169034
1380951
163575
1771742
1456633
1959489
34920
1019730
1877989
547594701
8655
135604
161840
54094
74000
422726
129336
147109
139238
149455
55453
138679
135802
91290
2451580
280622
74177
2918476
145779
1152726
153439
151128
3018837
277559
55890
280580
122431
54821
1066803
2703209
3955977
536470
139647
402594
1230116
54821
134125
153688
1268570
76024
155470
115055
1538255
1120591
55904
1552192
130972
550364
36966065
2822827
3226004
1325514
54187
156292
374810
54814
2997071
1203046
157559
152743
123278
171979
108850
2313658
139559
261657499
1410959
1959916
1279682
119009
1605981
107085
44279
153457
1240079
59759
192786
136454444
1150940
1152532
905534
3348892
1244795
2713483
3293148
132378
7146560
971003
7417
419572
4545343340
184506
333597
139561
192775
3794962
172198
23608718
1354392
418042
2780630
3009667371
172599
88604
391187
2989282
1842150
1348560
55072
2097683
26621545
155946
1108113
146330
55555
1151576
145322
109772
167682
2106909
152750
400118
1164621
131593
124464
280213
536205
1176963
397221
3775052
1721119349
1059689
5176019
3163307
172643
180036
44830
286780
1479980
55576
1188419
1225794
2789106
77677
3159826
169021
1794561
456810
144676
2317365
1803923
43983
287666
279211
3017741
62428
1179646
2247302
152426
2953357
340746
442797
62370
156740
44200
147177
139334
55673
45037
8647
3795635
231974097
655969
108843
1224252
288592
54788
129520
165131
302588
1161682
405156
131020
2267562
145806
88636
1253406
149435
1284869
2553300
1606296
3011643
135450
1536593
2171963
2713724
150367
3007383
153013
36966069
108843
7384
391153
57963
183749
7382
107358036
2917785
3328412
141194
131885
91294
156568
1669021
62649
162068
79196
342462529
1225483
74035
3007014
396248
1127162
56304
55124
156737
42722
149436
3347849
158412
180030
2395674
3251667
324739
74152
2955204
2460577
3020790
134129606
418967
76024
149377
1120703
3019984
90808
279238
113038
1122560
1339778
107040
55124
3019518
114378
88604
58161
1383412
1164653
1553174
1154461
7379
1179583
74051
2917736
2723342
1103584
1028986
90786
168994
3018141
556706
107085
1224652
74048
1362067
1435635
216351
1082292
2531512
29277817
543230
3307828
4703402615
43656
1107398
153228
4347988419
1131944
167796
3219160
114686
301482
901990
153490
115129
1223830
139326
3241725
158874
3720376
150568
286395
2127079
2955236
2954012
1084365
3324640
3358794
2946389
1403080
133147
53824
180033
2632581
1553148
152767
7146560
74045
1268584
74001
152229
145990
1956850
2452642
542792
2460551
442797
2720006
531524
55163
1382494
56016
420220
123354
1079223
4521144
172575
150417
3625910
55244
77601
1107261
172639
1223658
1376757
199158
74316
114929
1268674
2139602
144645
145413
1553098
130884
1151558
55338
166563
90412
3018213
162239
2952864
1761717
1158566
149727
280255
133861
1107710
416185
58083
1158717
1069729
152304
2073469
136333952
152750
3325806
3009257
406091
1962188
150413
3309230
55893
136147
54194
129645
4703444599
2945004
114351
298165
3023076
2947054
180031
104664
1060552
1874873
139238
1558556
965634
391184
287931
1230272
7449
2078292
1163973
74178
172162
44279
2316594
1368798
3227810
1824791
2932315
123845821
1014054
1107396
413141
550727
965628
1150941
1283657
154028
2390840
54830
1029505
2951328
550621
1346719
56159
139025
1268584
2955194
404940
3671049
1154780
1345977
2084703
2712700
3016772
172206
74038
224040
114362
288755
58395
172170
1279411
2893622
43706
1175406
73977
2804495
2713205
56360
92970
1479980
92949
1107424
1159666
183747
104307611
3357712
84271
216359
2148431
125675
2016768
5811935
1820891
88638
970101
2952361
153367
969362
3289689
115286
3027886
90328
21335
7439
1119077
1060123
812072
1067764
1714886
26487666
2952086
2362670
2850582
153712
297640
56252
157302
1209819
280528
532309
3359752
173370
2671234
87515
3211745
119567324
958677
167652
1152643
74004
1381350
8650
149248
36966063
2187211
3347849
921589
2105525
177922
54819
120237
3691783
2815640
2714132
23074935
1894502
1152654
416640
2945004
1552703
2097692241
1772909
117887
3347845
900365
145224
1342041
357981
2952086
2966074
3559887
73980
184425
1069700
150376
1274127
2186600
280272
2669965
104962
1107738
2917118
130973
155366
419698
151088
2103721
77601
56078
503080952
139792
122880
178351
138906
133767
2247311
2952178
14808039
102480
2202121
137916
1154624
3023079
139339
191731
1187384
139784
44204
153142
53803
2556679
536787
43933
198422
147176
1151573
1637045
398945
44145
195273
2713482
412132
1920473
1145173
55401
1539833
142702
150027
2669965
215693
1951964
134090
149987
150337
1120885
145804
372366515
974218
149363
1059691
134125
1144743
2015297
1143169
57810
7523933
553303
2451579
86538
190362
134188
1060330
102880
946157
2952559
3356956
913068
180048
153050
45104
418647
1004068
1253511
532300
134122
1077036
1206574
1217162
1021584
2144520
2563285702
1159758
1942587
79480
278721
107021
1079343
1143167
6566419
2247491
113624
2536070
142276
161816
2573997
152229
1404340
85534
2155874
54535
135836
2197548
130957
1666494
2805108
3348882
154438
1192497
1653224818
1521463
56237
1999150
135452
145810
3332464
2672050
3014850
74048
3347359
1231310
157394
74154
35735
1268502
4072985
153474
90767
149806
55315
2533313
1230278
20913294
2416265
1348706
1149378
9407
411195
376544
419203
4703444596
153434
2918493
1650630003
126429
55580
62531
410288
2022095
3347918
478385
121978
305639193
1230276
39514
2443354
2669920
2097683
43921
73994
3331103
145989
76835
7388499
1214215
1803923
119557
55075
153133
167676
78597
7441
447585
136147
92955
1701436
2131942
1433688
2825421
43850
147446
344953
1362067
3020527
55572
3006983
58879
1187159
2202428
1152132
35738
2771635
153429
5815715
138896
2146178
3671049
148553
151689
136669
90334
1224252
62525
550623
102430
1823294
2657331
2125492
192781
2772008
126426
127309
3019969
131885
224457
104565547
208428926
108082
1249704
1213691
145750
44839
121511807
153126
55826
280565
2807559
122418
2245475
1359797
137916
965756
1107425
562654
1550618
115061
1140615
1346955
139503
145722
1232835
51800
3356984
3227810
21262495
1550562
55875
1672515
416643
2950699
168240
392915
89564
94401
279194
2997012
2825421
149001
423228
1119077
108661
1156146
417327
111018
62591
275926
1456633
135566
172676
1157702
1145294
172162
1230373
1066562
83082
1083100
3388631568
1216558
2032450
1029026
76835
1017399
54714
399828
1829065
2804495
146334
1418659
47381
961284
113541
148011
404159
37307
74820
44125
897495
1067808
1225363
2632581
183749
110019
121709
419479
1684068
1143135
166807
128122
301829
3348883
8651
56250
3008857
102505
3064410
145501
138088
141970
1392621
45757
531300
3018990
104106
153688
7423
62273
104650
91925
298165
3220685
1107738
80349
1615610
1166430
21262495
3018637
342999
153724
184985
286776
1855926
152245
3017768
120312
126413
62499
1420611
1251296
114690
2917736
975768
3339993
1747246
1159670
3087984
58103
1014412
158079
2022530
1672622
172192
3018477
279231
288719
192829
3019073
369518
3161299
1082277
2448882
2145735
373171673
114854
1342037
161652
2549937
85362
2414648
121799
4703402618
448658
280489
1151474
141055
1284995
6838331
2723258
146509
1179696
2032127
133571
1987491
104492
420679
1154780
188409113
1877580
1650407
1204665
151074
3354254
1152643
1265999
964480
1473474
3792634
550362
57516
124127
404200
179368
2171492
392340
1000000074051
1000001078990
1000000153732
1000001392619
1000000054908
1000003163195
1000000074792
1000027383264
1000000011957
1000000156299
1000000179367
1000000551814
1000001121026
1000000042278
1000001520612
1000000107075
1000000114993
1000000043863
1000003013116
1004703444614
1000000161943
1000000106211
1000000057965
1000000721572
1000002956616
1000000142702
1000000039514
1000000074046
1000000115286
1000001059668
1000002666886
1000000547511
1000002273913
1000000172710
1000000114027
1000000056247
1000002689653
1000002185374
1000001626147
1000000059760
1000000058003
1000000081996
1000000146334
1000000165131
1000000053860
1000000106481
1000000111600
1000000145274
1000001456633
1000001552661
1000000158861
1000001959916
1000000073977
1000003017808
1000001540512
1000000177907
1000003256164
1000121511807
1000001945986
1000001117583
1000002247382
1000000052411
1000000279358
1004351432485
1000000153603
1000001259885
1000002638181
1000000171982
1000001244795
1000002067278
1000000055877
1000000296961
1000000160891
1000001352398
1000000144864
1000001251403
1000003348382
1000002952376
1000000227233
1000001154461
1000001320707
1000003348892
1000001066266
1000003777290
1000001423776
1000000154471
1000002949161
1000000759198
1000027303358
1000000044830
1000002811698
1000001111055
1000000417327
1000002667594
1000003354557
1000028217744
1000002713676
1000000131401
1000000532298
1000000145831
1000000092965
1000000195289
1000001208546
1000001685488
1000000575380
1000000134054
1000002831099
1000001066917
1000001079221
1000000089393
1000000115129
1000217419729
1000002962339
1000000120327
1000002954252
1000002171405
1000000112997
1000002416264
1000003325757
1000000150385
1000134129606
1002609539356
1000000190273
1000000112443
1000003247647
1000002764710
1000002953357
1000001122551
1000120565105
1000000302635
1000000280490
1000000151092
1000000041094
1000000240355
1000002120285
1000001187384
1000000278746
1000002125492
1000000158719
1000001082290
1000002247311
1000000088626
1000000286380
1000002529848
1000000055095
1000000037307
1000000062652
1000001197894
1000002806471
1000000145223
1000001004400
1000000142703
1000003372453
1000006803636
1000004670178
1000001216590
1000001857436
1000000214394
1000001253513
1000000216272
1000000106469
1000000552257
1000000136219
1000000043761
1000000149347
1000002778914
1000000155930
1000001209817
1000001348706
1000000347950
1000001922120
1000001206593
1000000007422
1000001079064
1000000412712
1000000155987
1000000135628
1000000062658
1000000207455
1000000135452
1000869609474
1000001924257
1000000194571
1000000966739
1000001747944
1000003018649
1000001084361
1000001156167
1000000087328
1000000422688
1000000106809
1000000123278
1000001268502
1000003359675
1000000415693
1000001197765
1000029277817
1000002414647
1000000085587
1002563285696
1000000153497
1000000391153
1000001671133
1000001675701
1000001194102
1000000123302
1000000900260
1000000552249
1000000197566
1000000445954
1000000138337
1000001858224
1000000349027
1000428039507
1000000531524
1000002202162
1000002711874
1000000536797
1000001223830
1000119089544
1000001347158
1000000970000
1000002733017
1000000153310
1000000121499
1000002848213
1000000134095
1000002998589
1000000053662
1000000148182
1000004098808
1000000076931
1000000122837
1000003010204
1000001421537
1000005812078
1000000142043
1000000129520
1000001466455
1000000152759
1000000079396
1000000150399
1000000135598
1000007392435
1000000135824
1000001402747
1000000195273
1000000279446
1000001144831
1000002155866
1000000326287
1000000186579
1000000155449
1000000107402
1000002985127
1000001877750
1000000162239
1000001106183
1000001166322
1000003792412
1000000088627
1000000380973
1000000157559
1004308338842
1000000454713
1000000168245
1000000398942
1000001959485
1000000122804
1000000531527
1000000055860
1000000107014
1000000153627
1000001637057
1000002668761
1000002032445
1000157927105
1001311713179
1000000152966
1000000105389
1000000139499
1000001964153
1000000104184
1000000058143
1000003357086
1000000054737
1000003152830
1000000106388
1000000550089
1000001083146
1000001146940
1000000146445
1000003358663
1000240046032
1000001060330
1000000062590
1000000279165
1000003251667
1000048311065
1000000403055
1000000165479
1000003163548
1000000044232
1000000133345
1000000085609
1000001014452
1000000272775
1000000169021
1000000135889
1000000153838
1000003478916
1000001015968
1000001116471
1000001965259
1000000185511
1000003012360
1000000059761
1000000141972
1000001701435
1000003359872
1000000106298
1000001346218
1000000910544
1000001201656
1000000054535
1000000057992
1000000157753
1000003324235
1000000153699
1000002939672
1000098279662
1000001230116
1000000157320
1000001231310
1000000007426
1000000152244
1000003064410
1000000172628
1000001216406
1000000030295
1000002892459
1000000168994
1000000178747
1000000091278
1000001164667
1000000331463
1000001141876
1000002313832
1000001944643
1000001016039
1000001151471
1000003295407
1000000138739
1000000149335
1000000153143
1000003349674
1000000088823
1000002917368
1000000163595
1000002992480
1000000060189
1000000145278
1000000062693
1000000108887
1000000334927
1000003011643
1000000109383
1000000172162
1000173016322
1000001924172
1000000549471
1000000144676
1000001410912
1000000130140
1000002959804
1000000055121
1000000145150
1000119089556
1000001828597
1000000945587
1000000107024
1000000138894
1000003218753
1000001843107
1000000295807
1000000532312
1000000055072
1000001076936
1000000167591
1000000056311
1000000131017
1000000155446
1000000404940
1000000052399
1000000062370
1000001735475
1000000161991
1000000168181
1004347988419
1000001082276
1000000147301
1000000397157
1000001771742
1000000053803
1000002675270
1000000536899
1000108393822
1004703444591
1000002953123
1000003159823
1000002351743
1000000143114
1000001831206
1000000135560
1000000420224
1000005746665
1000000058166
1000000122400
1000001702499
1000003019518
1000371700506
1000003358712
1000000150381
1000004097659
1000000156679
1000002692254
1000000142857
1000000039202
1000000043724
1004348290729
1000000104982
1000000062539
1000001080396
1000000912998
1000002904795
1000002745046
1000000055657
1000001202314
1000003347752
1000001392613
1000001028986
1000000155468
1000001550561
1000000375151
1000000286796
1000001278736
1000002690438
1000000536793
1000000271970
1000001381329
1000000179075
1000130072482
1000000340611
1000000542626
1000001152717
1000000151697
1000000964557
1000000055872
1000000051684
1000000156042
1000003333656
1000002109291
1000000404144
1000000531459
1000000557830
1000003012442
1000000173722
1000000058102
1000000184225
1000000044164
1000000280368
1000002552450
1000003087994
1000000153566
1000001107265
1000000147296
1000000092949
1000002460523
1000000135604
1000001758858
1000000055077
1000342110021
1000001281095
1000000075454
1000000241075
1000001279411
1000001155980
1000000280318
1000002167844
1000002379919
1000003307828
1000000280269
1000001380268
1000000132381
1000000158288
1000002952443
1000002954207
1000001999099
1000000288601
1000000055563
1000000107023
1000000373983
1000003047224
1000000169861
1000001069730
1000000343535
1000002917186
1001194075612
1000000055401
1000000106013
1000002839668
1000000281003
1000003648962
1000000152306
1000000144875
1000000168227
1000000556706
1000001240078
1000003011103
1000002633746
1000000153977
1000001553735
1000000068986
1000000153567
1000000142105
1000003015397
1000003006112
1000000180047
1000000280141
1000000058187
1000000152997
1000000058185
1000000059518
1000000153116
1000001236000
1000000115077
1000000129543
1000000449696
1000000106714
1000000145762
1000001253778
1000000195270
1000000056164
1000202905254
1000001340088
1000000147267
1004629911081
1000003331103
1000000055285
1000002917876
1000001151579
1000037336039
1000000531603
1000000102473
1000001998693
1000001107353
1000000963635
1000001206408
1000001539378
1000000286372
1000001288755
1000000969369
1000000184507
1000000113465
1000001748992
1000003012404
1000000131197
1000000128122
1000000446100
1000002954646
1000002988827
1000000116873
1000000158959
1000000117634
1000001047206
1000000139131
1000002438130
1000000146333
1000001201150
1000002952613
1000000134125
1000002025886
1000001084091
1000003359689
1000000114944
1000001459350
1000000532299
1000000147977
1000000056155
1000000241071
1000048927573
1000000089715
1000000135556
1000000133992
1000000401847
1000164761439
1000001246635
1000003251562
1000002755966
1000001227093
1000000358688
1000000122419
1000002146232
1000002918483
1000000055076
1000000280295
1000002989340
1000000186967
1000000305099
1000000074942
1000003012405
1000000122798
1000000135802
1000002464719
1000000166738
1000001107345
1000003349604
1000000163579
1000001156584
1000001351548
1000001270488
1000000447862
1000000088832
1000000153017
1000000074796
1000002032464
1000001243759
1000000139236
1000003228947
1000371700504
1000000123327
1000000241077
1000001155956
1000000420676
1000000080470
1000000058207
1000001550546
1000001446311
1000004819615
1000000157654
1000003006416
1000001003358
1000000192801
1000000143051
1000001236014
1000000195297
1000000286395
1000107358036
1000000143149
1000001698501
1000001963115
1000003357549
1000000157403
1000000131842
1000001163209
1000000168172
1000000055351
1000000153621
1000001135953
1000000059953
1000000149339
1000001963719
1000002171961
1000000007384
1000000536209
1000000149429
1000000055486
1000167241998
1000003012374
1000000114942
1000000153038
1000000543229
1000002959850
1000000173299
1000001156164
1000000280628
1000000153451
1000000901990
1000037332618
1000000144851
1000000044802
1000000145990
1000003317887
1000030432487
1000000172191
1000027593232
1000002956612
1000000305142
1000000138502
1000000542629
1000000088629
1000000154292
1000001159663
1000001878201
1000006837561
1000000114769
1000000373986
1000000007407
1000000280412
1000002820906
1000001996871
1000002833530
1000000402594
1000003579531
1004703402619
1000001363697
1000002615716
1000002547643
1000000550363
1000000055578
1000000074052
1000000161950
1000001640637
1000001842151
1000001334436
1000000112405
1000000172216
1000000344337
1000002804460
1000000074318
1000000543232
1000000349041
1000001161288
1000003350280
1000002804771
1000000195295
1000001013802
1000003012412
1000001269568
1000000558161
1000000115158
1000000195290
1000000147061
1000001111036
1000001452202
1000000225549
1000000055885
1000869606611
1000000087565
1000001151563
1000000103125
1000000113532
1000000549470
1000001937072
1000202905255
1000000531620
1000002812109
1000001204733
1000001224252
1000003006415
1000000056854
1000004016543
1000000056253
1000000153475
1000000104752
1000001120602
1000001227137
1000003909995
1000000550086
1000000168210
1000002720897
1000001309066
1000000172684
1000001772214
1000000007430
1000119423328
1000000153128
1000001307611
1000000280608
1000002950867
1000373171673
1000001879617
1002563285709
1000001410142
1000000151074
1000000349048
1000001107709
1000002954021
1000002531532
1000047036191
1000000224370
1000002379915
1000001444234
1000000148043
1000000165475
1000001209614
1000001106409
1000000149436
1000002666952
1000001303876
1000002915650
1000031585309
1000000150546
1000001113031
1000000043648
1000000097216
1000000080143
1000000123897
1000000145312
1000002181458
1000003005971
1000001898419
1000000149996
1000001435635
1000000550091
1000001281234
1000000189450
1000000044613
1000000180749
1000000134065
1000000271514
1000000092277
1000000406166
1000000939334
1000003156192
1000002894029
1000001084365
1000002952178
1000000111968
1000000106499
1000002918489
1000000055944
1000001839460
1000000173350
1000000102505
1000001025105
1000001206568
1000000301464
1000000153457
1000001106285
1000000054886
1000000146332
1000000162110
1000001238839
1000001550548
1000000062504
1000002449429
1000000178351
1000000115229
1000000120706
1000000168951
1000000558158
1000249399679
1000000898338
1000000060199
1000000135605
1000000062403
1000000442794
1000003007383
1000001558108
1000000553607
1000000148047
1000000104965
1000048925381
1000002954074
1000000056010
1000000903230
1000000138895
1000070040693
1000001029019
1000000138864
1000003314266
1000000168953
1000001164653
1000000133997
1000000297514
1000000030305
1000000198590
1000001861519
1000001067764
1000000456971
1000001159561
1000000172385
1000000224462
1000000040545
1000000172174
1000002953995
1000001106179
1000001154557
1000000298204
1000000146598
1000000453913
1000000160906
1000002757697
1000002768922
1000000139590
1000006667566
1000941125358
1000000419153
1000000138884
1000002132500
1000000185690
1000002812110
1000000053461
1000000206546
1000000074004
1000000178751
1000000055948
1000000046663
1000000109294
1000000145624
1000000135830
1000000040095
1000001824907
1000002953281
1000000399747
1000001283510
1000001067583
1000000398693
1000000438934
1000000146612
1000000185534
1000000168231
1000000280495
1000001452081
1000003027886
1000002425991
1000000133861
1000001268683
1000002713482
1000001567544
1000000456998
1000375216670
1000000074178
1000001083334
1000512552945
1000000074845
1000000542785
1000002349984
1000001480431
1000000058050
1000002171492
1000000192779
1000002307203
1000001999686
1000000193260
1000000049903
1000003005198
1000000076352
1000033003571
1000000150417
1000000149995
1000000279204
1000001127182
1000003354170
1000000122855
1000000152615
1000000153692
1000003251295
1000000163183
1000000287072
1000003019382
1000000043983
1000559621143
1000002247211
1000000224922
1000000542792
1000001428125
1000001163974
1000000185241
1000000104725
1000001923929
1000002732849
1000000167680
1000000166739
1000000085626
1000002952224
1000001019713
1000000279163
1000000116875
1004703444599
1000001820891
1000001503354
1000000442737
1000000186984
1000000107976
1000003226004
1000003016826
1000002713205
1000000042659
1000023571101
1000000178176
1000000056100
1000001826074
1000000303427
1000000055623
1000003254946
1000000059839
1000000132556
1000000120580
1000001154469
1000475555429
1000001741311
1000119581355
1000001410876
1000006838330
1000001188386
1000001243590
1000000153120
1000002789106
