name	alternative_names	osm_type	osm_id	class	type	lon	lat	place_rank	importance	street	city	county	state	country	country_code	display_name	west	south	east	north	wikidata	wikipedia	housenumbers
France	ꃔꇩ,프랑스,フランス,ፈረንሣይ,ፈረንሳይ,បារាំង,ଫ୍ରାନ୍ସ,ފަރަންސޭސިވިލާތް,ປະເທດຝະລັ່ງ,ประเทศฝรั่งเศส,An Fhrainc,An Fhraing,Bro-C'hall,Bufalansa,Dáághahii Dinéʼiʼ Bikéyah,Falanisē,Falansia,Faraas,Farani,Farāni,Faransa,Faransi,Faransiiska,Farânzi,Fazgoz,Ffrainc,Fora,Frakkland,Frakland,Franca,França,Francia,Franciaország,Francie,Francija,Francja,Francujo,Francuska,Francúzsko,Franis,Frankräich,Frankreich,Frankriek,Frankrig,Frankrigi,Frankriika,Frankrijk,Frankrike,Frankryk,Frans,Fransa,Fransän,Fránsì,Fransiya,Fransiýa,Franța,Frantsa,Frantscha,Frantza,Frantzia,Franza,Frɛnkyeman,Fwalansa,Hyãsia,IFulansi,Perancis,Pháp,Phransiya,Pow Frynk,Prancis,Prancūzija,Pransiya,Prant,Prantsusmaa,Ransiya,Ranska,République française,Ubaranja,Ubufaransa,Ufaransa,Wīwī,Yn Rank,فرانس,فرٛانس,فرانسه,فرانسىيە,فرنسا,פראנקרייך,צרפת,Γαλλία,Фаронса,Франкїꙗ,Франц,Франци,Франција,Франция,Франція,Француска,Францыя,ཕརཱནསི་,ཧྥ་རན་སི།,Ֆրանսիա,საფრანგეთი,फ्रान्स,फ़्रान्स,फ्रान्सदेशः,ફ્રાન્સ,ఫ్రాన్స్,ਫ੍ਰਾਂਸ,ಫ್ರಾನ್ಸ್,பிரான்சு,ഫ്രാൻസ്,ফ্রান্স,ফ্ৰান্স,ပြင်သစ်နိုင်ငံ,ප්‍රංශය,法國	relation	2202162	boundary	administrative	1.8753098	46.7995347	4	0.961222686348661					France	fr	France	-5.225	41.333	9.55	51.2	Q142	fr:France	
United States of America	미국,ᐊᒥᐊᓕᑲ,އެމެރިކާ,የተባበሩት የአሜሪካ ግዛቶች,สหรัฐอเมริกา,ଯୁକ୍ତରାଷ୍ଟ୍ର ଆମେରିକା,សហរដ្ឋអាមេរិក,ສະຫະລັດອາເມລິກາ,ÂKödörö-ôko tî Amerîka,Ameerika Ühendriigid,Amereka,Amerihká ovttastuvvan stáhtat,Amerika Birleşik Devletleri,Amerika Birləşmiş Ştatları,Amerikai Egyesült Államok,Amerika ka Kelenyalen Jamanaw,Amerikan yhdysvallat,Amerikanyň Birleşen Ştatlary,Amerika Qoʻshma Shtatlari,Amérika Sarékat,Amérika Sarikat,Amerika Serikat,Amerikas Forenede Stater,Amerikas Förenta Stater,Amerikas forente stater,Amerikas Savienotās Valstis,Amerika Syarikat,Ameriketako Estatu Batuak,Àwọn Ìpínlẹ̀ Aṣọ̀kan Amẹ́ríkà,Bandaríki Norður-Ameríku,Civitates Foederatae Americae,Dewletên Yekbûyî yên Amerîkayê,Diwaan-yu-Bennoo yu Aamerig,Dowlaaji Dentuɗi,Eben Merika,Estados Unidos,Estados Unidos da América,Estados Unidos de América,Estatos Unitos d'America,Estats Unis d' Amerike,Estats Units d'America,Estats Units d'Amèrica,États-Unis d'Amérique,Etazini,Etazonia,Fenua Marite,Feriene Steaten fan Amearika,Hoa Kỳ,Hononga-o-Amerika,Hukllachasqa Amirika Suyukuna,IMelika,Istados Unidos de America,Istadus Unidus,Iunaite Sitete o Amerika,IYunayithedi Steyitsi,Iамерка пачхьалк,Jungtinės Amerikos Valstijos,kunkiyar taraiyar Amurika,Lamerikän,Leta Zunze Ubumwe za Amerika,Leta Zunze Ubumwe z’Amerika,Lisangá lya Ameríka,Mareykanka,Meijgoz,Muungano wa Madola ya Amerika,Naalagaaffeqatigiit,Na Stàitean Aonaichte,Njikota Obodo Amerika,Puleʻanga Fakataha 'o 'Amelika,Sambandsríkið Amerika,Shtetet e Bashkuara të Amerikës,Sjedinjene Američke Države,Spojené státy americké,Spojené štáty americké,Stadis Unids da l'America,Stadoù-Unanet Amerika,Stáit Aontaithe Mheiriceá,Stany Zjednoczone Ameryki,Statele Unite ale Americii,Stati Uniti d'America,Stati Uniti tal-Amerika,Statos Unite de America,Statys Unys Amerika,Steatyn Unnaneysit America,Tetã peteĩ reko Amérikagua,Unionita Stati di Amerika,United States,Unit States de America,Unol Daleithiau America,USA,Usono,Vereenegt Staate vun Amerika,Vereinegde State van Amerika,Vereinigte Staaten von Amerika,Verenigde Staten van Amerika,Verenigde State van Amerika,Wááshindoon Bikéyah Ałhidadiidzooígíí,Yunaeted Stet blong Amerika,Združene države Amerike,ایالات متحده آمریکا,الولايات المتّحدة الأمريكيّة,آمريڪا,د امريکا متحده ايالات,ریاستہائے متحدہ امریکہ,ئامېرىكا قوشما شتاتلىرى,ארצות הברית,פאראייניקטע שטאטן פון אמעריקע,Ηνωμένες Πολιτείες της Αμερικής,Америкæйы Иугонд Штаттæ,Америкăри Пĕрлешӳллĕ Штатсем,Америка Еиду Аштатқәа,Америка Кошмо Штаттары,Америка Құрама Штаттары,Америка Кушма Штатлары,Америка Ҡушма Штаттары,Америкалъул Цолъарал Штатал,Америкаса Ӧтувтӧм Штатъяс,Америкийн Нэгдсэн Улс,Амєрика́ньскꙑ Ѥдьнѥнꙑ́ Дрьжа́вꙑ,Злучаныя Штаты Амерыкі,Иёлоти Муттаҳидаи Амрико,Сједињене Америчке Државе,Соединети Американски Држави,Соединённые Штаты Америки,Сполучені Штати Америки,Съединени американски щати,ཡུ་ནའིཊེཊ་སི་ཊེས,ཨ་མེ་རི་ཁ་རྒྱལ་ཕྲན་མཉམ་འབྲེལ་རྒྱལ་ཁབ།,Ամերիկայի Միացյալ Նահանգներ,ამერიკის შეერთებული შტატები,अमेरिकेची संयुक्त संस्थाने,संयुक्त राज्‍य अमेरिका,संयुक्त राज्य अमेरिका,संयुक्तानि राज्यानि,સંયુક્ત રાજ્ય અમેરિકા,అమెరికా సంయుక్త రాష్ట్రాలు,ਸੰਯੁਕਤ ਰਾਜ ਅਮਰੀਕਾ,ಅಮೇರಿಕ ಸಂಯುಕ್ತ ಸಂಸ್ಥಾನ,அமெரிக்க ஐக்கிய நாடு,അമേരിക്കന്‍ ഐക്യനാടുകള്‍,মার্কিন যুক্তরাষ্ট্র,মাৰ্কিন যুক্তৰাষ্ট্ৰ,အမေရိကန်ပြည်ထောင်စု,අ'මෙරිකා‍වේ එක්සත් රාජ්‍යයන්,アメリカ合衆国,美利坚合众国	relation	148838	boundary	administrative	-99.0090672	36.8184300	4	0.944692348397998					United States of America	us	United States of America	144.4129186	-14.7608359	-64.3554900	71.6048216	Q30	en:United States	
Germany	독일,ᔮᒪᓂ,ドイツ,ጀርመን,ଜର୍ମାନୀ,ޖަރުމަނުވިލާތް,អាល្លឺម៉ង់,ประเทศเยอรมนี,ປະເທດເຢັຽລະມັນ,A' Ghearmailt,Alamagn,Alemaina,Alemaña,Alemanha,Alémani,Alemania,Alemanya,Alemanyi,Alimaña,Alimanya,Allemagne,Almaañ,Almaanya,Almagne,Almaniya,Almanya,Almay,Almayn,An Ghearmáin,Béésh Bichʼahii Bikéyah,Bundesrepublik Deutschland,Däitschland,Deutän,Deutschland,Djermani,Đức,Duiska,Duitsland,Dútslân,Duutsjlandj,Dwzgoz,Germania,Germània,Germaniýa,Ġermanja,Germanujo,Girimane,Gjermania,Gyaaman,Heremani,IJalimane,IJalimani,IJamani,Jamus,Jarimani,Jarmalka,Jẹ́mánì,Jémanị,Jerman,Jérman,Jermani,Nemačka,Nemčija,Nemecko,Německo,Németország,Niemcy,Njemačka,Olmoniya,Saksa,Saksamaa,Siamani,Tiamana,Tyskit Nunaat,Tyskland,Týskland,Ubudage,Ubudagi,Ujerumani,Vācija,Vokietija,Yn Ghermaan,Yr Almaen,Þýskaland,آلمان,ألمانيا,جرمنی,گېرمانىيە,גרמניה,דייטשלאנד,Γερμανία,Алмания,Алмантәыла,Герман,Германи,Германија,Германия,Германия Федеративтік Республикасы,Германія,Немачка,Німеччина,Нѣмьци,Олмон,ཇཱར་མ་ནི,འཇར་མན།,Գերմանիա,გერმანია,जर्मनी,જર્મની,జర్మనీ,ਜਰਮਨੀ,ಜರ್ಮನಿ,செருமனி,ജർമ്മനി,জার্মানি,ဂျာမနီနိုင်ငံ,ජර්මනිය,德国	relation	51477	boundary	administrative	10.5917075	51.1850012	4	0.930641126934625					Germany	de	Germany	5.8663153	47.2701114	15.0419319	55.0991610	Q183	de:Deutschland	
Italy	ᐃᑕᓖ,ጣልያን,イタリア,이탈리아,ଇଟାଲୀ,ອິຕາລີ,អ៊ីតាលី,އިޓަލީވިލާތް,ประเทศอิตาลี,An Eadailt,An Iodáil,Ídelii,INtaliyane,Itaali,Itaalia,Itaalje,Itåleye,Itali,Italia,Itália,Itàlia,Ítalía,Itálíà,Italie,Itálie,Italië,Italien,Italija,Itālija,Italiya,ITaliya,İtaliya,Italiýa,Italja,Italùii,Italujo,Italya,Îtalya,İtalya,Itari,Itāria,’Itāria,Litaliyän,Olaszország,Repubblica Italiana,Taliansko,Talyaaniga,Ubutaliyani,Włochy,Ý,Yitale,Yn Iddaal,Yr Eidal,اېټاليا,ایتالیا,اطالیہ,إيطاليا,ئىتالىيە,איטאליע,איטליה,Ιταλία,Итали,Италиа,Италија,Италия,Италїꙗ,Итолиё,Італія,ཨི་ཏ་ལི།,ཨྀཊ་ལི་,Իտալիա,იტალია,इटली,इटाली,ઈટલી,ఇటలీ,ਇਟਲੀ,ಇಟಲಿ,இத்தாலி,ഇറ്റലി,ইটালী,ইতালি,အီတလီနိုင်ငံ,意大利	relation	365331	boundary	administrative	14.1885945	41.7035189	4	0.918894004585548					Italy	it	Italy	6.6272658	35.2889616	18.7844745	47.0921461	Q38	it:Italia	
Japan	일본,ጃፓን,ޖަޕާނު,ᓃᑉᐊᓐ,ଜାପାନ,ជប៉ុន,ປະເທດຍີ່ປຸ່ນ,ประเทศญี่ปุ่น,An tSeapáin,An t-Seapan,Binaʼadaałtzózí Dinéʼiʼ Bikéyah,Chapan,Chapón,Djapan,Ġappun,Giappone,Giapun,Hapõ,Hapon,Iapani,Iaponia,IJapani,IJaphani,Jaapan,Jaappaan,Jabaan,Jáhpan,Japán,Japana,Japāna,Japani,Japanujo,Japão,Japó,Japon,Japón,Japonia,Japonija,Japonska,Japonsko,Japonya,Jepang,Jepun,Nditbonj,Nhật Bản,Nihon,Nihun,Nipono,Sapoŋ,Tāpōnē,Ubuyapani,Xapón,Yapan,Yapän,Yaponiya,Ýaponiýa,Yn Çhapaan,Zapɔ́,اليابان,جاپان,ژاپن,ياپونىيە,יאפאן,יפן,Ιαπωνία,Жапония,Жопун,Иапониа,Јапан,Јапонија,Ꙗпѡнїꙗ,Япон,Япони,Япония,Японія,ཇཱ་པཱན།,རི་པིན།,Ճապոնիա,იაპონია,जपान,जापान,सूर्यमूल,જાપાન,జపాన్,ਜਪਾਨ,ಜಪಾನ್,ஜப்பான்,ജപ്പാൻ,জাপান,ဂျပန်နိုင်ငံ,ජපානය,日本	relation	382313	boundary	administrative	142.9514467	43.4339535	4	0.906709223998707					Japan	jp	Japan	122.7141754	20.2145810	154.2055410	45.7112045	Q17	ja:日本	
Russia	ራሻ,ሩሲያ,ᐅᓛᓴ,ロシア,러시아,ଋଷିଆ,ރޫސީވިލާތް,ລັດເຊັຽ,រុស្ស៊ី,ประเทศรัสเซีย,An Ruis,An Rúis,Biʼééʼ Łichííʼí Bikéyah,Errusia,Ezlozswh Lienzbangh,Federaasioŋ bu Riisi,Federåcion d' Rûsseye,Fédération de Russie,IRashiya,Krievija,Liên bang Nga,Lusia,Lūsia,Mpaghara Russia,Oroszország,Pederasyong Ruso,Raashiyaa,Rasha,Rashia,Ratsiya,Risi,Risila,Roosiya,Rosia,Rọ́síà,Rosja,Rossiya Federatsiyasi,Rrusia,Rūhia,Ruošša,Rusän,Rusí,Rusia,Rusïi,Rusija,Rusiya,Ruska Federacija,Rusko,Ruslân,Rusland,Ruslandi,Russi,Rússia,Rùssia,Russische Federatie,Russiýa,Russja,Russland,Rússland,Rusujo,Rûsya,Rusya Federasyonu,Rūtia,Ruushka,Rwasha,Rwsia,Ryssland,Shirikisho la Urusi,Uburusiya,Venäjä,Venemaa,Yn Roosh,روس,روٗس,روسیه,روسيا,روسىيە,רוסיה,רוסלאנד,Ρωσία,Оросын Холбооны Улс,Орусия,Раççей Патшалăхĕ,Расійская Федэрацыя,Ресей,Рәсәй,Росія,Росси,Российская Федерация,Россия,Россиялъул Федерация,Рочму,Рѡсїꙗ,Русија,Русия,Русь;Золотая Орда;Русское Царство;Российская Империя;Союз Советских Социалистических Республик,РФ,Уæрæсе,Урыстәыла,ར་ཤི་ཡཱན་ཕེ་ཌི་རེ་ཤཱན,ཨུ་རུ་སུ།,Ռուսաստան,რუსეთი,रशिया,रुस,रूस,રશિયા,రష్యా,ਰੂਸ,ರಷ್ಯಾ,உருசியா,റഷ്യ,রাশিয়া,ৰুশিযা,ရုရှားနိုင်ငံ,රුසියාව,俄罗斯	relation	60189	boundary	administrative	93.2130200	61.3352107	4	0.900267696876941					Russia	ru	Russia	19.4141518	41.1858711	-168.9769445	82.0586232	Q159	ru:Россия	
Spain	스페인,ᓯᐸᐃᓐ,スペイン,ସ୍ପେନ,እስፓንያ,އިސްޕެއިން,អេស្ប៉ាញ,ประเทศสเปน,An Spáinn,An Spàinn,Dibé Diníí Bikéyah,Esipanye,Espagne,Espaina,Espainia,España,Espanha,Espania,Espanja,Espanya,Espay,Hispaania,Hispania,Hispanujo,Hiszpania,Isbania,Ispaañ,Ispagna,Ispaña,Ispanija,Ispaniya,İspaniya,Ispaniýa,Ispaniye,İspanya,ISpeyini,Pain,Paniora,Pāniora,Reino de España,Sbaen,Sepanyol,Sepeni,Sihbanhyaz,Sipeyini,Spagn,Spagna,Spaña,Španělsko,Spania,Spánia,Španielsko,Spanien,Španija,Spānija,Spaniya,Spanja,Spanje,Španjolska,Spánn,Spanya,Spanyän,Spanyol,Spanyolország,Spayn,Spéìn,Spuenien,Tây Ban Nha,Yn Spaainey,إسبانيا,اسپانیا,ہسپانیہ,ספרד,שפאניע,Ισπανία,Испани,Испания,Испониё,Іспанія,Їспанїꙗ,Шпанија,ཞི་པན་ཡ།,སིཔཱེན་,Իսպանիա,ესპანეთი,स्पेन,स्पेन्,સ્પેન,స్పెయిన్,ਸਪੇਨ,ಸ್ಪೇನ್,எசுப்பானியா,സ്പെയിൻ,স্পেন,စပိန်နိုင်ငံ,西班牙	relation	1311341	boundary	administrative	-2.9459282	39.9648614	4	0.897882410899472					Spain	es	Spain	-18.3936846	27.4335426	4.5918885	43.9933088	Q29	es:España	
Poland	폴란드,ፖላንድ,ᐳᓚᓐᑦ,ポーランド,ޕޮލެންޑު,ପୋଲାଣ୍ଡ,ប្រទេសប៉ូឡូញ,ประเทศโปแลนด์,An Pholainn,A' Phòlainn,Ba Lan,Boland,Bupoolo,Gwlad Pwyl,IPholandi,IPolandi,Lengyelország,Lenkija,Poalen,Polagi,Polän,Polandi,Polandia,Pole,Polen,Poleni,Polija,Poljska,Pólland,Pologna,Pologne,Poloñ,Poloña,Polonha,Poloni,Pölôni,Polonia,Polónia,Polònia,Polonja,Polonya,Polonye,Poloonya,Polòy,Polşa,Polsha,Polska,Polsko,Poľsko,Polujo,Poola,Póolish Dineʼé Bikéyah,Poran,Pōrana,Puluña,Pulunya,Puola,RP,Rzeczpospolita Polska,Yn Pholynn,بولندا,پولشا,پولنډ,پولینڈ,لهستان,פוילן,פולין,Πολωνία,Лаҳистон,Полска,Полша,Пол҄ьска,Польш,Польшæ,Польша,Польшча,Польща,Пољска,ཕོ་ལན།,Լեհաստան,პოლონეთი,पोलैंड,पोलंड,पोल्याण्ड,પોલેંડ,పోలాండ్,ਪੋਲੈਂਡ,ಪೋಲೆಂಡ್,போலந்து,പോളണ്ട്,পোল্যান্ড,ပိုလန်နိုင်ငံ,පෝලන්තය,波兰	relation	49715	boundary	administrative	19.1954730	52.0179354	4	0.89229898543353					Poland	pl	Poland	14.1229707	49.0020468	24.1457830	55.0336962	Q36	pl:Polska	
Canada	ካናዳ,ᑳᓇᑖ,カナダ,캐나다,ކެނެޑާ,កាណាដា,କାନାଡ଼ା,ประเทศแคนาดา,Canadá,Canadà,Ceanada,Deeteel Bikéyah,IKhanada,Kanada,Kánada,Kanáda,Kanāda,Kanadá,Kánádà,Kanadaa,Kanadäa,Kanadaja,Kanadän,Kanado,ᑲᓇᑕ / kanata,Kānata,Kanatã,Tanata,Yn Chanadey,كانادا,كندا,کاناډا,کانادا,کینیڈا,קאנאדע,קנדה,Καναδάς,Канад,Канадæ,Канада,ཀེ་ན་ཌ་,ཁ་ན་ཌ།,Կանադա,კანადა,कनाडा,कॅनडा,केनडा,क्यानाडा,કેનેડા,కెనడా,ਕੈਨੇਡਾ,ಕೆನಡಾ,கனடா,കാനഡ,কানাডা,ကနေဒါနိုင်ငံ,加拿大	relation	1428125	boundary	administrative	-102.3022254	62.5063365	4	0.889098284193937					Canada	ca	Canada	-141.0027501	41.6765556	-52.3231981	83.3362128	Q16	en:Canada	
England	Anglaterra,Angleterre,Anglia,Anglicko,Anglie,Anglija,Anglujo,Anh,Engeland,Englanti,Ingelân,Inghilterra,İngiltere,Inglaterra,Linglän,Lloegr,Sasainn,Sasana,Sostyn,Αγγλία,Англия,Англія,英格蘭	relation	58447	boundary	administrative	-0.5402403	52.7954790	8	0.883048074613031				England	United Kingdom	gb	England, United Kingdom	-6.7047494	49.6740000	2.0919117	55.9170000	Q21	en:England	
Brazil	ꀠꑭ,브라질,ብራዚል,ブラジル,ބުރެޒިލް,บราซิล,ବ୍ରାଜିଲ,ບະເຣຊິນ,ប្រេស៊ីល,an Bhrasaíl,Bahsih,Barasiil,Barazil,Biraazil,Bradir,Braezi,Braisil,Brasiilia,Brasil,Brasilän,Brasile,Brasilia,Brasilía,Brasilië,Brasilien,Braziel,Brażil,Brazîl,Brazila,Brazili,Brazilia,Brazília,Brazílie,Brazilië,Brazilija,Brazīlija,Braziliya,Braziliýa,Brazilo,Brazylia,Brazylje,Breesil,Brésil,Brezil,Brezilya,Buraziiri,Burezile,Bwazííl,IBrazili,Palāsili,Parīhi,Parīihi,Pasila,Pindoráma,Prasil,República Federativa do Brasil,Wrasil,yn Vrasseel,البَرَازِيل,برٛازِل,برازیل,برازيل,برازىلىيە,برزیل,בראַזיל,ברזיל,Βραζιλία,Бразил,Бразили,Брази́ли,Бразилия,Брази́лия,Брази́лія,Бразі́лія,Браꙁїлі́ꙗ,པུ་རུ་ཟིལ།,བཱརཱ་ཛིལ་,Բրազիլիա,ბრაზილია,ब्राजिल,ब्राज़ील,ब्राझील,ब्रासील,ब्रास़ील,બ્રાઝિલ,బ్రెజిల్,ਬ੍ਰਾਜ਼ੀਲ,ಬ್ರೆಜಿಲ್,பிரேசில்,ബ്രസീൽ,ব্রাজিল,ব্ৰাজিল,ဘရာဇီးနိုင်ငံ,බ්‍රසීලය,巴西	relation	59470	boundary	administrative	-49.6160669	-14.2980000	4	0.877920022354196					Brazil	br	Brazil	-73.9830625	-33.8689056	-28.6341164	5.2842872	Q155	pt:Brasil	
Australia	ᐊᔅᑦᕌᓕᐊ,አውስትራልያ,ኣውስትራሊያ,オーストラリア,오스트레일리아,އޮސްޓަރުލިޔާ,ଅଷ୍ଟ୍ରେଲିଆ,ออสเตรเลีย,អូស្ត្រាលី,ປະເທດອົດສະຕາລີ,Ahitereiria,Aostralia,Astráil,Astràilia,Ástralía,Asturaliya,Audaihleihya,Ausetalia,Austraalia,Austraalje,Austrail,Austrália,Austràlia,Austrálíà,Australie,Austrálie,Australië,Australien,Australija,Austrālija,Aŭstralio,Australiya,Australla,Australya,Ausztrália,Autaralia,Autereraria,Avstralia,Avstralija,Avstraliya,Avustralya,Awistralya,Awstralia,Awstraliýa,Awstralja,Awstralya,Awustireliyaa,Commonwealth of Australia,I-Ostreliya,Laustralän,Nahatʼeʼiitsoh Bikéyah,Ositaraliya,Óstraali,Ostraleye,Ostrali,Ostralia,Ostralïi,Ostraliya,Ostrelia,Otereiriya,Úc,استرالیا,أستراليا,آسٹریلیا,آسټراليا,آسٽريليا,ئاۋستىرالىيە,אויסטראַליע,אוסטרליה,Αυστραλία,Австрали,Австра́ли,Австралиа,Австралија,Австралия,Австра́лия,Австра́лія,Аѵстралїꙗ,Аустралија,Аустралия,Аўстра́лія,ཨས་ཊེཡེ་ལི་ཡ,ཨོ་སེ་ཐེ་ལི་ཡ།,Ավստրալիա,ავსტრალია,अष्ट्रेलिया,आस्ट्रेलिया,ऑस्ट्रेलिया,ઑસ્ટ્રેલિયા,ఆస్ట్రేలియా,ਆਸਟ੍ਰੇਲੀਆ,ಆಸ್ಟ್ರೇಲಿಯ,ஆஸ்திரேலியா,ഓസ്ട്രേലിയ,অষ্ট্ৰেলিয়া,অস্ট্রেলিয়া,ဩစတြေးလျနိုင်ငံ,ඕස්ට්‍රේලියාව,澳大利亚	relation	80500	boundary	administrative	133.3619535	-26.7193232	4	0.877788364599179					Australia	au	Australia	72.2460937	-55.3228176	168.2249542	-9.0882278	Q408	en:Australia	
Paris	パリ,파리,ፓሪስ,ปารีส,ប៉ារីស,ପ୍ୟାରିସ,Baariis,Bahliz,IParisi,Lutetia,Paarys,Paräis,Páras,Pari,Parĩ,Parī,Paries,Parighji,Parigi,Pariis,Pariisi,Parij,Parijs,París,Parîs,Parisi,Pariz,Pariž,Paríž,Paříž,Parīze,Parizo,Párizs,Parys,Paryż,Paryžius,باريس,پاریس,پارىژ,پاريس,پیرس,פאריז,פריז,Παρίσι,Париж,Парижь,Париз,Парис,Парыж,ཕ་རི།,Փարիզ,პარიზი,पॅरिस,पेरिस,पैरिस,પૅરિસ,పారిస్,ਪੈਰਿਸ,ಪ್ಯಾರಿಸ್,பாரிஸ்,പാരിസ്,প্যারিস,ပါရီမြို့,巴黎	relation	71525	boundary	administrative	2.3200310	48.8588100	12	0.868934599321907			Paris	Metropolitan France	France	fr	Paris, Ile-de-France, Metropolitan France, France	2.2241220	48.8155755	2.4697602	48.9021559	Q90	fr:Paris	
Paris	パリ,파리,ፓሪስ,ปารีส,ប៉ារីស,ପ୍ୟାରିସ,Baariis,Bahliz,IParisi,Lutetia,Paarys,Paräis,Páras,Pari,Parĩ,Parī,Paries,Parighji,Parigi,Pariis,Pariisi,Parij,Parijs,París,Parîs,Parisi,Pariz,Pariž,Paríž,Paříž,Parīze,Parizo,Párizs,Parys,Paryż,Paryžius,باريس,پاریس,پارىژ,پاريس,پیرس,פאריז,פריז,Παρίσι,Париж,Парижь,Париз,Парис,Парыж,ཕ་རི།,Փարիզ,პარიზი,पॅरिस,पेरिस,पैरिस,પૅરિસ,పారిస్,ਪੈਰਿਸ,ಪ್ಯಾರಿಸ್,பாரிஸ்,പാരിസ്,প্যারিস,ပါရီမြို့,巴黎	relation	7444	boundary	administrative	2.3200310	48.8588100	16	0.868934599321907		Paris	Paris	Metropolitan France	France	fr	Paris, Paris, Paris, Ile-de-France, Metropolitan France, France	2.2241220	48.8155755	2.4697602	48.9021559	Q90	fr:Paris	
United Kingdom	영국,イギリス,ዩናይትድ ኪንግደም,ޔުނައިޓެޑް ކިންގްޑަމް,ଯୁକ୍ତରାଜ୍ୟ,สหราชอาณาจักร,រាជាណាចក្ររួម,An Ríocht Aontaithe,An Rìoghachd Aonaichte,Apvienotā Karaliste,Birlashgan Qirollik,Birleşik Krallık,Birtaniya,Böyük Britaniya,Bretland,Britania,Britania Raya,Britanniarum Regnum,Britujo,Deyrnas Unedig,Egyesült Királyság,Erresuma Batua,Fanjakana Mitambatra,Feriene Keninkryk,Groussbritannien an Nordirland,Hukllachasqa Qhapaq Suyu,Ilẹ̀ọba Aṣọ̀kan,Ingɛlɛ́tɛlɛ,Ingerand,Jungtinė Karalystė,Keyaniya Yekbûyî,Kīngitanga Kotahi,Mbretëria e Bashkuar e Britanisë dhe Irlandës së Veriut,Midowga boqortooyada Britan,Nagkakaisang Kaharian,Nguur-Yu-Bennoo,Obodoézè Nà Ofú,Ovttastuvvan gonagasriika,Paratāne,Reeriaght Unnaneysit,Regän Pebalöl,Regatul Unit al Marii Britanii și al Irlandei de Nord,Reginavel Unì,Regne Unit,Regno Unite,Regno Unito,Regnu Unitu,Reialme Unit,Reino Unido,Reino Unito,Renju Unit,Rennu Auniadu,Reyatu Unit,Rouantelezh-Unanet,Royaume-Uni,Ruwvaneth Unys,Spojené království,Spojené kráľovstvo,Stóra Bretland,Storbritannia,Storbritannien,Suurbritannia,Tavetã Joaju,Tótaʼ Dinéʼiʼ Bikéyah,Tuluit Nunaat,Ubwongereza,Ufalme wa Muungano,Ujedinjeno Kraljevstvo,Ujedinjeno Kraljevstvo Velike Britanije i Sjeverne Irske,UK,Umbuso Ohlangeneyo,Unaeted Kingdom,Unionita Rejio,Vereineg Keuninkriek,Vereinigtes Königreich,Verenigde Koninkryk,Verenigd Koninkrijk,Vương quốc Anh,Wayòm Ini,Wielka Brytania,Yhdistynyt kuningaskunta,Yinghgoz,Združeno kraljestvo Velike Britanije in Severne Irske,المملكة المتحدة,بریتانیا,برطانیہ,بريتانيا,بۈيۈك بېرىتانىيە,הממלכה המאוחדת,פאראייניגטע קעניגרייך,Ηνωμένο Βασίλειο,Аслă Британи,Бөекбритания,Бөйөк Британия,Британиа Ду,Велика Британія,Великобритания,Вєлика Британїꙗ,Вялікабрытанія,Их Британи,Йоккха Британи,Обединено кралство Великобритания и Северна Ирландия,Обединето Кралство,Подшоҳии Муттаҳида,Стыр Британи,Уједињено Краљевство,Улуу Британия жана Түндүк Ирландия,Ұлыбритания,Ыджыд Британия,དབྱིན་ཇི་མཉམ་འབྲེལ།,ཡུ་ནའི་ཊེཊ་ཀིང་ཌམ,Միացյալ Թագավորություն,გაერთიანებული სამეფო,युनायटेड किंग्डम,यूनाइटेड किंगडम,संयुक्त अधिराज्य,યુનાઇટેડ કિંગડમ,యునైటెడ్ కింగ్‌డమ్,ਸੰਯੁਕਤ ਬਾਦਸ਼ਾਹੀ,ಯುನೈಟೆಡ್ ಕಿಂಗ್‌ಡಂ,ஐக்கிய இராச்சியம்,യുണൈറ്റഡ് കിങ്ഡം,যুক্তরাজ্য,ယူနိုက်တက်ကင်းဒမ်းနိုင်ငံ,එක්සත් රාජධානිය,英國	relation	62149	boundary	administrative	-3.9614185	55.3670000	4	0.866920563861597					United Kingdom	gb	United Kingdom	-14.0155170	49.6740000	2.0919117	61.0610000	Q145	en:United Kingdom	
Sweden	스웨덴,ስዊድን,ᔅᕗᕆᑭ,ސުވިޑަން,スウェーデン,ସ୍ଵିଡେନ,ស៊ុយអែត,ประเทศสวีเดน,An t-Suain,An tSualainn,Huītene,İsveç,Isvetzia,ISwideni,ISwidi,Iswiidhan,Konungariket Sverige,Rootsi,Ruotsi,Ruoŧŧa,Schweden,Shvetsiya,Soeda,Suecia,Suécia,Suècia,Suède,Suedi,Suedia,Suesia,Suwede,Suwedwesse,Suweed,Suwesya,Suwidsuyu,Svedän,Sveden,Svedia,Švedija,Svédország,Švedska,Švédsko,Svedujo,Svenskit Nunaat,Sverige,Svezia,Svíþjóð,Svøríki,Swêd,Swede,Swedherwyk,Swedi,Swédi,Swedia,Swédia,Şwesiýa,Swídìn,Swiiden,Syèd,Szwecja,Thụy Điển,Uswidi,Widen,Yn Toolynn,Żvezja,Zviedrija,Zwede,Zweden,السويد,سویڈن,سوئد,سويډن,شۋېتسىيە,שבדיה,שוועדן,Σουηδία,Свєньско,Швед,Шведска,Шветсия,Швеци,Швециа,Швеция,Швеція,Швецыя,སི་ཝེ་དེན།,སུའི་ཌན་,Շվեդիա,შვედეთი,स्वीडन,स्वीडेन,સ્વિડન,స్వీడన్,ਸਵੀਡਨ,ಸ್ವೀಡನ್,சுவீடன்,സ്വീഡൻ,সুইডেন,ဆွီဒင်နိုင်ငံ,瑞典	relation	52822	boundary	administrative	15.1871642	62.0924094	4	0.866451274783877					Sweden	se	Sweden	10.5930951	55.1331192	24.1776819	69.0599699	Q34	sv:Sverige	
London	Londen,Londonas,Londono,Londres,Londyn,Lontoo,Luân Đôn,لندن,Λονδίνο,Лондан,Лондон,लंदन,伦敦	relation	65606	place	city	-0.1440551	51.4893334	16	0.865489576540198		London	Greater London	England	United Kingdom	gb	London, Greater London, England, United Kingdom	-0.5103751	51.2867602	0.3340154	51.6918741	Q84	en:London	
Switzerland	スイス,스위스,ስዊዘርላንድ,ސުވިޒަލޭންޑު,ସୁଇଜରଲ୍ୟାଣ୍ଡ,ประเทศสวิตเซอร์แลนด์,An Eilbheis,An Eilbhéis,Elveţia,Helvetia,İsveçrə,İsviçre,Isvìtzera,Iswiizerlaan,ISwizalandi,Jveizän,Nyeiqswq,Schwäiz,Schweiz,Schweizi,Schweiz/Suisse/Svizzera/Svizra,Shveysariya,Shwétsariye,Soisa,Soïssa,Suíça,Suis,Suisa,Suisi,Suisia,Suissa,Suïssa,Suisse,Suitza,Suiza,Suíza,Suwis,Suwisa,Svájc,Švajcarska,Švajčiarsko,Šveica,Šveicarija,Šveice,Sveis,Sveits,Šveits,Sveitsi,Švica,Švicarska,Sviss,Svissia,Svisujo,Svizra,Svizzera,Švýcarsko,Şweýsariýa,Swis,Swis Bikéyah,Swisi,Swîsre,Swiss,Swistir,Swítsàlandì,Switserlân,Switserland,Szwajcaria,Thụy Sĩ,Ubusuwisi,Uswisi,Yn Elveeish,Y Swistir,Zvicra,Żvizzera,Zweitserland,Zwitserland,سویٹزر لینڈ,سوئیس,سويس,سويسرا,שווייץ,שוויץ,Ελβετία,Свицєра,Швајцарија,Швајцарска,Швейтсария,Швейцари,Швейцария,Швейцарія,Швейцарыя,སུད་སི།,སུའིཊ་ཛར་ལེན་,Շվեյցարիա,შვეიცარია,स्विजरल्याण्ड,स्विटजरलैंड,स्विट्ज़रलैंड,स्वित्झर्लंड,સ્વિત્ઝરલેન્ડ,స్విట్జర్లాండ్,ਸਵਿਟਜ਼ਰਲੈਂਡ,ಸ್ವಿಟ್ಜರ್ಲ್ಯಾಂಡ್,சுவிட்சர்லாந்து,സ്വിറ്റ്സര്‍ലാന്റ്,ဆွစ်ဇာလန်နိုင်ငံ,ස්විට්සර්ලන්තය,瑞士	relation	51701	boundary	administrative	8.4449473	46.8133312	4	0.858099623645005					Switzerland	ch	Switzerland	5.9559113	45.8179949	10.4922940	47.8084648	Q39	de:Schweiz	
Europe	Avrupa,Châu Âu,Eoraip,Eropah,Eurooppa,Europa,Európa,Eŭropo,Evropa,Evrópa,Ewropa,Jeropa,Ūropi,Yurop,اروپا,أوروبا,Ευρώπη,Европа,Еўропа,Європа,यूरोप,ಯುರೋಪ್,ஐரோப்பா,欧洲	node	25871341	place	continent	10.0000000	50.9999999	2	0.857101313932408							Europe	10.0000000	50.9999999	10.0000000	50.9999999	Q46	en:Europe	
India	인도,ህንድ,インド,ଭାରତ,ᐃᓐᑎᐊ,ឥណ្ឌា,އިންޑިޔާ,ประเทศอินเดีย,Ấn Độ,An India,Barato,End,Eynda,Hindistan,Hindiston,Hindiya,Hindustan,Igitia,Inde,Índia,Ìndia,Índíà,Indie,Indien,Indija,Indiya,INdiya,Indja,Indjiya,Indland,Indya,Īnia,ʻInitia,’Inītia,Intia,Lindän,Na h-Innseachan,Ndia,Tó Wónaanídę́ę́ʼ Bitsįʼ Yishtłizhii Bikéyah,Ubuhinde,Ubuhindi,Uhindi,Yindu,Yndia,Yn Injey,ڀارت,الهند,بًارت,بھارت,هند,ھىندىستان,אינדיע,הודו,Ινδία,Инди,Индија,Индия,Індія,Індыя,Үндістан,Һиндостан,Һиндстан,Ҳиндустон,Энэтхэг,རྒྱ་གར,རྒྱ་གར།,Հնդկաստան,ინდოეთი,भारत,भारतम्,ભારત,భారత దేశం,ਭਾਰਤ,ಭಾರತ,இந்தியா,ഇന്ത്യ,ভারত,အိန္ဒိယနိုင်ငံ,භාරත ජනරජය,印度	relation	304716	boundary	administrative	79.0221873	21.7616157	4	0.853427515265994					India	in	India	68.1113787	6.5546078	97.3955609	35.6745456	Q668	en:India	
Netherlands	Holandia,Hōrana,Nedän,Nederlân,Nederland,Nederlandene,Nederländerna,Nederlando,Niederlande,Nizozemska,Nizozemsko,Nyderlandai,Paesi Bassi,Países Baixos,Países Bajos,Països Baixos,Pays-Bas,Ολλανδία,Нидерланды,Нідерланди,Холандија,நெதர்லாந்து	relation	47796	boundary	administrative	5.5346073	52.2379890	6	0.85279929223856				Netherlands	The Netherlands	nl	Netherlands	-68.6255319	11.8249999	7.2274985	53.7253321	Q55	nl:Nederland	
Austria	ኦስትሪያ,오스트리아,オーストリア,އޮސްޓްރިއާ,ଅଷ୍ଟ୍ରିଆ,ประเทศออสเตรีย,An Ostair,Áo,Aostria,Aotrisy,Ateria,Austerrike,Austilia,Áustria,Àustria,Austríà,Austrija,Austriya,Aŭstrujo,Austurríki,Ausztria,Auteria,Autriche,Avstrija,Avstriya,Avusturya,Awistriya,Awstiriya,Awstria,Awstrija,Awstriýa,Eastenryk,Éisträich,Estrych,Eysturríki,I-Ostriya,Itävalta,IYosithiya,Lösterän,Nuortariika,Oostenrijk,Oostenryk,Oosteriek,Óóswiya,Ositiriya,Österreich,Österrike,Østerrike,Østrig,Østrigi,Oteriya,Otrich,Otris,Otrish,Rakousko,Rakúsko,Republik Österreich,Yn Austeyr,اتریش,اتريش,آسٹریا,النمسا,ئاۋستىرىيە,אוסטריה,עסטרייך,Αυστρία,Австри,Австрија,Австрия,Австрія,Аѵстрїꙗ,Аустрија,Аустрия Республикасы,Аўстрыя,Утриш,ཨས་ཊི་ཡ,ཨོ་སི་ཐྲི་ཡ།,Ավստրիա,ავსტრია,अष्ट्रीया,आस्ट्रिया,ऑस्ट्रिया,ઑસ્ટ્રિયા,ఆస్ట్రియా,ਆਸਟਰੀਆ,ಆಸ್ಟ್ರಿಯ,ஆஸ்திரியா,ഓസ്ട്രിയ,অস্ট্রিয়া,သြစတြီးယားနိုင်ငံ,ඔස්ට්‍රියාව,奧地利	relation	16239	boundary	administrative	14.7548063	47.6964098	4	0.851846000893278					Austria	at	Austria	9.5307487	46.3722760	17.1607759	49.0205263	Q40	de:Österreich	
Ukraine	ዩክሬን,ウクライナ,우크라이나,ޔުކްރެއިން,ୟୁକ୍ରେନ,អ៊ុយក្រែន,ประเทศยูเครน,An Úcráin,An Ucràin,Ikerene,Ikrèn,IYukhureni,Lukrayän,Oekraïne,Okraina,Oucrinne,Ucraina,Ucraína,Ucraïna,Ucrania,Ucrânia,Ūkareinga,Ukrain,Ukraina,Úkraína,Ukrainia,Ukrainujo,Ukrajina,Ukrajna,Ukranya,Ukrayina,Ukrayn,Ukrayna,Ûkrayna,Ukreen,Ukréìn,Ukyaña,Wcráin,Yn Ookraan,Yóókwein,Yukrain,أوكرانيا,اوکراین,یوکرین,ئۇكرائىنا,אוקראינה,אוקראינע,Ουκρανία,Оукраина,Украинæ,Украина,Украіна,Україна,Украйина,Украйн,Украйна,Украјина,ཨུཀ་རཡི་ནི།,Ուկրաինա,უკრაინა,युक्रेन,યુક્રેન,ఉక్రెయిన్,ਯੂਕ੍ਰੇਨ,ಯುಕ್ರೇನ್,உக்ரைன்,ഉക്രൈൻ,ইউক্রেন,ယူကရိန်းနိုင်ငံ,乌克兰	relation	60199	boundary	administrative	34.0028598	48.2818385	4	0.84928622345796					Ukraine	ua	Ukraine	22.1370589	44.1845980	40.2275801	52.3791472	Q212	uk:Україна	
Belgium	벨기에,ቤልጄም,ቤልጅግ,ベルギー,ބެލްޖިއަމް,ବେଲଜିଅମ,เบลเยียม,បែលហ្ស៉ិក,ປະເທດແບນຊິກ,a' Bheilg,an Bheilg,Beeljiyeem,Belchica,Belçika,Belçîka,Beldjike,Bêleze,Belezi,Belgän,Belgia,Bélgia,Bèlgia,Belgía,Belgica,Bélgica,Bèlgica,Belgicko,Belgie,België,België / Belgique / Belgien,Belgien,Bélgii Bikéyah,Belgija,Bélgija,Beļģija,Belgika,Belgio,Belgique,Bèlgiu,Belgiya,Belgiýa,Belgje,Belgjika,Belġju,Belgujo,Belhika,Bɛliziki,Beljik,Bèljik,Bɛ́ljika,Beljim,Beljiom,Bẹ́ljíọ̀m,Belsch,Belsik,Belsj,Bélxica,Belzika,Berdjiyum,Bỉ,Bilhika,Bilkiya,Bubirigi,Gwlad Belg,i-Belgium,iBhelijiyamu,Koninkrijk België / Royaume de Belgique / Königreich Belgien,Peleseuma,Pelesiume,Peratiamu,Pow Belg,Ubelgiji,Ububiligi,Ububirigi,Velg,Véyhika,بلجیم,بلجئیم,بلجيكا,بلژیک,بېلگىيە,بيلجيم,בֶּלְגְיָה,בעלגיע,Βέλγιο,Белгија,Белгия,Бе́лгия,Бельги,Бельгия,Бе́льгия,Бе́льгія,Бє́лгїѥ,པེར་ཅིན།,བེལ་ཇིཡམ,Բելգիա,ბელგია,बेल्जियम,બેલ્જિયમ,బెల్జియం,ਬੈਲਜੀਅਮ,ಬೆಲ್ಜಿಯಂ,பெல்ஜியம்,ബെൽജിയം,বেলজিয়াম,ဘယ်လ်ဂျီယမ်နိုင်ငံ,බෙල්ජියම්,比利時	relation	52411	boundary	administrative	4.8542695	50.5243338	4	0.847539984396911					Belgium	be	Belgium	2.3889137	49.4969820	6.4080969	51.5516666	Q31	nl:België	
California	캘리포니아,ᑳᓖᐴᕐᓃᐊ,รัฐแคลิฟอร์เนีย,Akééháshį́į́ Hahoodzo,Calafòrnia,Ca Li,Califfornia,Califórnia,Califòrnia,Californie,Californië,Californien,Kalifòni,Kaliforni,Kalifornia,Kalifornía,Kalifornie,Kalifornië,Kalifornien,Kalifornija,Kalifornio,Kaliforniya,Kalifornje,Kaliporniya,Karapōnia,كاليفورنيا,کالیفرنیا,קאליפארניע,קליפורניה,Καλιφόρνια,Калифорни,Калифорнија,Калифорния,Каліфорнія,Կալիֆորնիա,კალიფორნია,कॅलिफोर्निया,कैलिफ़ोर्निया,ಕ್ಯಾಲಿಫೊರ್ನಿಯ,கலிபோர்னியா,കാലിഫോര്‍ണിയ,ক্যালিফোর্নিয়া,加利福尼亚州,カリフォルニア州	relation	165475	boundary	administrative	-120.0251381	37.2702599	8	0.844818372042002				California	United States of America	us	California, United States of America	-124.4820031	32.5295235	-114.1307816	42.0094989	Q99	en:California	
Norway	ނޯވޭ,ନରୱେ,ኖርዌይ,노르웨이,ノルウェー,ประเทศนอร์เวย์,An Iorua,INoki,INoweyi,Kongeriket Norge,Na Uy,Nirribhidh,Noarwegen,Noorweë,Noorwees,Noorwege,Noorwegen,Noreg,Noregur,Norga,Norgagh,Norgän,Norge,Norja,Norlynn,Norra,Norsko,Nórsko,Noruega,Noruveje,Noruwega,Norveç,Norvedje,Norvège,Norvegia,Norvégia,Norvègia,Norvegija,Norvēģija,Norvegiya,Norveġja,Norvegjia,Norvegujo,Norvej,Norveška,Norvezy,Norwêc,Norwegen,Norwegia,Norwégia,Norwegiýa,Norwei,Nọ́rwèy,Norwij,Norwy,Nòvèj,Nōwei,Nozveih,ᓄᕐᒋ/nurgi,Nurvegia,Nurweka,Nurwiga,النرويج,ناروې,ناروے,نروژ,نورۋېگىيە,נארוועגיע,נורבגיה,Νορβηγία,Нарвегія,Норвеги,Норвегия,Норвегія,Норвешка,Норєгъ,ནོ་ཝེ་,ནོར་ཝེ།,Նորվեգիա,ნორვეგია,नर्वे,नार्वे,नॉर्वे,નોર્વે,నార్వే,ਨਾਰਵੇ,ನಾರ್ವೇ,நோர்வே,നോർവെ,নরওয়ে,နော်ဝေနိုင်ငံ,挪威	relation	2978650	boundary	administrative	16.6055824	78.5124025	4	0.843271276104623					Norway	no	Norway	-9.6848147	-54.6540000	34.6891252	81.0280760	Q20	no:Norge	
Norway	ނޯވޭ,ନରୱେ,ኖርዌይ,노르웨이,ノルウェー,ประเทศนอร์เวย์,An Iorua,INoki,INoweyi,Na Uy,Nirribhidh,Noarwegen,Noorweë,Noorwees,Noorwege,Noorwegen,Noreg,Noregur,Norga,Norgagh,Norgän,Norge,Norja,Norlynn,Norra,Norsko,Nórsko,Noruega,Noruveje,Noruwega,Norveç,Norvedje,Norvège,Norvegia,Norvégia,Norvègia,Norvegija,Norvēģija,Norvegio,Norvegiya,Norveġja,Norvegjia,Norvej,Norveška,Norvezy,Norwêc,Norwegen,Norwegia,Norwégia,Norwegiýa,Norwei,Nọ́rwèy,Norwij,Norwy,Nòvèj,Nōwei,Nozveih,ᓄᕐᒋ/nurgi,Nurvegia,Nurweka,Nurwiga,النرويج,ناروې,ناروے,نروژ,نورۋېگىيە,נארוועגיע,נורבגיה,Νορβηγία,Нарвегія,Норвеги,Норвегия,Норвегія,Норвешка,Норєгъ,ནོ་ཝེ་,ནོར་ཝེ།,Նորվեգիա,ნორვეგია,नर्वे,नार्वे,नॉर्वे,નોર્વે,నార్వే,ਨਾਰਵੇ,ನಾರ್ವೇ,நோர்வே,നോർവെ,নরওয়ে,နော်ဝေနိုင်ငံ,挪威	relation	1059668	boundary	administrative	11.5280364	64.5731536	30	0.843271276104623					Norway	no	Norway, Norway	4.0875273	57.7590051	31.7614911	71.3848787	Q20	no:Norge	
Romania	ሮማንያ,루마니아,ルーマニア,ރުމޭނިއާ,ରୋମାନିଆ,ประเทศโรมาเนีย,An Rómáin,Errumania,IRomaniya,Roemeenje,Roemenië,Romaani,Romàinia,Románia,România,Romanía,Románíà,Romaniya,Romanya,Romeinia,Roménia,Romunija,Roumaneye,Roumani,Roumania,Roumanie,Rrumaña,Rumænia,Rumænien,Rumän,Rumania,Rumanía,Rumänien,Rumanija,Rumānija,Rumanujo,Rumanya,Rumeenia,Rumenia,Rúmenía,Ruminiya,Rumıniya,Ruminiye,Rumunia,Rumunija,Rumunjska,Rumunsko,Rumyniýa,Rwmania,Wooméiniya,Woumani,Yn Romaan,رومانی,رومانیہ,رومانیا,رومانيا,רומניה,רומעניע,Ρουμανία,Романија,Роумꙑнїꙗ,Руминия,Румунија,Румунія,Румъния,Румын,Румыни,Румыния,Румынія,རོ་མ་ནི་ཡ།,Ռումինիա,რუმინეთი,रोमानिया,रोमेनिया,રોમાનિયા,రొమేనియా,ਰੋਮਾਨੀਆ,ರೊಮಾನಿಯ,உருமேனியா,റൊമാനിയ,রোমানিয়া,ရိုမေးနီးယားနိုင်ငံ,රුමේනියාව,羅馬尼亞	relation	90689	boundary	administrative	24.3030241	45.9410443	4	0.839309403997746					Romania	ro	Romania	20.2619773	43.6186819	30.0454257	48.2653963	Q218	en:Romania	
Turkey	터키,ቱርክ,ᑐᕒᑭ,トルコ,ତୁର୍କୀ,ތުރުކީވިލާތް,ประเทศตุรกี,An Tuirc,Buturuki,Dujwjgiz,Durka,IThekhi,ITheki,Tākei,Terki,Thổ Nhĩ Kỳ,Tierkei,Tiki,Tirchia,Tirki,Tirkiye,Tʼóok Bikéyah,Torkia,Törökország,Tourkeye,Turchia,Turcia,Turcija,Turčija,Turcja,Turecko,Türgi,Turkaland,Türkän,Türkei,Turki,Turkí,Túrkì,Turkia,Turkiet,Turkija,Turkije,Turkiya,Türkiye,Türkiýe,Türkiyə,Türkiye Cumhuriyeti,Turkiyya,Turkki,Turkujo,Turkye,Turqia,Turquia,Turquía,Turquie,Turska,Turukiya,Tuykia,Twrci,Tyrkia,Tyrkiet,Tyrkland,Uturuki,Yn Turkee,تركيا,تۈركىيە جۇمھۇرىيىتى,ترکی,ترکیه,تورکيه,טורקיה,טערקיי,Τουρκία,Төркиә,Төркия,Тѷрци,Туреччина,Турк,Туркия,Түркия,Түркия Республикасы,Турска,Турци,Турција,Турция,Турцыя,Ҭырқәтәыла,ཏུར་ཀི།,Թուրքիա,თურქეთი,टर्की,तुर्कस्तान,तुर्की,તુર્કસ્તાન,టర్కీ,ਤੁਰਕੀ,ಟರ್ಕಿ,துருக்கி,തുർക്കി,তুরস,တူရကီနိုင်ငံ,තුර්කිය,土耳其	relation	174737	boundary	administrative	35.4495026	39.0520984	4	0.836653441426184					Turkey	tr	Turkey	25.6212890	35.8076803	44.8176637	42.2970000	Q43	tr:Türkiye	
Mexico	멕시코,ሜክሲኮ,ᒦᒃᓰᖂ,メキシコ,މެކްސިކޯ,ମେକ୍ସିକୋ,ម៉ិកស៊ិក,ประเทศเม็กซิโก,IMekisikho,IMekisiko,Mäxikän,Meagsago,Mec'hiko,Megizike,Mehhiko,Méhigo,Mehika,Mehiko,Meicsiceo,Méjiko,Meketiko,Mɛkisiki,Meksico,Meksik,Meksîk,Meksika,Meksiko,Méksiko,Mèksiko,Mẹ́ksíkò,Meksyk,Messico,Mèssico,Messicu,Messiku,Mexic,Mèxic,México,Mexicum,Mexikia,Mexiko,Mexikó,Mexíkó,Mexiqo,Mexique,Mishiku,Mïxiku,المكسيك,مېكسىكا,مکزیک,میکسیکو,מעקסיקא,מקסיקו,Μεξικό,Мексик,Мексикæ,Мексика,Мексико,Мексіка,མེཀ་སི་ཀོ,མེག་སི་ཀོ།,Մեքսիկա,მექსიკა,मेक्सिको,મેક્સિકો,మెక్సికో,ਮੈਕਸੀਕੋ,ಮೆಕ್ಸಿಕೋ,மெக்சிக்கோ,മെക്സിക്കോ,মেক্সিকো,မက္ကဆီကိုနိုင်ငံ,墨西哥	relation	114686	boundary	administrative	-102.2675200	23.5535730	4	0.834807457730147					Mexico	mx	Mexico	-118.5991901	14.3886242	-86.4932661	32.7186552	Q96	es:México	
Argentina	아르헨티나,አርጀንቲና,アルゼンチン,އާޖެންޓީނާ,ອາກຊັງຕີນ,អាហ្សង់ទីន,ଆର୍ଜେଣ୍ଟିନା,อาร์เจนตินา,Agyɛntina,Ajantin,Āketina,an Airgintín,Arc'hantina,Archentina,Ardjentina,Årdjintene,Argentiina,Argentiinná,Arġentina,Argéntina,Argèntina,Argentína,Argentīna,Argẹntínà,Argentine,Argentinia,Argentinië,Argentinien,Argentino,Argentyna,Argentynje,Arghantina,Argjentina,Arhentina,Arhintina,Ariannin,Arigentina,Arijantine,Arjantiin,Arjantiina,Arjantin,Arjentiinaa,Arjentîn,Arjentina,Arjentinia,Arsantin,Arxentina,Arxintina,Arzantîna,ʻAsenitina,Atenitina,’Atetina,Béésh Łigaii Bikéyah,i-Argentina,Largäntän,República Argentina,yn Argenteen,ارجنټاین,ارجنٹائن,أرجَنٹینا,آرژانتین,الأرجنتين,ئارگېنتىنا,ארגנטינה,אַרגענטינע,Αργεντινή,Аргентин,Аргентинæ,Аргентина,Аргенти́на,Аргенці́на,Аржентѝна,ཨར་ཇེན་ཊི་ན,ཨར་ཇེན་ཊི་ན།,Արգենտինա,არგენტინა,अर्जण्टिना,अर्जन्टीना,अर्जेण्टीना,अर्जेन्टिना,अर्जेन्टीना,आर्जेन्टिना,આર્જેન્ટીના,అర్జెంటీనా,ਅਰਜਨਟੀਨਾ,ಅರ್ಜೆಂಟೀನ,அர்கெந்தீனா,അർജന്റീന,আর্জেন্টিনা,আৰ্জেণ্টিনা,အာဂျင်တီးနားနိုင်ငံ,ආජන්ටිනාව,阿根廷	relation	286393	boundary	administrative	-64.3418180	-38.4836215	4	0.834576509093795					Argentina	ar	Argentina	-73.6166667	-55.1850762	-53.6374515	-21.7811680	Q414	es:Argentina	
Portugal	포르투갈,ፖርቱጋል,ポルトガル,ޕޯޗުގަލް,ប្រទេស ព័រទុយហ្គាល់,ପର୍ତ୍ତୁଗାଲ,ประเทศโปรตุเกส,An Phortaingéil,A' Phortagail,Bồ Đào Nha,Bortuqaal,IPhothugali,IPhuthukezi,Mputulukesi,Portegal,Portekiz,Portiwgal,Portogallo,Pôrtogaly,Portsiugar,Portugaal,Portúgal,Portûgal,Pọ́rtúgàl,Portugāle,Portugali,Portugalia,Portugália,Portugalija,Portugaliya,Portugaliýa,Portugaliye,Portugall,Portugallia,Portugallu,Portugalska,Portugalsko,Portugalujo,Portugän,Portuqaliya,Portyngal,Porutigali,Pòtigal,Pōtītī,Potukara,Poytuga,Pulutugal,Purtugal,Purtuwal,República Portuguesa,Ureno,Yn Phortiugal,البرتغال,پرتګال,پرتغال,پرتگال,פארטוגאל,פורטוגל,Πορτογαλία,Партугалія,Портогалїꙗ,Португал,Португали,Португалија,Португалия,Португалія,པོ་ཅུ་གྷལ།,པོར་ཅུ་གལ་,Պորտուգալիա,პორტუგალია,पुर्तगाल,पोर्चुगल,पोर्तुगाल,પોર્ટુગલ,పోర్చుగల్,ಪೋರ್ಚುಗಲ್,போர்த்துகல்,പോർച്ചുഗൽ,পর্তুগাল,ပေါ်တူဂီနိုင်ငံ,පෘතුගාලය,葡萄牙	relation	295480	boundary	administrative	-8.5607918	39.4301247	4	0.834508809490136					Portugal	pt	Portugal	-31.5575304	29.8288021	-6.1891594	42.1543112	Q45	pt:Portugal	
Denmark	덴마크,ዴንማርክ,デンマーク,ޑެންމާކު,ଡେନମାର୍କ,ประเทศเดนมาร์ก,An Danmhairg,Danän,Danemarc,Danemarca,Danemark,Dänemark,Danemarke,Dania,Dánia,Danija,Dānija,Danimarca,Danimarike,Danimarka,Danîmarka,Daniya,Daniýa,Danmaark,Đan Mạch,Danmak,Danmark,Danmarka,Danmarki,Dánmárku,Danmörk,Danska,Dánsko,Dansuyu,Danujo,Déinish Dineʼé Bikéyah,Denemark,Denemarke,Denemarken,Denimaaka,Denmarc,Dénmark,Dẹ́nmárkì,Dinamarca,Dinamarka,IDenimakhi,IDenimaki,Kongeriget Danmark,Ndinamayka,Taani,Tanska,Tenemāka,Yn Danvarg,الدنمارك,دانمارک,دانىيە,ڈنمارک,ډېنمارک,דנמרק,דענמארק,Δανία,Дани,Дания,Данія,Данїꙗ,Данска,དན་མྲག,ཌེན་མཱཀ་,Դանիա,დანია,डेनमार्क,डेन्मार्क,డెన్మార్క్,ಡೆನ್ಮಾರ್ಕ್‌,டென்மார்க்,ഡെന്മാർക്ക്,ডেনমার্ক,ဒိန်းမတ်နိုင်ငံ,ඩෙන්මාර්කය,丹麦	relation	50046	boundary	administrative	9.4580626	56.2010656	4	0.832215312866484					Denmark	dk	Denmark	7.7153255	54.4516667	15.5530640	57.9524296	Q35	da:Danmark	
Finland	핀란드,ፊንላንድ,フィンランド,ފިންލޭންޑު,ଫିନଲ୍ୟାଣ୍ଡ,ประเทศฟินแลนด์,An Fhionlainn,Fenlann,Finalagi,Finilanda,Finilande,Finilandi,Finlaand,Finlan,Finlân,Fînland,Finlanda,Finlande,Finlandi,Finlandia,Finlàndia,Finlândia,Finlândiä,Finlandiya,Finlandja,Finlando,Finlandy,Finlýandiýa,Finnia,Finnland,Finnlando,Finnlynn,Finnország,Finska,Finsko,Fínsko,Hĩlandia,Hinerangi,IFini,IFinlandi,Nahoditsʼǫʼłání,Phần Lan,Phini suyu,Phinsuyu,Pinlandiya,Pow Finn,Somija,Soome,Suòmaidh,Suomen tasavalta,Suomi,Suomija,Suomiyän,Suopma,Ufini,Y Ffindir,فېنلانډ,فنلاند,فنلندا,فن لینڈ,فىنلاندىيە,פינלאנד,פינלנד,Φινλανδία,Соумь,Суоми,Финланд,Финландия,Финлянд,Финлянди,Финляндия,Финска,Фінляндія,Фінляндыя,ཕིན་ལེནཌ་,ཧྥིན་ལན,Ֆինլանդիա,ფინეთი,फ़िनलैंड,फिनलंड,फिनल्याण्ड,फिन्लैंड,ફીનલેંડ,ఫిన్లెండ్,ਫ਼ਿਨਲੈਂਡ,ಫಿನ್‍ಲ್ಯಾಂಡ್,பின்லாந்து,ഫിൻലാന്റ്,ফিনল্যান্ড,ဖင်လန်နိုင်ငံ,ෆින්ලන්තය,芬兰	relation	54224	boundary	administrative	26.9899020	64.7696261	4	0.8293347932322					Finland	fi	Finland	19.0832098	59.4541577	31.5867070	70.0922939	Q33	fi:Suomi	
Hungary	헝가리,ሀንጋሪ,ハンガリー,ހަންގޭރީ,ହଙ୍ଗେରୀ,ประเทศฮังการี,ប្រទេសហុងគ្រី,An Ungair,An Ungáir,Hanekeria,Hángewii,Hongaria,Hongarieë,Hongarije,Hongarye,Hongiriya,Hongria,Hongría,Hongrie,Hungari,Húngárì,Hungaria,Hungarujo,Hungria,Hungría,Hungría - Magyarország,Hungyria,Hunkariya,Hunngariya,Hwngari,IHangareyi,Macarän,Macaristan,Macarıstan,Macartsa,Mađarska,Maďarsko,Madžarska,Magyarország,Mojariston,Ongiri,Ongri,Ongria,Ungari,Ungaria,Ungārija,Ungarn,Ungarni,Ungerija,Ungern,Uŋgár,Unggarya,Ungheria,Ungri,Ungverjaland,Unkari,Unriya,Vengrija,Węgry,Wengriýa,Yn Ungaar,المجر,مجارستان,ۋېنگرىيە,هنګري,אונגארן,הונגריה,Ουγγαρία,Венгри,Венгрия,Венгрыя,Ѫгри,Мадиартәыла,Мадьяр Му,Мађарска,Мажарстан,Маҗарстан,Маҷористон,Угорщина,Унгар,Унгарија,Унгария,ཧུང་གྷ་རི།,Հունգարիա,უნგრეთი,हंगरी,हंगेरी,હંગેરી,హంగేరి,ਹੰਗਰੀ,அங்கேரி,ഹംഗറി,হাঙ্গেরি,ဟန်ဂေရီနိုင်ငံ,හන්ගේරියානු සමුහාණ්ඩුව,匈牙利	relation	21335	boundary	administrative	19.1356823	47.1612473	4	0.829254354529067					Hungary	hu	Hungary	16.1138867	45.7371279	22.8977094	48.5852570	Q28	hu:Magyarország	
Indonesia	ᐄᓅᓯᐊ,인도네시아,ኢንዶኔዥያ,インドネシア,އިންޑޮނޭޝިޔާ,ଇଣ୍ଡୋନେସିଆ,ឥណ្ឌូនេស៊ី,ประเทศอินโดนีเซีย,An Indinéis,An Innd-Innse,Endoneesi,Endonezi,Endonezya,Ênndonezïi,Indoneeshiyaa,Indoneesia,Indonesi,Indonésia,Indonèsia,Indónesía,Indonésíà,Indonésie,Indonesië,Indonesien,Indonesiya,INdonesiya,Indonesya,Indonezeye,Indonezí,Indonezia,Indonézia,Indonezija,Indonēzija,Indonezio,Indoneziya,İndoneziya,Indoneziýa,Indonezja,Indoneżja,Îndonezya,Indoníízha,Indonitsiya,Indunesia,Indunisiya,Indunisya,Indyunisia,Initonīhia,Lindäna-Seänuäns,Yindunizsihya,Yndoneezje,Yn Indoneesh,اندونزی,اندونيزيا,إندونيسيا,انڈونیشیا,ھىندونېزىيە,אינדאנעזיע,אינדונזיה,Ινδονησία,Индонез,Индонези,Индонезија,Индонезия,Інданезія,Індонезія,Їндонисїꙗ,ཨིན་རྡུ་ནི་ཤིས་ཡ།,Ինդոնեզիա,ინდონეზია,इण्डोनेशिया,इंडोनेशिया,ઈંડોનેશિયા,ఇండోనేషియా,ਇੰਡੋਨੇਸ਼ੀਆ,ಇಂಡೋನೇಷ್ಯಾ,இந்தோனேசியா,ഇന്തോനേഷ്യ,ইন্দোনেশিয়া,အင်ဒိုနီးရှားနိုင်ငံ,ඉන්දුනීසියාව,印度尼西亚	relation	304751	boundary	administrative	120.1998098	-2.4959297	4	0.827549909619719					Indonesia	id	Indonesia	94.7717123	-11.2085670	141.0194444	6.2744496	Q252	en:Indonesia	
Africa	África,Àfrica,Afrika,Afríka,Afrîka,Afrikka,Afriko,Afrique,Afryka,an Afraic,Aprika,Āwherika,Châu Phi,Frikop,آفریقا,أفريقيا,אפריקה,Αφρική,Африка,Афрыка,अफ़्रीका,ಆಫ್ರಿಕಾ,ஆப்பிரிக்கா,非洲	node	36966057	place	continent	15.9999997	2.0000003	2	0.826420298593546							Africa	15.9999997	2.0000003	15.9999997	2.0000003	Q15	en:Africa	
Berlin	베를린,በርሊን,ベルリン,เบอร์ลิน,Beirlín,Bèlen,Berleen,Berlien,Berliin,Berliini,Berlijn,Berlim,Berlín,Berlîn,Berlīne,Berlini,Berlino,Berlinu,Berlyn,Berlynas,Berolinum,Stadtstaat Berlin,برلن,برلین,برلين,בערלין,ברלין,Βερολίνο,Берлин,Берлинъ,Берлін,པེ་ལིང་,Բեռլին,ბერლინი,बर्लिन,బెర్లిన్,பெர்லின்,ബെര്‍ലിന്‍,বার্লিন,柏林	relation	62422	boundary	administrative	13.3973711	52.5068829	8	0.822149797630868				Berlin	Germany	de	Berlin, Germany	13.0883500	52.3382600	13.7611600	52.6755100	Q64	de:Berlin	
Israel	이스라엘,እስራኤል,イスラエル,އިސްރާއީލު,ଇସ୍ରାଏଲ,ประเทศอิสราเอล,Iisrael,Iosrael,Isirayeli,Isireli,Israaiil,Israayil,Ísrael,Israèl,Îsraêl,Israël,Israele,Ísráẹ́lì,Israelo,Israil,İsrail,Isra'ila,Israyel,Israyil,Isreyili,Isroil,Iteraer,Izrael,Iżrael,Izraēla,Izraeli,Izraelis,Izrayèl,Ízrel Bikéyah,Ka-Israyeli,Yisraelän,Ysrael,Ysraýyl,اسرائیل,إسرائيل,اسرائيل,ئىسرائىلىيە,ישראל,מדינת ישראל,מדינת ישראל;دولة إسرائيل,Ισραήλ,Гlизраил,Израел,Израиль,Израйль,Исраил,Исроил,Ізраіль,Ізраїль,Їꙁдраил҄ь,ཨི་སི་ར་ཨེལ།,ཨིཛ་རཱེལ་,Իսրայել,ისრაელი,इज़राइल,इजरायल,इस्रायल,इस्रेल,ઈઝરાયલ,ఇజ్రాయిల్,ਇਜ਼ਰਾਇਲ,ಇಸ್ರೇಲ್,இசுரேல்,ഇസ്രയേൽ,ইসরায়েল,အစ္စရေးနိုင်ငံ,ඊශ්‍රායලය,以色列	relation	1473946	boundary	administrative	34.6335839	31.3945739	4	0.821082488045556					Israel	il	Israel	34.2674993	29.4533796	35.8950234	33.3356317	Q801	en:Israel	
Iran	이란,ፋርስ,イラン,އީރާން,ଇରାନ,អ៊ីរ៉ង់,ประเทศอิหร่าน,An Iaráin,Eron,Eýran,Iiraan,I-Irani,Iiwą́ą́,Ioràn,Iraan,Íran,Îran,İran,Irán,Írán,Irāna,Īrāna,Iranas,Irani,Ìránì,Irania,Irano,Iranu,Irán - ایران,Irão,Lirän,Uajemi,Yn Eeraan,إیران,‏ایران‎,ایران,ایٖران,ئىران,איראן,Ιράν,Иран,Ислам Республики Иран,Іран,Эрон,ཡི་ལང་།,ཨི་རཱན་,Իրան,ირანი,इराण,इरान,ईरान,ઈરાન,ఇరాన్,ਇਰਾਨ,ಇರಾನ್,ஈரான்,ഇറാൻ,ইরান,အီရန်နိုင်ငံ,ඉරානය,伊朗	relation	304938	boundary	administrative	54.1688344	32.3141414	4	0.816720190863684					Iran	ir	Iran	44.0318907	24.8465102	63.3332703	39.7816502	Q794	fa:ایران	
Czechia	체코,ቼክ ሪፐብሊክ,ޗެކް ޖުމްހޫރިއްޔާ,チェコ,ଚେକ ରିପବ୍ଲିକ,สาธารณรัฐเช็ก,An tSeic,An t-Seic,Čeahkka,Cechia,Cehia,Čehija,Çehiýa,Ĉeĥujo,Çek Cumhuriyeti,Čekija,Cekiya,Céko,Češka,Češka Republika,Česká republika,Česko,Çexiya,Chek Bikéyah,Chekia,Cheko,Chequia,Chexiya,Chiksuyu,Cộng hòa Séc,Csehország,Czech Republic,Czechs Republic,Czechy,Gweriniaeth Tsiec,ITsheki,Jamhuuriyadda Tashik,Kekkia,Komara Çekî,Pow Chek,Réewum Cek,Repiblik tchèk,Repubblica Ceca,Repubblika Ċeka,Republica Chec,Republica Checa,República Checa,Republica Chèca,Republika Çeke,Republikang Tseko,Republik Ceko,Republik Czech,Republíki Sheki,République tchèque,Ripubrikin Tsiek,Shekhi,Tcheca,Tchechia,Tchekia,Tchéquie,Tékkland,Tīekia,Tjeckien,Tjekkia,Tjekkiet,Tschechien,Tšehhi,Tsẹ́kì Olómìnira,Tšekki,Tsjechië,Tsjechje,Tsjeggië,Tsjekkia,Tsyegän,Txekia,Txèquia,Ucheki,Yn Phobblaght Çheck,التشيك,جمهوری چک,چېخ جۇمھۇرىيەتى,چېک جمهوريت,چیک جمہوریہ,טשעכיי,צכיה,Τσεχία,Бүгд Найрамдах Чех Улс,Чехи,Чехиа,Чехия,Чехія,Чех Республики,Чешка,Чешката република,Чєшьско,Чэхія,ཅེ་ཁེ།,ཅེཀ་རི་པབ་ལིཀ་,Չեխիա,ჩეხეთი,चेक गणतन्त्र,चेक गणराज्य,चेक प्रजासत्ताक,ज़ेक् रिपब्लिक,చెక్ రిపబ్లిక్,ਚੈੱਕ ਗਣਰਾਜ,ಜೆಕ್ ಗಣರಾಜ್ಯ,செக் குடியரசு,ചെക്ക്‌ റിപ്പബ്ലിക്ക്‌,চেক প্রজাতন্ত্র,ချက်သမ္မတနိုင်ငံ,捷克	relation	51684	boundary	administrative	15.5281185	49.8037838	4	0.814362883567314					Czech Republic	cz	Czechia	12.0905900	48.5518082	18.8592160	51.0557036	Q213	en:Czech Republic	
Moscow	モスクワ,Maskva,Moscou,Moskau,Moskou,Moskova,Moskva,Moskvo,Moskwa,Масква,Москва	relation	102269	boundary	administrative	37.3561001	55.5498750	8	0.812316290384526				Central Federal District	Russia	ru	Moscow, Central Federal District, Russia	36.8031012	55.1421745	37.9674276	56.0212237	Q649	ru:Москва	
Scotland	Alba,Bro-Skos,Écosse,Escocia,Escócia,Escòcia,Eskozia,Koterana,Nalbin,Schotland,Schottland,Scotia,Scozia,Skócia,Skotän,Skotia,Škotija,Skotlân,Skotlando,Skotlanti,Škotska,Škótsko,Skottland,Szkocja,Yr Alban,إسكتلندا,Шатландыя,Шотландия	relation	58446	boundary	administrative	-4.8111563	57.7475000	8	0.810231088940579				Scotland	United Kingdom	gb	Scotland, United Kingdom	-14.0155170	54.4339903	-0.3209222	61.0610000	Q22	en:Scotland	
Egypt	ግብጽ,ግብፅ,이집트,މިޞްރު,エジプト,ອີຢິບ,ଇଜିପ୍ଟ,អេហ៊្សីប,ประเทศอียิปต์,Aegyptus,Aehciz,Ägypten,Ai Cập,’Aifiti,Aikupito,An Éigipt,An Èipheit,Echipto,Edjipe,Edzipti,Egepeta,Egipat,Egipt,Egipta,Egiptas,Egipte,Ēģipte,Ẹ́gíptì,Egiptia,Egipto,Egiptujo,Egiptus,Egito,Egitto,Egittu,Eġittu,Egjipti,Egyiptom,Egypta,Egyptaland,Egypte,Égypte,Egypten,Egypti,Egypto,Egypt مصر,Ehipto,Ejip,Ejipt,Ejipta,Ejipte,Ejyp,Exipto,Gibita,Idjipt,iGibhithe,Igyipt,Ihiptu,Ííjip,Ijiipti,Ijipta,ʻIsipite,Isipt,Kâmitâ,Lägüptän,Masar,Mesir,Misir,Mısır,Misiri,Misr,Misra,Misri,Müsür,Yn Egypt,Yr Aifft,جمهورية مصر العربية,مِسر,مصر,مىسىر,מצרים,עגיפטן,Αίγυπτος,Египат,Египет,Еги́пет,Егі́пет,Єги́пет,Єгѷптъ,Мисар,Миср,Мисы́р,Мы́сры,Мысыр,ཨའི་ཅི།,Եգիպտոս,ეგვიპტე,इजिप्त,ईजिप्ट,ईजिप्तदेशः,मिश्र,मिस्र,ઇજિપ્ત,ఈజిప్టు,ਮਿਸਰ,ಈಜಿಪ್ಟ್,எகிப்து,ഈജിപ്ത്,ইজিপ্ত,মিশর,အီဂျစ်နိုင်ငံ,ඊජීප්තුව,埃及	relation	1473947	boundary	administrative	29.6155600	26.9182362	4	0.806102210907506					Egypt	eg	Egypt	24.6499112	21.9999975	37.1153517	31.8330854	Q79	ar:مصر	
Bulgaria	불가리아,ቡልጋሪያ,ブルガリア,ބަލްގޭރިއާ,ବୁଲଗାରିଆ,บัลแกเรีย,ປະເທດບູນກາລີ,an Bhulgáir,Bálgaa Bikéyah,Balgaria,Bilgari,Biolgaria,Bolgarija,Bölgarije,Bolgariya,Bolgariýa,Bolqarıstan,Borgeriya,Bugarska,Bulgaari,Bulgaaria,Bulgàiria,Bulgairiya,Bulgarän,Bulgåreye,Bulgari,Bułgaria,Bulgária,Bulgària,Búlgaría,Bùlgáríà,Bulgarie,Bulgarien,Bulgarija,Bulgārija,Bulgarije,Bulgaristan,Bulgariya,Bulgarujo,Bulgarya,Bulgarye,Bulgeeriyaa,Bulharsko,Bulkariya,Bullgaria,Bultalia,Bulugarïi,Bulugariya,Bwlgaria,iBhulgariya,IBulgariya,Purukāria,Vugaria,yn Vulgeyr,بلغاریہ,بلغاریا,بلغارستان,بلغاريا,بلغاريه,بۇلغارىيە,בולגאַריע,בּוּלְגַרְיָה,Βουλγαρία,Балга́рыя,Блъгарїꙗ,Болгар,Болгари,Болга́ри,Болга́риа,Болгария,Болга́рия,Болга́рія,Бугарија,Бугарска,Булғористон,Бълга̀рия,Пăлхарĕ,Репу̀блика Бълга̀рия,པུ་ར་ག་རི་ཡ།,Բուլղարիա,ბულგარეთი,बल्गेरिया,बुल्गारिया,बुल्गेरिया,બલ્ગેરિયા,బల్గేరియా,ਬੁਲਗਾਰੀਆ,ಬಲ್ಗೇರಿಯ,பல்கேரியா,ബൾഗേറിയ,বুলগেরিয়া,ဘူလ်ဂေးရီးယားနိုင်ငံ,බල්ගේරියාව,保加利亚	relation	186382	boundary	administrative	25.3361996	42.7257215	4	0.804207251896118					Bulgaria	bg	Bulgaria	22.3571458	41.2353929	28.8875408	44.2162875	Q219	bg:България	
Croatia	ክሮኤሽያ,クロアチア,크로아티아,ކުރޮއޭޝިއާ,କ୍ରୋଏସିଆ,ประเทศโครเอเชีย,An Chróit,Chorvatsko,Chorvátsko,Chorwacja,Croacia,Cròacia,Croácia,Croàcia,Croàisia,Croația,Croatie,Croatzia,Croazia,Crowaceye,Gwzlozdiya,Hırvatistan,Horvaatia,Horvātija,Horvátország,Horwatiýa,Hrvaška,Hrvatska,Hurwatsuyu,IKhuroshiya,Koroātia,Korowatiya,Korwaasi,Kroaasje,Kroacia,Kroaitsiya,Kroasän,Kroasi,Kroasia,Kroasië,Kroasïi,Kroasya,Kroati,Kroatia,Króatía,Kroatíà,Kroatië,Kroatien,Kroatija,Kroatujo,Kroatya,Kroazia,Kroazja,Kwóóʼad Bikéyah,Kyoasia,Republika Hrvatska,Xorvatiya,Yn Chroit,كرواتيا,كرودىيە,کرواسی,کروشیا,کروواسيا,קראאטיע,קרואטיה,Κροατία,Харватыя,Хорват,Хорвати,Хорватиа,Хорватия,Хорватія,Хрватска,Хръватьска,Хърватия,ཁུརོ་ཤི་ཡ།,Խորվաթիա,ხორვატია,क्रोएशिया,ક્રોએશિયા,క్రొయేషియా,ਕ੍ਰੋਏਸ਼ੀਆ,ಕ್ರೊಯೆಶಿಯ,குரோவாசியா,ക്രൊയേഷ്യ,ক্রোয়েশিয়া,ခရိုအေးရှားနိုင်ငံ,克羅地亞	relation	214885	boundary	administrative	15.1338113	44.3665630	4	0.803577387927062					Croatia	hr	Croatia	13.2104813	42.1765992	19.4470842	46.5550289	Q224	en:Croatia	
Logo		relation	3716089	boundary	administrative	9.2074675	7.6671712	12	0.800127009071612			Logo	Benue	Nigeria	ng	Logo, Benue, Nigeria	9.0195141	7.4412470	9.4528322	7.8866310	Q1886349	en:Logo	
Slovakia	ስሎቫኪያ,スロバキア,슬로바키아,ސުލޮވާކިއާ,ସ୍ଲୋଭାକିଆ,ประเทศสโลวาเกีย,An t-Slòbhac,An tSlóvaic,Elovakia,Eslobakya,Eslovakia,Eslovaquia,Eslováquia,Eslovàquia,Eslowaaki,Horowākia,Islofaakiya,ISlovaki,Isluwakya,Silovakhi,Silovakiya,Sllovakia,Słóbaʼ Bikéyah,Slofacia,Slofákíà,Slovacchia,Slovachia,Slovacia,Slovačka,Slovaki,Slóvakía,Slovakien,Slovakiet,Slovakija,Slovākija,Slovakiya,Slovakiyän,Slovakkia,Slovakkja,Slovakujo,Slovakya,Slovaquie,Slovaška,Slovenská republika,Slovensko,Słowacja,Slowakei,Slowakia,Slowakieë,Slowakije,Slowakiýa,Slowakye,Sluvacchia,Szlovákia,Yn Clovack,اسلواکی,سلوۋاكىيە,سلواکيا,سلوفاكيا,سلوواکیہ,סלאוואקיי,סלובקיה,Σλοβακία,Славакія,Словак,Словаки,Словакия,Словачка,Словаччина,Словѣньско,སི་ལོ་ཕ་ཁེ།,Սլովակիա,სლოვაკეთი,स्लोभाकिया,स्लोवाकिया,स्लोव्हाकिया,સ્લોવાકિયા,சிலோவாக்கியா,സ്ലോവാക്യ,স্লোভাকিয়া,ဆလိုဗားကီးယားနိုင်ငံ,斯洛伐克	relation	14296	boundary	administrative	19.6367942	48.6726975	4	0.799109071032176					Slovakia	sk	Slovakia	16.8331890	47.7314285	22.5657100	49.6138161	Q214	sk:Slovensko	
Chile	ቺሌ,チリ,칠레,ޗިލީ,ଚିଲି,ประเทศชิลี,An tSile,An t-Sile,Chíilii,Chili,Chilia,Cilän,Cile,Čile,Čīle,Čilė,Ċili,Çili,Ĉilio,Hiri,IShile,Jili,Kili,Kilia,Shili,Síle,Şîle,Sili,Şili,Sily,Tchili,Tšiili,Tsílè,Tsire,Txile,Xile,Yn Çhillee,تشيلي,چلی,چېلي,چىلى,شیلی,טשילע,צ'ילה,Χιλή,Чиле,Чили,Чилі,Чылі,ཅི་ལི།,Չիլի,ჩილე,चिली,चिले,ચીલી,చిలీ,ਚਿਲੇ,ಚಿಲಿ,சிலி,ചിലി,চিলি,ချီလီပြည်သူ့သမ္မတနိုင်ငံ,චිලි ජනරජය,智利	relation	167454	boundary	administrative	-72.4583539	-36.8387295	4	0.79744086701774					Chile	cl	Chile	-109.6795789	-56.7250001	-66.0753474	-17.4983998	Q298	es:Chile	
Philippines	필리핀,ፊሊፒንስ,フィリピン,ފިލިޕީންސް,ហ្វីលីពីន,ଫିଲିପାଇନ୍ସ,ประเทศฟิลิปปินส์,Eben Piripin,Feihlizbinh,Filibiin,Filipaina,Filipenes,Filipiene,Filipiin,Filipiinid,Filipijnen,Filipin,Filîpîn,Filipina,Filipinai,Filipinak,Filipinas,Filipīnas,Filipine,Filipinen,Filipines,Filipinet,Filipinez,Filipini,Filipîni,Filipínì,Filipinler,Filipinoj,Filipiny,Filipíny,Filipinys,Filippiinit,Filippiinnat,Filippin,Filippinane,Filippine,Filippinene,Filippinerna,Filippinerne,Filippinler,Filippseyjar,Filippyne,Filipsoyggjar,Filipuäns,Fülöp-szigetek,IFiliphayi,Kéyah Dańlíinii,Na h-Eileanan Filipineach,Na hOileáin Fhilipíneacha,Ny h-Ellanyn Philippeenagh,Philipinakuna,Philippinae,Philippinas,Philippinen,Pilipina,Pilipinas,Repúblika ng Pilipinas,Ufilipino,الفلبين,فلپائن,فیلیپین,فلېپين,فىلىپپىن,הפיליפינים,פיליפינען,Φιλιππίνες,Филипини,Филиппин,Филиппиндер,Филиппиннар,Филиппинтæ,Филиппинъяс,Филиппины,Філіпіны,Філіппіни,ཧྥི་ལི་པིན།,Ֆիլիպիններ,ფილიპინები,कलिंगद्वीप,फिलिपाईन्स,फिलिपिन्स,फ़िलीपीन्स,ફીલીપાઈન્સ,ఫిలిప్పీన్స్,ਫ਼ਿਲਪੀਨਜ਼,ಫಿಲಿಪ್ಪೀನ್ಸ್,பிலிப்பீன்சு,ഫിലിപ്പീൻസ്,ফিলিপাইন,ဖိလစ်ပိုင်နိုင်ငံ,පිලිපීනය,菲律賓	relation	443174	boundary	administrative	122.4831733	12.7630930	4	0.79571487783214					Philippines	ph	Philippines	114.0952145	4.2158063	126.8072562	21.3217806	Q928	en:Philippines	
Colombia	콜롬비아,ኮሎምቢያ,コロンビア,ކޮލަންބިއާ,କଲୋମ୍ବିଆ,កូឡុំប៊ី,ประเทศโคลอมเบีย,An Cholóim,Coloimbia,Colómbia,Colòmbia,Colômbia,Colombie,Columbia,IKolombiya,IsiColombia,Kolámbiya,Kolombi,Kolombia,Kolómbia,Kòlómbìà,Kolombio,Kolombiya,Kolombja,Kolonbi,Kolonbia,Koloombi,Kolumbän,Kolumbia,Kólumbía,Kolumbie,Kolumbien,Kolumbija,Kolumbiya,Korombiya,Kulumbya,Kuluwya,República de Colombia,Yn Cholombey,كولومبيا,كولومبىيە,کلمبیا,کولمبیا,קאלאמביע,קולומביה,Κολομβία,Калумбія,Колумб,Колумби,Колумбија,Колумбия,Колумбия Республикасы,Колумбія,Кулумбия,ཀོ་ལོམ་བི་ཡ,ཁོ་ལོམ་བི་ཡ།,Կոլումբիա,კოლუმბია,कोलम्बिया,कोलोम्बिया,कोलंबिया,કોલમ્બિયા,కొలంబియా,ਕੋਲੰਬੀਆ,ಕೊಲೊಂಬಿಯ,கொலொம்பியா,കൊളംബിയ,কলম্বিয়া,ကိုလံဘီယာနိုင်ငံ,哥伦比亚	relation	120027	boundary	administrative	-72.7709916	4.2155060	4	0.793685623673027					Colombia	co	Colombia	-82.1243666	-4.2316873	-66.8511907	16.0571269	Q739	es:Colombia	
Vienna	빈,Beč,Dunaj,Viên,Viena,Vienne,Wenen,Wiedeń,Wien,Вена	relation	109166	boundary	administrative	16.3712159	48.2202097	8	0.791446817053807				Vienna	Austria	at	Vienna, Austria	16.1818310	48.1179068	16.5775131	48.3226679	Q1741	de:Wien	
Asia	아시아,Aasia,Aazje,an Áise,Ásia,Àsia,Asía,Asie,Asien,Asya,Azia,Ázia,Azië,Azija,Azio,Azja,Ázsia,Châu Á,Siyop,آسیا,آسيا,Ασία,Азија,Азия,Азія,एशिया,ಏಷ್ಯಾ,亚洲	node	36966065	place	continent	103.9999997	56.0000002	2	0.790991182507305							Asia	103.9999997	56.0000002	103.9999997	56.0000002	Q48	en:Asia	
Slovenia	ስሎቬኒያ,スロベニア,슬로베니아,ސުލޮވީނިއާ,ସ୍ଲୋଭେନିଆ,ประเทศสโลวีเนีย,An tSlóivéin,Eloveña,Eslobenya,Eslovenia,Eslovénia,Eslovènia,Esloweeni,Horowinia,Isloveeniya,Islovènia,Isluwinya,Republika Slovenija,Siloveni,Siloveniya,Sllovenia,Słobíín Bikéyah,Slofenia,Sloféníà,Sloibhìnia,Sloveenia,Sloveenje,Sloveni,Slovénia,Slóvenía,Slovénie,Slovenië,Slovenien,Slovenija,Slovėnija,Slovēnija,Sloveniya,Sloveniyän,Slovenja,Slovenujo,Slovenya,Slovinsko,Słowenia,Slowenië,Slowenien,Sloweniýa,Slowéniye,Sluvenia,Szlovénia,Tsirobeniya,Yn Clovean,اسلوونی,سلوفينيا,سلووانیا,سلووینیا,סלאוועניע,סלובניה,Σλοβενία,Їллѷрїиска Словѣнїꙗ,Славенія,Словен,Словени,Словенија,Словения,Словенія,སི་ལོ་ཝེ་ནི་ཡ།,Սլովենիա,სლოვენია,स्लोभेनिया,स्लोवीनिया,स्लोवेनिया,स्लोव्हेनिया,સ્લોવેનિયા,స్లోవేనియా,சுலோவீனியா,സ്ലൊവീന്യ,স্লোভেনিয়া,ဆလိုဗေးနီးယားနိုင်ငံ,斯洛文尼亞	relation	218657	boundary	administrative	14.6263257	46.1490345	4	0.790961994176904					Slovenia	si	Slovenia	13.3754696	45.4214241	16.5967701	46.8766815	Q215	sl:Slovenija	
New Zealand	ኒው ዚላንድ,뉴질랜드,ނިއުޒިލޭންޑު,ニュージーランド,នូវែលសេឡង់,ປະເທດນູແວນ ເຊລັງ,ନିଉଜିଲ୍ୟାଣ୍ଡ,ประเทศนิวซีแลนด์,An Nua-Shéalainn,Aotearoa,Çĕнĕ Зеланди,INyuzilandi,Jaunzēlande,Mordir Nowydh,Musuq Silanda,Naujoji Zelandija,Neiséiland,Neuseeland,New Zealand/Aotearoa,Nieu-Seeland,Nieuw-Zeeland,Nij-Seelân,Niu Djiran,Niu Sila,Niu Zilan,Noua Zeelandă,Nouvelle-Zélande,Nouvèl Zelann,Nouve Zelande,Nova Zelanda,Nòva Zelanda,Nova Zelandia,Nova Zelândia,Nova Zelandija,Nova-Zelando,Nove Zelanda,Novi Zeland,Nový Zéland,Nov-Zeland,Nov-Zelando,Nowa Zelandia,Nueva Zelanda,Nui-Zieland,Nula-Seleäns,Nuova Zelanda,Nuveli Zelande,Nû Zelenda,Nya Zeeland,Nýja-Sjáland,Nýsæland,Ođđa-Selánda,Saen Saelanz,Sealainn Nuadh,Seland-Gu-Bees,Selandia Anyar,Sélandia Anyar,Selandia Baru,Seland Newydd,Täze Zelandiýa,Új-Zéland,Uusi-Seelanti,Uus-Meremaa,Yangi Zelandiya,Yeni Zelanda,Yeni Zelandiya,Yn Teelynn Noa,Zeelanda Berria,Zelanda e Re,Zeland-Nevez,نیوزیلند,نیوزی لینڈ,نيوزيلندا,يېڭى زېلاندىيە,ניו זילאנד,ניו זילנד,Νέα Ζηλανδία,Выль Зеландия,Жаңа Зеландия,Зеландияи Нав,Нова Зеландия,Нова Зеландія,Новая Зеландия,Новая Зеландыя,Нов Зеланд,Нови Зеланд,Ног Зеланди,Шинэ Зеланд,Яңа Зеландия,Яңы Зеландия,ནིའུ་ཛི་ལེན་ཌི།,ནིའུ་ཛི་ལེནཌ་,Նոր Զելանդիա,ახალი ზელანდია,न्यूज़ीलैण्ड,न्यू-जीलैंड,न्यू जील्याण्ड,न्यू झीलँड,న్యూజీలాండ్,ਨਿਊਜ਼ੀਲੈਂਡ,ನ್ಯೂ ಜೀಲ್ಯಾಂಡ್,நியூசிலாந்து,ന്യൂസീലൻഡ്,নিউজিল্যান্ড,နယူးဇီလန်နိုင်ငံ,新西兰	relation	556706	boundary	administrative	174.1572406	-40.9587973	4	0.789950004578922					New Zealand	nz	New Zealand	165.5533714	-52.8213687	-175.5414220	-29.0303303	Q664	en:New Zealand	
Tokyo	도쿄 도,Tokio,Tóquio,Токио,Токіо,東京都	relation	1543125	boundary	administrative	139.2947745	34.2255804	8	0.789852179415468				Tokyo	Japan	jp	Tokyo, Japan	135.8536854	20.2145810	154.2055410	35.8984245	Q1490	ja:東京都	
Peru	ፔሩ,ᐱᕉ,페루,ޕެރޫ,ペルー,ପେରୁ,ประเทศเปรู,IPheru,Pearù,Peiriú,Periw,Peró,Perou,Pérou,Péru,Perú,Perù,Perû,Perũ,Perū,Peruja,Peruo,Peruu,Peruvän,Peruvia,Pewou,Piruw,República del Perú,Yn Pheroo,بيرو,پېرۇ,پرو,پیرو,پيرو,פערו,פרו,Περού,Перу,པེ་རུ།,Պերու,პერუ,पेरु,पेरू,પેરુ,పెరూ,ਪੇਰੂ,ಪೆರು,பெரு,പെറു,পেরু,ပီရူးနိုင်ငံ,පේරූ,秘鲁	relation	288247	boundary	administrative	-76.2775464	-10.1399415	4	0.787645392341341					Peru	pe	Peru	-84.6356535	-20.1984472	-68.6519906	-0.0392818	Q419	es:Perú	
Ireland	아일랜드,ໄອແລນ,አየርላንድ,អៀរឡង់,アイルランド,އަޔަލޭންޑުގެ ޖުމްހޫރިއްޔާ,ଆୟରଲ୍ୟାଣ୍ଡ,สาธารณรัฐไอร์แลนด์,ʻAealani,Aereland,Airangi,Airija,Aiwjlanz Gunghozgoz,Ayalan,Ayalandi,Ayrlaand,Bitsiighaʼ Łichííʼí Bikéyah,Éire,Èirinn,Hibernia,Ierlân,Ierland,i-Ireland,Iirimaa,Ilanda,Ilandia,Ilann,Irelandɛ,Ireland nutome,Īrija,Irilande,Irilandi,Irland,Írland,Îrland,Irlanda,İrlanda,Irlánda,Irlande,Irlânde,Irlandë,Irlandi,Irlandia,Irlandiya,İrlandiya,Irlandiýa,Irlando,Irlandy,Irlannda,Irlanti,Írország,Irska,Irsko,Írsko,Iwerddon,Iwerzhon,IYalendi,Lireyän,Nerin,Orílẹ́ède Ailandi,Repoblek Wordhen,Republica d'Irlanda,Republic of Ireland,Republik Irlandia,Ripubrikit Airerand,ایرلند,اَیَرلینٛڑ,آئرلینڈ,أيرلندا,د آيرلېنډ جمهوريت,אירלאנד,אירלנד,Ιρλανδία,Єирь,Ирланд,Ирланди,Ирланди Республики,Ирландия,Ирска,Ірландія,Ірландыя,Ҷумҳурии Ирландия,ཨ་ཡར་ལནཌ།,ཨཱ་ཡ་ལེནཌ,Իռլանդիա,ირლანდია,आइरल्याण्ड,आयरलैंड,आयर्लंड,આયર્લેંડ,ఐర్ లాండ్,ಐರ್ಲೆಂಡ್,அயர்லாந்து,അയർലാൻഡ്,আয়ার্লণ্ড,အိုင်ယာလန်,අයර්ලන්තය,愛爾蘭	relation	62273	boundary	administrative	-8.1227485	53.4294999	4	0.787260063875608					Ireland	ie	Ireland	-11.0133788	51.2219999	-5.6582363	55.6360000	Q27	en:Republic of Ireland	
Malaysia	ማሌዢያ,マレーシア,말레이시아,މެލޭޝިޔާ,ମାଲେସିଆ,ម៉ាឡេស៊ី,ປະເທດມາເລເຊຍ,ประเทศมาเลเซีย,An Mhalaeisia,IMaleshiya,Majlaizsihya,Malaesia,Malaezia,Malaidhsia,Malaisia,Malàisia,Malaisie,Malaizia,Malaizija,Malajsie,Malajzia,Malajzio,Malasia,Malásia,Malasía,Malasya,Malaysi,Malaysiya,Malaysiyän,Malayziya,Malaýziýa,Malażja,Maleesi,Maleisia,Maleisië,Maléízha,Maleizje,Malesia,Malesiya,Malezi,Malezïi,Malezija,Malezja,Malezya,Maraidja,Marēhia,Yn Valaysia,مالايسىيا,مالزی,ماليزيا,ملائیشیا,מאלייזיע,מלזיה,Μαλαισία,Малайз,Малайзи,Малайзия,Малайзія,Малезија,མ་ལ་ཤི་ཡ།,མ་ལེ་ཤི་ཡ་,Մալազիա,მალაიზია,मलयेशिया,मलेशिया,મલેશિયા,మలేషియా,ਮਲੇਸ਼ੀਆ,ಮಲೇಶಿಯ,மலேசியா,മലേഷ്യ,মালয়েশিয়া,မလေးရှားနိုင်ငံ,马来西亚	relation	2108121	boundary	administrative	101.8721699	3.9738696	4	0.786411489993041					Malaysia	my	Malaysia	98.9372144	0.8538209	119.4390875	7.5111988	Q833	en:Malaysia	
South Africa	ደቡብ አፍሪካ,ދެކުނު އެފްރިކާ,남아프리카,ଦକ୍ଷିଣ ଆଫ୍ରିକା,แอฟริกาใต้,ອາຟະລິກາໃຕ້,អាព្រិក​ភាគ​ខាង​ត្បូង,Abĩrika Kusini,Afelika ya Sudi,Aferika Borwa,ʻAfilika tonga,Afirka ta Kudu,Afraga a Deas,Africa Australis,Africa dal Sid,Africa del Sud,Africa de Sud,África do Sul,Afrig gu Bëj-saalum,Afrika Anaafo,Afrika Atsimo,Afrika Borwa,Afrika Dhyhow,Afrika-Dzonga,Afrika e Jugut,Afrika Kidul,Afrika Kusini,Afrîka-Mbongo,Afrika Selatan,Afrika t’Isfel,Afrîkaya Başûr,Afrik bŋ Worgo,Afrik disid,Afrique du Sud,Afurika Tshipembe,Afurika y'Epfo,Afurika y’Epfo,An Afraic Theas,Anyiehe Afrika nutome,Āwherika-ki-te-tonga,Cənub Afrika,De Affrica,Dél-Afrika,Dienvidāfrika,Etelä-Afrikka,Güney Afrika,Günorta Afrika,Gúúsù Áfríkà,Hegoafrika,iNingizimu Afrika,INingizimu Afrika,Janubiy Afrika,Jihoafrická republika,Južna Afrika,Južná Afrika,Kéyah Naakai Łizhinii Bikéyah Shádiʼááhjí Siʼánígíí,Koonfur Afrika,Lõuna-Aafrika,Lulli-Afrihká,Nam Phi,Nonne-Afrike,Pietų Afrika,Republic of South Africa,Republika Południowej Afryki,Sawusafirika,Sidafríka,Sør-Afrika,Suafrika,Sudafrica,Sud-Africa,Sudáfrica,Sudàfrica,Sud-àfrica,Sud-Afrika,Súd-Afrika,Südafrika,Sud-Afriko,Suðurafrika,Suður-Afríka,Suid-Afrika,Sulüdafrikän,Sydafrika,Timog Aprika,uMzantsi Afrika,Urin Aphrika,Worodugu Afriki,Yn Affrick Yiass,Yvyafrika,Zuid-Afrika,Zuud-Afrika,آفریقای جنوبی,جەنۇبىي ئافرىقا,جنوبی افریقہ,جَنوٗبی اَفریٖکا,جنوب أفريقيا,سویلي افریقا,דרום אפריקה,דרום אפריקע,Νότια Αφρική,Африкаанс тили,Африқои Ҷанубӣ,Јужна Африка,Кăнтăр Африка,Көньяк Африка,Къилба-Африкин Республика,Лунвыв Африкаса Республика,Өмнөд Африк,Оңтүстік Африка,Паўднёва-Афрыканская Рэспубліка,Південна Африка,Хуссар Африкæйы,Южна Африка,Южная Африка,སཱའུཐ་ ཨཕ་རི་ཀ,ལྷོ་ ཨཕྲི་ཀ།,Հարավային Աֆրիկա,სამხრეთ აფრიკა,दक्षिण अफ्रिका,दक्षिण अफ़्रीका,दक्षिण-आफ्रिका,દક્ષિણ આફ્રિકા,దక్షిణ ఆఫ్రికా రాజ్యం,ਦੱਖਣੀ ਅਫ਼ਰੀਕਾ,ದಕ್ಷಿಣ ಆಫ್ರಿಕಾ,தென் ஆப்பிரிக்கா,ദക്ഷിണാഫ്രിക്ക,দক্ষিণ আফ্রিকা,တောင်အာဖရိက,දකුණු අප්‍රිකාව,南アフリカ,南非	relation	87565	boundary	administrative	24.0868069	-28.5794088	4	0.786382433709693					South Africa	za	South Africa	16.3335212	-47.1788335	38.2898954	-22.1250302	Q258	en:South Africa	
Pennsylvania	펜실베이니아,Commonwealth of Pennsylvania,Pennsilvania,Pennsilvània,Pennsilvanië,Pennsilvaniya,Pennsylvani,Pennsylvanía,Pennsylvania suyu,Pennsylvanie,Pènsilvani,Pensilvania,Pensilvània,Pensilvânia,Pensilvanija,Pensilvānija,Pensilvanio,Pensilvaniya,Pensilvanya,Pénsówéíniyah Hahoodzo,Pensylfania,Pensylvánia,Pensylvánie,Pensylwania,بنسيلفانيا,پنسیلوانیا,پنسلوانیا,פנסילבניה,פענסילוועניע,Πενσυλβάνια,Пеннсилвани,Пенсилванија,Пенсилвания,Пенсильвани,Пенсильвания,Пенсильванія,Պենսիլվանիա,პენსილვანია,पेनसिल्व्हेनिया,பென்சில்வேனியா,പെന്‍‌സില്‍‌വാനിയ,পেন্সিল্‌ভেনিয়া,ペンシルベニア州,賓夕法尼亞州	relation	162109	boundary	administrative	-77.7403035	41.1158371	8	0.785696242021766				Pennsylvania	United States of America	us	Pennsylvania, United States of America	-80.5210834	39.7197662	-74.6895021	42.5146891	Q1400	en:Pennsylvania	
Texas	텍사스,รัฐเทกซัส,Akałii Bikéyah,Teksas,Teksasas,Teksaso,Tèxas,Texas suyu,تكساس,تگزاس,ٹیکساس,טעקסעס,טקסס,Τέξας,Тексас,Техас,Тє́ѯасъ,Тэхас,Տեխաս,ტეხასი,टेक्सास,ಟೆಕ್ಸಸ್,டெக்சஸ்,ടെക്സസ്,টেক্সাস,テキサス州,得克萨斯州	relation	114690	boundary	administrative	-99.6829526	31.1685700	8	0.785612538160765				Texas	United States of America	us	Texas, United States of America	-106.6456461	25.8370599	-93.5078218	36.5004528	Q1439	en:Texas	
New York City	New York,Nova York,Nueva York,NYC,نیویورک,Нью-Ёрк,Нью-Йорк,நியூ யோர்க்,纽约	relation	175905	place	city	-73.8784155	40.6930727	16	0.782928189990994		New York City		New York	United States of America	us	New York City, New York, United States of America	-74.2590901	40.4773989	-73.7001809	40.9161785	Q60	en:New York City	
Lithuania	ᓕᐋᑐᕙ,ሊትዌኒያ,リトアニア,리투아니아,ލިތުއޭނިއާ,ଲିଥୁଆନିଆ,ประเทศลิทัวเนีย,An Liotuáin,ILithuwaniya,Leedu,Liettua,Lietuva,Lietuvän,Lietuvos Respublika,Liotuàinia,Litaue,Litauen,Litaueni,Litauwe,Litava,Litháen,Lithouani,Lithuaniya,Lithueenia,Lithuwani,Lithwania,Litoania,Łitʼoowę́ęya,Litouwen,Litovujo,Lituaña,Lituani,Lituania,Lituània,Lituânia,Lituania - Lietuva,Lituanie,Lituanïi,Lituanya,Lituéníà,Lituwa,Lituwaani,Lituwaniya,Litva,Litvánia,Litvanija,Litvanya,Lîtvanya,Litwa,Litwaneye,Litwani,Litwania,Litwaniya,Litwanja,Lityani,Rituainiya,Rituānia,Yn Litaan,لیتوانی,لېتوانيا,لتھووینیا,لىتۋا,ليتوانيا,ליטא,ליטע,Λιθουανία,Литва,Литванија,Литъва,Літва,ལི་ཐུ་ནི་ཡ།,ལི་ཐུ་ཨེ་ནི་ཡ།,Լիտվա,ლიტვა,लिथुआनिया,लिथुएनिया,लेतुवा,લિથુઆનિયા,లిథువేనియా,லித்துவேனியா,ലിത്വാനിയ,লিথুয়ানিয়া,လစ်သူယေးနီးယားနိုင်ငံ,立陶宛	relation	72596	boundary	administrative	24.1836807	55.1732889	4	0.782656885451309					Lithuania	lt	Lithuania	20.6537829	53.8967893	26.8355198	56.4504213	Q37	lt:Lietuva	
Chicago	Ĉikago	relation	122604	place	city	-87.6717326	41.8334501	16	0.782647610488886		Chicago		Illinois	United States of America	us	Chicago, Illinois, United States of America	-87.9401010	41.6439190	-87.5239841	42.0230219	Q1297	en:Chicago	
Thailand	ថៃ,타이,ސިޔާމު,ታይላንድ,ປະເທດໄທ,ଥାଇଲାଣ୍ଡ,ประเทศไทย,ราชอาณาจักรไทย,An Téalainn,Daigoz,Dùthaich nan Tàidh,Gwlad Thai,IThayilandi,Pow Tay,Taaylaand,Tai,Tʼáí Bikéyah,Tailân,Tailand,Taíland,Tailandas,Tailânde,Tailandia,Tailàndia,Tailândia,Tailando,Tailandy,Tairana,Taizeme,Tajland,Tajlanda,Tajlandia,Tajlando,Tajska,Tayän,Tayilande,Tayilann,Tayland,Taylandiya,Taylenda,Teiland,Thaieana,Thaiföld,Thái Lan,Thailanda,Thaïlande,Thailandi,Tháílàndì,Thailandia,Thaimaa,Thajsko,Thaysuyu,Uthai,Yn Çheer Thai,تایلند,تھائی لینڈ,تايلاند,تايلنډ,טיילאנד,תאילנד,Ταϊλάνδη,Таиланд,Таїланд,Тайланд,Тајланд,ཐའི་ལེན།,ཐཱའི་ལེནཌ,Թաիլանդ,ტაილანდი,थाइल्याण्ड,थाईलैण्ड,थायलंड,श्यामदेश,થાઇલેન્ડ,థాయిలాండ్,ਥਾਈਲੈਂਡ,ಥೈಲ್ಯಾಂಡ್,தாய்லாந்து,തായ്‌ലാന്റ്,থাইল্যান্ড,ထိုင်းနိုင်ငံ,泰国,タイ王国	relation	2067731	boundary	administrative	100.8032675	13.0388400	4	0.779643324467703					Thailand	th	Thailand	97.3438071	5.6128510	105.6368119	20.4648336	Q869	en:Thailand	
Song		relation	3720376	boundary	administrative	12.6421190	9.7789797	12	0.778485748242904			Song	Adamawa	Nigeria	ng	Song, Adamawa, Nigeria	12.1939440	9.5216694	13.0931845	10.0449715	Q7366	en:Song	
Song	桑坡	node	2442172567	place	town	112.5512651	2.0100312	18	0.778485748242904				Sarawak	Malaysia	my	Song, Sarawak, Malaysia	112.5512651	2.0100312	112.5512651	2.0100312	Q7366	en:Song	
Venezuela	ቬኔዝዌላ,ベネズエラ,베네수엘라,ވެނެޒުއޭލާ,ଭେନେଜୁଏଲା,ประเทศเวเนซุเอลา,A' Bheiniseala,Benesuwela,Fanansuwela,Fenesuela,Fenezuëla,Táłkááʼ Bighan Dineʼé Bikéyah,Veiniséala,Venecuela,Veneçuela,Veneçuèla,Venecuēla,Venesolän,Venesuela,Venesúela,Venesuéla,Veneswela,Venetiola,Venezoela,Vénézuéla,Venezuelo,Venezuwela,Venezwela,Veneżwela,Wenesuela,Wenezuela,Winisuyla,Winïxwila,Yn Veneswaaley,فنزويلا,ۋېنېسۇئېلا,وینیزویلا,ونزوئلا,ווענעזועלע,ונצואלה,Βενεζουέλα,Венесуела,Венесуэл,Венесуэлæ,Венесуэла,Венецуела,ཝེ་ནེ་ཟུའེ་ལ།,Վենեսուելա,ვენესუელა,भेनेजुएला,वेनेज़ुएला,वेनेज्वेला,व्हेनेझुएला,વેનેઝુએલા,ਵੈਨੇਜ਼ੁਏਲਾ,ವೆನೆಜುವೆಲಾ,வெனிசுவேலா,വെനിസ്വേല,ভেনেজুয়েলা,ဗင်နီဇွဲလားနိုင်ငံ,委內瑞拉	relation	272644	boundary	administrative	-65.5224418	6.6819519	4	0.777045585433493					Venezuela	ve	Venezuela	-73.3529633	0.6475290	-59.5427079	15.9158430	Q717	en:Venezuela	
Illinois	일리노이,ᐄᓚᓄᐃᔅ,รัฐอิลลินอยส์,Ilinoisa,Ilinojso,Ilinojus,Ílínóo Hahoodzo,Ilinoy,ایلینوی,إلينوي,אילינוי,Ιλινόις,Илиноис,Илинойс,Иллиной,Иллинойс,Іллінойс,Իլինոյս,ილინოისი,इलिनॉय,ಇಲ್ಲಿನಾಯ್,இலினொய்,伊利諾伊州,イリノイ州	relation	122586	boundary	administrative	-89.4513218	39.7387829	8	0.776033481475436				Illinois	United States of America	us	Illinois, United States of America	-91.5130519	36.9701313	-87.0199244	42.5082425	Q1204	en:Illinois	
Massachusetts	매사추세츠,รัฐแมสซาชูเซตส์,Commonwealth of Massachusetts,Masachusets,Masaĉuseco,Masačūsetsa,Masačusetsas,Massaçusets,Méésíchóoshish Hahoodzo,ماساتشوستس,ماساچوست,מאסאטשוסעטס,מסצ'וסטס,Μασαχουσέτη,Масачузетс,Масачусетс,Массачусетс,Մասաչուսեթս,მასაჩუსეტსი,मसाचुएट्स,மாசச்சூசெட்ஸ்,マサチューセッツ州,马萨诸塞州	relation	61315	boundary	administrative	-71.4455216	42.0379283	8	0.775007832098623				Massachusetts	United States of America	us	Massachusetts, United States of America	-73.5081420	41.1888588	-69.8601043	42.8867135	Q771	en:Massachusetts	
Madrid	마드리드,Μαδρίτη,Мадрид	relation	5326784	boundary	administrative	-3.6858229	40.4777915	16	0.774121792071089		Madrid	Área metropolitana de Madrid y Corredor del Henares	Community of Madrid	Spain	es	Madrid, Área metropolitana de Madrid y Corredor del Henares, Community of Madrid, Community of Madrid, Spain	-3.8889539	40.3119774	-3.5179163	40.6437293	Q2807	es:Madrid	
Morocco	ሞሮኮ,모로코,モロッコ,މައުރިބު,ମୋରୋକୋ,ประเทศโมร็อกโก,Fas,IMorokho,Maghribi,Maracó,Maroc,Marocco,Marocko,Maroco,Marocum,Maroc ⵍⵎⵖⵔⵉⴱ المغرب,Marok,Maroka,Marôka,Marokän,Marokas,Marokash,Maroke,Marɔkɛ,Marokk,Marokko,Marokkó,Maroko,Marôko,Maroku,Marooko,Marroc,Marròc,Marrocos,Marruecos,Maruekos,Maruku,Mawòk,Mərakeş,Morocco ⴰⵎⵔⵔⵓⴽ المغرب,Moroco,Moroko,Mòrókò,Yn Varoc,ⴰⵎⵔⵔⵓⴽ المغرب,ⵍⵎⵖⵔⵉⴱ المغرب,المغرب,ماراكەش,مراکش,מאראקא,מרוקו,Μαρόκο,Мағрибия,Марока,Марокаш,Марокко,Мароко,མོ་རོ་ཁོ།,Մարոկկո,მაროკო,मोरक्को,मोराको,मोरोक्को,మొరాకో,ਮੋਰਾਕੋ,ಮೊರಾಕೊ,மொரோக்கோ,മൊറോക്കൊ,মরোক্কো,မော်ရိုကိုနိုင်ငံ,摩洛哥	relation	3630439	boundary	administrative	-10.0497810	28.6905051	4	0.772033298232752					Morocco	ma	Morocco	-17.2551457	21.3365320	-0.9984290	36.0505269	Q1028	ar:المغرب	
Munich	Mnichov,Mníchov,München,Munic,مونیخ,Μόναχο,Мюнхен,மியூனிக்	relation	62428	boundary	administrative	11.5258083	48.1545737	12	0.771494016451848			Munich	Bavaria	Germany	de	Munich, Upper Bavaria, Bavaria, Germany	11.3607770	48.0616244	11.7229083	48.2481162	Q1726	de:München	
Florida	플로리다,รัฐฟลอริดา,Flórida,Flórída,Florida suyu,Floride,Florido,Floryda,Łóodah Hahoodzo,Plorida,فلوریدا,فلوريدا,פלארידע,פלורידה,Φλόριντα,Фларыда,Флорида,Ֆլորիդա,ფლორიდა,ಫ್ಲೋರಿಡಾ,புளோரிடா,佛罗里达州,フロリダ州	relation	162050	boundary	administrative	-81.6209876	27.6984467	8	0.770927590329201				Florida	United States of America	us	Florida, United States of America	-87.6348960	24.3963080	-79.9743060	31.0009680	Q812	en:Florida	
Ohio	오하이오 주,รัฐโอไฮโอ,Ogayo,Ohaio,Ohajas,Ohayo,Ohium,Owayo,Oxayo,اوہائیو,اوهایو,أوهايو,אהאיא,אוהיו,Οχάιο,Агаё,Огайо,Охайо,Охајо,Օհայո,ოჰაიო,ओहायो,ಒಹೈಹೊ,ஒகையோ,ഒഹായോ,ওহাইও,俄亥俄州,オハイオ州	relation	162061	boundary	administrative	-82.7062930	40.3632525	8	0.770738175977684				Ohio	United States of America	us	Ohio, United States of America	-84.8203361	38.4031418	-80.5189910	42.3232364	Q1397	en:Ohio	
New York	뉴욕,Çĕнĕ Йорк,Eabhraig Nuadh,Efrog Newydd,New York State,Nííyóó Hahoodzo,Nova Iorque,Nova York,Nov-Jorkio,Novum Eboracum,Nowy Jork,Nua-Eabhrac,Nueva York,Ņujorka,Nyu-York,Tchiaq York,York Noa,نيويورك,ניו יארק,ניו יורק,Νέα Υόρκη,Нью-Йорк,Ню Йорк,Њујорк,ნიუ-იორკი,நியூ யோர்க்,ニューヨーク州,纽约州	relation	61320	boundary	administrative	-76.2120818	42.7480490	8	0.770457219662703				New York	United States of America	us	New York, United States of America	-79.7619440	40.4773989	-71.7955694	45.0158610	Q1384	en:New York	
Vietnam	ቬት ናም,베트남,ベトナム,វៀតណាម,ވިއެޓުނާމު,ଭିଏତନାମ,ປະເທດຫວຽດນາມ,ประเทศเวียดนาม,Bhiet-Nam,Biʼednam,Bitinam,Fietnam,Fiẹtnám,Fiyetnam,Fjetnam,IViyethina,IViyetnami,Veetinaam,Viet-Nam,Víetnam,Viétnam,Viètnam,Việt Nam,Viêt Nam,Viëtnam,Vietnám,Vietnamän,Vietnamas,Vietname,Vietnami,Vietnamia,Vijetnam,Vítneam,Viyetinamu,Viyetnam,Vjetnam,Vjetnama,Vjetnamujo,Vyetnam,Whitināmu,Wietnam,Witnam,Wiyetnaam,Wýetnam,Yiednamz,Yn Vietnam,فيتنام,ویتنام,ۋيېتنام,וויעטנאם,וייטנאם,Βιετνάμ,Ветнам,В'етнам,В'єтнам,Виетнам,Вијетнам,Вьетнам,ཝི་ཏི་ནམ།,Վիետնամ,ვიეტნამი,चम्पादेश,वियतनाम,व्हियेतनाम,વિયેતનામ,వియత్నాం,ਵੀਅਤਨਾਮ,ವಿಯೆಟ್ನಾಮ್,வியட்நாம்,വിയറ്റ്നാം,ভিয়েতনাম,ဗီယက်နမ်နိုင်ငံ,වියට්නාමය,越南	relation	49915	boundary	administrative	108.1311854	15.7868541	4	0.768948550438172					Vietnam	vn	Vietnam	102.1444100	8.1790664	114.3337595	23.3933949	Q881	vi:Việt Nam	
Cuba	ኩባ,쿠바,ކިއުބާ,キューバ,គុយបា,କ୍ୟୁବା,ประเทศคิวบา,Couba,Cúba,Cùba,Gujbah,IKhuyubha,Kiba,Kiuba,Kuba,Kúba,Kûba,Küba,Kúbà,Kubaa,Kubeän,Kubo,Kuuba,Kuva,Kyóoba,ᖂᐹ/quupaa,Yn Choobey,كۇبا,كوبا,کوبا,کیوبا,קובא,קובה,Κούβα,Кубæ,Куба,Кубо,ཀུ་བ།,Կուբա,კუბა,क्युबा,क्यूबा,క్యూబా,ਕਿਊਬਾ,ಕ್ಯೂಬಾ,கூபா,ക്യൂബ,কিউবা,ကျူးဘားနိုင်ငံ,කියුබාව,古巴	relation	307833	boundary	administrative	-80.1142033	21.5551107	4	0.76864284737627					Cuba	cu	Cuba	-85.1679703	19.6275294	-73.9190005	23.4816972	Q241	en:Cuba	
Kazakhstan	카자흐스탄,ካዛክስታን,カザフスタン,ކަޒަކިސްތާން,କାଜାଖସ୍ତାନ,ประเทศคาซัคสถาน,សាធារណរដ្ឋកាហ្សាក់ស្ថាន,An Chasacstáin,Casachstàn,Casaquistán,Cazacstan,Cazaquistán,Cazaquistão,Gazagystan,Hahsazgwswhdanj,IKhazakhi,Kadaketan,Kasachstan,Kasahstan,Kasakhstan,Kasakhstani,Kasakistaan,Kasakstan,Kàsàkstán,Katatānga,Kazachstan,Kazachstán,Kazachstanas,Kazachstania,Kʼazah Bikéyah,Kazahstan,Kazahstāna,Kazahsztán,Kazaĥujo,Kazajistán,Kazakisitani,Kazakistan,Każakistan,Kazakistän,Kazakistani,Kazakstan,Kazakstána,Kazakstàna,Kazakstáni,Kazastan,Pow Kazagh,Qasaqsuyu,Qazaxistan,Qazaxıstan,Qozogʻiston,Yn Chassaghstaan,قازاقىستان,قازقستان,قزاقستان,كازاخستان,קאזאכסטאן,קזחסטן,Καζακστάν,Каꙁахстанъ,Ҡаҙағстан,Қазақстан,Ҟазаҟсҭан,Казакстан Республикасы,Казакъстан,Казахстан,Қазоқистон,Хъазахстан,Хъазахъистан,ཀཛ་ཀིསུ་གཏན།,Ղազախստան,ყაზახეთი,कजाकस्थान,कज़ाख़िस्तान,कझाकस्तान,કઝાકિસ્તાન,కజకస్తాన్,ਕਜਾਖਸਤਾਨ,ಕಜಾಕಸ್ಥಾನ್,கசக்ஸ்தான்,ഖസാഖ്‌സ്ഥാൻ,কাজাখস্তান,ကာဇက်စတန်နိုင်ငံ,කසක්ස්තානය,哈萨克斯坦	relation	214665	boundary	administrative	66.3231668	48.0244047	4	0.766400290433607					Kazakhstan	kz	Kazakhstan	46.4921610	40.5686475	87.3156315	55.4804002	Q232	kk:Қазақстан	
Singapore	싱가포르,ሲንጋፖር,シンガポール,ސިންގަޕޫރު,ସିଙ୍ଗାପୁର,សិង្ហបុរី,ประเทศสิงคโปร์,Hingapoa,ISingapholo,Republic of Singapore,Sengapou,Sį́ʼgaboo,Sigapoa,Singabuur,Singapaoro,Singapoer,Singapoor,Singapor,Singapori,Singapour,Singapur,Singapúr,Singapûr,Singapura,Singapūra,Singapurän,Singapūras,Singapuri,Singapuro,Sïngäpûru,Singeapór,Singeapòr,Sinngapuur,Sinqapur,Szingapúr,Tsingapoar,سنغافورة,سنگاپور,سينګاپور,سىنگاپور,סינגאפור,סינגפור,Σιγκαπούρη,Сингапур,Сінгапур,སེང་ག་ཕོར།,Սինգապուրի Հանրապետություն,სინგაპური,सिङ्गापुरम्,सिंगापुर,सिंगापूर,સિંગાપુર,సింగపూరు,ਸਿੰਘਾਪੁਰ,ಸಿಂಗಾಪುರ್,சிங்கப்பூர்,സിംഗപ്പൂർ,সিঙ্গাপুর,စင်ကာပူနိုင်ငံ,新加坡	relation	536780	boundary	administrative	103.8632309	1.3004245	4	0.765998091200246					Singapore	sg	Singapore	103.5666667	1.1303610	104.5706794	1.5131601	Q334	en:Singapore	
Milan	Mailand,Mediolan,Mediolanum,Milà,Milaan,Milán,Milano,Miláno,Milánó,Milão,میلان,ميلانو,מילנו,Милан,米蘭	relation	44915	boundary	administrative	9.1723562	45.4612939	16	0.765851575802979		Milan	Milan	Lombardy	Italy	it	Milan, Milan, Lombardy, Italy	9.0408867	45.3867380	9.2781102	45.5358482	Q490	it:Milano	
Barcelona	바르셀로나,Barselona,ברצלונה,Барселона	relation	347950	boundary	administrative	2.1528144	41.3942105	16	0.765529907300899		Barcelona	Barcelonès	Catalonia	Spain	es	Barcelona, Barcelonès, Barcelona, Catalonia, Spain	2.0524976	41.3170352	2.2283555	41.4682520	Q1492	ca:Barcelona	
Iraq	ኢራቅ,ᐃᕉᒃ,イラク,이라크,ޢިރާޤު,ଇରାକ,ประเทศอิรัก,An Iaráic,Ciraaq,I-Irakhi,I-Iraki,Iiwááʼ,Ioràc,Iraak,Irac,Iracum,Irak,Írak,Irák,Irāka,Irakas,Irake,Īrāki,Irako,Iraku,İraq,Iraque,Iraq - العراق,Iroq,Lirakän,Yn Earack,Yrak,العراق,عراق,ئىراق,איראק,עיראק,Ιράκ,ГӀиракъ,Гыйрак,Ирак,Ироқ,Ірак,ཡི་ལའ་ཁོ།,Իրաք,ერაყი,इराक,इराक़,ईराक,ઈરાક,ఇరాక్,ਇਰਾਕ,ಇರಾಕ್,ஈராக்,ഇറാഖ്‌,ইরাক,အီရတ်နိုင်ငံ,ඉරාක ජනරජය,伊拉克	relation	304934	boundary	administrative	42.5141497	33.2210100	4	0.764576798654825					Iraq	iq	Iraq	38.7936719	29.0612087	48.8412701	37.3809320	Q796	ar:العراق	
Bavaria	ባቫሪያ,바이에른 주,รัฐบาวาเรีย,A' Bhaidhearn,An Bhaváir,Bæjaraland,Bafaria,Baieri,Baijeri,Bajorország,Bavarija,Bavārija,Bavariya,Bavarja,Bavarska,Bavarujo,Bavera,Baviera,Bavièra,Bavière,Bavorsko,Bavyera,Bawaria,Bawariýa,Bayän,Bayern,Bayern suyu,Beiere,Beieren,Yn Vaveyr,بایرن,بافاريا,باواریا,בוואריה,בייערן,Βαυαρία,Бавар,Бавари,Баварија,Бавария,Баварія,Баварыя,Слободна Држава Баварска,Բավարիա,ბავარია,बायर्न,బవేరియా,ਬਾਈਆਨ,பவேரியா,ബവേറിയ,বায়ার্ন,バイエルン州,巴伐利亚	relation	2145268	boundary	administrative	12.0480277	48.9175109	8	0.763649211482054				Bavaria	Germany	de	Bavaria, Germany	8.9763496	47.2701114	13.8396372	50.5647141	Q980	de:Bayern	
Prague	프라하,Praach,Praag,Prag,Praga,Prago,Praha,Прага	relation	439840	boundary	administrative	14.4464592	50.0596287	16	0.763394835100681		Prague	okres Hlavní město Praha	Prague	Czech Republic	cz	Prague, okres Hlavní město Praha, Hlavní město Praha, Prague, Czechia	14.2244355	49.9419006	14.7067869	50.1774301	Q1085	cs:Praha	
Hlavní město Praha	Ĉefurba regiono Prago,Hauptstadt Prag,Столица Прага	relation	435514	boundary	administrative	14.4464592	50.0596287	12	0.763394835100681			Hlavní město Praha	Prague	Czech Republic	cz	Hlavní město Praha, Prague, Czechia	14.2244355	49.9419006	14.7067869	50.1774301	Q1085	cs:Praha	
okres Hlavní město Praha	Bezirk Hauptstadt Prag,Прага	relation	439841	boundary	administrative	14.4464592	50.0596287	14	0.763394835100681			okres Hlavní město Praha	Prague	Czech Republic	cz	okres Hlavní město Praha, Hlavní město Praha, Prague, Czechia	14.2244355	49.9419006	14.7067869	50.1774301	Q1085	cs:Praha	
Warszawa	Varšuva,Warschau,Варшава	relation	336075	boundary	administrative	21.0714155	52.2337171	12	0.762901846430177			Warszawa	Masovian Voivodeship	Poland	pl	Warszawa, Masovian Voivodeship, Poland	20.8516881	52.0978506	21.2711512	52.3681530	Q270	pl:Warszawa	
Warszawa	Varsova,Warschau	relation	2907540	boundary	administrative	21.0714155	52.2337171	14	0.762901846430177			Warszawa	Masovian Voivodeship	Poland	pl	Warszawa, Warszawa, Masovian Voivodeship, Poland	20.8516881	52.0978506	21.2711512	52.3681530	Q270	pl:Warszawa	
Algeria	알제리,አልጀሪያ,አልጄሪያ,ޖަޒާއިރު,アルジェリア,ଆଲଜେରିଆ,ແອລຈິເລຍ,ประเทศแอลจีเรีย,ប្រទេសអាល់ហ្សេរី,Aildiria,ʻAisilia,Alazëri,Alcheria,Aldjereye,Algeri,Algéria,Algèria,Algerìa,Àlgéríà,Algerie,Algérie,Algerië,Algerieë,Algerien,Algeriet,Alġerija,Algerije,Alĝerio,Algerium,Algeriya,Algieria,Algjeria,Alhirya,Aligeriya,Alijeriya,Aljazair,Aljeeriya,Aljeeriyaa,Aljeri,Aljeria,Aljeriya,Aljííya,Alseeri,Alsír,Alxeria,Alžeeria,Alžir,Alžirija,Alžīrija,Alžírsko,Alžyras,An Ailgéir,Ardjiriya,Argelia,Argélia,Argeria,Arhelya,Ayhelia,Cezayir,Əlcəzair,I-Algeria,i-Alijeriya,iAljiriya,Jazoir,Laljerän,Ɔldzeria,Yn Algear,ⵍⵣⵣⴰⵢⴻⵔ الجزائر,اٮ۪لجیرِیا,الجزایر,الجزائر,الجزاير,الجمهورية الجزائرية الديمقراطية الشعبية,ئالجىرىيە,אלג'יריה,אַלזשיר,Αλγερία,Алжир,Алжи́р,Алжѝр,Алжы́р,Алҷазоир,Әлҗәзаи́р,ཨཱལ་ཇི་རི་ཡ,ཨཱལ་ཇི་རི་ཡ།,Ալժիր,ალჟირი,अल्जीरिया,अल्जेरिया,અલ્જીરિયા,అల్జీరియా,ਅਲਜੀਰੀਆ,ಅಲ್ಜೀರಿಯ,அல்சீரியா,അൾജീറിയ,আলজেরিয়া,আলজেৰিয়া,အယ်လ်ဂျီးရီးယားနိုင်ငံ,ඇල්ජීරියාව,阿尔及利亚	relation	192756	boundary	administrative	0.6055387	28.1420115	4	0.761459624479522					Algeria	dz	Algeria	-8.6689080	18.9681469	11.9973370	37.2962054	Q262	ar:الجزائر	
Syria	ሶርያ,シリア,시리아,ސޫރިޔާ,ସିରିଆ,ประเทศซีเรีย,An tSiria,Hiria,ISiriya,República Àrab Siriana,Sííwiya,Sireye,Siri,Sirí,Siria,Síria,Síríà,Siria - سورية,Sirië,Sirija,Sīrija,Sirio,Siriya,Siriýa,Sirya,Sûrî,Suriah,Suriya,Süriyän,Suriye,Süüria,Suuriya,Syri,Sýria,Syrie,Sýrie,Syrië,Syrien,Syrje,Sýrland,Syyria,Szíria,Yn Teer,سۇرىيە,سوریه,سوريا,سوريه,شام,סוריה,סיריע,Συρία,Сири,Сирија,Сирия,Сирія,Сірыя,Сѷрїꙗ,Сурия,Сүрия,སི་རི་ཡ།,Սիրիա,სირია,सिरिया,सीरिया,સિરિયા,సిరియా,ਸੀਰੀਆ,ಸಿರಿಯಾ,சிரியா,സിറിയ,সিরিয়া,ဆီးရီးယားနိုင်ငံ,叙利亚	relation	184840	boundary	administrative	38.4266844	34.8152564	4	0.760631830763196					Syria	sy	Syria	35.4714426	32.3113540	42.3745686	37.3184589	Q858	ar:سوريا	
Taiwan	타이완,ታይዋን,An Téaváin,IThayiwani,Taaywaan,Tai-Bhàn,Taivanas,Taïwan,Taiwán,Taiwana,Tajvan,Tajvano,Tayiwani,tayvan,Tayvan,Tayvän,Taywaan,Taywan,Taýwan,Tchaj-wan,Teivan,تايوان,Тайван,Тайвань,ताइवान,তাইওয়ান,中華民國,台湾,臺灣	relation	449220	boundary	administrative	120.5238804	23.7043999	4	0.759105701617648					Taiwan	tw	Taiwan	114.3599212	10.3742689	122.2969999	26.4015754	Q865	zh:臺灣	
臺灣	타이완,ޓައިވާން,Đài Loan,Daizvanh,Enez Taiwan,Formosa,Ilha Formosa,Illa de Taiwán,Insula Taiwan,Isla de Taiwán,Isola di Formosa,Jamhuriyar Sin,Pulau Taiwan,Taidh-Bhàn,Tailani,Taívan,Taivāna,Taiwan,Taïwan,Taiwani saar,Tajvan,Tajwan,Tayvan,Taywan,Tchaj-wan,تایوان,تائيوان,تايوان,טאיוואן,טייוואן אינזל,Востраў Тайвань,Тайван,Тайвань,Тайвань арал,Тайвань аралы,Тајван,Թայվանի կղզի,ताइवान,तायवान,தாய்வான்,台湾	relation	7219605	place	island	120.8353631	23.5982978	17	0.759105701617648		臺灣			Taiwan	tw	臺灣, Taiwan	120.0341882	21.8968598	122.0064049	25.2997352	Q22502	zh:臺灣	
Budapest	부다페스트,Budapesta,Budapeštas,Будапешт,Будимпешта	relation	1244004	place	city	19.1460728	47.4813895	16	0.758562629719082		Budapest	Budapest	Central Hungary	Hungary	hu	Budapest, Budapest, Central Hungary, Central Hungary, Hungary	18.9251057	47.3496898	19.3349258	47.6131468	Q1781	hu:Budapest	
Budapest	Budapesta,Budapeštas,Budapeszt,Budimpešta,Будапешт	relation	37244	boundary	administrative	19.1460728	47.4813895	12	0.758562629719082			Budapest	Central Hungary	Hungary	hu	Budapest, Central Hungary, Central Hungary, Hungary	18.9251057	47.3496898	19.3349258	47.6131468	Q1781	hu:Budapest	
Afghanistan	아프가니스탄,አፍጋኒስታን,アフガニスタン,އަފްޣާނިސްތާން,ଆଫଗାନିସ୍ତାନ,ອັບການິສະຖານ,ประเทศอัฟกานิสถาน,សាធារណរដ្ឋឥស្លាមអាហ្វហ្កានីស្ថាន,Afaganisitani,Afakanisitana,Afeganistão,Affganistan,Afgaanistaan,Afgaanistan,Afganastan,Afgania,Afganistaan,Afganistan,Afganistán,Afganistana,Afganistána,Afganistāna,Afganistanas,Afganistani,Afganistáni,Afganistán - افغانستان,Afganisztán,Afgansuyu,Afganujo,Afghánistán,Afghanístàn,Afghanistan nutome,Afgʻoniston,Afiganistaŋ,Afuganisitani,ʻAfukanisitani,Afxanistan,Ahyganitã,An Afganastáin,Apeganitan,Apganistan,Āwhekenetāna,Cộng hòa Hồi giáo Afghanistan,Əfqanıstan,Faganïta, Afganïstäan,I-Afganistani,I-Afugani,Lafganistän,Owganystan,Yn Afghanistaan,أفغانستان,افغانستان,اَفغانَستان,ئافغانىستان,אפגאניסטאן,אפגניסטן,Αφγανιστάν,Авганистан,Ауғанстан,АфгIанистан,Афганистан,Афганістан,Афғанстан,Афғонистон,Афгъанистан,Әфганстан,Ооганстан,ཨ་ཧྥུའུ་རྒན་སི་ཐན།,ཨཕ་ག་ནིསི་ཏཱན་,Աֆղանստան,ავღანეთი,अफगाणिस्तान,अफगानस्थान,अफगानिस्तान,अफ़ग़ानिस्तान,अफ़्गानिस्तान,અફઘાનિસ્તાન,ఆఫ్ఘనిస్తాన్,ਅਫ਼ਗ਼ਾਨਿਸਤਾਨ,ಅಫ್ಘಾನಿಸ್ತಾನ,ஆப்கானித்தான்,അഫ്ഗാനിസ്താൻ,আফগানিস্তান,အာဖဂန်နစ္စတန်နိုင်ငံ,ඇෆ්ගනිස්ථානය,阿富汗	relation	303427	boundary	administrative	65.2042241	33.9342049	4	0.756430179443098					Afghanistan	af	Afghanistan	60.5176034	29.3772000	74.8898620	38.4910682	Q889	ps:افغانستان	
Ecuador	ኤኳዶር,에콰도르,エクアドル,އިކުއެޑޯރު,ଏକ୍ଵାଡୋର,ประเทศเอกวาดอร์,Aequatoria,Eacuador,Eacuadór,Ekuador,Ékuador,Ẹ̀kùàdọ̀r,Ekuadori,Ekuatoa,Ekuator,Ekvador,Ekvádor,Ekvadora,Ekvadoras,Ekvadoro,Ekwadoor,Ekwador,Ekwadoro,Ekwatè,Equador,Équateur,Eqüator,Ikwadoor,Ikwadur,Kéyah Nahasdzáán Ałníiʼgi Siʼánígíí,Lekvadorän,Pow Ekwadorel,Republíki ya Ekwatéli,اکوادور,اېکوادور,ایکواڈور,الإكوادور,ئېكۋادور,אקוודור,עקוואדאר,Ισημερινός (χώρα),Еквадор,Эквадор,Экуадор,ཨེ་ཁོའོ་ཌོར།,Էկվադոր,ეკვადორი,इक्वेडर,इक्वेडोर,ईक्वाडोर,एक्वाडोर,ઈક્વેડોર,ఈక్వడార్,ਏਕੁਆਦੋਰ,ಎಕ್ವಡಾರ್,எக்குவடோர்,ഇക്വഡോർ,ইকুয়েডর,အီကွေဒေါနိုင်ငံ,厄瓜多尔	relation	108089	boundary	administrative	-78.5039502	-1.7766850	4	0.755864067016097					Ecuador	ec	Ecuador	-92.2072392	-5.0159315	-75.1925040	1.8835963	Q736	es:Ecuador	
Wales	A' Chuimrigh,An Bhreatain Bheag,Bretyn,Cymru,Gales,Galles,Kembra,Kembre,Kimrujo,País de Gaŀles,Pays de Galles,Velsän,Velsas,Walia,Wals,ويلز,Ουαλία,Уэльс,威爾斯	relation	58437	boundary	administrative	-3.8275007	52.4320079	8	0.754805144771239				Wales	United Kingdom	gb	Wales, United Kingdom	-5.8077297	51.2290265	-2.6498626	53.6350000	Q25	en:Wales	
Uruguay	ኡራጓይ,우루과이,ウルグアイ,އުރުގުއޭ,ଉରୁଗୁଏ,ອຸລຸກວຍ,អ៊ុយរុយហ្គាយ,ประเทศอุรุกวัย,Irigwe,i-Uruguay,Luruguyän,Orogoay,Ourougway,República Oriental del Uruguay,Táłtłʼááh Chʼosh Bitooh (Kéyah Dah Siʼánígíí),Ulugwai,ʻUlukuei,Uragua,Uraquaria,Urugay,Uruguai,Uruguái,Urugúáì,Uruguaidh,Uruguaj,Uruguaji,Urûguay,Ûrûguay,uruguaydukɔ,Uruguëe,Uruguei,Uruguwaay,Úrúgvæ,Urugvaj,Urugvaja,Urugvajo,Urugvajus,Urugvay,Urugwai,Urugwaj,Urugway,Urugwayi,Uruqvay,Uruwayi,Wurugwayi,Yn Ooraguay,Yurugai,Yurugwae,اروگوئه,أوروغواي,یوراگوئے,یوٗروگے,یوروګوای,ئۇرۇگۋاي,אורוגוואי,אורוגוויי,Ουρουγουάη,Оуроугваи,Уругвай,Уругвај,Уругуай,ཡུ་རུ་གུ་ཝའི,ཨུ་རུ་གུ་ཡེ།,Ուրուգվայ,ურუგვაი,उरुग्वाइ,उरुग्वाय,उरुग्वे,ઉરુગ્વે,ఉరుగువే,ਉਰੂਗੁਏ,ಉರುಗ್ವೆ,உருகுவை,ഉറുഗ്വേ,উরুগুয়ে,ဥရုဂွေးနိုင်ငံ,උරුගුවායි,乌拉圭	relation	287072	boundary	administrative	-55.6797990	-32.9332061	4	0.75393407627743					Uruguay	uy	Uruguay	-58.4948439	-35.7824481	-53.0755833	-30.0853963	Q77	es:Uruguay	
Jerusalem	Giêrusalem,Jérusalem,القدس,ירושלים,Иерусалим	relation	6502363	place	city	35.2229730	31.7891176	16	0.753838865074302		Jerusalem			Israel	il	Jerusalem	35.1523819	31.7185099	35.2594315	31.8597262	Q1218	en:Jerusalem	
Jerusalem	예루살렘,Gerusalemme,Ierusalim,Jeruzalem,Jeruzalim,القدس,ירושלים,Иерусалим	relation	1381350	boundary	administrative	35.2119801	31.7959242	16	0.753838865074302		Jerusalem		Jerusalem District	Israel	il	Jerusalem, Jerusalem District, Israel	35.0852011	31.7096214	35.2650457	31.8826655	Q1218	en:Jerusalem	
Virginia	버지니아,รัฐเวอร์จิเนีย,Bijíniyah Hahoodzo,Birchinia,Firginia,Vijini,Virciniya,Virdžinija,Virdžīnija,Virgínia,Virginía,Virginia suyu,Virginie,Virginië,Virginija,Virginio,Virjinia,Virjiniya,Virjinya,Virjynni,Virxinia,Wirginia,Yn Virjeeney,فيرجينيا,ویرجینیا,ورجینیا,ווירזשיניע,וירג'יניה,Βιρτζίνια,Виргиния,Вирджини,Вирджиния,Виржини,Вирџинија,Вірджинія,Вірджынія,Վիրջինիա,ვირჯინია,व्हर्जिनिया,వర్జీనియా,ವರ್ಜೀನಿಯ,வர்ஜீனியா,വിര്‍ജീനിയ,ভার্জিনিয়া,バージニア州,維珍尼亞州	relation	224042	boundary	administrative	-78.2254421	38.0034150	8	0.752685670649867				Virginia	United States of America	us	Virginia, United States of America	-83.6754131	36.5407896	-75.1664350	39.4660119	Q1370	en:Virginia	
Nigeria	ናይጂሪያ,ናይጄሪያ,나이지리아,ナイジェリア,ނައިޖީރިއާ,ନାଇଜେରିଆ,ประเทศไนจีเรีย,An Nigéir,INayijeriya,INigeria,Naigeria,Nàìjíríà,Nayjeeriya,Nicheria,Nidjeria,Nigearia,Nigeeria,Nìgeiria,Nigéria,Nigèria,Nígería,Nigérie,Nigerië,Nigerija,Nigērija,Niĝerio,Nigeriya,Nigeriýa,Nigeriyän,Niġerja,Nigerya,Niheria,Niiseriya,Nijeri,Nijeria,Nijeriya,Nijerya,Nîjerya,Niqirya,Nixeria,Nizeria,Nizerïa,Nizywlihya,Yn Naigeer,نائجیریا,نايجېريا,نیجریه,نيجيريا,نىگېرىيە,ניגעריע,ניגריה,Νιγηρία,Нигери,Нигерија,Нигерия,Ниҷерия,Нігерія,Нігерыя,ནི་ཇི་རི་ཡ།,Նիգերիա,ნიგერია,नाइजेरिया,नाईजीरिया,नायजेरिया,नैजीरिया,નાઈજેરિયા,నైజీరియా,ਨਾਈਜੀਰੀਆ,ನೈಜೀರಿಯ,நைஜீரியா,നൈജീരിയ,নাইজেরিয়া,နိုင်ဂျီးရီးယားနိုင်ငံ,奈及利亞	relation	192787	boundary	administrative	7.8077106	8.9771774	4	0.752602277388425					Nigeria	ng	Nigeria	2.6769320	4.0690959	14.6780140	13.8856450	Q1033	en:Nigeria	
South Korea	ደቡብ ኮርያ,대한민국,ދެކުނު ކޮރެއާ,ଦକ୍ଷିଣ କୋରିଆ,កូរ៉េខាងត្បូង,ประเทศเกาหลีใต้,ປະເທດເກົາຫຼີໃຕ້,Anaafo Koria,An Chóiré Theas,Cənubi Koreya,Coirea a Deas,Corea dal sid,Corea del Sud,Corèa del Sud,Corea del Sur,Corea de su Sud,Corea d'o Sur,Corea do Sur,Corea Meridionalis,Coreea de Sud,Corée du Sud,Coreia do Sul,De Corea,Dienvidkoreja,Etelä-Korea,Güney Kore,Günorta Koreýa,Hàn Quốc,Hanzgoz,Hego Korea,IKhoriya leseNingizimu,Janubiy Koreya,Jižní Korea,Južná Kórea,Južna Koreja,Kolea i Saute,Kolíya Bikéyah Shádiʼááhjí Siʼánígíí,Koonfur Kuuriya,Korea ar Su,Korea Atsimo,Korea Dhyhow,Kòréà Gúúsù,Koreai Köztársaság (Dél-Korea),Koréa Kidul,Kōrea-ki-te-tonga,Korea Kujalleq,Korea Kusini,Korea Południowa,Korea Selatan,Korea, South,Korea t'Isfel,Kore disid,Korëe tî Mbongo,Kore gu Bëj-saalum,Koreja e Jugut,Korêya Başûr,Kore ya Sidi,Koreya y’Amajyepfo,Lõuna-Korea,Mátta-Korea,Pietų Korėja,Ripubrikin Korea,Saot Koria,Sør-Korea,Sud-Korea,Súd-Korea,Südkorea,Sud-Koreujo,Suðurkorea,Suður-Kórea,Suid-Korea,Sulüda-Koreyän,Sydkorea,Timog Korea,Urin Kuriya,Yn Chorea Yiass,Yvykorea,Zuid-Korea,Zuud-Korea,جەنۇبىي چاۋشيەن,جنوبی کوریا,سوېلي کوريا,كوريا الجنوبية,کره جنوبی,דרום קארעע,קוריאה הדרומית,Νότια Κορέα,Јужна Кореја,Көньяк Корея,Көньяҡ Корея,Корея Республика,Корея Республикасы,Къилбера Корей,Өмнөд Солонгос,Оңтүстік Корея,Паўднёвая Карэя,Південна Корея,Република Кореја,Республика Корея,Хуссар Корей,Южна Корея,ལྷོ་ཀོ་རི་ཡ།,ལྷོ་ཀོ་རི་ཡ་,Հարավային Կորեա,სამხრეთი კორეა,दक्षिण कोरिया,દક્ષિણ કોરિયા,దక్షిణ కొరియా,ದಕ್ಷಿಣ ಕೊರಿಯಾ,தென்கொரியா,ദക്ഷിണ കൊറിയ,দক্ষিণ কোরিয়া,দক্ষিণ কোৰিয়া,တောင်ကိုရီးယားနိုင်ငံ,දකුණු කොරියාව,大韓民国,韩国	relation	307756	boundary	administrative	127.7971469	35.7609714	4	0.750876924201597					South Korea	kr	South Korea	124.3548469	32.8778800	132.1483256	38.6234769	Q884	ko:대한민국	
Michigan	미시간,รัฐมิชิแกน,Míchigan,Mičigana,Mičiganas,Miĉigano,Miçiqan,Míshigin Hahoodzo,Misigan,میشیگان,ميشيغان,מישיגן,Мичиган,Мичиген,Мічиган,Мічыган,Միչիգան,மிச்சிகன்,密歇根州,ミシガン州	relation	165789	boundary	administrative	-84.5069411	45.0034049	8	0.750142377285461				Michigan	United States of America	us	Michigan, United States of America	-90.4186202	41.6961536	-82.1228056	48.3060630	Q1166	en:Michigan	
Barrio Lopez		way	539651838	boundary	administrative	-64.9199924	-24.5824323	0	0.75					Argentina	ar	Barrio Lopez	-64.9215023	-24.5840033	-64.9186420	-24.5800583			
Embassy of Bulgaria	Бугарија	way	121511793	boundary	administrative	21.4198941	41.9949338	0	0.75					Macedonia	mk	Embassy of Bulgaria	21.4197775	41.9947988	21.4200108	41.9950687			
Embajada de México en Paraguay		way	276939493	boundary	administrative	-57.5747835	-25.2861017	0	0.75					Paraguay	py	Embajada de México en Paraguay	-57.5748972	-25.2862070	-57.5746697	-25.2859965			
Embajada de Francia en Paraguay	Embajada de Francia	way	276953319	boundary	administrative	-57.6159596	-25.2861175	0	0.75					Paraguay	py	Embajada de Francia en Paraguay	-57.6162047	-25.2863618	-57.6157035	-25.2856739			
Embajada de la República Argentina en Paraguay		way	276953318	boundary	administrative	-57.6170184	-25.2853731	0	0.75					Paraguay	py	Embajada de la República Argentina en Paraguay	-57.6175919	-25.2861779	-57.6165405	-25.2846020			
Italian Embassy	Ambasciata d'Italia,Italija,Италија	way	164191656	boundary	administrative	21.4285023	41.9954639	0	0.75					Macedonia	mk	Italian Embassy	21.4283423	41.9953668	21.4286624	41.9955612			
Russian Federation Embassy	Посольство Российской Федерации,Русија	way	175035453	boundary	administrative	21.4243285	41.9996889	0	0.75					Macedonia	mk	Russian Federation Embassy	21.4241835	41.9995816	21.4244735	41.9997961			
Embajada de Cuba en Paraguay	Embajada de Cuba	way	276958564	boundary	administrative	-57.5999120	-25.2842756	0	0.75					Paraguay	py	Embajada de Cuba en Paraguay	-57.6000341	-25.2843628	-57.5997900	-25.2841884			
Embassy of The Republic of Serbia	Србија	way	176173908	boundary	administrative	21.4141387	41.9887313	0	0.75					Macedonia	mk	Embassy of The Republic of Serbia	21.4138261	41.9884397	21.4144939	41.9888509			
Embassy of the Kingdom of Spain	Reino de España,Шпанија амбасада	way	189975223	boundary	administrative	21.4290394	41.9968418	0	0.75					Macedonia	mk	Embassy of the Kingdom of Spain	21.4289295	41.9967392	21.4291574	41.9969251			
Liaison Office of the Hellenic Republic	Γραφείο Συνδέσμου Σκοπίων,Ελλάδα,Грција	way	223287694	boundary	administrative	21.4234480	41.9976445	0	0.75					Macedonia	mk	Liaison Office of the Hellenic Republic	21.4231080	41.9974889	21.4239123	41.9979828			
Embassy of Croatia	Veleposlanstvo Republike Hrvatske u Rebublici Makedoniji,Хрватска	way	342462529	boundary	administrative	21.3971277	41.9996820	0	0.75					Macedonia	mk	Embassy of Croatia	21.3970448	41.9996159	21.3972106	41.9997479			
Embassy of Romania	Romania,Rumänische Botschaft,Романија	way	122886481	boundary	administrative	21.4185248	41.9976032	0	0.75					Macedonia	mk	Embassy of Romania	21.4184281	41.9975213	21.4186215	41.9976851			
Embassy of Montenegro	Црна Гора	way	121511807	boundary	administrative	21.4172228	41.9957193	0	0.75					Macedonia	mk	Embassy of Montenegro	21.4170915	41.9956373	21.4173540	41.9958013			
Bolivia	ቦሊቪያ,ボリビア,볼리비아,ބޮލީވިއާ,ໂບລີວີ,បូលីវី,ବୋଲିଭିଆ,โบลิเวีย,an Bholaiv,Boilibhia,Bolibiya,Bolíbiya,Bolifia,Bòlífíà,Boliibi,Boliifia,Boliivia,Boliiviyaa,Bolivän,Boliveye,Bolivi,Bolívia,Bolìvia,Bólivía,Bolivie,Bolívie,Bolivië,Bolivien,Bolivïi,Bolivija,Bolīvija,Bolivio,Boliviya,Bolivja,Bolivya,Bolîvya,Boliwia,Boliwii,Boliwiýa,Boribiya,Estado Plurinacional de Bolivia,IBholiviya,i-Bolivia,Polevia,Polīvia,Poriwia,República de Bolivia,Volívia,Wuliwiya,Wuliwya,yn Volivia,بولیوی,بولِوِیا,بولیویا,بولېویا,بوليفيا,بولىۋىيە,באליוויע,בוליביה,Βολιβία,Балі́вія,Боливи,Боли́виа,Боливија,Боливия,Боли́вия,Болі́вія,བོ་ལི་ཝིཡ,བྷོ་ལི་ཝི་ཡ།,Բոլիվիան,ბოლივია,बोलिभिया,बोलिविया,बोलिव्हिया,बोलीविया,બોલીવિયા,బొలీవియా,ਬੋਲੀਵੀਆ,ಬೊಲಿವಿಯ,பொலிவியா,ബൊളീവിയ,বলিভিয়া,ဘိုလီးဗီးယားနိုင်ငံ,බොලීවියාව,玻利維亞	relation	252645	boundary	administrative	-64.1284735	-16.2819506	4	0.749703442101901					Bolivia	bo	Bolivia	-69.6450074	-22.8982742	-57.4530001	-9.6689439	Q750	es:Bolivia	
Amsterdam		relation	271110	boundary	administrative	4.8979755	52.3745402	20	0.749676919753327		Amsterdam		Netherlands	The Netherlands	nl	Amsterdam, Amsterdam, North Holland, Netherlands	4.7292417	52.2781741	5.0791621	52.4310637	Q727	nl:Amsterdam	
Hamburg	Freie und Hansestadt Hamburg,Hambourg,Hamburga,Hamburgo,هامبورغ,Гамбург,Гамбурґ,Хамбург,汉堡	relation	62782	boundary	administrative	9.9417261	53.5672881	8	0.749144260142488				Hamburg	Germany	de	Hamburg, Germany	8.1053283	53.3951118	10.3252805	54.0276817	Q1055	de:Hamburg	
Hamburg	Amburgo,Freie und Hansestadt Hamburg,Hambourg,Hamburgo,Гамбург	node	565666208	place	state	10.0099132	53.5437641	8	0.749144260142488					Germany	de	Hamburg, Germany	10.0099132	53.5437641	10.0099132	53.5437641	Q1055	de:Hamburg	
Lebanon	레바논,ሊባኖስ,レバノン,លីបង់,ލުބުނާން,ଲେବନାନ,ประเทศเลบานอน,An Liobáin,ILibhanoni,Leabanon,Lebanoni,Lẹ́bánọ́nì,Lebnon,Libaa,Liban,Líban,Libāna,Libanän,Libanas,Libani,Libano,Líbano,Libanon,Líbanon,Łíbanoo,Libanu,Libanus,Libnan,Liibanon,Livan,Lívano,Liwan,Lubenan,Lubnaan,Lubnan,Lübnan,Ribanon,Yn Livaan,الجمهورية اللبنانية,لبنان,لېبنان,لىۋان,לבנון,Λίβανος,Либан,Ливан,Ліван,Лубнон,ལེ་པ་ནོན།,ལེ་བཱ་ནཱོན་,Լիբանան,ლიბანი,लेबनान,लेबेनॉन,લેબેનાન,లెబనాన్,ਲਿਬਨਾਨ,லெபனான்,ലെബനാൻ,লেবানন,လက်ဘနွန်နိုင်ငံ,黎巴嫩	relation	184843	boundary	administrative	35.7997433	33.8706945	4	0.748482081053328					Lebanon	lb	Lebanon	34.8825667	33.0479857	36.6250000	34.6923543	Q822	de:Libanon	
Tunisia	튀니지,ތޫނިސް,ቱኒዚያ,ቱኒዢያ,チュニジア,ଟ୍ୟୁନିସିଆ,ประเทศตูนิเซีย,An Túinéis,IThunisiya,ITunisia,Republika Tunis,Tiniisi,Tinizi,Tonizia,Tuinisia,Tuneesia,Tuneezje,Tunesia,Tunesië,Tunesien,Túnez,Tunézia,Tuneżija,Tunezja,Tunicia,Tunis,Túnis,Tûnis,Tünisän,Tunisas,Tunisi,Tunísia,Tùnísíà,Tunisie,Tunisië,Tunisien,Tunisija,Tunisiya,Tunisko,Tunisya,Tunizeye,Tunizi,Tunizia,Tunizïi,Tunizija,Tunizio,Tunus,Yn Tooneesh,تۇنىس,تونس,טוניסיע,תוניסיה,Τυνησία,Тунис,Туніс,ཏུ་ནི་ཤི་ཡ།,Թունիս,ტუნისი,टुनिशिया,ट्युनिसिया,ट्यूनिशिया,ટ્યુનિશિયા,ట్యునీషియా,ਤੁਨੀਸੀਆ,ಟುನೀಶಿಯ,துனீசியா,ടുണീഷ്യ,তিউনিসিয়া,တူနီးရှားနိုင်ငံ,突尼西亞	relation	192757	boundary	administrative	9.3670977	33.9949530	4	0.747895077913654					Tunisia	tn	Tunisia	7.5219806	30.2302360	11.8801132	37.7612052	Q948	ar:تونس	
Beijing	Bắc Kinh,Pekin,Pékin,Peking,Pekino,Pequim,Пекин,北京,北京市	relation	912940	boundary	administrative	116.6283074	40.2514373	8	0.747290135189962				Beijing	China	cn	Beijing, China	115.4172086	39.4416113	117.5079851	41.0595583	Q956	zh:北京市	
Georgia	조지아 (국가),グルジア,ޖޯޖިޔާ (ޤައުމު),ጂዮርጂያ,ଜର୍ଜିଆ,ประเทศจอร์เจีย,A' Chairtbheil,An tSeoirsia,Cheorchia,Djiordjiya,Géorgia,Geórgia,Geòrgia,Georgía,Georgia (Caucàs),Georgia (land),Georgia (nchi),Géorgie,Georgië,Georgien,Ġeorġja,Geörgje,Geworugiya,Gjeorgjia,Grusiyän,Gruusia,Gruzia,Grúzia,Gruzie,Gruzija,Gruzínsko,Gruziýa,Gruzja,Gurcistan,Gürcistan,Gürcüstan,Gurjiston,Heorhiya,Hōria,IJojiya,Jeoji,Jeoorji,Jóojah (Kéyah),Joorjiya,Jorjia (bro),Kartulsuyu,Kartvelujo,Pow Grouzi,Xeorxia - საქართველო,Yn Çhorshey,جارجیا,جورجيا,ګرجستان,گرجستان,گرۇزىيە,גאורגיה,גרוזיע,Γεωργία,Гєѡргїꙗ,Гөрҗистан,Грузи,Грузија,Грузия,Грузія,Гүрж,Гуржи,Гурҷистон,Гуырдзыстон,Гуьржий-Мохк,Қырҭтәыла,ཇཽ་ཇཱ,འཇོར་ཇི་ཡ། (རྒྱལ་ཁབ།),Վրաստան,საქართველო,जर्जिया (देश),जॉर्जिया,જ્યોર્જીયા (દેશ),జార్జియా (దేశం),ಜಾರ್ಜಿಯ,சியார்சியா (நாடு),ജോർജ്ജിയ,জর্জিয়া (রাষ্ট্র),ဂျော်ဂျီယာနိုင်ငံ,ජෝර්ජියා (රට),格鲁吉亚	relation	28699	boundary	administrative	43.5307394	42.3211525	4	0.747202706323703					Georgia	ge	Georgia	39.8844803	41.0552922	46.7365373	43.5864294	Q230	en:Georgia (country)	
Minnesota	ሚንሶታ,미네소타,รัฐมินนิโซตา,Minesota,Minesoto,Mínisóodah Hahoodzo,Minnesòta,Minnesota suyu,منیسوٹا,مینه‌سوتا,مينيسوتا,מינסוטה,מינעסאטע,Μινεσότα,Минесота,Миннесотæ,Миннесота,Міннесота,Мінэсота,Մինեսոտա,მინესოტა,मिनेसोटा,మిన్నసోటా,மினசோட்டா,മിനസോട്ട,মিনেসোটা,ミネソタ州,明尼蘇達州	relation	165471	boundary	administrative	-94.5025085	46.4419836	8	0.747026520663229				Minnesota	United States of America	us	Minnesota, United States of America	-97.2392619	43.4994287	-89.4833851	49.3844900	Q1527	en:Minnesota	
Quebec	퀘벡,ܩܝܒܩ,ኬበክ,ᑯᐯᒃ,ᑯᐸᐃᒃ,รัฐควิเบก,ແຂວງເກແບັກ,Kebek,Kebèk,Kébeki,Kebekia,Kebekio,Kebeku,Kvebek,Kvebeka,Kvebekas,Kwébék,Québec,Quebèc,Quebec pruwinsya,Quebecum,كيبك,کبک,کیوبیک,קוויבעק,קוויבק,Κεμπέκ,Квебек,Кэбэк,Правінцыя Квебек,Քվեբեկ,კვებეკი,क्यूबेक,क्वेबेक,ક્વિબેક,ਕੇਬੈੱਕ,ಕ್ವಿಬೆಕ್,கியூபெக்,ക്യൂബെക്,কিউবেক,ケベック州,魁北克	relation	61549	boundary	administrative	-73.3212507	53.7857949	8	0.745983611935203				Quebec	Canada	ca	Quebec, Canada	-79.7741350	44.9913689	-57.1054864	62.5804862	Q176	fr:Québec	
Ontario	온타리오,ኦንቴሪዮ,ᐅᐣᑌᕆᐅ,ᐋᓐᑎᐅᕆᔪ,รัฐออนแทรีโอ,Ontarijas,Ontário,Ontàrio,Ontārio,Ontario pruwinsya,انتاریو,انٹاریو,أونتاريو,אונטריו,אנטעריא,Οντάριο,Антарыё,Онтарио,Онтаріо,Օնտարիո (նահանգ),ონტარიო,ऑन्टारियो,ओन्टारियो,ઑન્ટેરિયો,అంటారియో,ਉਂਟਾਰੀਓ,ஒன்டாரியோ,ഒണ്ടാറിയോ,অন্টারিও,安大略,オンタリオ州	relation	68841	boundary	administrative	-87.1623714	49.2432514	8	0.744947628930534				Ontario	Canada	ca	Ontario, Canada	-95.1537400	41.6765556	-74.3201062	56.8593635	Q1904	en:Ontario	
Kenya	케냐,ኬንያ,ケニア,ކެންޔާ,କେନିଆ,ประเทศเคนยา,A' Cheinia,An Chéinia,IKenya,IKheniya,Keeñaa,Keenia,Keeniyaa,Keňa,Kenia,Kēnia,Kenía,Kenija,Keniya,Keniýa,Kenja,Kenjo,Kénya,Kènya,Kẹ́nyà,Kenyäa,Kenyän,Kiinya,Kinya,Quénia,Quenia - Kenya,Yn Cheinney,كېنىيە,كينيا,کینیا,کنیا,کېنيا,קניה,קעניע,Κένυα,Кени,Кенија,Кения,Кенія,ཀེ་ནི་ཡ་,ཁེ་ནི་ཡ།,Քենիա,კენია,कीनिया,केनिया,केन्या,કેન્યા,కెన్యా,ਕੀਨੀਆ,ಕೀನ್ಯಾ,கென்யா,കെനിയ,কেনিয়া,ကင်ညာနိုင်ငံ,肯尼亚	relation	192798	boundary	administrative	37.4900120	-0.1392717	4	0.744324638346187					Kenya	ke	Kenya	33.9098987	-4.8995204	41.8995780	4.6200000	Q114	en:Kenya	
Indiana	인디애나 주,รัฐอินดีแอนา,Indiyanna,ایندیانا,انڈیانا,אינדיאנא,אינדיאנה,Ιντιάνα,Индианæ,Индиана,Индијана,Індіана,Індыяна,Ինդիանա,ინდიანა,इंडियाना,ఇండియానా,ಇಂಡಿಯಾನ,இந்தியானா,ഇന്ത്യാന,印第安纳州,インディアナ州	relation	161816	boundary	administrative	-86.1734510	39.7625305	8	0.743126875426032				Indiana	United States of America	us	Indiana, United States of America	-88.0997019	37.7717420	-84.7846090	41.7613680	Q1415	en:Indiana	
Sydney	시드니,Sidnejo	relation	5750005	boundary	administrative	150.9565088	-33.7687911	14	0.74235367038312			Sydney	New South Wales	Australia	au	Sydney, New South Wales, Australia	150.2608250	-34.1732417	151.3427428	-33.3641481	Q3130	en:Sydney	
Kyiv	Kiëf,Kiev,Kievo,Kiew,Kijów,Kiova,Kiovia,Küyiv,Киев,Київ,Кіеў,Кыив	relation	421866	place	city	30.6146803	50.4020864	16	0.74145054816511		Kyiv			Ukraine	ua	Kyiv, Ukraine	30.2363911	50.2132422	30.8276549	50.5908330	Q1899	uk:Київ	
North America	America del Nord,Amèrica del Nord,América del Norte,América do Norte,America Septentrionalis,America settentrionale,Amerika Utara,Amerîkaya Bakur,Amérique du Nord,Ameryka Północna,Bắc Mỹ,Észak-Amerika,Hilagang Amerika,Kuzey Amerika,Meiriceá Thuiaidh,Noard-Amearika,Nolüda-Merop,Noord-Amerika,Nordamerika,Nord-Amerika,Nordameriko,Norður-Ameríka,Pohjois-Amerikka,Severna Amerika,Severná Amerika,Severní Amerika,Šiaurės Amerika,Sjeverna Amerika,آمریکای شمالی,أمريكا الشمالية,Βόρεια Αμερική,Паўночная Амерыка,Північна Америка,Северна Америка,Северная Америка,उत्तर अमेरिका,ಉತ್ತರ ಅಮೇರಿಕ,北美洲	node	36966063	place	continent	-109.0000003	51.0000002	2	0.741445193269597							North America	-109.0000003	51.0000002	-109.0000003	51.0000002	Q49	en:North America	
Hong Kong	HK,Hồng Kông,Honkongo,هونغ كونغ,Гонконг,ჰონგ-კონგი,香港,香港 Hong Kong,香港特別行政區 Hong Kong Special Administrative Region	relation	913110	boundary	administrative	114.1857777	22.3492361	6	0.740903216153806				Hong Kong	China	cn	Hong Kong, China	113.8171110	22.1367222	114.5024444	22.5683333	Q8646	zh:香港	
Catalonia	Catalogna,Catalogne,Catalonha,Catalonië,Catalonien,Cataluña,Catalunya,Katalánsko,Kataloanje,Katalonän,Katalonia,Katalonien,Katalonija,Kataloonia,Katalounien,Katalunia,Katalunio,كتالونيا,קטלוניה,Καταλονία,Каталония,Каталонія,加泰罗尼亚	node	602512999	place	state	1.5745043	41.8523093	8	0.740679344439291					Spain	es	Catalonia, Spain	1.5745043	41.8523093	1.5745043	41.8523093	Q5705	en:Catalonia	
Luxembourg	룩셈부르크,ሉክሰምበርግ,ルクセンブルク,ଲକ୍ସମବର୍ଗ,ประเทศลักเซมเบิร์ก,Grande-Dutcheye do Lussimbork,Groussherzogtum Lëtzebuerg,Látsębooʼ,Lëtzebuerg,Liksanbou,Liuksemburgas,Loksemborga,Lucembursko,Lucsamburg,Lucsemburg,Lugizamburu,Luksamburg,Luksambuur,Lúksemboarch,Lúksẹ́mbọ̀rg,Luksembourg,Luksemburg,Lüksemburg,Lûksembûrg,Luksemburga,Luksemburgio,Luksemburgu,Lüksemburq,Luksimbur,Lusembogu,Lushaborg,Lussemburgo,Lussemburgu,Luxämburgän,Luxemborg,Lúxemborg,Luxembörg,Luxemburg,Luxemburgia,Luxemburgo,Luxemburgum,Luxembursko,Luxenburgo,Lwcsembwrg,Lýuksemburg,Rakapuō,Ruketemburg,لکسمبرگ,لوګزامبورګ,لوكسمبورغ,لوکزامبورگ,ليۇكسېمبۇرگ,לוקסמבורג,לוקסעמבורג,Λουξεμβούργο,Луксембург,Люѯємбоургъ,Люксембург,ལུ་སེམ་བའུརག,Լյուքսեմբուրգ,ლუქსემბურგი,लक्ज़मबर्ग,लक्जेम्बर्ग,लक्झेंबर्ग,लक्सम्बर्ग,લક્ઝેમ્બર્ગ,ਲਕਸਮਬਰਗ,லக்சம்பர்க்,ലക്സംബർഗ്,লুক্সেমবুর্গ,လူဇင်ဘတ်နိုင်ငံ,盧森堡	relation	2171347	boundary	administrative	6.0866300	49.8153400	4	0.740463418559987					Luxembourg	lu	Luxembourg	5.7357006	49.4478539	6.5312481	50.1827724	Q32	en:Luxembourg	
Wisconsin	위스콘신,รัฐวิสคอนซิน,Hoiskaonsiny,Uisqonsin,Viskonsina,Viskonsinas,Viskonsino,Wiskaansin Hahoodzo,ویسکانسین,ويسكنسن,וויסקאנסין,ויסקונסין,Ουισκόνσιν,Висконсин,Вісконсин,Уисконсин,Վիսկոնսին,უისკონსინი,विस्कांसिन,விஸ்கொன்சின்,威斯康星州,ウィスコンシン州	relation	165466	boundary	administrative	-89.7229294	44.8979326	8	0.740429719248813				Wisconsin	United States of America	us	Wisconsin, United States of America	-92.8893149	42.4919436	-86.2495481	47.3025000	Q1537	en:Wisconsin	
Catalonia	Autonomní společenství Katalánsko,CAT,Catalogne,Catalonha,Catalonië,Cataluña,Catalunha,Catalunya,Kataloanje,Katalonän,Katalonia,Katalonien,Katalonija,Katalunia,Katalunujo,كتالونيا,Каталония,Каталонія	relation	349053	boundary	administrative	1.5848650	41.6922312	8	0.74027949732907				Catalonia	Spain	es	Catalonia, Spain	0.1594133	40.5230524	3.3323241	42.8615226	Q5705	ca:Catalunya	
Florence	피렌체,Firenze,Florencia,Florència,Florens	relation	42602	boundary	administrative	11.2437423	43.7806330	16	0.739212888018744		Florence	Metropolitan City of Florence	Tuscany	Italy	it	Florence, Metropolitan City of Florence, Tuscany, Italy	11.1506053	43.7258716	11.3391283	43.8354630	Q2044	it:Firenze	
Venice	베네치아,Venecia,Venècia,Venecio,Venedig,Venezia,Venise	relation	44741	boundary	administrative	12.3105231	45.4046171	16	0.738429951093437		Venice	Venezia	Veneto	Italy	it	Venice, Venezia, Veneto, Italy	12.1668859	45.2312465	12.5965709	45.5779981	Q641	it:Venezia	
Oslo		node	3099592097	place	state	10.6799602	60.0518829	8	0.737077749141634					Norway	no	Oslo, Norway	10.6799602	60.0518829	10.6799602	60.0518829	Q585	no:Oslo	
Oslo	오슬로,Осло	relation	406091	boundary	administrative	10.7757291	59.9723974	8	0.737077749141634				Oslo	Norway	no	Oslo, Norway	10.4891651	59.8093113	10.9513894	60.1351064	Q585	no:Oslo	
Oregon	오리건,รัฐออริกอน,Óogin Hahoodzo,Oregón,Oregona,Oregonas,Oregonia,Oregono,Oregon suyu,Oreqon,اورگن,اوریگون,أوريغون,אורגון,ארעגאן,Όρεγκον,Арэгон,Орегон,Орігон,Օրեգոն,ორეგონი,ओरेगॉन,औरिगन,ಆರೆಗನ್,ஓரிகன்,ഒറിഗണ്‍,অরেগন,俄勒冈州,オレゴン州	relation	165476	boundary	administrative	-120.5522652	44.1441899	8	0.736745451057888				Oregon	United States of America	us	Oregon, United States of America	-124.7035410	41.9917939	-116.4635040	46.2990990	Q824	en:Oregon	
Helsinki	Helsingfors,Hèlsinki,Хельсинки	relation	34914	boundary	administrative	24.9966273	60.1151844	16	0.736112995268663		Helsinki	Helsinki sub-region	Mainland Finland	Finland	fi	Helsinki, Helsinki sub-region, Uusimaa, Southern Finland, Southern Finland, Mainland Finland, Finland	24.7828131	59.9224859	25.2545115	60.2978497	Q1757	fi:Helsinki	
Toronto	تورنتو	relation	324211	boundary	administrative	-79.4197831	43.7170226	16	0.736077038952242		Toronto		Ontario	Canada	ca	Toronto, Ontario, Canada	-79.6392727	43.5802533	-79.1132194	43.8554425	Q172	en:Toronto	
Naples	나폴리,Napels,Nápoles,Napoli,Napolo,Nápols,Nàpols,Neapel,Νάπολη,那不勒斯	relation	40767	boundary	administrative	14.2408700	40.8539992	16	0.735780536135459		Naples	Napoli	Campania	Italy	it	Naples, Napoli, Campania, Italy	14.1320998	40.7911929	14.3537376	40.9161229	Q2634	it:Napoli	
Maryland	메릴랜드,รัฐแมริแลนด์,Marilando,Marylân,Méelin Hahoodzo,Merilandas,Merilann,Merilend,Mērilenda,Terra Mariae,Tir Maria,ماريلاند,مریلند,מארילאנד,מרילנד,Μέριλαντ,Мериленд,Меріленд,Мэриленд,Мэрилэнд,Մերիլենդ,მერილენდი,मेरीलँड,மேரிலாந்து,മെരിലാന്‍‌ഡ്,মেরিল্যান্ড,メリーランド州,马里兰州	relation	162112	boundary	administrative	-76.3706788	38.8061569	8	0.734960989167035				Maryland	United States of America	us	Maryland, United States of America	-79.4873055	37.8866050	-74.9851724	39.7229330	Q1391	en:Maryland	
Turin	토리노,Torí,Torino	relation	43992	boundary	administrative	7.6870263	45.0730633	16	0.734199353758894		Turin	Torino	Piemont	Italy	it	Turin, Torino, Piemont, Italy	7.5778348	45.0067923	7.7733387	45.1402175	Q495	it:Torino	
Paraguay	ፓራጓይ,파라과이,パラグアイ,ޕެރަގުއޭ,ପାରାଗୁଏ,ประเทศปารากวัย,Palagway,Paragua,Paraguai,Paraguái,Paragúáì,Paraguaidh,Paraguai - Paraguay,Paraguaj,Paraguaji,Paraguei,Paraguwaay,Paragvæ,Paragvaj,Paragvaja,Paragvajo,Paragvajus,Paragvän,Paragvay,Paragwaj,Paragway,Paragwe,Paraquaria,Paraqvay,Parawayi,Yn Pharaguay,باراغواي,پاراگۋاي,پاراگوئه,پیراگوئے,פאראגוויי,פרגוואי,Παραγουάη,Парагвай,Парагвај,པ་ར་གུ་ཡེ།,Պարագվայ,პარაგვაი,पाराग्वे,पेराग्वे,पेरेग्वाय,पैराग्वे,ਪੈਰਾਗੁਏ,ಪೆರಗ್ವೆ,பரகுவை,പരഗ്വെ,প্যারাগুয়ে,ပါရာဂွေးနိုင်ငံ,巴拉圭	relation	287077	boundary	administrative	-58.4487370	-23.4472258	4	0.733228336251356					Paraguay	py	Paraguay	-62.6442036	-27.6063935	-54.2580000	-19.2876472	Q733	en:Paraguay	
Rhône-Alpes	Rhône-Alpeak,Rhone-Alpen,Ródano-Alpes,Rodano-Alpi,Rodano-Alpoj,Roine-Alps,Ron - Alpi,Ròse-Aups,Рона-Альпи,Рона — Альпы,Рона-Альпы	relation	8655	boundary	administrative	5.7212943	45.3175313	30	0.733165361315245				Auvergne-Rhône-Alpes	France	fr	Rhône-Alpes, Auvergne-Rhône-Alpes, France	3.6884430	44.1151805	7.1859341	46.5199005	Q463	fr:Rhône-Alpes	
Cyprus	ቆጵሮስ,キプロス,키프로스,ସାଇପ୍ରସ,ประเทศไซปรัส,An Chipir,Béésh Łichíiʼii Bikéyah,Chip,Chipre,Chipro,Chypre,Ciipër,Cìopras,Cipar,Ciper,Cipra,Cipro,Cipru,Ċipru,Ciprus,Cypern,Cyperni,Cypr,Cypria,Cypro,Haipara,ISayiphro,Kıbrıs,Kipar,Kipr,Kipra,Kipras,Kiprenez,Kipro,Kipros,Kîpros,Kipru,Kíprù,Kobros,Kupro,Küpros,Kypr,Kypros,Kýpros,Kýpur,Qabrus,Qibris,Qiproja,Shipure,Síp,Sipreän,Siprus,Syprus,Taiprus,Tsipre,Tzipru,Xipre,Yn Cheeprey,Zipre,Zypern,سىپرۇس,قبرس,قبرص,קיפראס,קפריסין,Κυπριακή Δημοκρατία - Kıbrıs Cumhuriyeti,Κύπρος,Κύπρος - Kıbrıs,Кипар,Кипр,Кипър,Кіпр,Кѷпръ,སེ་པི་རི་སི།,Կիպրոս,კვიპროსი,साइप्रस,सायप्रस,સાયપ્રસ,సైప్రస్,ਸਾਇਪ੍ਰਸ,ಕಿಪ್ರೊಸ್,சைப்பிரஸ்,സൈപ്രസ്,সাইপ্রাস,ဆိုက်ပရပ်စ်နိုင်ငံ,සයිප්‍රස්,塞浦路斯	relation	307787	boundary	administrative	33.1396402	35.1695632	4	0.73306957465099					Cyprus	cy	Cyprus	32.0227580	34.4383706	34.8553182	35.9132520	Q229	en:Cyprus	
Philadelphia	필라델피아,フィラデルフィア,Filadelfija,פילדלפיה,Филадельфия,費城	relation	188022	place	city	-75.1394559	40.0023430	16	0.732380504377782		Philadelphia	Philadelphia County	Pennsylvania	United States of America	us	Philadelphia, Philadelphia County, Pennsylvania, United States of America	-75.2802977	39.8670049	-74.9558314	40.1379593	Q1345	en:Philadelphia	
Belgrade	በልግራድ,베오그라드,ベオグラード,เบลเกรด,Béalgrád,Belehgrad,Bělehrad,Belgaraad,Belgraaid,Belgrad,Bèlgrad,Belgrád,Belgrada,Belgradas,Belgradi,Belgrado,Belgrado - Београд,Belgradum,Belqrad,Beograd,Beogrado,بلغراد,بلگراد,بېلگراد,בלגרד,בעלגראד,Βελιγράδι,Белград,Београд,Бѣлъ Градъ · Срьбїи,Бялград,བེལ་གེ་རེ་ཌི།,Բելգրադ,ბელგრადი,बॅलग्रेड,बेलग्रेड,பெல்கிறேட்,ബെൽഗ്രേഡ്,বেলগ্রেড,贝尔格莱德	relation	1677007	boundary	administrative	20.3795639	44.6805099	12	0.731788253571404			Belgrade	Central Serbia	Serbia	rs	Belgrade, Central Serbia, Serbia	19.9697527	44.2631687	20.8557792	45.0956817	Q3711	sr:Београд	
Carretera: Caracas - La Guaira		way	201138655	highway	residential	-66.9922922	10.5664887	22	0.731357727592511	Carretera: Caracas - La Guaira	Parroquia Raul Leoni	Municipio Vargas	Región Capital	Venezuela	ve	Carretera: Caracas - La Guaira, Parroquia Raul Leoni, Municipio Vargas, Vargas, Región Capital, Venezuela	-67.0026908	10.5182964	-66.9435964	10.5955783		es:Carretera: Caracas - La Guaira	
Vía alterna carretera vieja La Guaira		way	35573214	highway	residential	-66.9903897	10.5487322	22	0.731357727592511	Vía alterna carretera vieja La Guaira	Parroquia Sucre	Municipio Libertador	Región Capital	Venezuela	ve	Vía alterna carretera vieja La Guaira, Parroquia Sucre, Municipio Libertador, Distrito Capital, Región Capital, Venezuela	-67.0055037	10.5270830	-66.9655164	10.5716490		es:Carretera: Caracas - La Guaira	
Carretera: Caracas - La Guaira		way	29095278	highway	tertiary	-66.9426787	10.5174428	26	0.731357727592511	Carretera: Caracas - La Guaira	Parroquia Sucre	Municipio Libertador	Región Capital	Venezuela	ve	Carretera: Caracas - La Guaira, Parroquia Sucre, Municipio Libertador, Distrito Capital, Región Capital, Venezuela	-66.9438086	10.5164729	-66.9425287	10.5182964		es:Carretera: Caracas - La Guaira	
Jamaica	Camekeän,Jamaika,Jamaïque,Jamajka,Jamajko,Ямайка,ஜமேக்கா	relation	555017	boundary	administrative	-77.1969772	17.7401595	4	0.730003623110243					Jamaica	jm	Jamaica	-78.5782367	16.5899443	-75.7541143	18.7256394	Q766	en:Jamaica	
Boston	பாஸ்டன்	relation	2315704	boundary	administrative	-71.0623100	42.3130289	16	0.72997821709893		Boston		Massachusetts	United States of America	us	Boston, Massachusetts, United States of America	-71.1912600	42.2276540	-70.8044881	42.3969775	Q100	en:Boston	
Missouri	미주리,รัฐมิสซูรี,Misoria,Misouri,Missorí,Missouri suyu,Missuri,Missuria,Misuri,Misūri,Misurio,Misūris,Mizoowii Hahoodzo,Mizuri,میزوری,مسوری,ميزوري,מיזורי,Μιζούρι,Миссури,Мисури,Міссурі,Միսսուրի,მისური,मिसूरी,மிசூரி,മിസോറി,মিজুরি,密蘇里州,ミズーリ州	relation	161638	boundary	administrative	-92.4924271	38.3039848	8	0.729509022026839				Missouri	United States of America	us	Missouri, United States of America	-95.7741441	35.9956830	-89.0988430	40.6136346	Q1581	en:Missouri	
Montreal	Mont-real,Montréal,مونترال,Монреаль	relation	1634158	boundary	administrative	-73.5933032	45.5579336	16	0.729341204081263		Montreal	Montreal (06)	Quebec	Canada	ca	Montreal, Montreal (06), Quebec, Canada	-73.9729017	45.4100755	-73.4734867	45.7047897	Q340	fr:Montréal	
Hawaii	하와이,รัฐฮาวาย,Awayi,Gavayi,Hauai'i,Havái,Havaí,Haváí,Havaiji,Havaj,Havajai,Havajas,Havaji,Havajo,Havay,Hawáai Hahoodzo,Hawai,Hawái,Hawaï,Hawai'i,Hawaiisullot,Hawaii suyu,Hawaje,Haway,هاواي,هاوائی,ہوائی,האוואי,הוואי,Χαβάη,Гаваї,Гавайи,Хаваи,Хавай,Хаваји,Հավայան կղզիներ,ჰავაი,हवाई,హవాయి,ஹவாய்,ഹവായി,হাওয়াই,夏威夷州,ハワイ州	relation	166563	boundary	administrative	-155.4268897	19.5872677	8	0.729332224890701				Hawaii	United States of America	us	Hawaii, United States of America	-178.4435931	18.8640310	-154.7576591	28.5172689	Q782	en:Hawaii	
Arizona	애리조나,Arizona suyu,Arizono,Hoozdoh Hahoodzo,آریزونا,أريزونا,אריזאנע,אריזונה,Αριζόνα,Аризона,Арызона,Արիզոնա,არიზონა,एरीजोना,ಆರಿಜೋನ,அரிசோனா,亞利桑那州,アリゾナ州	relation	162018	boundary	administrative	-111.6685940	34.1685390	8	0.729221810982418				Arizona	United States of America	us	Arizona, United States of America	-114.8183585	31.3322134	-109.0452015	37.0042600	Q816	en:Arizona	
Alaska	Alasca,Aliaska,Aljaška,Аляска,ಅಲಾಸ್ಕಾ,அலாஸ்கா	relation	1116270	boundary	administrative	-153.7232889	61.9328312	8	0.728753749970259				Alaska	United States of America	us	Alaska, United States of America	172.1155061	51.0228711	-129.9741673	71.6048216	Q797	en:Alaska	
Tennessee	테네시,รัฐเทนเนสซี,Tenèsi,Tenesī,Ténésii Hahoodzo,Tenesio,Tenesis,Tennessee suyu,Tennessi,تنسی,تينيسي,ٹینیسی,טנסי,טענעסי,Τενεσί,Тенеси,Теннесси,Теннессі,Тэнесі,Թենեսի,ტენესი,टेनेसी,டென்னிசி,ടെന്നസി,টেনেসী,テネシー州,田纳西州	relation	161838	boundary	administrative	-86.3184702	35.8296060	8	0.728339711905617				Tennessee	United States of America	us	Tennessee, United States of America	-90.3102980	34.9829822	-81.6469000	36.6781179	Q1509	en:Tennessee	
Tanzania	탄자니아,ታንዛኒያ,タンザニア,ޓެންޒޭނިއާ,ତାଞ୍ଜାନିଆ,ประเทศแทนซาเนีย,An Tansáin,ITanzania,IThanzaniya,Tānahia,Tansaania,Tansaaniya,Tansainìa,Tansanän,Tansani,Tansania,Tansanía,Tànsáníà,Tansanya,Tanzani,Tanzánia,Tanzània,Tanzânia,Tanzanie,Tanzanië,Tanzanïi,Tʼanzanííya,Tanzanija,Tanżanija,Tanzānija,Tanzanio,Tanzaniya,Tanzaniýa,Tanzanya,تانزانیا,تانزانىيە,تنزانیہ,تنزانيا,טאנזאניע,טנזניה,Τανζανία,Танзани,Танзанија,Танзания,Танзанія,ཏན་ཛ་ནི་ཡ།,Տանզանիա,ტანზანია,टांझानिया,टंजानिया,तन्जानिया,तंज़ानिया,ટાન્ઝાનિયા,టాంజానియా,ਤਨਜ਼ਾਨੀਆ,ಟಾಂಜಾನಿಯ,தன்சானியா,ടാൻസാനിയ,তানজানিয়া,တန်ဇေးနီးယားနိုင်ငံ,坦桑尼亚	relation	195270	boundary	administrative	34.7134388	-6.3723610	4	0.728264157106011					Tanzania	tz	Tanzania	29.3269773	-11.7612541	40.6584071	-0.9854813	Q924	en:Tanzania	
Nepal	네팔,ኔፓል,ނޭޕާލް,ネパール,ନେପାଳ,នេប៉ាល់,ประเทศเนปาล,Dziłgaiitsoh Honeezkʼazii Bikéyah,INephali,Neapàl,Nebal,Neipeal,Nepaal,Népal,Nepál,Nepāla,Nepalän,Nepalas,Nepali,Nepáli,Nepalia,Nepalo,Nepar,Nipal,نپال,نیپال,نېپال,نيبال,نيپال,נעפאל,נפאל,Νεπάλ,Балба,Непал,བལ་ཡུལ།,བལ་ཡུལ་,Նեպալ,ნეპალი,नेपाल,नेपालदेशः,नेपाळ,નેપાળ,నేపాల్,ਨੇਪਾਲ,ನೇಪಾಳ,நேபாளம்,നേപ്പാൾ,নেপাল,နီပေါနိုင်ငံ,නේපාලය,尼泊尔	relation	184633	boundary	administrative	83.0959726	28.3958814	4	0.72817807738039					Nepal	np	Nepal	80.0586226	26.3477580	88.2015257	30.4469450	Q837	en:Nepal	
Uzbekistan	우즈베키스탄,ኡዝቤኪስታን,ウズベキスタン,އުޒްބެކިސްތާން,ଉଜବେକିସ୍ଥାନ,ประเทศอุซเบกิสถาน,An Úisbéiceastáin,IZubekhi,Lusbekän,Oesbekistan,Oezbekistan,Ouzbekistan,Ouzbékistan,Ózbeʼ Bikéyah,Özbegistan,Özbekistan,Özbəkistan,Oʻzbekiston,O‘zbekiston Respublikasi,Ozbequistan,Pow Ousbek,Usbagastàn,Usbekistaan,Usbekistan,Úsbekistan,Ùsbẹ̀kìstán,Usbiksuyu,Uzbecia,Üzbegisztán,Uzbekija,Uzbékistan,Ûzbêkistan,Uzbekistán,Uzbekistāna,Uzbekistani,Uzbekistáni,Uzbekujo,Uzbequistán,Uzbequistão,Uzubekisitani,Yn Oosbeckistaan,ازبکستان,أوزبكستان,اوزبکستان,ئۆزبېكىستان,אוזבעקיסטאן,אוזבקיסטן,Ουζμπεκιστάν,Өзбекстан,Ӯзбакистон,Узбекистан,Узбекістан,Үзбәкстан,Ӳспекстан,ཨུ་ཟ་བྷེ་ཁི་སི་ཐན།,ཨུཛ་བེ་ཀིསི་ཏཱན་,Ուզբեկստան,უზბეკეთი,उजबेकिस्थान,उज़्बेकिस्तान,उझबेकिस्तान,ઉઝબેકિસ્તાન,ఉజ్బెకిస్తాన్,ਉਜ਼ਬੇਕਿਸਤਾਨ,ಉಜ್ಬೇಕಿಸ್ಥಾನ್,உசுபெக்கிசுத்தான்,ഉസ്ബെക്കിസ്ഥാൻ,উজবেকিস্তান,ဥဇဘက်ကစ္စတန်နိုင်ငံ,乌兹别克斯坦	relation	196240	boundary	administrative	63.3907335	41.3839471	4	0.727896898189026					Uzbekistan	uz	Uzbekistan	55.9977865	37.1772143	73.1397362	45.5901180	Q265	en:Uzbekistan	
Saint Petersburg	サンクト ペテルブルク,Peterburi,Petrohrad,Pietari,Saint-Pétersbourg,Sankt Péitersbuerg,Sankt Peterburg,Sankt-Peterburg,Sanktpēterburga,Sankt Peterburgas,Sankt-Peterburgo,Sankt Petersborg,Sankt Petersburg,San Petersburgo,San Pietroburgo,Sant Petersburg,São Petersburgo,Sint-Petersburch,Sint-Petersburg,Szentpétervár,Xanh Pê-téc-bua,Αγία Πετρούπολη,Бетъырбух,Петроград;Ленинград,Санкт Петербург,Санкт-Петербург,Санқт-Петербург,Санкт-Пецярбург	relation	337422	boundary	administrative	30.0711895	59.9413478	8	0.727718425910333				Northwestern Federal District	Russia	ru	Saint Petersburg, Northwestern Federal District, Russia	29.4298102	59.6337832	30.7594933	60.2448368	Q656	ru:Санкт-Петербург	
Malta	몰타,ማልታ,マルタ,ມັນຕາ,ମାଲ୍ଟା,ម៉ាល់តា,ประเทศมอลตา,i-Malta,Maalda,Malita,Malitɛ,Málta,Mâlta,Malta nutome,Malte,Maltë,Malteän,Malti,Malto,Melita,Mɔlta,Orílẹ́ède Malata,Yn Valta,مالت,مالٹا,مالطا,מלטה,Μάλτα,Малта,Мальта,མལ་ཊ།,མཱལ་ཊ,Մալթա,მალტა,माल्टा,માલ્ટા,మాల్టా,ಮಾಲ್ಟಾ,மால்டா,മാൾട്ട,মাল্টা,මෝල්ටාව,马尔他	relation	365307	boundary	administrative	14.3836306	35.9446730	4	0.727283385243114					Malta	mt	Malta	13.9324225	35.6029695	14.8267966	36.2852705	Q233	en:Malta	
Libya	ሊቢያ,リビア,리비아,ލީބިޔާ,ଲିବିଆ,ประเทศลิเบีย,An Libia,ILibhiya,ILibiya,Libeye,Libi,Libia,Líbia,Lìbia,Libië,Libïi,Libija,Lībija,Libio,Libiya,Libîya,Libja,Líbya,Łíbya,Lîbya,Líbýa,Líbyà,Libye,Libyen,Liibüa,Livia,Liviya,Liwiýa,Lübän,Lybje,Yn Leeb,ⵍⵉⴱⵢⴰ ليبيا,لیبی,لیبیا,لېبيا,ليبيا,لىۋىيە,לוב,ליביע,Λιβύη,Либија,Либия,Ливи,Ливия,Лівія,ལི་པི་ཡ།,Լիբիա,ლიბია,लिबिया,लीबिया,లిబియా,ਲੀਬੀਆ,ಲಿಬಿಯಾ,லிபியா,ലിബിയ,লিবিয়া,လစ်ဗျားနိုင်ငံ,ලිබියාව,利比亚	relation	192758	boundary	administrative	17.3033200	26.4215275	4	0.726549318407917					Libya	ly	Libya	9.3910809	19.5008138	25.3770628	33.3545897	Q1016	ar:ليبيا	
Mongolia	몽골,ሞንጎልያ,މޮންގޯލިއާ,ମଙ୍ଗୋଲିଆ,ម៉ុងហ្គោលី,ประเทศมองโกเลีย,An Mhongóil,Chʼah Diʼilii Bikéyah,IMongoliya,Mogitolia,Moğolistan,Moʻgʻuliston,Mông Cổ,Monggolya,Mongoalje,Mongòilia,Mongolän,Mongolei,Mongoli,Mongolí,Mongólia,Mongòlia,Mongólía,Mòngólíà,Mongolie,Mongolië,Mongoliet,Mongolija,Mongoliya,Mongoliýa,Mongolsko,Mongolujo,Mongolya,Mongoolia,Mongōria,Mongoriya,Monqolustan,Mungul suyu,Mungzguj,Yn Vongoil,مغولستان,منغوليا,منگولیا,موڭغۇلىيە,מאנגאליי,מונגוליה,Μογγολία,Мангол,Манголія,Мѫголи,Монголи,Монголија,Монголия,Моңғолия,Монголія,Моңголстан,Монгол улс,Муғулистон,མོང་གོལ།,སོག་པོ་,Մոնղոլիա,მონღოლეთი,मङ्गोलिया,मंगोलिया,મંગોલિયા,మంగోలియా,ਮੰਗੋਲੀਆ,ಮಂಗೋಲಿಯ,மங்கோலியா,മംഗോളിയ,মঙ্গোলিয়া,မွန်ဂိုးလီးယားနိုင်ငံ,මොංගෝලියාව,モンゴル国,蒙古国	relation	161033	boundary	administrative	105.4252036	46.8656229	4	0.726459670916582					Mongolia	mn	Mongolia	87.7376200	41.5804176	119.9319490	52.1495999	Q711	en:Mongolia	
Sicily	시칠리아,Regione Siciliana,SIC,Sicile,Sicilia,Sicília,Sicílie,Sicilië,Sicilien,Sicilija,Sizilia,Sizilien,Sycylia,Szicília,صقلية,Σικελία,Сицилия	relation	39152	boundary	administrative	14.1385351	37.4742762	8	0.726161771476866				Sicily	Italy	it	Sicily, Italy	11.9258570	35.4929520	15.6529113	38.8177524	Q1460	it:Sicilia	
Rhineland-Palatinate	Nadrenia-Palatynat,Porenje-Pfalška,Porýnie-Falcko,Porýní-Falc,Rejnlando-Palatinato,Renania-Palatinado,Renània-Palatinat,Renania-Palatinato,Rheinland-Pfalz,Rhenania Palatina,Rhénanie-Palatinat,Rhenlando-Palatenio,Rijnland-Palts,Rinän-Palzän,Rínarland-Pfalz,Tír na Réine agus an Phalaitíneacht,راينلند بالاتينات,Рајна-Палатинат,Рейнланд-Пфальц,莱茵兰-普法尔茨	relation	62341	boundary	administrative	7.2744266	49.9543904	8	0.72600693281803				Rhineland-Palatinate	Germany	de	Rhineland-Palatinate, Germany	6.1122494	48.9664471	8.5083135	50.9423256	Q1200	de:Rheinland-Pfalz	
Midi-Pyrénées	미디피레네,ミディ＝ピレネー,แคว้นมีดี-ปีเรเน,Cənub-Pireney,Dienvidi-Pireneji,Di-mezo Pirenei,Jug-Pireneji,Mediodía-Pireneos,Mediodía-Pirineos,Meridianum-et-Pyrenaei,Meyodía-Pireneus,Midi-Pirenei,Midi-Pireneje,Midi - Pirinei,Midi-Pirinéus,Midi-Pyrenäen,Midi-Pyreneeën,Miègjorn-Pirenèus,Migdia-Pirineus,Pietūs-Pirėnai,Pireneji-Jug,Sudo-Pireneoj,پیرنه میانه,ميدي بيرينه,מידי-פירנה,Југ-Пиринеи,Къилба-Пиренейш,Миди-Пирене,Південь-Піренеї,Поўдзень-Пірэнеі,Хуссар-Пиренейтæ,Юг-Пиренеи,མི་དི་ཕི་རེ་ནེ།,Հարավ-Պիրենեյներ,სამხრეთი პირენეები,मिदी-पिरेने,ਮਿਦੀ-ਪੀਰੇਨੇ,মিদি-পিরেনে,南部-比利牛斯	relation	8647	boundary	administrative	1.4344926	43.8099068	30	0.725650120168225				Metropolitan France	France	fr	Midi-Pyrénées, Occitania, Metropolitan France, France	-0.3276532	42.5732415	3.4520492	45.0466381	Q16393	fr:Midi-Pyrénées	
Madagascar	ማዳጋስካር,マダガスカル,마다가스카르,މަޑަގަސްކަރަ,ମେଡାଗାସ୍କର,ประเทศมาดากัสการ์,IMadagasika,IMadagasikha,Madagaka,Madagáscar,Madagascàr,Madagascaria,Madagasikar,Madagasikara,Madagasikari,Madagaska,Madagaskaar,Madagaskar,Madagáskàr,Madagaskara,Madagaskära,Madagaskaras,Madagaskari,Madagaskaro,Madagaszkár,Madaʼgéésgáá,Madaqaskar,Malagaseän,Malagasi,Marakāhia,ماداگاسكار,ماداگاسکار,مادغاسکر,مدغشقر,مڈغاسکر,מאדאגאסקאר,מדגסקר,Μαδαγασκάρη,Мадагаскар,Мадагаска́р,Мадагаскар Республикасы,Мадагаскар Республики,མ་ད་གཱ་སི་ཀར།,Մադագասկար,მადაგასკარი,मडगास्कर,मादागास्कर,मेडागास्कर,મડાગાસ્કર,మడగాస్కర్,ਮਾਦਾਗਾਸਕਰ,ಮಡಾಗಾಸಿಕರ,மடகாசுகர்,മഡഗാസ്കർ,মাদাগাস্কার,မဒါဂတ်စကားနိုင်ငံ,මැඩගස්කරය,马达加斯加	relation	447325	boundary	administrative	46.5973240	-18.7561349	4	0.725576901521383					Madagascar	mg	Madagascar	42.9680075	-25.7840211	50.6727306	-11.7328890	Q1019	en:Madagascar	
Lisbon	리스본,ሊዝቦን,リスボン,ลิสบอน,Liospóin,Lisabon,Lisabona,Lisboa,Lisbòn,Lisbona,Lisbonne,Lisbono,Lisimbã,Lissabon,Lisszabon,Lizbon,Lîzbon,Lizbona,LSB,Município de Lisboa,Olisipo,Rihipone,لزبن,لیسبون,لشبونة,لىسبون,ליסבאן,ליסבון,Λισαβόνα,Лисабон,Лиссабон,Лісабон,ལི་སི་བཱོན།,Լիսաբոն,ლისაბონი,लिस्बन,లిస్బన్,ಲಿಸ್ಬೊನ್,லிஸ்பன்,ലിസ്‌ബൺ,লিসবন,လစ်စဘွန်းမြို့,里斯本	relation	5400890	place	city	-9.1517365	38.7436652	16	0.725219153406665		Lisbon	Lisbon		Portugal	pt	Lisbon, Lisbon, Portugal	-9.2298357	38.6913994	-9.0863329	38.7967584	Q597	pt:Lisboa	
Cameroon	카메룬,ካሜሩን,カメルーン,ކެމަރޫން,କାମେରୁନ,ประเทศแคเมอรูน,Camarões,Camarun,Camarún,Cameron,Cameronia,Cameroun,Camerun,Camerún,Camerùn,Camerŵn,IKamerooni,IKhameruni,Kameroen,Kameroon,Kameroun,Kameru,Kamerun,Kamerún,Kamerûn,Kamerün,Kamerūna,Kamerunän,Kamerūnas,Kameruni,Kameruno,Kamẹrúùn,Kamewoun,Kamirun,Kamiruun,Táłtłʼááh Chʼosh Daadánígíí Bitooh,الكاميرون,كامېرۇن,کامرون,کیمرون,קאמערון,קמרון,Καμερούν,Камерун,ཁམ་མུ་རོན།,Կամերուն,კამერუნი,कामेरून,केमेरून,कैमरुन,क्यामेरून,కామెరూన్,ਕੈਮਰੂਨ,ಕ್ಯಾಮರೂನ್,கமரூன்,കാമറൂൺ,ক্যামেরুন,ကင်မရွန်းနိုင်ငံ,喀麦隆	relation	192830	boundary	administrative	13.6292639	7.3688988	4	0.725219153406665					Cameroon	cm	Cameroon	8.3822175	1.6546658	16.1921475	13.0833330	Q1009	en:Cameroon	
Alabama	앨라배마,รัฐแอละแบมา,Alabamo,Élábéemah Hahoodzo,آلاباما,ألاباما,الاباما,אלאבאמא,אלבמה,Αλαμπάμα,Алабамæ,Алабама,Ալաբամա,ალაბამა,अलाबामा,అలబామా,ಅಲಬಾಮ,அலபாமா,അലബാമ,আলাবামা,アラバマ州,阿拉巴马州	relation	161950	boundary	administrative	-86.7225265	32.5728296	8	0.72507032450272				Alabama	United States of America	us	Alabama, United States of America	-88.4731356	30.1375221	-84.8882885	35.0081121	Q173	en:Alabama	
Connecticut	코네티컷,Kanédiki' Hahoodzo,Kaonektikioty,Konektikuto,Konnektikut,كونيتيكت,קאנעטיקעט,קונטיקט,Конектикат,Коннектикут,Кънектикът,Կոնեկտիկուտ,კონექტიკუტი,கனெடிகட்,コネチカット州,康涅狄格州	relation	165794	boundary	administrative	-72.6630970	41.5033078	8	0.724863601957299				Connecticut	United States of America	us	Connecticut, United States of America	-73.7277751	40.9492617	-71.7869940	42.0505869	Q779	en:Connecticut	
Iowa	아이오와,รัฐไอโอวา,Áawah Hahoodzo,Aioua,Aiova,Ajova,Ayova,Ayowa,Iova,آیووا,آيوا,איווה,אייאווע,Αϊόβα,Айова,Ајова,Այովա,აიოვა,आयोवा,அயோவா,アイオワ州,艾奥瓦州	relation	161650	boundary	administrative	-93.1514128	41.9395129	8	0.724397170839829				Iowa	United States of America	us	Iowa, United States of America	-96.6397163	40.3756006	-90.1400611	43.5011333	Q1546	en:Iowa	
Panama	ፓናማ,パナマ,파나마,ޕެނަމާ,ପାନାମା,ประเทศปานามา,Banama,IPhanama,Panamá,Panamà,Panamaa,Panamaja,Panamän,Panamo,Yn Phanamaa,بنما,پاناما,פאנאמא,פנמה,Παναμάς,Панам,Панамæ,Панама,པ་ན་མ།,Պանամա,პანამა,पनामा,पानामा,પનામા,పనామా,ਪਨਾਮਾ,ಪನಾಮಾ,பனாமா,പനാമ,পানামা,ပနားမားနိုင်ငံ,巴拿马	relation	287668	boundary	administrative	-80.1270978	8.4522917	4	0.724162041453962					Panama	pa	Panama	-83.0517245	7.0338679	-77.1393780	9.8701757	Q804	es:Panamá	
Guatemala	ጓቴማላ,과테말라,グアテマラ,ގުއަޓެމާލާ,ហ្គាតេម៉ាឡា,ประเทศกัวเตมาลา,Gatemala,Goatemala,Guatamala,Gûatemala,Guatémala,Guatẹmálà,Guatemara,Guatimalia,Guwaatemala,Guwatemala,Gvatemala,Gvatemalo,Gvatemän,Gwatemala,IGwathamala,Qvatemala,Tuatemala,Watimala,Yn Ghuatemaley,غواتيمالا,گۋاتېمالا,گواتمالا,گوئٹے مالا,ګواتمالا,גואטמלה,גוואטעמאלע,Γουατεμάλα,Гватемал,Гватемалæ,Гватемала,Гватэмала,Гуатемала,གུ་ཝེ་ཐི་མ་ལ།,Գվատեմալա,გვატემალა,ग्वाटेमाला,ग्वातेमाला,ਗੁਆਤੇਮਾਲਾ,ಗ್ವಾಟೆಮಾಲ,குவாத்தமாலா,ഗ്വാട്ടിമാല,গুয়াতেমালা,ဂွါတီမာလာနိုင်ငံ,危地马拉	relation	1521463	boundary	administrative	-90.0740919	15.7375042	4	0.724080244819075					Guatemala	gt	Guatemala	-92.3105242	13.6345803	-88.1755850	17.8165946	Q774	en:Guatemala	
Ghana	ጋና,가나,ގާނާ,ガーナ,ଘାନା,ประเทศกานา,Gaana,Gáana,Gana,Gána,Gàna,Ganäa,Ganän,Ganao,Ghána,Ghánà,IGana,Qana,Yn Ghaney,ګانا,غانا,غنا,گھانا,گانا جۇمھۇرىيىتى,גאנה,גהאנע,Γκάνα,Ганæ,Гана,ཀ་ན།,Գանա,განა,घाना,ઘાના,ఘనా,ਘਾਨਾ,ಘಾನಾ,கானா,ഘാന,ঘানা,ဂါနာနိုင်ငံ,加纳	relation	192781	boundary	administrative	-1.0840976	7.8573710	4	0.723996959451236					Ghana	gh	Ghana	-3.2607860	4.5392525	1.2732942	11.1748562	Q117	en:Ghana	
Moldova	몰도바,ሞልዶቫ,モルドバ,މޮލްޑޯވާ,ମାଲଡୋଭା,ประเทศมอลโดวา,An Mholdóiv,IMolidiva,Moldaavje,Moldaawi,Moldàibhia,Moldavi,Moldavia,Moldávia,Moldàvia,Moldavia - Moldova,Moldavie,Moldavië,Moldavien,Moldavija,Moldavsko,Moldavujo,Mołdawia,Moldawien,Moldawiýa,Moldofa,Móldófà,Moldóva,Moldovän,Moldowa,Molidova,Morotawa,Mulduwa,Republica de Moldavia,República de Moldàvia,Republica Moldova,Respublica Moldavica,Ripubrikin Mordowa,مالدووا,مولداوی,مولدوۋا,مولدوفا,מאלדאווע,מולדובה,Μολδαβία,Малдова,Молдав,Молдави,Молдавија,Молдавия,Молдова,མོལ་དོ་ཝ།,Մոլդովա,მოლდოვა,मॉल्डोवा,मोल्दोवा,मोल्दोव्हा,મોલ્દોવા,మోల్డోవా,ਮੋਲਦੋਵਾ,ಮಾಲ್ಡೋವ,மல்தோவா,മൊൾഡോവ,মলদোভা,မော်လ်ဒိုဗာနိုင်ငံ,摩尔多瓦	relation	58974	boundary	administrative	28.8465054	46.9781590	4	0.723980289970164					Moldova	md	Moldova	26.6162823	45.4652673	30.1635137	48.4918695	Q217	en:Moldova	
Odessa	Odesa,Oděsa,Odeso,Odessza,אדעס,אודסה,Адэса,Одеса,Одесса,Օդեսա,ოდესა,ओदॆस,ಓದೆಸ	relation	1413934	place	city	30.6836509	46.4858883	16	0.723924695117153		Odessa		Odessa Oblast	Ukraine	ua	Odessa, Odessa Oblast, Ukraine	30.6114013	46.3427069	30.8313753	46.6291187	Q1874	uk:Одеса	
Melbourne	メルボルン,Melburnas,Melburno,Poipiripi,מלבורן,Мелбурн,Мельбурн,मॆल्बोर्न्,ಮೆಲ್ಬೋರ್ನ್,墨爾本	node	21579127	place	city	144.9631608	-37.8142177	16	0.723124610070791			City of Melbourne	Victoria	Australia	au	Melbourne, City of Melbourne, Greater Melbourne, Victoria, Australia	144.9631608	-37.8142177	144.9631608	-37.8142177	Q3141	en:Melbourne	
Angola	앙골라,አንጎላ,ኣንጎላ,アンゴラ,އެންގޯލާ,ଆଙ୍ଗୋଲା,ອັງໂກລາ,អង់ហ្គោឡា,ประเทศแองโกลา,Anakora,Anggola,Aŋgola,Angoala,Angóla,Angòla,Àngólà,Angolaa,Angoläa,Angoley,Angolia,Angolo,Angóola,Angoolaa,Angora,Angula,Anngolaa,Anqola,ʻEnikola,I-Angola,Langolän,Ngola,República de Angola,أنغولا,انگولہ,آنگولا,اینٛگولا,آنګولا,ئانگولا,אַנגאלאַ,אנגולה,Ανγκόλα,Ангол,Анголæ,Ангола,Анго́ла,Анґо́ла,ཨང་གོ་ལ།,ཨང་གྷོ་ལ,Անգոլա,ანგოლა,अङ्गोला,अंगोला,अँगोला,અંગોલા,అంగోలా,ਅੰਗੋਲਾ,ಅಂಗೋಲ,அங்கோலா,അംഗോള,অ্যাঙ্গোলা,အင်ဂိုလာနိုင်ငံ,ඇන්ගෝලාව,安哥拉	relation	195267	boundary	administrative	18.7612166	-11.9314096	4	0.722698309204706					Angola	ao	Angola	11.4609793	-18.0389451	24.0878856	-4.3880635	Q916	pt:Angola	
Jordan	요르단,ጆርዳን,ヨルダン,އުރުދުން,ଜୋର୍ଡାନ,ហ្សកដង់,ประเทศจอร์แดน,An Iordáin,Chordania,Djordan,Giordania,Ġordan,Gwlad Iorddonen,Hordan,Hurdanya,IJoridane,Iòrdan,Iordania,Iordaniya,İordaniya,Iordaniýa,Jòdani,Jóoʼdan,Jordaani,Jordaania,Jordaanje,Jọ́rdánì,Jordania,Jordánia,Jordània,Jordânia,Jórdanía,Jordanie,Jordanië,Jordanien,Jordanija,Jordānija,Jordanio,Jordánsko,Ordon,Urdun,Ürdün,Xordania,Yn Jordaan,Yordän,Yordani,Yordania,Yorudani,Zordaní,اردن,الأردن,المملكة الأردنية الهاشمية,ئىئوردانىيە,יארדאניע,ירדן,Ιορδανία,Иордани,Иордания,Іарданія,Йордан,Йордания,Йорданія,Јордан,Үрдүн,རྗོར་ཌན།,Հորդանան,იორდანია,जार्डन,जॉर्डन,જૉર્ડન,జోర్డాన్,ਜਾਰਡਨ,ஜோர்தான்,ജോർദാൻ,জর্দান,ဂျော်ဒန်နိုင်ငံ,约旦	relation	184818	boundary	administrative	36.3158738	31.2776697	4	0.722383200059616					Jordan	jo	Jordan	34.8844372	29.1834010	39.3012981	33.3750617	Q810	en:Jordan	
Burma	Бурма,ბურმა	node	4760426884	place	village	44.8305917	41.2177020	19	0.722066604703029			Marneuli Municipality	Lower Kartli	Georgia	ge	Burma, Marneuli Municipality, Lower Kartli, Georgia	44.8305917	41.2177020	44.8305917	41.2177020	Q12862869	az:Burma	
Sudan	수단,ሱዳን,ސޫދާން,スーダン,ସୁଦାନ,ประเทศซูดาน,An tSúdáin,ISudani,Sodan,Soedan,Soodą́ą,Soudan,Sudaan,Sudäan,Súdan,Sûdan,Sudán,Súdán,Sudän,Sũdana,Sudāna,Sudanas,Sudani,Sudania,Sudano,Sudão,Suudaan,Szudán,Tudan,Yn Toodaan,السودان,سۇدان,سوډان,سودان,سوڈان,סודאן,Σουδάν,Судан,Судон,སུའུ་ཏན།,Սուդան,სუდანი,सुदान,सूडान,સુદાન,సూడాన్,ਸੁਡਾਨ,ಸುಡಾನ್,சூடான்,സുഡാൻ,সুদান,ဆူဒန်နိုင်ငံ,苏丹共和国	relation	192789	boundary	administrative	29.7951524	15.4537439	4	0.721815979524253					Sudan	sd	Sudan	21.8145045	8.6852780	39.0576252	22.2249180	Q1049	ar:السودان	
Aquitaine	아키텐,アキテーヌ,อากีแตน,Akitania,Akitanya,Akîtanya,Akuitania,Akvitaania,Akvitania,Akvitánie,Akvitanija,Akvitānija,Akvitanio,Akvitaniya,Akvitánsko,Akwitaanje,Akwitania,Akwitanië,Aquitania,Aquitània,Aquitânia,Aquitanië,Aquitanien,آكيتين,ناحیه آکیتن,אקוויטאניע,אקיטן,Ακουιτανία,Аквитан,Аквитани,Аквитанија,Аквитания,Аквітанія,Աքվիտանիա,აკვიტანია,अ‍ॅकितेन,ऐक्विटेन,ਆਕੀਤੈਨ,আকিতেন,阿基坦	relation	8637	boundary	administrative	-0.1839979	44.2462063	30	0.721529841181087				New Aquitaine	France	fr	Aquitaine, New Aquitaine, France	-1.7910227	42.7775376	1.4481424	45.7148005	Q1179	fr:Aquitaine	
Senegal	세네갈,ሴኔጋል,セネガル,ސެނެގާލް,ସେନେଗାଲ,ประเทศเซเนกัล,An tSeineagáil,ISenegal,Seanagal,Senangale,Senegaal,Sénégal,Senegàl,Sẹ̀nẹ̀gàl,Senegāla,Senegalän,Senegalas,Senegale,Senegäle,Senegali,Senegalia,Senegalo,Seneqal,Sinigaal,Sinigal,Szenegál,Yn Tenegaal,السنغال,سېنېګال,سنگال,سینیگال,سېنېگال,סנגל,סענעגאל,Σενεγάλη,Сенегал,སི་ནི་གཱལ།,Սենեգալ,სენეგალი,सेनेगल,सेनेगाल,సెనెగల్,ਸੇਨੇਗਲ,ಸೆನೆಗಲ್,செனிகல்,സെനെഗൽ,সেনেগাল,ဆီနီဂေါနိုင်ငံ,塞内加尔	relation	192775	boundary	administrative	-14.7653410	14.4651773	4	0.720873896244526					Senegal	sn	Senegal	-17.7862419	12.2372837	-11.3458997	16.6919711	Q1041	fr:Sénégal	
Seoul	ሶል,서울,โซล,ソウル,서울특별시,សេអ៊ូល,Seoel,Seol,Séoul,Seul,Seúl,Sêûl,Seül,Seula,Seulas,Seulo,Seulum,Siul,Soul,Sŏul,Söul,Szöul,سول,سیول,سئول,סיאול,סעאל,Σεούλ,Сеул,Сөүл,སེ་ཨུལ།,Սեուլ,სეული,सियोल,सोल,ಸೌಲ್,சியோல்,സോൾ,সিওল,ဆိုးလ်မြို့,首尔特别市	relation	2297418	boundary	administrative	126.9395550	37.5649056	8	0.71942212574176				Seoul	South Korea	kr	Seoul, South Korea	126.7641584	37.4285423	127.1850322	37.7013911	Q8684	en:Seoul	
Oklahoma	오클라호마,รัฐโอคลาโฮมา,Halgai Hóteel Hahoodzo,Oklahomo,اکلاهما,أوكلاهوما,אוקלהומה,אקלעהאמע,Οκλαχόμα,Аклахома,Оклахома,Օկլահոմա,ოკლაჰომა,ओक्लाहोमा,ஓக்லகோமா,俄克拉何马州,オクラホマ州	relation	161645	boundary	administrative	-97.2170271	35.3174398	8	0.719323917645694				Oklahoma	United States of America	us	Oklahoma, United States of America	-103.0024616	33.6191954	-94.4312192	37.0022993	Q1649	en:Oklahoma	
Kansas	캔자스,รัฐแคนซัส,Kansaso,Kansas suyu,Kanzas,Kanzasa,Kanzasas,Kènsas,Kénsis Hahoodzo,كانساس,کانزاس,کنساس,קנזס,קענזעס,Κάνσας,Канзас,Կանզաս,კანზასი,कॅन्सस,केन्‍सास,कैंसास,ಕ್ಯಾನ್ಸಸ್,கேன்சஸ்,കാന്‍സസ്,ক্যানসাস,堪萨斯州,カンザス州	relation	161644	boundary	administrative	-98.3286928	38.5217376	8	0.718740645556582				Kansas	United States of America	us	Kansas, United States of America	-102.0517563	36.9931249	-94.5882049	40.0030949	Q1558	en:Kansas	
Krakow	Cracovia,Cracóvia,Cracovie,Krakau,Krakkó,Krakova,Krakovo,Kraków,Krokuva,كراكوف,Краків,Краков	relation	449696	boundary	administrative	19.9970637	50.0469101	12	0.717147707107773			Krakow	Lesser Poland Voivodeship	Poland	pl	Krakow, Lesser Poland Voivodeship, Poland	19.7922354	49.9676667	20.2173455	50.1261383	Q31487	pl:Kraków	
Krakow	Cracovia,Cracóvia,Cracovie,Krakau,Krakkó,Krakova,Krakovo,Kraków,كراكوف	relation	2768921	boundary	administrative	19.9970637	50.0469101	14	0.717147707107773			Krakow	Lesser Poland Voivodeship	Poland	pl	Krakow, Krakow, Lesser Poland Voivodeship, Poland	19.7922354	49.9676667	20.2173455	50.1261383	Q31487	pl:Kraków	
Krakow	크라쿠프,Cracovia,Cracóvia,Cracovie,Krakau,Krakkó,Krakovo,Kraków,كراكوف	relation	2768922	boundary	administrative	19.9970637	50.0469101	16	0.717147707107773		Krakow	Krakow	Lesser Poland Voivodeship	Poland	pl	Krakow, Krakow, Krakow, Lesser Poland Voivodeship, Poland	19.7922354	49.9676667	20.2173455	50.1261383	Q31487	pl:Kraków	
Antarctica	남극,አንታርክቲካ,ଆଣ୍ଟର୍କଟିକା,ທະວີບອັງຕາກຕິກ,ทวีปแอนตาร์กติกา,Anetatika,ʻAnetātika,Antaktiki,Antarctic,Antarctida,Antarctique,Antargtaga,Antarigitika,Antarktida,Antarktída,Antarktīda,Antarktik,Antarktika,Antarktîka,Antárktìkà,Antarktiku,Antarktis,Antárktis,Antarkto,Antarktyda,Antartach,Antartida,Antártida,Antàrtida,Antartide,Antartika,Antartike,Antartiko,Antatik,Antiarktis,Châu Nam Cực,Etelämanner,Goxub Dottub Bëj-saalum,I-Antatika,Lantarkop,Namzgigcouh,Qalasersuaq Kujalleq,Shádiʼááhjí kéyah yistinígíí,Suðurskautslandið,Te Tiri o Te Moana,Yn Antarctagh,Yr Antarctig,القارة القطبية الجنوبية,انټارکټيکا,انٹارکٹکا,جنوبگان,אנטארקטיקה,אנטארקטיקע,Ανταρκτική,Антарктид,Антарктидæ,Антарктида,Антарктик,Антарктика,Антарктїка,Антарктыда,ანტარქტიდა,अण्टार्क्टिका,अन्टार्क्टिका,अंटार्कटिका,अंटार्क्टिका,ઍન્ટાર્કટિકા,ਅੰਟਾਰਕਟਿਕਾ,ಅಂಟಾರ್ಟಿಕಾ,அன்டார்க்டிக்கா,അന്റാർട്ടിക്ക,অ্যান্টার্কটিকা,এন্টাৰ্কটিকা,南极洲,南極大陸	node	36966060	place	continent	0.3149312	-79.4063075	2	0.717092310562041							Antarctica	0.3149312	-79.4063075	0.3149312	-79.4063075	Q51	en:Antarctica	
Lyon	리옹,リヨン,Lió,Lion,Liona,Lionas,Lione,Lugdunum,ليون,Лион,Ліон,ಲ್ಯೊ	relation	120965	boundary	administrative	4.8298765	45.7577365	16	0.717050733130181		Lyon	Lyon	Auvergne-Rhône-Alpes	France	fr	Lyon, Lyon, Departemental constituency of Rhône, Auvergne-Rhône-Alpes, France	4.7718133	45.7073665	4.8983774	45.8082628	Q456	fr:Lyon	
Colorado	콜로라도,Coloratum,Dibé Nitsaa Hahoodzo,Koloradas,Koloradio,Kolorado,Kolorādo,كولورادو,קאלאראדא,קולורדו,Κολοράντο,Колорадо,ಕೊಲೊರಾಡೋ,கொலராடோ,コロラド州,科羅拉多州	relation	161961	boundary	administrative	-105.5494699	38.9999720	8	0.716844003945724				Colorado	United States of America	us	Colorado, United States of America	-109.0601880	36.9924260	-102.0415851	41.0034002	Q1261	en:Colorado	
District of Columbia	Đặc khu Columbia,Districte de Colúmbia,Dystrykt Kolumbii,Округ Колумбия	relation	162069	boundary	administrative	-76.9878833	38.8936612	8	0.716656781976275				District of Columbia	United States of America	us	District of Columbia, United States of America	-77.1197663	38.7916302	-76.9093661	38.9958524	Q61	en:Washington, D.C.	
Leipzig	لايبزيغ	relation	62649	boundary	administrative	12.3885530	51.3430912	12	0.716318149403611			Leipzig	Saxony	Germany	de	Leipzig, Saxony, Germany	12.2366519	51.2381704	12.5424406	51.4481144	Q2079	de:Leipzig	
Lombardy	Llombardia,LOM,Lombardei,Lombardia,Lombardía,Lombardie,Lombardija,Ломбардия	relation	44879	boundary	administrative	9.6798036	45.6574855	8	0.716129452918128				Lombardy	Italy	it	Lombardy, Italy	8.4978518	44.6799091	11.4276477	46.6353523	Q1210	it:Lombardia	
Baden-Württemberg	ባደን-ቩርተምቡርግ,바덴뷔르템베르크 주,รัฐบาเดิน-เวือร์ทเทิมแบร์ค,Badän-Vürtän,Badenas-Viurtembergas,Bādene-Virtemberga,Badenia-Virtembergia,Badenia-Wirtembergia,Badenia-Wurtemberg,Bádensko-Wurttembersko,Bádensko-Württembersko,Baden-Virtembergo,Baden-Vürtemberq,Baden-Vyrtemberg,Baden-Vyurtemberg,Baden-Wuertemberch,Baden-Wuertemberg,Baden-Wurtemberg,Baden-Württemberg suyu,Bade-Wurtemberg,بادن-فورتمبيرغ,بادن-وورتمبرگ,باډن ورټمبرگ,באדן-ווירטמבורג,באדן-וירטמברג,Βάδη-Βυρτεμβέργη,Баден-Виртемберг,Баден-Вюртемберг,Бадэн-Вюртэмберг,Բադեն-Վյուրթեմբերգ,ბადენ-ვიურტემბერგი,बाडेन-व्युर्टेंबर्ग,ਬਾਡਨ-ਵਰਟਮਬਰਕ,பாடன்-வுயர்ட்டம்பெர்கு,বাডেন-ভুর্টেমবের্গ,バーデン＝ヴュルテンベルク州,巴登-符腾堡	relation	62611	boundary	administrative	9.0733943	48.6618927	8	0.715941790549491				Baden-Württemberg	Germany	de	Baden-Württemberg, Germany	7.5117461	47.5324787	10.4955730	49.7912941	Q985	de:Baden-Württemberg	
Georgia	조지아,รัฐจอร์เจีย,Cheorchia,Corciya,Djòdji,Džordžija,Geórgia,Geòrgia,Georgía,Georgia suyu,Georgie,Géorgie,Georgio,Jóojah Hahoodzo,Jorjia,Jorjiya,Seòirsia,Xeorxia,Yn Çhorshey,جورجیا,جورجيا,ג'ורג'יה,דזשארזשיע,Τζόρτζια,Джорджи,Джорджия,Джорджія,Жоржиа,Џорџија,Ջորջիա,ჯორჯია,जार्जिया,जॉर्जिया,జార్జియా,ಜಾರ್ಜಿಯ,ஜோர்ஜியா,ജോര്‍ജിയ,জর্জিয়া,喬治亞州,ジョージア州	relation	161957	boundary	administrative	-83.2507564	32.6779678	8	0.715816390196951				Georgia	United States of America	us	Georgia, United States of America	-85.6051201	30.3557570	-80.7514322	35.0008288	Q1428	en:Georgia (U.S. state)	
Hokkaido	홋카이도,Hokajdo,Hokkaidō,Prefektura Hokkaido,Префектура Хоккайдо,Хоккайдо,北海道	node	4347988419	place	state	142.4962522	42.9903482	8	0.715619981945706					Japan	jp	Hokkaido, Japan	142.4962522	42.9903482	142.4962522	42.9903482	Q35581	ja:北海道	
Hokkaido	Hokkaidó,Hokkaidō,北海道	relation	6679920	place	island	143.3307158	43.4603174	17	0.715619981945706		Hokkaido		Hokkaido	Japan	jp	Hokkaido, Hokkaido, Japan	139.7660419	41.3976717	145.8174570	45.5229431	Q35581	ja:北海道	
Hokkaido	홋카이도,Hokajdo,Hokkaidō,Prefektura Hokkaido,Префектура Хоккайдо,Хоккайдо,北海道	relation	3795658	boundary	administrative	142.9514467	43.4339535	8	0.715619981945706				Hokkaido	Japan	jp	Hokkaido, Japan	139.0672823	41.1520603	146.0083082	45.7112045	Q1037393	ja:北海道	
Hokkaidō Region	Hokkaido,Region Hokkaidō,Хоккайдо,北海道地方	relation	3792634	boundary	administrative	142.9514467	43.4339535	30	0.715619981945706				Hokkaido	Japan	jp	Hokkaidō Region, Hokkaido, Japan	139.0672823	41.1520603	146.0083082	45.7112045	Q35581	ja:北海道	
Uganda	우간다,ዩጋንዳ,ウガンダ,ޔުގެންޑާ,ଉଗାଣ୍ଡା,ประเทศยูกันดา,IBuganda,IYuganda,Lugandayän,Oeganda,Oganda,Ooganda,Ouganda,Ubugande,Úganda,Ûganda,Ùgándà,Ugandaa,Ugandäa,Ugando,Ukānga,Uqanda,Yogénda,Yuganda,Yugandha,أوغندا,اوگاندا,یوگنڈا,ئۇگاندا,אוגאנדע,אוגנדה,Ουγκάντα,Угандæ,Уганда,ཨུ་གན་ད།,Ուգանդա,უგანდა,युगाण्डा,युगांडा,ఉగాండా,ਯੁਗਾਂਡਾ,ಉಗಾಂಡ,உகாண்டா,ഉഗാണ്ട,উগান্ডা,ယူဂန်းဒါးနိုင်ငံ,乌干达	relation	192796	boundary	administrative	32.7239110	1.3769751	4	0.715473480459137					Uganda	ug	Uganda	29.5734330	-1.4823179	35.0003079	4.2340765	Q1036	en:Uganda	
Louisiana	루이지애나,รัฐลุยเซียนา,Liwíízíʼeenah Hahoodzo,Loisiana,Loïsiana,Louisiane,Luisiana,Luiziana,Luiziāna,Luiziano,Luizjana,Lwiziana,لوزیانا,لوئیزیانا,لويزيانا,לואיזיאנא,לואיזיאנה,Λουιζιάνα,Луизианæ,Луизиана,Луизијана,Луїзіана,Луйзиана,Լուիզիանա,ლუიზიანა,लुईजियाना,लुईज़ियाना,लुईझियाना,ಲುವಿಸಿಯಾನಾ,லூசியானா,ലുയീസിയാന,লুইজিয়ানা,ルイジアナ州,路易斯安那州	relation	224922	boundary	administrative	-91.6398803	30.9378702	8	0.715446666017539				Louisiana	United States of America	us	Louisiana, United States of America	-94.0431470	28.8551269	-88.7583881	33.0194557	Q1588	en:Louisiana	
Picardy	Picardia,Picardía,Picardie,Picardië,Piccardia,Pikardi,Pikardia,Pikárdia,Pikardiet,Pikardija,Pikardio	node	4189263789	place	state	2.5339474	49.6537210	8	0.715332980067295				Metropolitan France	France	fr	Picardy, Metropolitan France, France	2.5339474	49.6537210	2.5339474	49.6537210	Q29959060	fr:Picardie	
Picardy	Picardia,Picardía,Picardie,Picardië,Piccardia,Pikardi,Pikardia,Pikardio,Пикардия,Пікардія,Пікардыя	relation	8651	boundary	administrative	2.8716221	49.6017560	30	0.715332980067295				Metropolitan France	France	fr	Picardy, Metropolitan France, France	1.3798283	48.8372136	4.2557495	50.3663366	Q13950	fr:Picardie	
New Jersey	뉴저지,Çĕнĕ Джерси,Jersee Noa,Jersey Nuadh,Jersi Nowydh,Naujasis Džersis,Niijéízii Hahoodzo,Nij Jersey,Nou Jèze,Nova Caesarea,Nova Jérsei,Nova Jersey,Nòva Jersey,Nov-Ĵerzejo,Ņūdžersija,Nueba Jersey,Nueva Jersey,Nyu-Cersi,N'yu-Jersi,Pyahu Jersey,Tchiaq Jersey,نیو جرسی,نیوجرسی,نيو جيرسي,ניו ג'רזי,ניו זשערסי,Νιού Τζέρσεϊ,Нью-Джерси,Нью-Джерсі,Ню Джърси,Њу Џерзи,Նյու Ջերսի,ნიუ-ჯერსი,नया जर्सी,न्यू जर्सी,న్యూజెర్సీ,நியூ செர்சி,ന്യൂ ജെഴ്സി,নিউ জার্সি,ニュージャージー州,新泽西州	relation	224951	boundary	administrative	-74.4344043	40.0745899	8	0.714997115618702				New Jersey	United States of America	us	New Jersey, United States of America	-75.5633860	38.7911303	-73.8940326	41.3577569	Q1408	en:New Jersey	
South America	America Australis,America del Sud,Amèrica del Sud,América del Sur,América do Sul,America meridionale,Amerika ki te Tonga,Amerika Selatan,Amerîkaya Başûr,Amérique du Sud,Ameryka Południowa,Dél-Amerika,Etelä-Amerikka,Güney Amerika,Jižní Amerika,Južna Amerika,Južná Amerika,Meiriceá Theas,Nam Mỹ,Pietų Amerika,Solüda-Merop,Sør-Amerika,Sud-Amerika,Südamerika,Sudameriko,Suður-Ameríka,Sydamerika,Timog Amerika,Zuid-Amerika,Zuud-Amerika,آمریکای جنوبی,أمريكا الجنوبية,Νότια Αμερική,Јужна Америка,Паўднёвая Амерыка,Південна Америка,Южная Америка,दक्षिण अमेरिका,ದಕ್ಷಿಣ ಅಮೇರಿಕ,南美洲	node	36966069	place	continent	-61.0006566	-21.0002180	2	0.714820589471091							South America	-61.0006566	-21.0002180	-61.0006566	-21.0002180	Q18	en:South America	
Zimbabwe	짐바브웨,ዚምባብዌ,ジンバブエ,ޒިމްބާބުވޭ,ଜିମ୍ବାୱେ,ประเทศซิมบับเว,An tSiombáib,Cimbabue,Hooghan Tsé Bee Ádaalyaaí Bikéyah,IZimbabhwe,IZimbabwe,Simbaabwi,Simbaawee,Sìmbábúè,Simbabve,Simbabvi,Simbabwe,Simbabwi,Siombabue,Yn Çhimbabwe,Zimbabiyän,Zimbabua,Zimbabue,Zimbabué,Zimbabve,Zimbabvė,Zimbabveja,Zimbabvo,Żimbabwe,Zîmbabwe,Zimbäbwe,Zimbabwé,Zimbagwe,زېمبابوې,زیمبابوه,زمبابوے,زىمبابۋې,زيمبابوي,זימבאבווע,זימבבואה,Ζιμπάμπουε,Зимбабве,Зімбабве,Зімбабвэ,ཛིམ་བབ་ཝི།,ཛིམ་བབ་ཝེ་,Զիմբաբվե,ზიმბაბვე,जिम्बाबवे,जिम्बाब्वे,ज़िम्बाब्वे,झिंबाब्वे,జింబాబ్వే,ਜ਼ਿੰਬਾਬਵੇ,ಜಿಂಬಾಬ್ವೆ,சிம்பாப்வே,സിംബാബ്‌വെ,জিম্বাবুয়ে,ဇင်ဘာဘွေနိုင်ငံ,සිම්බාබ්වේ,辛巴威	relation	195272	boundary	administrative	29.3536501	-19.0168800	4	0.714482144941285					Zimbabwe	zw	Zimbabwe	25.2373000	-22.4241096	33.0683413	-15.6097033	Q954	en:Zimbabwe	
Hollywood		node	1830231415	place	suburb	-118.3299899	34.1028268	20	0.714223973777207		Los Angeles	Los Angeles County	California	United States of America	us	Hollywood, Los Angeles, Los Angeles County, California, United States of America	-118.3299899	34.1028268	-118.3299899	34.1028268	Q34006	en:Hollywood	
Kentucky	รัฐเคนทักกี,Commonwealth of Kentucky,Kenekuke,Kentaki,Kentákii Hahoodzo,Kèntòki,Kentucky suyu,Kentuki,Kentukio,Kentukis,Kentukki,كنتاكي,کنتاکی,کینٹکی,קנטקי,קענטאקי,Κεντάκι,Кентаки,Кентакки,Кентукки,Кентуккі,Кентъки,Կենտուկի,კენტუკი,केंटकी,ಕೆನ್‌ಟಾಕೀ,கென்டக்கி,കെന്റക്കി,কেন্টাকি,ケンタッキー州,肯塔基州	relation	161655	boundary	administrative	-84.7291179	37.8237735	8	0.71307182458231				Kentucky	United States of America	us	Kentucky, United States of America	-89.5715090	36.4967190	-81.9645413	39.1477997	Q1603	en:Kentucky	
Stuttgart	슈투트가르트,شتوتغارت,Штутгарт	relation	2793104	boundary	administrative	9.1928044	48.7791957	12	0.712589568092838			Stuttgart	Baden-Württemberg	Germany	de	Stuttgart, Regierungsbezirk Stuttgart, Baden-Württemberg, Germany	9.0386007	48.6920188	9.3158205	48.8663993	Q1022	de:Stuttgart	
Cologne	쾰른,Colonia,Colónia,Keulen,Kolín nad Rýnem,Köln,كولونيا,Кёльн	relation	62578	boundary	administrative	6.9549525	50.9577031	12	0.712337220438411			Cologne	North Rhine-Westphalia	Germany	de	Cologne, Cologne Government Region, North Rhine-Westphalia, Germany	6.7725303	50.8304494	7.1620279	51.0849743	Q365	de:Köln	
Burgundy	부르고뉴,ブルゴーニュ,แคว้นบูร์กอญ,Boergonje,Borgogna,Borgogne,Borgoina,Borgoña,Borgonha,Borgonya,Bourgogn,Bourgogne,Bourgondië,Burgonja,Burgonjo,Burgonya,Burgund,Burgundi,Burgundia,Burgundija,Burgundsko,بورگوین,בורגון,Βουργουνδία,Бургоња,Бургунди,Бургундија,Бургундия,Бургундія,Бургундыя,Բուրգունդիա,ბურგუნდია,बरगंडी,बूर्गान्य,ਬਰਗੰਡੀ,বুর্‌গোইন,勃艮第	relation	27768	boundary	administrative	4.2224863	47.2780872	30	0.711926160460104				Metropolitan France	France	fr	Burgundy, Bourgogne-Franche-Comté, Metropolitan France, France	2.8444817	46.1560119	5.5188650	48.4000591	Q1173	fr:Bourgogne	
Cambodia	캄보디아,ካምቦዲያ,カンボジア,ކެންބޯޑިއާ,କମ୍ବୋଡ଼ିଆ,ປະເທດກຳປູເຈຍ,ประเทศกัมพูชา,ព្រះរាជាណាចក្រកម្ពុជា,ព្រះរាជាណាចក្រ​កម្ពុជា,An Chambóid,Cambocha,Cambodge,Cambodgia,Cambodja,Cambodscha,Cambogia,Camboja,Cambosia,Cambòtja,Camboxa - កម្ពុជា,Camboya,Cambuidea,Campuchia,IKhambodiya,Kamapōtia,Kamboca,Kambocän,Kamboçiýa,Kamboçya,Kambodia,Kambódía,Kàmbódíà,Kambodiya,Kambodja,Kambodscha,Kambodsja,Kambodža,Kambodża,Kambodzsa,Kamboĝo,Kamboja,Kamboji,Kamboodi,Kamboxhia,Kamboya,Kambuya,Kampučea,Kanbodia,Kanbòdj,Kemboja,Yn Chamboyd,كامبوجا,كمبوديا,کامبوج,کمبودیا,کمبوڈیا,קאמבאדיע,קמבודיה,Καμπότζη,Камбоджæ,Камбоджа,Камбож,Камбоҗа,Камбоҷа,Камбоџа,ཀམ་བོ་ཌི་ཡ་,ཁམ་པོ་ཛ།,Կամբոջա,კამბოჯა,कम्बोडिया,कंबोडिया,કમ્બોડીયા,కంబోడియా,ਕੰਬੋਡੀਆ,ಕಾಂಬೋಡಿಯ,கம்போடியா,കംബോഡിയ,কম্বোডিয়া,ကမ္ဘောဒီးယားနိုင်ငံ,කාම්බෝජය,柬埔寨	relation	49898	boundary	administrative	104.7747872	12.0826840	4	0.71078259119407					Cambodia	kh	Cambodia	102.3338282	9.4752639	107.6276788	14.6902471	Q424	en:Cambodia	
Mozambique	모잠비크,ሞዛምቢክ,މުސިންބީ,モザンビーク,ମୋଜାମ୍ବିକ,ประเทศโมซัมบิก,IMozambikhi,IMozambiki,Moçambic,Moçambique,Mohapiki,Mòsaimbic,Mosambic,Mosambiek,Mosambiik,Mosambik,Mósambík,Mòsámbìk,Mosambike,Mozambic,Mozambico,Mozambicu,Mozambicum,Mozambik,Możambik,Mozambîk,Mozambika,Mözämbîka,Mozambikän,Mozambikas,Mozambike,Mozambíki,Mozambiko,Mozambiku,Mozambikwi,Mozambyk,Mozanbik,Msumbiji,Musambik,Musambiki,Musanbiig,Poblacht Mhósaimbíc,Yn Vosambeeck,موزامبیک,موزامبىك,موزمبیق,موزمبيق,מאזאמביק,מוזמביק,Μοζαμβίκη,Мазамбік,Мозамбик,Мозамбік,མོ་ཛམ་བིཀ།,Մոզամբիկ,მოზამბიკი,मोजम्बीक,मोज़ाम्बीक,मोझांबिक,ਮੋਜ਼ੈਂਬੀਕ,ಮೊಜಾಂಬಿಕ್,மொசாம்பிக்,മൊസാംബിക്ക്,মোজাম্বিক,မိုဇမ်ဘစ်နိုင်ငံ,莫桑比克	relation	195273	boundary	administrative	34.8120424	-18.6278497	4	0.71075552730027					Mozambique	mz	Mozambique	30.2131759	-26.9209428	41.0545908	-10.3252149	Q1029	pt:Moçambique	
Nicaragua	ኒካራጓ,니카라과,ニカラグア,ނިކަރާގުއާ,ନିକାରାଗୁଆ,ประเทศนิการากัว,INikhalaga,Nicarágua,Nicearagua,Nikalagwa,Nikaraaguwa,Nikaragua,Nîkaragua,Nikaragûa,Nikarágúà,Nikaraguaja,Nikaraguvän,Nikaragva,Níkaragva,Nikaragvo,Nikaragwa,Nikaraqua,Nikarawa,Nikarwa,Niocaragua,Yn Nickeraag,نکاراگوا,نیکاراگوئه,نیکاراګوا,نيكاراجوا,نىكاراگۇئا,ניקאראגוא,ניקרגואה,Νικαράγουα,Никарагва,Никарагуæ,Никарагуа,Нікарагуа,ནི་ཀ་ར་གུ་ཝ།,Նիկարագուա,ნიკარაგუა,निकारगुवा,निकारागुआ,निकाराग्वा,ਨਿਕਾਰਾਗੁਆ,நிக்கராகுவா,നിക്കരാഗ്വ,নিকারাগুয়া,နီကာရာဂွါနိုင်ငံ,尼加拉瓜	relation	287666	boundary	administrative	-85.6006143	12.8297548	4	0.710703059934043					Nicaragua	ni	Nicaragua	-87.9015320	10.7076565	-82.6227024	15.0331182	Q811	es:Nicaragua	
Honduras	온두라스,ሆንዱራስ,ホンジュラス,ހޮންޑިއުރަސް,ହୋଣ୍ଡାରୁସ,ประเทศฮอนดูรัส,Gonduras,Hondouras,Hondourasse,Hondueras,Hondurän,Ħonduras,Hondúras,Hondùras,Hondûras,Hondūras,Họ̀ndúràs,Hondurasa,Hondurasi,Hondures,Honduria,Honduro,Honilagi,IHondulasi,Ny Hondooraghyn,Ondiras,Onduras,Ondurat,Unduras,هندوراس,ھوندۇراس,ہونڈوراس,האנדוראס,הונדורס,Ονδούρα,Гандурас,Гондурас,Ондоурасъ,Хондурас,Ҳондурас,ཧོང་དུ་ར་སི།,Հոնդուրաս,ჰონდურასი,हांडूरस,होण्डुरस,होन्डुरास,हौण्डुरस,હોન્ડુરાસ,హోండురాస్,ਹਾਂਡੂਰਾਸ,ஹொண்டுராஸ்,ഹോണ്ടുറാസ്,হন্ডুরাস,ဟွန်ဒူးရပ်စ်နိုင်ငံ,洪都拉斯	relation	287670	boundary	administrative	-86.4726664	14.8486247	4	0.710519949418072					Honduras	hn	Honduras	-89.3568208	12.9808485	-82.1729621	17.6195259	Q783	en:Honduras	
Utah	유타 주,Áshįįh Bii'tó Hahoodzo,Juta,Jūta,Uta,Utaho,Utah suyu,Yuta,یوتا,يوتا,יוטא,יוטה,Γιούτα,Јута,Юта,Յուտա,იუტა,यूटा,யூட்டா,ユタ州,犹他州	relation	161993	boundary	administrative	-111.5491575	39.4988746	8	0.710261389160807				Utah	United States of America	us	Utah, United States of America	-114.0528823	36.9979679	-109.0415768	42.0015016	Q829	en:Utah	
Yemen	예멘,የመን (አገር),ޔަމަން,ୟେମନ,イエメン,ประเทศเยเมน,Iemen,Iémen,Iemèn,Iemenia,Iemen - اليمن,IYemen,IYemeni,Jeemen,Jeme,Jemẽ,Jemen,Jemena,Jemenas,Jemeni,Jemeno,Poblacht Éimin,Shádiʼááhjí Ásáí Bikéyah,Yaman,Yämän,Ýemen,Yémen,Yemèn,Yəmən,Yemeni,Yeméni,Yn Yeaman,اليمن,یمن,يەمەن,תימן,Υεμένη,Емен,Ємен,Йемен,Йәмән,Јемен,Яман,ཡེ་མེན།,Եմեն,იემენი,गणतन्त्र यमन,यमन,येमेनचे प्रजासत्ताक,યેમેન,యెమన్,ਯਮਨ,ಯೆಮೆನ್,யெமன்,യെമൻ,ইয়েমেন,ယီမင်နိုင်ငံ,也门	relation	305092	boundary	administrative	47.2498182	15.6927249	4	0.709991562688827					Yemen	ye	Yemen	41.6082499	11.9084802	54.7389375	18.9999999	Q805	ar:اليمن	
Montenegro	몬테네그로,ሞንቴኔግሮ,モンテネグロ,މޮންޓެނީގުރޯ,ମୋଣ୍ଟେନେଗ୍ରୋ,ประเทศมอนเตเนโกร,Am Monadh Neagrach,Černá Hora,Çernogoriýa,Chernogoriya,Čierna Hora,Crna Gora,Črna gora,Crna Gora / Црна Гора,Czarnogóra,Dziłizhin Bikéyah,IMonthenekho,Iаьржалаьмни,Juodkalnija,Karadağ,Mali i Zi,Melnkalne,Monotenīkoro,Mons Niger,Montainéagró,Montenegoro,Montenegrän,Monte Negro,Montenégro,Monténégro,Montenegró,Montenẹ́grò,Montenegwo,Monteneqro,Muntenegru,Svartfjallaland,Yanaurqu,الجبل الأسود,چېرنوگورىيە,مانتېنېګرو,مونته‌نگرو,مونٹینیگرو,מאנטענעגרא,מונטנגרו,Μαυροβούνιο,Монтенегро,Црна Гора,Чарнагорыя,Черна гора,Черногори,Черногория,Чеэраб Меэр,Чорногорія,Чрьна Гора,མོན་ཊེནིག་རོ།,Չեռնոգորիա,ჩერნოგორია,माँटेनिग्रो,मोन्टेनेग्रो,મોન્ટેનીગ્રો,ਮੋਂਟੇਨੇਗਰੋ,ಮಾಂಟೆನೆಗ್ರೊ,மொண்டெனேகுரோ,മോണ്ടെനെഗ്രൊ,মন্টিনিগ্রো,မွန်တီနီဂရိုးနိုင်ငံ,蒙特內哥羅	relation	53296	boundary	administrative	19.1367833	42.6539357	4	0.708941268025919					Montenegro	me	Montenegro	18.4195780	41.7495998	20.3540447	43.5585061	Q236	en:Montenegro	
Great Britain	ታላቁ ብሪታን,그레이트브리튼 섬,เกาะบริเตนใหญ่,an Bhreatain Mhór,Beýik Britaniýa,Böyük Britaniya,Breatainn Mhòr,Breizh-Veur,Breten Veur,Britain,Britainia Handia,Britania,Britania e madhe,Britania Raya,Británi-Monɛ́nɛ,Brítánì Olókìkí,Britannia Maior,Britànnia Manna,Brîtanya,Brit-sziget,Buyuk britaniya oroli,Büyük Britanya,Đảo Anh,Didžioji Britanija,Grã-Bretanha,Gran Bretagna,Gran Bretaña,Gran Bretanya,Gran Britanya,granda Britio,Grand Bretanha,Grande-Bretagne,Grande Britannia,Groeët-Brittannië,Gronda Britannia,Groot-Brittanje,Groot-Brittannië,Großbritannien,Grut-Brittanje,Hatun Britanya,Iso-Britannia,Lielbritānija,Marea Britanie,Øya Storbritannia,Peretānia Tele,Pilitānia,Prydain Fawr,Stóra-Bretland,Storbritannia,Storbritannien,Suurbritannia saar,Velika Britanija,Veľká Británia,Velká Británie,Wielka Brytania,yn Vretyn Vooar,بریتانیا بزرگ,برطانيا,بريطانيا العظمى,בריטניה הגדולה,גרויסבריטאניע,Μεγάλη Βρετανία,Аслă Британи,Бөекбритания,Британияи Кабир,Велика Британија,Вели́ка Брита́нія,Великобритания,Великобрита́ния,Вялікабрытанія,Их Британи,Մեծ Բրիտանիա,დიდი ბრიტანეთი,ग्रेट ब्रिटन,ग्रेट ब्रिटेन,ग्रेट् ब्रिटेन,बेलायत,ब्रिटेन,ಗ್ರೇಟ್ ಬ್ರಿಟನ್,பெரிய பிரித்தானியா,ഗ്രേറ്റ് ബ്രിട്ടൺ,গ্রেট ব্রিটেন,මහා බ්‍රිතාන්‍යය,大不列颠岛,グレートブリテン島	relation	6038068	place	island	-4.6884780	52.1322016	17	0.708770709409812		Great Britain			United Kingdom	gb	Great Britain, United Kingdom	-5.3456533	51.4174573	0.7234798	55.8875812	Q23666	en:Great Britain	
Piemont	Piamonte,PIE,Piémont,Piemonte,Пьемонт	relation	44874	boundary	administrative	7.8339258	45.2618897	8	0.707854848846344				Piemont	Italy	it	Piemont, Italy	6.6272658	44.0597157	9.2142404	46.4642212	Q1216	it:Piemonte	
Northern Ireland	북아일랜드,Bắc Ireland,Ireland Utara,Irlanda del Nord,Irlanda do Norte,Irlande du Nord,Irlandia Utara,Nordirland,Nord-Irlando,Βόρεια Ιρλανδία,उत्तरी आयर्लैण्ड,வட அயர்லாந்து,北アイルランド,北爱尔兰	node	4545343340	place	state	-6.7654416	54.6294981	8	0.707840714989011					United Kingdom	gb	Northern Ireland, United Kingdom	-6.7654416	54.6294981	-6.7654416	54.6294981	Q26	en:Northern Ireland	
Northern Ireland	Bắc Ireland,Èirinn a Tuath,Észak-Írország,Gogledd Iwerddon,Irlanda del Nord,Irlanda do Norte,Irlande du Nord,Irlandia Północna,Noard-Ierlân,Nolüda-Lireyeän,Noord-Ierland,Nordirland,Nord-Irlando,Pohjois-Irlanti,Severné Írsko,Severní Irsko,Šiaurės Airija,Tuaisceart Éireann,Паўночная Ірландыя,Северная Ирландия	relation	156393	boundary	administrative	-6.5634353	54.6568828	8	0.707840714989011				Northern Ireland	United Kingdom	gb	Northern Ireland, United Kingdom	-8.1775099	53.8701675	-5.0777816	55.4435849	Q26	en:Northern Ireland	
Vancouver	City of Vancouver,ونکوور,Ванкувер	relation	1852574	boundary	administrative	-123.1133247	49.2575648	16	0.707662018606761		Vancouver	Metro Vancouver Regional District	British Columbia	Canada	ca	Vancouver, Metro Vancouver Regional District, British Columbia, Canada	-123.2249612	49.1984451	-123.0232420	49.3161713	Q24639	en:Vancouver	
Qatar	କତର,ቃጣር,카타르,ޤަޠަރު,カタール,ประเทศกาตาร์,Catar,IKhathari,Kataar,Katar,Kʼatár,Katara,Katarän,Kataras,Katari,Kataro,Katar (štát),Qatar - قطر,Qeter,Qətər,Quataria,Yn Chatar,قاتار,قطر,‏قطر‎,קאטאר,קטאר,Κατάρ,Катар,Қатар,ཀ་ཏར་,ཁ་ཏར།,Քաթար,კატარი,क़तर,कतार,કતાર (અરબસ્તાન),కతర్,ਕਤਰ,ಕಟಾರ್,கத்தார்,ഖത്തർ,কাটাৰ,কাতার,ကာတာနိုင်ငံ,卡塔尔	relation	305095	boundary	administrative	51.2164397	25.4289526	4	0.70747396283573					Qatar	qa	Qatar	50.5674999	24.4707534	52.6380110	26.3830211	Q846	ar:قطر	
Geneva	Genève,Genf,Ginebra,Ginevra	relation	1685488	boundary	administrative	6.1423106	46.2047169	16	0.707189103498591		Geneva		Geneva	Switzerland	ch	Geneva, Geneva, Switzerland	6.1102411	46.1777724	6.1758527	46.2318849	Q71	fr:Genève	
Sri Lanka	ሽሪ ላንካ,스리랑카,スリランカ,އޮޅުދޫކަރަ,ଶ୍ରୀଲଙ୍କା,ស្រីលង្កា,ประเทศศรีลังกา,Seri-Lanca,Shri Lanka,Shri-Lanka,Siri Laanka,Sirilaankaa,Siri Lanka,Sri Lanca,Srí Lanca,Sri Langka,Srilanka,Šrilanka,Šri Lanka,Şri-Lanka,Srí Lanka,Srî Lanka,Sri-Lankän,Sri Lanka - Sri Lankā,Sri-Lanko,Sry Lanka,Swii Lankʼa,Taprobane,سریلانکا,سری‌لانکا,سری لنکا,سريلانكا,سرىلانكا,סרי לאנקא,סרי לנקה,Σρι Λάνκα,Шри Ланка,Шри-Ланка,Шрі-Ланка,Шры-Ланка,ཤྲཱྀ་ལངཀ་,སེང་ག་གླིང་།,Շրի Լանկա,შრი-ლანკა,श्रीलङ्का,श्रीलंका,શ્રીલંકા,శ్రీలంక,ਸ੍ਰੀਲੰਕਾ,ಶ್ರೀಲಂಕಾ,இலங்கை,ശ്രീലങ്ക,শ্রীলঙ্কা,သီရိလင်္ကာနိုင်ငံ,ශ්‍රී ලංකාව,ශ්‍රී ලංකාව இலங்கை,斯里蘭卡	relation	536807	boundary	administrative	80.7038245	7.8780000	4	0.706547318101068					Sri Lanka	lk	Sri Lanka	79.3959205	5.7190000	82.0810141	10.0349999	Q854	en:Sri Lanka	
Dresden	드레스덴,Drážďany,Drezno,درسدن,Дрезден	relation	191645	place	city	13.7383757	51.0762894	16	0.706276578738256		Dresden		Saxony	Germany	de	Dresden, Saxony, Germany	13.5793236	50.9749370	13.9660626	51.1777202	Q1731	de:Dresden	
Namibia	ናሚቢያ,ナミビア,나미비아,ନାମିବିଆ,ประเทศนามิเบีย,An Namaib,INamibhiya,INamibiya,Naimibia,Nambiya,Namibi,Namíbia,Namìbia,Namibía,Nàmíbíà,Namibie,Namibië,Namibien,Namibija,Namībija,Namibio,Namibiya,Namibiýa,Namibiyän,Namibja,Namibùii,Namibya,Namîbya,Namiibia,Namííbya,Namiwya,Namybje,Yn Nameeb,نامیبیا,ناميبيا,نامىبىيە,نېمبیا,نمیبیا,נאמיביע,נמיביה,Ναμίμπια,Намиби,Намибија,Намибия,Намібія,ན་མི་བྷི་ཡ།,Նամիբիա,ნამიბია,नमीबिया,नामिबिया,नामीबिया,నమీబియా,ਨਮੀਬੀਆ,ನಮೀಬಿಯ,நமீபியா,നമീബിയ,নামিবিয়া,နမီးဘီးယားနိုင်ငံ,纳米比亚	relation	195266	boundary	administrative	17.0939596	-22.9744879	4	0.705640574316195					Namibia	na	Namibia	11.5280383	-28.9694501	25.2616563	-16.9634855	Q1030	en:Namibia	
Nevada	네바다,มลรัฐเนวาดา,Ná'aazhoozh Hahoodzo,Nebada,Nevada suyu,Nevado,نوادا,نیواڈا,نيفادا,נבדה,נעוואדא,Νεβάδα,Невадæ,Невада,Նևադա,ნევადა,नेवाडा,नेव्हाडा,நெவாடா,നെവാഡ,নেভাডা,内华达州,ネバダ州	relation	165473	boundary	administrative	-116.6669567	38.5030841	8	0.705446760891645				Nevada	United States of America	us	Nevada, United States of America	-120.0057276	35.0018757	-114.0396481	42.0022069	Q1227	en:Nevada	
Kuwait	ኩዌት,କୁଏତ,쿠웨이트,クウェート,ކުވެއިތު,គុយវ៉ែត,ประเทศคูเวต,Cuáit,Cubhait,Cuvaitum,IKhuwathi,Koeweit,Kóóweiʼ,Kovätän,Kowait,Koweit,Koweït,Kowet,Koweti,Koweyt,Kuvait,Kuvajt,Kuvajti,Kuvajto,Kuveit,Kúveit,Kuveita,Kuveitas,Kuveyt,Küveyt,Kuwaiti,Kuwayt,Kuweit,Kuwejt,Kuweyt,Kuweýt,Quvayt,Yn Choowait,الكويت,‏الكويت‎,كۇۋەيت,کوېټ,کویت,כווית,קואווייט,Κουβέιτ,Кувайт,Кувајт,Кувейт,Күвейт,Күвәйт,ཀུ་ཝེཊ་,ཁུ་ཝི་ཐི།,Քուվեյթ,ქუვეითი,कुवेत,कुवैत,કુવૈત,కువైట్,ಕುವೈತ್,குவைத்,കുവൈറ്റ്‌,কুয়েত,ကူဝိတ်နိုင်ငံ,科威特	relation	305099	boundary	administrative	47.7040090	29.3065716	4	0.705136594446463					Kuwait	kw	Kuwait	46.5526837	28.5243622	49.0046809	30.1038081	Q817	ar:الكويت	
Manchester	맨체스터,マンチェスター,Manceinion,Manĉestro,Manchuin,Mancunium,مانشستر,منچستر,Манчестер,Манчэстэр,मांचॆस्टर,ಮಾಂಚೆಸ್ಟರ್	node	294001443	place	city	-2.2441010	53.4791300	16	0.704893333438333			Greater Manchester	England	United Kingdom	gb	Manchester, Greater Manchester, North West England, England, United Kingdom	-2.2441010	53.4791300	-2.2441010	53.4791300	Q18125	en:Manchester	
Mali	ማሊ,말리,މާލީ,ମାଲି,ประเทศมาลี,IMali,Maali,Màili,Mailí,Malee,Malí,Málì,Malî,Malïi,Malio,Malis,Malium,Maliyän,Maly,مالی,مالي,مالى,מאלי,Μάλι,Мали,Малӣ,Малі,མ་ལི།,Մալի,მალი,माली,ਮਾਲੀ,ಮಾಲಿ,மாலி,മാലി,মালি,မာလီနိုင်ငံ,මාලි,マリ共和国,马里共和国	relation	192785	boundary	administrative	-0.7295449	17.5786747	4	0.703890765665347					Mali	ml	Mali	-12.2402835	10.1478110	4.2673828	25.0010839	Q912	fr:Mali	
Kyrgyzstan	キルギス,키르기스스탄,ኪርጊዝስታን,ކިރިގިސްތާން,କିରଗିଜସ୍ତାନ,កៀហ៊្សីស៊ីស្ថាន,ประเทศคีร์กีซสถาน,An Chirgeastáin,Chirgisia,Cìorgastan,Gyrgyzystan,IKhirigi,Kârgâzstan,Kíígiz Bikéyah,Kirghizistan,Kirghizistáni,Kirgisia,Kirgisië,Kirgisistan,Kirgistaan,Kirgistan,Kirgistän,Kirgistani,Kirgitan,Kirgizia,Kirgizië,Kirgizija,Kirgizistan,Kırgızistan,Kirgizisztán,Kirgizsko,Kirgizstan,Kirgizstāna,Kirgizujo,Kirguistán,Kirguizistan,Kirguizistán,Kirgyzje,Kirigizisitani,Kirkisuyu,Kõrgõzstan,Kyrgyzistan,Kyrgyzstán,Pow Kyrgys,Qargistan,Qirgizistan,Qırğızıstan,Qirgʻiziston,Quirguistão,Quirguizstan,Yn Chyrgistaan,ڪِرگزِستانُ,قرغزستان,قرغيزستان,قرقیزستان,قىرغىزىستان,کرغیزستان,קירגיזסטאן,קירגיזסטן,Κιργιζία,Киргизи,Қирғизистон,Киргизия,Киргизстан,Киргистан,Кыргызстан,Қырғызстан,Ҟырҕызсҭан,Ҡырғыҙстан,Хъиргъиз,ཀེ་རེ་གེཛུ་སུཏེན།,Ղրղզստան,ყირგიზეთი,किरगिस्थान,किर्गिज़स्तान,किर्गिझस्तान,કિર્ગિસ્તાન,కిర్గిజిస్తాన్,ਕਿਰਗਿਜ਼ਸਤਾਨ,ಕಿರ್ಗಿಸ್ಥಾನ್,கிர்கிசுத்தான்,കിർഗ്ഗിസ്ഥാൻ,কিরগিজিস্তান,ကာဂျစ္စတန်နိုင်ငံ,吉尔吉斯斯坦	relation	178009	boundary	administrative	74.9773871	41.2196872	4	0.703712498055425					Kyrgyzstan	kg	Kyrgyzstan	69.2649523	39.1728436	80.2295792	43.2667971	Q813	en:Kyrgyzstan	
Genoa	Gênes,Genova,Génova,Gènova,Genua,جنوا,جنوة,Генуя,热那亚	relation	44875	boundary	administrative	8.8928156	44.4494531	16	0.703454580856531		Genoa	Genoa	Liguria	Italy	it	Genoa, Genoa, Liguria, Italy	8.6657195	44.3784709	9.0955804	44.5198419	Q1449	it:Genova	
Zurich	Ciūrichas,Cyrihu,Zuric,Zúrich,Zürich,Zurigo,Цюрих	relation	1682248	place	city	8.5285090	47.3774434	16	0.703392306430403		Zurich	Bezirk Zürich	Zurich	Switzerland	ch	Zurich, Bezirk Zürich, Zurich, Switzerland	8.4480061	47.3202202	8.6254413	47.4346662	Q72	de:Zürich	
Shanghai	Ŝanhajo,Shanghaï,Szanghaj,Thượng Hải,Xangai,Шанхай,上海市	relation	913067	boundary	administrative	121.9318879	31.2699895	8	0.702834932787744				Shanghai	China	cn	Shanghai, China	120.8520171	30.6614383	123.3342087	31.8785640	Q8686	zh:上海市	
Haiti	ሃይቲ,ハイチ,아이티,ހެއިޓީ,ହିଟି,ประเทศเฮติ,Aiti,Ayiti,Ayti,Ayti (mama llaqta),Gaiti,Ħaiti,Haïti,Haití,Haítí,Háítí,Hàítì,Haîtî,Haitia,Haití (estat),Haití - Haïti,Haitio,Haiti Respublikası,Haitis,Haitiyän,Haïty,Hayiti,Hayti,Héítii,IHayithi,Republik Haiti,République d'Haïti,ھايتى,ہیٹی,هایتي,هائیتی,هايتي,האיטי,Αϊτή,Гаити,Гаити Пачхьалкх,Гаіці,Гаїті,Гайти,Хаити,ཧའི་ཏི།,Հաիթի,ჰაიტი,हाइटी,हैती,હૈતી,ਹੈਤੀ,எயிட்டி,ഹെയ്റ്റി,হাইতি,ဟေတီနိုင်ငံ,හෙයිටි,海地	relation	307829	boundary	administrative	-72.5442900	19.0639321	4	0.702777796831659					Haiti	ht	Haiti	-74.6575358	17.9099291	-71.6221298	20.2181368	Q790	fr:Haïti	
Haiti	Haiti (festland)	relation	7326620	boundary	administrative	-72.2946028	18.9880131	30	0.702777796831659					Haiti	ht	Haiti, Haiti	-74.4809322	18.0217636	-71.6221298	20.0896260	Q790	de:Haiti	
Oceania	An Aigéine,Châu Đại Dương,Eyjaálfa,Oceánia,Óceánia,Oceânia,Oceanía,Océanie,Oceánie,Oceanië,Oceanien,Oceanija,Oceanio,Okeanija,Okyanusya,Okyanûsya,Oseaanje,Oseania,Ozeanien,Seanop,اقیانوسیه,أوقيانوسيا,Ωκεανία,Акіянія,Океанија,Океания,Океанія,ओशिआनिया,ಒಷ್ಯಾನಿಯ,大洋洲	node	249399679	place	continent	138.5155999	-18.3128000	2	0.702764458107875							Oceania	138.5155999	-18.3128000	138.5155999	-18.3128000	Q538	en:Oceania	
Zagreb		relation	3168167	boundary	administrative	15.9674548	45.8434056	16	0.702487558179087		Zagreb	City of Zagreb		Croatia	hr	Zagreb, City of Zagreb, Croatia	15.8217504	45.7473016	16.1034054	45.9380039	Q1435	hr:Zagreb	
Atlanta		relation	119557	place	city	-84.4215481	33.7676720	16	0.702370727034024		Atlanta		Georgia	United States of America	us	Atlanta, Georgia, United States of America	-84.5518191	33.6478080	-84.2891077	33.8876180	Q23556	en:Atlanta	
Monaco	ሞናኮ,モナコ,모나코,މޮނާކޯ,ମୋନାକୋ,ประเทศโมนาโก,IMonakho,Manako,Monaako,Mónaco,Mònaco,Monacó,Monakän,Monakas,Monako,Mónakó,Mónakò,Mónegue,Monoecus,Munaku,Múnegu,Principauté de Monaco,موناكو,موناکو,מאנאקא,מונקו,Μονακό,Манака,Монако,མོ་ན་ཁོ།,Մոնակո,მონაკო,मोनाको,मोनॅको,मोनैको,મોનૅકો,ਮੋਨਾਕੋ,ಮೊನಾಕೊ,மொனாக்கோ,മൊണാക്കോ,মোনাকো,နိုင်ငံ,摩纳哥	relation	1124039	boundary	administrative	7.4761610	43.6307134	4	0.701903288688517					Monaco	mc	Monaco	7.4090279	43.5163330	7.5331670	43.7519311	Q235	fr:Monaco	
Monaco	モナコ,모나코,މޮނާކޯ,ମୋନାକୋ,ประเทศโมนาโก,Manako,Monaako,Mónaco,Mònaco,Monacó,Monakas,Monako,Mónakó,Mónakò,Mónegue,Monoecus,Munaku,موناكو,موناکو,מאנאקא,מונקו,Μονακό,Манака,Монако,མོ་ན་ཁོ།,Մոնակո,მონაკო,मोनाको,मोनॅको,मोनैको,મોનૅકો,ಮೊನಾಕೊ,மொனாக்கோ,മൊണാക്കോ,মোনাকো,နိုင်ငံ,摩纳哥	relation	2220322	place	town	7.4242473	43.7384402	18	0.701903288688517		Monaco			Monaco	mc	Monaco, Monaco	7.4090279	43.7247599	7.4398703	43.7519311	Q235	fr:Monaco	
Somalia	ሶማሊያ,ソマリア,소말리아,ސޯމާލިއާ,ସୋମାଲିଆ,ประเทศโซมาเลีย,An tSomáil,Hūmārie,ISomalia,ISomaliya,Somaalia,Somaaliyaa,Somaalje,Somàilia,Somalän,Somali,Somália,Somàlia,Sômâlia,Sómalía,Sòmálíà,Somalie,Somalië,Somalïi,Somalija,Somālija,Somalis,Somaliya,Somalja,Somálsko,Somalujo,Somalya,Soomáálii Bikéyah,Soomaaliya,Soomaaliya الصومال,Sumalya,Szomália,Tomariya,Yn Tomaal,الصومال,سومالی,سومالیا,سومالى,صومالیہ,סאמאליע,סומליה,Σομαλία,Самалі,Сомали,Сомалија,Сомалия,Сомалі,Сумолӣ,སོ་མ་ལི།,Սոմալի,სომალი,सोमालिया,सोमालिया प्रजासत्ताक,సొమాలియా,ਸੋਮਾਲੀਆ,ಸೊಮಾಲಿಯ,சோமாலியா,സൊമാലിയ,সোমালিয়া,ဆိုမာလီယာနိုင်ငံ,සෝමාලියාව,索马里	relation	192799	boundary	administrative	46.9245853	5.1978036	4	0.701230100522153					Somalia	so	Somalia	40.9891799	-1.8031969	51.6177696	12.1889121	Q1045	ar:الصومال	
Bologna	Bolonia,Bolonya	relation	43172	boundary	administrative	11.3607870	44.4885788	16	0.701066118511801		Bologna	Bologna	Emilia-Romagna	Italy	it	Bologna, Bologna, Emilia-Romagna, Italy	11.2296205	44.4210330	11.4336294	44.5560940	Q1891	it:Bologna	
Alsace	알자스,アルザス,อาลซัส,Alsacia,Alsácia,Alsàcia,Alsas,Alsasa,Alsasko,Alsass,Alsatia,Alsàtzia,Alsazia,Alzacia,Alzacija,Alzacja,Alzaco,Alzas,Elsas,Elsass,Elzas,Elzasa,Elzasas,Elzász,آلزاس,ألزاس,אלזס,עלזאס,Αλσατία,Алзас,Елзас,Ельзас,Эльзас,Էլզաս,ელზასი,अल्सास,ਅਲਸਾਸ,আল্‌জাস,阿尔萨斯	relation	8636	boundary	administrative	7.4074699	48.2491764	30	0.700283663593293				Metropolitan France	France	fr	Alsace, Grand Est, Metropolitan France, France	6.8413178	47.4203421	8.2325219	49.0777916	Q1142	fr:Alsace	
Marseille	마르세유,マルセイユ,Mạc Xây,Marselha,Marselis,Marsella,Marsêy,Marsiglia,Marsilha,Marsilya,Marsylia,Massalia,Μασσαλία,Марсеј,Марсель,ಮಾರ್ಸೇಯ,马赛	relation	76469	boundary	administrative	5.4489706	43.2940881	16	0.700168872232086		Marseille	Marseille	Metropolitan France	France	fr	Marseille, Marseille, Bouches-du-Rhône, Provence-Alpes-Côte d'Azur, Metropolitan France, France	5.2286902	43.1696205	5.5324757	43.3910329	Q23482	fr:Marseille	
Laos	ላዎስ,ឡាវ,ラオス,라오스,ލާއޯސް,ଲାଓସ,ປະເທດລາວ,ประเทศลาว,ILawoso,Lááʼos,Lao,Lào,Láọ̀s,Laosa,Laosän,Laosas,Laosi,Laoso,Laosz,Laotia,Làthos,Lawosi,Law suyu,Pow Lao,Raot,Réewum Lawos,Yn Laos,لاؤس,لاوس,لاووس,لائوس,לאוס,Λάος,Лаос,ལའོ་སུ།,Լաոս,ლაოსი,लाओस,લાઓસ,లావోస్,ਲਾਓਸ,ಲಾವೋಸ್,லாவோஸ்,ലാവോസ്,লাওস,လာအိုနိုင်ငံ,ලාඕසය,老挝	relation	49903	boundary	administrative	104.6939610	18.2091444	4	0.700041977667992					Laos	la	Laos	100.0843247	13.9096752	107.6349989	22.5086716	Q819	en:Laos	
Gulf Breeze Campground		relation	4670891	boundary	administrative	-85.4060925	29.7742244	2	0.7					United States of America	us	Gulf Breeze Campground	-85.4072277	29.7725697	-85.4055214	29.7758916			
Shady Pines Campground		relation	4670178	boundary	administrative	-85.4067047	29.7801197	2	0.7					United States of America	us	Shady Pines Campground	-85.4074945	29.7783896	-85.4058761	29.7815830			
Batumi Bay	Anakria Point,Batuma Golfo,Bat'umis Qure,Zatoka Batumska,Батумская бухта,Батумська бухта,ბათუმის ყურე	node	4798638637	place	sea	41.6499424	41.6526013	2	0.7							Batumi Bay	41.6499424	41.6526013	41.6499424	41.6526013	Q12862358	ka:ბათუმის ყურე	
Myrtoan Sea	mer de Myrto,Mirtoa Maro,Morze Mirtejskie,Myrtské moře,بحر ميرتون,Μυρτώο Πέλαγος,Миртойское море	node	4788218377	place	sea	23.5666666	36.9999999	2	0.7							Myrtoan Sea	23.5666666	36.9999999	23.5666666	36.9999999	Q840427	el:Μυρτώο Πέλαγος	
Kardzhali	Кърджали	way	547594701	boundary	administrative	25.3759631	41.6304673	2	0.7					Bulgaria	bg	Kardzhali	25.3477328	41.6049412	25.3987306	41.6555904			
Thracian Sea	Morze Trackie,Thrácké moře,Trakia Maro,Θρακικό Πέλαγος,Фракийское море	node	4788255110	place	sea	24.4167000	40.2500000	2	0.7							Thracian Sea	24.4167000	40.2500000	24.4167000	40.2500000	Q379063	el:Θρακικό Πέλαγος	
BATAS DESA JERINGO		way	478818045	boundary	administrative	116.1309565	-8.5365680	2	0.7					Indonesia	id	BATAS DESA JERINGO	116.1269429	-8.5453999	116.1361548	-8.5276158			
Departamento General San Martín		relation	1934100	boundary	administrative	-63.3269208	-32.5747886	2	0.7					Argentina	ar	Departamento General San Martín	-63.5814822	-33.1459310	-62.8521655	-32.0012108	Q1009169		
Rumah Dinas Bupati		way	549165036	boundary	administrative	102.5823798	-4.0603116	2	0.7					Indonesia	id	Rumah Dinas Bupati	102.5816925	-4.0609257	102.5830310	-4.0598073			
Antwerp	Antwerpen,Anvers,Αθήναι,Антверпен	relation	59518	boundary	administrative	4.3821814	51.2602707	16	0.699976453804487		Antwerp	Antwerp	Flanders	Belgium	be	Antwerp, Antwerp, Antwerp, Flanders, Belgium	4.2175768	51.1432867	4.4979859	51.3776411	Q12892	nl:Antwerpen (stad)	
Zambia	잠비아,ዛምቢያ,ザンビア,ޒެމްބިއާ,ଜାମ୍ବିଆ,ประเทศแซมเบีย,ប្រទេសហ្សំប៊ី,An tSaimbia,IZambiya,Saambi,Saambiya,Saimbia,Sambia,Sambía,Sámbíà,Sambya,Yn Tambia,Zambi,Zámbia,Zàmbia,Zâmbia,Zambie,Zambië,Zambïi,Zambija,Zambio,Zambiya,Zambiýa,Zambiyän,Żambja,Zanbi,Zanbia,زامبیا,زامبيا,زامبىيە,زیمبیا,زېمبيا,זאמביע,זמביה,Ζάμπια,Замби,Замбија,Замбия,Замбія,ཛམ་བི་ཡ།,Զամբիա,ზამბია,जाम्बिया,ज़ाम्बिया,झांबिया,జాంబియా,ਜ਼ਾਂਬੀਆ,சாம்பியா,സാംബിയ,জাম্বিয়া,ဇမ်ဘီယာနိုင်ငံ,赞比亚	relation	195271	boundary	administrative	25.4548381	-13.1746066	4	0.699849194622227					Zambia	zm	Zambia	21.9993509	-18.0766966	33.7025000	-8.2712822	Q953	en:Zambia	
City of Edinburgh	에든버러,Edimburgo	relation	1920901	boundary	administrative	-3.2770970	55.9117426	12	0.699705739062683			City of Edinburgh	Scotland	United Kingdom	gb	City of Edinburgh, Scotland, United Kingdom	-3.4495326	55.8187919	-3.0749513	56.0040836	Q23436	en:Edinburgh	
Schleswig-Holstein	Jlesvigän-Holstän,Šlesvicko-Holštýnsko,Šlēsviga-Holšteina,Slesvig-Holstein,Ŝlesvigo-Holstinio,Šlezvicko-Holštajnsko,Szlezwik-Holsztyn,شلسفيغ هولشتاين,Шлезвиг-Гольштейн,Шлезвиг-Холштајн,Шлезвіг-Гольштейн	relation	51529	boundary	administrative	9.4876198	54.2287872	8	0.699339736947159				Schleswig-Holstein	Germany	de	Schleswig-Holstein, Germany	7.5211615	53.3598105	11.6723859	55.0991610	Q1194	de:Schleswig-Holstein	
Morze		relation	6797616	boundary	administrative	22.7356204	52.5144565	16	0.699191167573686		Morze	gmina Grodzisk	Podlaskie Voivodeship	Poland	pl	Morze, gmina Grodzisk, powiat siemiatycki, Podlaskie Voivodeship, Poland	22.7180062	52.4974758	22.7570076	52.5316023	Q165	pl:Morze	
Saudi Arabia	ሳዑዲ አረቢያ,ސައޫދީ އަރަބިއްޔާ,ସାଉଦି ଆରବ,サウジアラビア,사우디아라비아,អារ៉ាប៊ីសាអូឌីត,ประเทศซาอุดีอาระเบีย,An Araib Shádach,Araabi Sawdit,Arabia Saoudat,Arabia Saudí,Arabia Saudiana,Arabia Saudita,Arábia Saudita,Aràbia Saudita,Arabia Saudită,Arabia Saudite,Arabia Saudyjska,Arabie saoudite,Arabi Saoudek,Arabi Sawoudit,Arabiya Sawudite,Arabja Sawdija,Arab Saudi,Arabyang Saudi,Aràibia nan Sabhd,Ả Rập Saudi,Aravia Saudíta,Ásáí Bikéyah Saʼoodí,Erebistana Siyûdî,I-Arabhiya,Sacuudi Carabiya,Sádí-Arabía,Saoedi-Arabië,Saūda Arābija,Sauda Arabujo,Sauda-Larabän,Saud Arabystany,Saudia,Saudia Arabia,Saudia Arabu ka Faamamara,Saudi Araabia,Saudi-Arabia,Saudi-Arábia,Sáúdí Arábíà,Saudiarabien,Saudi-Arabien,Saudijska Arabija,Saudiya Arabistoni,Saudo Arabija,Saudova Arabija,Saudská Arábia,Saúdská Arábie,Saûdy-Araabje,Sawud Arabya,Səudiyyə Ərəbistanı,Suudi Arabistan,Szaúd-Arábia,Taudiarabiya,Yn Araab Saudi,السعودية,‏المملكة العربية السعودية‎,سعودی عرب,سعودي عربستان,سەئۇدى ئەرەبىستان,عربستان سعودی,סאודי אראביע,ערב הסעודית,Σαουδική Αραβία,Арабистони Саудӣ,СагIудиязул ГIарабия,Сауд Арабия Падышалыгы,Сауд Арабиясы,Сауд Аравийĕ,Саудаўская Аравія,Саудийн Арави,Саудијска Арабија,Саудиска Арабија,Саудитска Арабия,Саудівська Аравія,Саудовская Аравия,Саудса Аравия,Сауды Арави,Саудын Араб,Сәғүд Ғәрәбстаны,Согуд Гарәбстаны,སའུ་དི་ཨ་ར་པི་ཡ།,སའུ་དི་ཨེ་ར་སྦི་ཡ་,Սաուդյան Արաբիա,საუდის არაბეთი,सउदी अरब,सऊदी अरब,साउदी अरब,सौदी अरेबिया,સાઉદી અરેબિયા,సౌదీ అరేబియా,ਸਉਦੀ ਅਰਬ,ಸೌದಿ ಅರೆಬಿಯ,சவூதி அரேபியா,സൗദി അറേബ്യ,সৌদি আরব,ဆော်ဒီအာရေဗျနိုင်ငံ,සවුදි අරාබියාව,沙特阿拉伯	relation	307584	boundary	administrative	44.3222147	24.2176209	4	0.69908657040147					Saudi Arabia	sa	Saudi Arabia	34.4970153	16.2900000	55.6666985	32.1543376	Q851	en:Saudi Arabia	
Chernivtsi	Cernăuți,Ĉernivco,Czerniowce,Tschernowitz,Чернивци,Чернівці,Черновцы	relation	1742393	place	city	25.9515334	48.3210724	16	0.698935421448418		Chernivtsi		Chernivtsi Oblast	Ukraine	ua	Chernivtsi, Chernivtsi Oblast, Ukraine	25.8098757	48.2445794	26.0352892	48.3973095	Q157725	uk:Чернівці	
Strasbourg	스트라스부르,ስትራዝቡርግ,ストラスブール,สทราซบูร์,Argentoratum,Estrasborg,Estrasbou,Estrasburg,Estrasburgo,Sjtraasburg,Straasburch,Straatsburg,Strasbūra,Strasbūras,Strasburg,Štrasburg,Strasbûrg,Strasburgo,Strasburgu,Štrasburk,Strasburq,Strasbwrg,Straßburg,Strazburg,Strażburgu,Stroossbuerg,استراسبورگ,ستراسبورغ,ستراسبورگ,שטראסבורג,שטרסבורג,Στρασβούργο,Стразбур,Страсбург,སི་ཐི་རཱ་སི་བུར།,Ստրասբուրգ,სტრასბური,स्ट्रासबर्ग,स्त्रासबुर्ग,સ્ટ્રાસબોર્ગ,ஸ்திராஸ்பூர்க்,斯特拉斯堡	relation	71033	boundary	administrative	7.7524923	48.5691026	16	0.698761684057506		Strasbourg	Strasbourg	Metropolitan France	France	fr	Strasbourg, Strasbourg, Bas-Rhin, Grand Est, Metropolitan France, France	7.6881370	48.4918609	7.8360645	48.6461895	Q6602	fr:Strasbourg	
North Carolina	노스캐롤라이나,รัฐนอร์ทแคโรไลนา,Bắc Carolina,Carolina a Tuath,Carolina del Nord,Carolina del Nòrd,Carolina del Norte,Carolina do Norte,Carolina Hwoaie,Carolina Septentrionalis,Carolina Thuaidh,Carolina Utara,Caroline du Nord,Çурçĕр Каролина,Észak-Karolina,Gogledd Carolina,Ipar Carolina,Karolina Gledh,Karolina Północna,Karolin dinò,Kuzey Karolina,Náhookǫsjí Kééláanah Hahoodzo,Noard Karolina,Noord-Carolina,Norda Karolino,Nord-Carolina,Norður-Karólína,Põhja-Carolina,Pohjois-Carolina,Severna Karolina,Severná Karolína,Severní Karolína,Shimoliy Karolina,Šiaurės Karolina,Şimali Karolina,Sjeverna Carolina,Sjeverna Karolina,Ziemeļkarolīna,شمالی کیرولینا,كارولاينا الشمالية,کارولینای شمالی,צפון קאראליינע,קרוליינה הצפונית,Βόρεια Καρολίνα,Паўночная Караліна,Північна Кароліна,Северна Каролина,Северная Каролина,Цæгат Каролинæ,Հյուսիսային Կարոլինա,ჩრდილოეთი კაროლინა,उत्तर केरोलाइना,नॉर्थ कॅरोलिना,வட கரொலைனா,വടക്കന്‍ കരൊലൈന,নর্থ ক্যারোলাইনা,北卡羅萊那州,ノースカロライナ州	relation	224045	boundary	administrative	-78.5762983	35.1704500	8	0.698593579771109				North Carolina	United States of America	us	North Carolina, United States of America	-84.3218690	33.7528780	-75.4001191	36.5880363	Q1454	en:North Carolina	
Turkmenistan	투르크메니스탄,ቱርክመኒስታን,トルクメニスタン,ތުރުކުމެނިސްތާން,តួរមិនីស្ថាន,ତୁର୍କମେନିସ୍ଥାନ,ประเทศเติร์กเมนิสถาน,An Tuircméanastáin,IThumekhi,Pow Turkmen,Tirkmenistan,Tʼóokmen Bikéyah,Turcmanastàn,Turcmenistan,Turcomannia,Turcomenistán,Turkmaniston,Turkmenän,Turkmėnija,Túrkmenistan,Türkmenistan,Turkménistan,Türkmənistan,Turkmenistán,Turkmẹ́nìstán,Turkmenistāna,Turkmenistani,Turkmenistáni,Türkmenisztán,Turkménsko,Turkmenujo,Turkminsuyu,Turkumenistaan,Turquemenistão,Turukimenisitani,Yn Turkmenistaan,تركمانستان,تۈركمەنىستان,ترکمانستان,ترکمنستان,טורקמניסטן,טורקמעניסטאן,Τουρκμενιστάν,Төрекмәнстан,Төрөкмәнстан,Түрікменстан,Туркманистон,Туркмени,Туркменистан,Туркменістан,Түркмөнстан,ཏུརཀ་མེ་ནི་སུཏན།,Թուրքմենստան,თურქმენეთი,तुर्कमिनिस्थान,तुर्कमेनिस्तान,તુર્કમેનિસ્તાન,తుర్కమేనిస్తాన్,ਤੁਰਕਮੇਨਸਤਾਨ,ತುರ್ಕಮೆನಿಸ್ತಾನ್,துருக்மெனிஸ்தான்,തുർക്‌മെനിസ്ഥാൻ,তুর্কমেনিস্তান,တာ့ခ်မင်နစ္စတန်နိုင်ငံ,土库曼斯坦	relation	223026	boundary	administrative	58.9699318	38.9630397	4	0.698225524286793					Turkmenistan	tm	Turkmenistan	52.3350759	35.1290929	66.6843030	42.7975571	Q874	en:Turkmenistan	
Autonomous Republic of Crimea	크림 반도,Autonoma republiken Krim,Aŭtonoma Respubliko Krimeo,Autonome Republiek van de Krim,Autonome Republik Krim,Autonomní republika Krym,Cộng hòa Tự trị Crưm,Kırım Özerk Cumhuriyeti,Krími Autonóm Köztársaság,Krimin autonominen tasavalta,Krım Muxtar Respublikası,Krymo autonominė respublika,Repubblica autonoma di Crimea,República Autônoma da Crimeia,República Autónoma de Crimea,República Autònoma de Crimea,Republika Autonomiczna Krymu,République Autonome de Crimée,Αυτόνομη Δημοκρατία της Κριμαίας,Автономна Република Крим,Автономна Республіка Крим,Автономная Республика Крым,Аўтаномная Рэспубліка Крым,Кꙑрꙑмьска Аѵтономьна Димократїꙗ,Кырым Автономияле Җөмһүрияте,Ҡырым Автономиялы Республикаһы,Хъырымы Автономон Республикæ,Ղրիմի Ինքնավար Հանրապետություն,克里米亚自治共和国,クリミア自治共和国	relation	72639	boundary	administrative	34.4177726	45.2106117	8	0.697376008415599				South federal district	Russia	ru	Autonomous Republic of Crimea, South federal district, Russia	32.2015790	44.1845980	36.6815681	46.2301515	Q756294	uk:Автономна Республіка Крим	
Nebraska	네브래스카,รัฐเนแบรสกา,Nabeeskah Hahoodzo,Nebrasca,Nebraska suyu,Nebrasko,نبراسكا,نبراسکا,نیبراسکا,נברסקה,נעבראסקא,Νεμπράσκα,Небраскæ,Небраска,Նեբրասկա,ნებრასკა,नेब्रास्का,नेब्रास्‍का,ನೆಬ್ರಾಸ್ಕ,நெப்ராஸ்கா,നെബ്രാസ്ക,নেব্রাস্কা,内布拉斯加州,ネブラスカ州	relation	161648	boundary	administrative	-100.0275380	41.5012099	8	0.697332629187567				Nebraska	United States of America	us	Nebraska, United States of America	-104.0535141	39.9999776	-95.3080546	43.0012719	Q1553	en:Nebraska	
China	ଚୀନ,የቻይና ሕዝባዊ ሪፐብሊክ,ސީނުކަރަ,중화인민공화국,ປະເທດຈີນ,ประเทศจีน,Alþýðulýðveldið Kína,China Tekoha Tetã,Chinia,Chiny,Chunwa Runallaqta Republika,Çîn,Cina,Ċina,Çin Halk Cumhuriyeti,Čínská lidová republika,Čínska ľudová republika,Ĉinujo,Cộng hòa Nhân dân Trung Hoa,Daon-Phoblacht na Síne,Deynphobblaght ny Sheen,Fólkalýðveldið Kina,Gweriniaeth Pobl Tsieina,Haina,Hiina,Hytaý Halk Respublikasy,IShayina,Jamhuri ya Watu wa China,Kiina,Kiinná,Kina,Ķīna,Kínai Népköztársaság,Kinijos Liaudies Respublika,People's Republic of China,Réewum Popileer bu Siin,Repoblek Werin China,Republica Populară Chineză,República Popular China,República Popular da China,Republikang Popular ng Tsina,Republik Rakyat Cina,République populaire de Chine,Saina,Shiinaha,Sin,Sina,Sína,Sînä,Sluagh-Phoblachd na Sìne,Tinitō,Tjhaena,Tsiene,Tsyinän,Txinako Herri Errepublika,Ubushinwa,Volleksrepublik China,Xitoy Xalq Respublikasi,الصين,جۇڭخۇا خەلق جۇمھۇرىيىتى,جمهوری خلق چین,چین,چیٖن,چين د خلکو جمهوريت,הרפובליקה העממית של סין,כינע,Λαϊκή Δημοκρατία της Κίνας,Ачынҭатәи Ажәлартә Республика,Бүгд Найрамдах Хятад Ард Улс,Кина,Китай,Китайн Халкъан Республика,Китайская Народная Республика,Китайська Народна Республіка,Китай Халăх Республики,Кітай,Кытай,Ҡытай,Қытай Халық Республикасы,Народна Република Кина,Срѣдинꙗнє,Ҷумҳурии Халқии Чин,ཀྲུང་ཧྭ་མི་དམངས་སྤྱི་མཐུན་རྒྱལ་ཁབ།,Չինաստանի Ժողովրդական Հանրապետություն,ჩინეთი,चीन,चीनी जनवादी गणराज्य,जनबादी गणतन्त्र चीन,ચીન,చైనా,ਚੀਨ ਦਾ ਲੋਕ ਰਾਜੀ ਗਣਤੰਤਰ,ಚೀನಿ ಜನರ ಗಣರಾಜ್ಯ,சீன மக்கள் குடியரசு,ചൈന,গণচীন,တရုတ်ပြည်သူ့သမ္မတနိုင်ငံ,චීනය,中华人民共和国,中国	relation	270056	boundary	administrative	98.8623332	35.7591319	4	0.696494683623041					China	cn	China	73.4997347	8.8383435	134.7754563	53.5608154	Q148	en:People's Republic of China	
Montana	몬태나,รัฐมอนแทนา,Máánteenah Hahoodzo,Montano,مونتانا,מאנטענע,מונטנה,Μοντάνα,Монтана,Մոնտանա,მონტანა,மொன்ட்டானா,モンタナ州,蒙大拿州	relation	162115	boundary	administrative	-109.3433141	46.6796220	8	0.696241036495683				Montana	United States of America	us	Montana, United States of America	-116.0492317	44.3579149	-104.0395631	49.0011093	Q1212	en:Montana	
Maine	메인,รัฐเมน,Cenomannica,Maine suyu,Majno,Mayn,Méíin Hahoodzo,Meinas,Men,Mèn,Mena,Meyn,ایالت مین,مینے,مين,מיין,מעין,Μέιν,Мейн,Мејн,Мен,Мэн,Մեն,მეინი,मेन,மேய்ன்,മെയ്ന്‍,মেইন,メイン州,缅因州	relation	63512	boundary	administrative	-69.2480470	45.1908055	8	0.696011720955596				Maine	United States of America	us	Maine, United States of America	-71.0841694	42.9222206	-66.8854162	47.4598397	Q724	en:Maine	
Arkansas	아칸소,รัฐอาร์คันซอ,Áákinsoo Hahoodzo,Akennsas,Arkansas suyu,Arkanzas,Arkanzasas,أركنساس,آرکانزاس,آرکنساس,ארקנסו,ארקענסאו,Αρκάνσας,Арканзас,Արկանզաս,არკანზასი,अरकांसास,आर्कान्सा,ఆర్కాన్సా,ಆರ್ಕಾನ್ಸಸ್,ஆர்கன்சா,അര്‍ക്കന്‍സാസ്,আর্কান্‌স,アーカンソー州,阿肯色州	relation	161646	boundary	administrative	-92.4984828	34.7509514	8	0.695457296187665				Arkansas	United States of America	us	Arkansas, United States of America	-94.6178557	33.0041060	-89.6422486	36.4996000	Q1612	en:Arkansas	
Columbus		relation	182706	place	city	-82.9682393	39.9829790	16	0.695410532359271		Columbus		Ohio	United States of America	us	Columbus, Ohio, United States of America	-83.2101797	39.8086936	-82.7713119	40.1572719	Q16567	en:Columbus, Ohio	
Puerto Rico	Porto Rico,Portoryko,بورتوريكو	relation	7117066	place	island	-66.4132819	18.2214171	17	0.695133533622561		Puerto Rico		Puerto Rico	United States of America	us	Puerto Rico, Puerto Rico, United States of America	-67.2714920	17.9268695	-65.5897525	18.5159789	Q2076337	en:Puerto Rico	
Puerto Rico	Estado Libre Asociado de Puerto Rico,Pórtó Ríce,Portoriko,Puertorikeäns,Puertoriko,Puerto Riko,Púertó Ríkó,بورتوريكو,Порторико,Пуерто-Рико,Пуэрто-Рико,波多黎各	relation	4422604	boundary	administrative	-66.2344489	18.1990856	8	0.695133533622561				Puerto Rico	United States of America	us	Puerto Rico, United States of America	-68.1109184	17.7306659	-65.0913908	18.6663822	Q1183	en:Puerto Rico	
Thuringia	튀링겐 주,ቲውሪንገን,รัฐทือริงเงิน,Durínsko,Freistaat Thüringen,Svobodný stát Durynsko,Thuringe,Thüringen,Thüringen suyu,Tīringene,Tiringija,Tiuringija,Tueringen,Türinän,Turinchia,Turinga,Turinge,Turingia,Türingia,Turíngia,Turingija,Turingiya,Türingiya,Turingujo,Turinxia,Turyngia,Tüüringi,Tyringia,Þýringaland,تورینگن,تورينغن,טורינגיע,תורינגיה,Θουριγγία,Слободна држава Тирингија,Тирингија,Тюринг,Тюринги,Тюрингия,Тюрингія,Цюрынгія,Թյուրինգիա,თიურინგია,ठुरुंगिया,थाइरिन्जिया,थ्युरिंगेन,টুরিঙেন,图林根,テューリンゲン州	relation	62366	boundary	administrative	11.3149679	50.9267221	8	0.695084406924783				Thuringia	Germany	de	Thuringia, Germany	9.8767193	50.2043467	12.6539178	51.6489422	Q1205	de:Thüringen	
Bordeaux	ቦርዶ,보르도,ボルドー,ບອກໂດ,บอร์โด,Bordele,Bordeos,Bordèu,Bordeus,Bordéus,Bordo,Bourdel,Burdeos,Burdigala,بوردو,بورڈو,בארדא,בורדו,Μπορντώ,Бардо,Бордо,Բորդո,ბორდო,बोर्दू,बोर्दो,ਬੋਰਦੋ,ಬೊರ್ಡೋ,பொர்தோ,波尔多	relation	105270	boundary	administrative	-0.5600394	44.8634634	16	0.694578236129386		Bordeaux	Bordeaux	New Aquitaine	France	fr	Bordeaux, Bordeaux, Gironde, New Aquitaine, France	-0.6386987	44.8107825	-0.5336839	44.9161805	Q1479	fr:Bordeaux	
Saxony	Freistaat Sachsen,Sachsen,Sajonia,Saksen,Saksi,Saksonia,Saksonija,Saksujo,Saska,Saška,Sasko,Saxän,Saxe,Saxonia,Saxònia,ساكسونيا,Саксония,Саксонія,Слободна држава Саксонија	relation	62467	boundary	administrative	13.5222798	50.9280283	8	0.693731130088929				Saxony	Germany	de	Saxony, Germany	11.8722539	50.1713247	15.0419319	51.6847553	Q1202	de:Sachsen	
Queensland	Kvinslän,Kvinslandas,Kvinslando,QLD,Quinslando,Квинсленд,昆士兰州	relation	2316595	boundary	administrative	142.8228075	-19.2772389	8	0.69320582242544				Queensland	Australia	au	Queensland, Australia	137.9962704	-29.1778750	153.7799997	-9.0882278	Q36074	en:Queensland	
Greenland	그린란드,ግሪንላንድ,ᐊᑯᑭᑦᑐᑦ,グリーンランド,ގުރީންލޭންޑު,กรีนแลนด์,ଗ୍ରୀନଲାଣ୍ଡ,A' Ghraonlainn,An Ghraonlainn,Goronulande,Grænland,Greenlynn,Grenland,Grenlande,Grenlandia,Grenlàndia,Grenlandija,Grenlando,Greunland,Grienlân,Griinland,Grínlándì,Grînlenda,Groenlaand,Groenland,Groenlanda,Groenlandi,Groenlandia,Groenlàndia,Gröneän,Gronelândia,Grönland,Grønland,Gronlandia,Gronlando,Grönlanti,Grónsko,Gröönimaa,Haʼaʼaahjí Hakʼaz Dineʼé Bikéyah,Kalaallit Nunaat,Kalalit Nunat,Kyoẽlándia,Lemah Héjo,Lupanlunti,Qrenlandiya,Yr Ynys Las,جرينلاند,گرېنلاندىيە,گرینلند,گرین لینڈ,גרינלאנד,גרינלנד,Γροιλανδία,Гренланд,Гренланди,Гренландия,Ґренландія,Грэнландыя,གེ་རེན་ལ,Գրենլանդիա,გრენლანდია,ग्रीनलैण्ड,ग्रीनलँड,ग्रीनल्याण्ड,గ్రీన్‌లాండ్,ਗਰੀਨਲੈਂਡ,ಗ್ರೀನ್‍ಲ್ಯಾಂಡ್,கிறீன்லாந்து,ഗ്രീൻലാൻഡ്,গ্রিনল্যান্ড,ဂရင်းလန်ကျွန်း,格陵兰	relation	2184073	boundary	administrative	-38.8568272	71.8311379	4	0.693089260734717					Greenland	gl	Greenland	-74.1250417	59.5153869	-10.0288759	83.8751719	Q223	en:Greenland	
Andalusia	Andalousie,Andalucia,Andalucía,Andalusie,Andalusië,Andalusien,Andaluzia,Andaluzija,Andalūzija,Andaluzja,أندلوسيا,Андалусия,Андалусія	relation	349044	boundary	administrative	-4.5424110	37.3644648	8	0.692963675624768				Andalusia	Spain	es	Andalusia, Spain	-7.5226863	35.9376397	-1.6298000	38.7290873	Q5783	es:Andalucía	
Andalusia	Andalousie,Andalucía,Andalusien,Andaluusia,Andaluzia,Andalúzia,Andalūzija,Andaluzio,Andaluzja,Vandalitia,אנדלוסיה,Ανδαλουσία,Андалусия,Андалусія,安達魯西亞	node	949522007	place	state	-4.5811614	37.3399963	8	0.692963675624768					Spain	es	Andalusia, Spain	-4.5811614	37.3399963	-4.5811614	37.3399963	Q5783	es:Andalucía	
Rotterdam		relation	1411101	boundary	administrative	4.4886232	51.9277980	20	0.692367810354893		Rotterdam	Metropoolregio Rotterdam Den Haag	Netherlands	The Netherlands	nl	Rotterdam, Rotterdam, Metropoolregio Rotterdam Den Haag, South Holland, Netherlands	4.3793094	51.8616671	4.6018083	51.9942814	Q34370	nl:Rotterdam	
Bahrain	바레인,ባህሬን,ባሕሬን,ບາເລນ,バーレーン,បារ៉ែន,ބަޙްރައިން,บาห์เรน,ବାହାରିନ୍,al-Baḥrayn,Baahireen,Baareeni,Bachrain,Bachrein,Baharain,Báháráìnì,Baharainy,Bahareyini,Baharina,Bahirayini,Bahrâina,Bahraini,Bahrain nutome,Bahrajn,Bahrájn,Bahrayn,Bahrayni,Bahrein,Bahreïn,Bahreina,Bahreinas,Baħrejn,Bahreyn,Bahreýn,Bahruäns,Bairéin,Barayn,Barein,Baréin,Barejno,Baren,Bareyini,Baxrayn,Baxreyn,Behreyn,Bəhreyn,i-Bahrain,iBhaharayi,Paleini,Varéĩ,‏البحرين‎,بحرین,بحریٖن,بحرين,بەھرېيىن,مملكة البحرين,באכריין,בחריין,Μπαχρέιν,Баҳрайн,Бахреин,Бахрейн,Бахре́йн,Бахрэ́йн,Бахьрайн,Бәхрәйн,བཧ་རེན་,བྷཧ་རཡིན།,Բահրեյն,ბაჰრეინი,बहराइन,बहरीन,बहरैन,બહેરીન,బహ్రయిన్,ਬਹਿਰੀਨ,ಬಹರೇನ್,பகுரைன்,ബഹ്‌റൈൻ,বাহরাইন,বাহৰেইন,ဘာရိန်းနိုင်ငံ,බහරේන්,巴林	relation	378734	boundary	administrative	50.6008532	26.1239628	4	0.692216341398146					Bahrain	bh	Bahrain	50.2697989	25.5349999	50.9233692	26.6872443	Q398	ar:البحرين	
Languedoc-Roussillon	Langedokas-Rusijonas,Languedoc-Rosellón,Languedoque-Rossilhão,Langvedoko-Rusiljono,Langwedocja-Roussillon,Lengadòc-Rosselhon,Linguadoca-Rossiglione,Llenguadoc-Rosselló,Лангедок-Русільён,Лангедок-Руссильон,Лангедок-Руссільйон	relation	8643	boundary	administrative	3.6746698	43.6542030	30	0.692035467951381				Metropolitan France	France	fr	Languedoc-Roussillon, Occitania, Metropolitan France, France	1.6887151	42.3327551	4.8455334	44.9757769	Q17005	fr:Languedoc-Roussillon	
Toulouse	ቱሉዝ,툴루즈,ตูลูซ,トゥールーズ,Tolosa,Tolosa de Llenguadoc,Tolosa Okzitania,Toloza,Tuluza,Tulūza,Tuluzo,تولوز,טולוז,Τουλούζ,Тулузæ,Тулуза,Тулюза,ཊོའུ་ལོའུ་སེ།,Թուլուզ,ტულუზა,तुलूज़,तुलूझ,ਟੁਲੂਜ਼,ತೂಲೂಸ್,துலூஸ்,ടൂളൂസ്,图卢兹	relation	35738	boundary	administrative	1.4241145	43.6007049	16	0.692035467951381		Toulouse	Toulouse	Metropolitan France	France	fr	Toulouse, Toulouse, Haute-Garonne, Occitania, Metropolitan France, France	1.3503956	43.5326539	1.5153795	43.6687080	Q7880	fr:Toulouse	
Düsseldorf	دوسلدورف	relation	62539	boundary	administrative	6.7898583	51.2384164	12	0.691939250306272			Düsseldorf	North Rhine-Westphalia	Germany	de	Düsseldorf, Regierungsbezirk Düsseldorf, North Rhine-Westphalia, Germany	6.6886905	51.1243747	6.9398848	51.3525323	Q1718	de:Düsseldorf	
Champagne-Ardenne	Ĉampanjo-Ardenoj,Champagne-Ardennen,Champaña-Ardenas,Champanha-Ardena,Champanha-Ardenas,Šampanė-Ardėnai,Xampanya-Ardenes,Шампань-Арденни,Шампань — Арденны,Шампань-Ардэны	relation	8641	boundary	administrative	4.2079099	48.8730660	30	0.691807005899876				Metropolitan France	France	fr	Champagne-Ardenne, Grand Est, Metropolitan France, France	3.3836390	47.5767133	5.8909943	50.1693225	Q14103	fr:Champagne-Ardenne	
Poitou-Charentes	Peitau-Charantas,Puatuo-Ĉarentoj,Пуату-Шарант,Пуату — Шаранта,Пуату-Шаранта	relation	8652	boundary	administrative	-0.1545536	46.1324478	30	0.691804762222373				New Aquitaine	France	fr	Poitou-Charentes, New Aquitaine, France	-1.5626912	45.0889797	1.2131908	47.1759223	Q17009	fr:Poitou-Charentes	
Sofia	ሶፊያ,소피아,ソフィア,โซเฟีย,Serdica,Sófia,Sòfia,Sofía,Sófía,Sofía - София,Sofie,Sofija,Sofio,Sofiya,Sofiýa,Sofja,Sofya,Sóifia,Szófia,سوفىيە,صوفیہ,صوفیه,صوفيا,סאפיע,סופיה,Σόφια,Сафія,Сердика,Софи,Софија,София,Софія,Софїꙗ,སོ་ཧྥི་ཡ།,Սոֆիա,სოფია,सोफिया,ಸೋಫಿಯಾ,சோஃவியா,സോഫിയ,সফিয়া,索菲亞	relation	4283101	place	city	23.3157714	42.7038764	16	0.691604773967313		Sofia	Sofia City	Sofia-City	Bulgaria	bg	Sofia, Sofia City, Sofia-City, Bulgaria	23.1946846	42.6200755	23.4263572	42.7867859	Q472	bg:София	
Seattle		relation	237385	place	city	-122.3570102	47.6075704	16	0.691543985387614		Seattle	King County	Washington	United States of America	us	Seattle, King County, Washington, United States of America	-122.4596960	47.4810022	-122.2244330	47.7341356	Q5083	en:Seattle	
Grand Canal d'Alsace	Rheinseitenkanal	way	4819631	waterway	canal	7.5531219	47.8362830	26	0.691415472874225		Chalampé	Mulhouse	Metropolitan France	France	fr	Grand Canal d'Alsace, Chalampé, Mulhouse, Haut-Rhin, Grand Est, Metropolitan France, France	7.5249436	47.7803773	7.5630214	47.8952219		de:Rhein	
Rhine	Le Rhin,Reno,Rhein,Rijn,Rin,Rýn	way	59097682	waterway	riverbank	6.1851948	51.8347248	26	0.691415472874225		Emmerich am Rhein	Kreis Kleve	North Rhine-Westphalia	Germany	de	Rhine, Emmerich am Rhein, Kreis Kleve, Regierungsbezirk Düsseldorf, North Rhine-Westphalia, Germany	6.1656425	51.8316440	6.1852352	51.8424747		de:Rhein	
Rhine Canal	Grand Canal d'Alsace,Rheinseitenkanal	way	4819615	waterway	canal	7.5675020	48.0325890	26	0.691415472874225		Volgelsheim	Colmar-Ribeauvillé	Metropolitan France	France	fr	Rhine Canal, Volgelsheim, Colmar-Ribeauvillé, Haut-Rhin, Grand Est, Metropolitan France, France	7.5674695	48.0293696	7.5681978	48.0357272		de:Rhein	
Rhein		way	123503275	waterway	riverbank	9.5208763	47.2462173	26	0.691415472874225		Sennwald	Wahlkreis Werdenberg	Sankt Gallen	Switzerland	ch	Rhein, Sennwald, Wahlkreis Werdenberg, Sankt Gallen, Switzerland	9.4710359	47.0489067	9.5223339	47.2464251		de:Rhein	5
Rhine Canal	Grand Canal d'Alsace,Rheinseitenkanal	way	25341887	waterway	canal	7.5854678	48.0138794	26	0.691415472874225		Vogelgrun	Colmar-Ribeauvillé	Metropolitan France	France	fr	Rhine Canal, Vogelgrun, Colmar-Ribeauvillé, Haut-Rhin, Grand Est, Metropolitan France, France	7.5674695	48.0049258	7.5951293	48.0293696		de:Rhein	
Rhine	Le Rhin,Ren,Reno,Rhein,Rhenus,Rijn,Rin,Rýn,Рейн	way	176021667	waterway	river	8.4797097	49.3080095	17	0.691415472874225		Altlußheim	Verwaltungsgemeinschaft Hockenheim	Baden-Württemberg	Germany	de	Rhine, Altlußheim, Verwaltungsgemeinschaft Hockenheim, Rhein-Neckar-Kreis, Regierungsbezirk Karlsruhe, Baden-Württemberg, Germany	8.2732443	48.9874302	8.5090014	49.5949437		de:Rhein	10, 12, 4, 6, 8, 2
Rhine	Le Rhin,Ren,Reno,Rhein,Rijn,Rin,Rýn,Рейн	way	242294778	waterway	river	7.1475872	50.7167652	17	0.691415472874225		Bonn-Beuel	Bonn	North Rhine-Westphalia	Germany	de	Rhine, Ramersdorf, Bonn-Beuel, Bonn, Cologne Government Region, North Rhine-Westphalia, Germany	7.0734362	50.6474884	7.2114888	50.7680800		de:Rhein	
Rhine Canal	Grand Canal d'Alsace,Rheinseitenkanal	way	25340549	waterway	canal	7.5665805	47.8997594	26	0.691415472874225		Fessenheim	Colmar-Ribeauvillé	Metropolitan France	France	fr	Rhine Canal, Fessenheim, Colmar-Ribeauvillé, Haut-Rhin, Grand Est, Metropolitan France, France	7.5630214	47.8952219	7.5744981	47.9213898		de:Rhein	
Rhein		way	214787401	waterway	riverbank	9.4864309	46.8453682	26	0.691415472874225		Chur	Plessur	Grisons	Switzerland	ch	Rhein, Chur, Plessur, Grisons, Switzerland	9.4342287	46.8344650	9.4876487	46.8467176		de:Rhein	
Frankfurt am Main	프랑크푸르트암마인,Francfort-sur-le-Main,Frankfurt,Frankfurt del Main,Франкфурт-на-Майне	relation	62400	boundary	administrative	8.6620096	50.1213880	12	0.691284452712894			Frankfurt am Main	Hesse	Germany	de	Frankfurt am Main, Regierungsbezirk Darmstadt, Hesse, Germany	8.4718253	50.0155435	8.8004716	50.2271408	Q1794	de:Frankfurt am Main	
Houston	休斯敦	relation	2688911	place	city	-95.4484604	29.8238401	16	0.690889850793595		Houston		Texas	United States of America	us	Houston, Texas, United States of America	-95.9097419	29.5370704	-95.0120525	30.1103505	Q16555	en:Houston	
Vianoce		node	3817704696	multiple	isolated_dwelling	8.2215352	44.7892297	20	0.690880752152891		Agliano Terme	Asti	Piemont	Italy	it	Vianoce, Agliano Terme, Asti, Piemont, Italy	8.2215352	44.7892297	8.2215352	44.7892297	Q4011021	it:Vianoce	
Birmingham	Бирмингем	relation	162378	place	city	-1.8526580	52.4948994	16	0.690472320324202		Birmingham	West Midlands Combined Authority	England	United Kingdom	gb	Birmingham, West Midlands Combined Authority, West Midlands, England, United Kingdom	-2.0336487	52.3810529	-1.7288578	52.6087058	Q2256	en:Birmingham	
Gothenburg	예테보리,Gautaburg,Gbg,Geteborg,Gēteborga,Geteborgas,Göteborg,Gotemburgo,Gotenburgo,Gothoburgum,גטבורג,געטעבארג,Γκέτεμποργκ,Гётеборг	node	25930131	place	city	11.9670170	57.7072326	16	0.690286679324417			Göteborgs kommun	Västra Götalands län	Sweden	se	Gothenburg, Göteborgs kommun, Västra Götalands län, Sweden	11.9670170	57.7072326	11.9670170	57.7072326	Q25287	sv:Göteborg	
Manhattan	Manhatanas,מנהטן,Мангеттен,Манхэттен	node	357644127	place	suburb	-73.9597223	40.7902778	20	0.69014193609354		New York City		New York	United States of America	us	Manhattan, Manhattan Island, New York City, New York, United States of America	-73.9597223	40.7902778	-73.9597223	40.7902778	Q11299	en:Manhattan	
New York County	Manhattan,纽约县	relation	2552485	boundary	administrative	-73.9570852	40.7835127	12	0.69014193609354			New York County	New York	United States of America	us	New York County, New York, United States of America	-74.0477159	40.6795419	-73.9071361	40.8824630	Q11299	en:Manhattan	
Lviv	Lvivo,Lvov,Lwów,Лавов,Львів,Львов,利維夫	relation	2032280	place	city	24.0137435	49.8360433	16	0.689987659578341		Lviv	Lviv City Council	Lviv Oblast	Ukraine	ua	Lviv, Lviv City Council, Lviv Oblast, Ukraine	23.9051027	49.7678304	24.1334135	49.9037121	Q36036	uk:Львів	
Vilnius	Viljnus,Vilna,Viļņa,Vilnjûs,Vilno,Wilna,Wilno,Вилнус,Вилнюс,Вилњус,Вильнюс,Вільнюс,Вільня	relation	1529146	boundary	administrative	25.3221043	54.7009373	16	0.689978437814116		Vilnius	Vilnius city municipality	Vilnius County	Lithuania	lt	Vilnius, Vilnius city municipality, Vilnius County, Lithuania	25.0245351	54.5693374	25.4815807	54.8323200	Q216	lt:Vilnius	
Tuscany	TOS,Toscana,Toscane,Toskana,Toskania,Toskanio,Toskánsko,Tuscia,Тоскана	relation	41977	boundary	administrative	11.2130711	43.4167232	8	0.689881532723527				Tuscany	Italy	it	Tuscany, Italy	9.6868045	42.2376149	12.3713544	44.4725961	Q1273	it:Toscana	
Seville	세비야,セビリア,Sevilja,Sevilla,Séville,Sewilla,Siviglia,Σεβίλλη,Севилья,Севиља,Севілья	relation	342563	place	city	-5.9591425	37.3833176	16	0.689696563684776		Seville	Sevilla	Andalusia	Spain	es	Seville, Sevilla, Andalusia, Spain	-6.0329184	37.3002036	-5.8191571	37.4529578	Q8717	es:Sevilla	
Bratislava	Bratislavo,Bratysława,Pozsony,براتيسلافا,Братислава	relation	1702499	boundary	administrative	17.1597442	48.1359085	12	0.689559821709838			Bratislava	Region of Bratislava	Slovakia	sk	Bratislava, Region of Bratislava, Slovakia	16.9460440	48.0066570	17.2845310	48.2650640	Q1780	sk:Bratislava	
Hesse	Hassia,Hesän,Hesenas,Hesensko,Hesia,Hesja,Hessen,Hesujo,هسن,Гессен,Хесен,黑森州	relation	62650	boundary	administrative	9.0185572	50.5263736	8	0.689457663004697				Hesse	Germany	de	Hesse, Germany	7.7724063	49.3952610	10.2364858	51.6578170	Q1199	de:Hessen	
Bratislava	브라티슬라바,ブラチスラヴァ,บราติสลาวา,Bratîslava,Bratislavo,Bratisllava,Bratysława,Posonium,Pozsony,براتىسلاۋا,براٹیسلاوا,בראטיסלאווא,Μπρατισλάβα,Братислав,Братиславæ,Братислава,Браціслава,ბრატისლავა,ब्रातिस्लाव्हा,ಬ್ರಾಟಿಸ್ಲಾವಾ,பிராத்திஸ்லாவா,ബ്രാട്ടിസ്‌ലാവ,布拉迪斯拉發	relation	3992676	place	city	17.1396304	48.1592459	16	0.689455339408051		Bratislava			Slovakia	sk	Bratislava	16.9659114	48.0178864	17.2400246	48.2537932	Q1780	en:Bratislava	
Wrocław	Breslau,Vratislavie,Vroclava,Вроцлав	relation	451516	boundary	administrative	16.9781963	51.1263106	12	0.688979635853025			Wrocław	Lower Silesian Voivodeship	Poland	pl	Wrocław, Lower Silesian Voivodeship, Poland	16.8073392	51.0426685	17.1762192	51.2100603	Q1799	pl:Wrocław	
Wrocław	Breslau,Breslavia,Vratislavie,Vroclava,Vroclavo	relation	2805690	boundary	administrative	16.9781963	51.1263106	16	0.688979635853025		Wrocław	Wrocław	Lower Silesian Voivodeship	Poland	pl	Wrocław, Wrocław, Wrocław, Lower Silesian Voivodeship, Poland	16.8073392	51.0426685	17.1762192	51.2100603	Q1799	pl:Wrocław	
Wrocław	Breslau,Vroclava	relation	2805691	boundary	administrative	16.9781963	51.1263106	14	0.688979635853025			Wrocław	Lower Silesian Voivodeship	Poland	pl	Wrocław, Wrocław, Lower Silesian Voivodeship, Poland	16.8073392	51.0426685	17.1762192	51.2100603	Q1799	pl:Wrocław	
Lorraine	Lorena,Loreno,Lorrena,Lotaringija,Lotaryngia,Lotharingen,Lotharingia,Lothringen,Lotrínsko,Loutrengen,Латарынгія,Лотарингия,Лотарингія	relation	8645	boundary	administrative	6.1424601	48.7155740	30	0.688946865579904				Metropolitan France	France	fr	Lorraine, Grand Est, Metropolitan France, France	4.8884560	47.8136866	7.6388203	49.6169111	Q1137	fr:Lorraine	
Delhi	델리,デリー,เดลี,Delhio,Deli,Dillí,دلهي,דלהי,Δελχί,Дели,Делі,दिल्ली,ದೆಹಲಿ,தில்லி,ഡെൽഹി,ဒေလီမြို့,德里	node	2702400314	place	city	77.2219388	28.6517178	16	0.688841424072022			Central Delhi	Delhi	India	in	Delhi, Central Delhi, Delhi, India	77.2219388	28.6517178	77.2219388	28.6517178	Q1353	en:Delhi	
Delhi	デリー,National Capital Territory of Delhi,Nationales Hauptstadtterritorium Delhi,دلهي,Дели,Делі,दिल्ली,ದೆಹಲಿ,டெல்லி,德里国家首都辖区	relation	1942586	boundary	administrative	77.1237345	28.6438635	8	0.688841424072022				Delhi	India	in	Delhi, India	76.8388350	28.4046249	77.3463006	28.8834464	Q1353	en:Delhi	
British Columbia	ብሪቲሽ ኮለምቢያ,브리티시컬럼비아 주,รัฐบริติชโคลัมเบีย,An Cholóim Bhriotanach,Breska Kólumbía,Brita Kolumbio,Britani Kolumbiye,Britaniya Kolumbiyasi,Britaniya Kolumbiyası,Britanska Kolumbija,Britanya Kolumbiyası,Brit Columbia,Briti Columbia,Britisch-Kolumbien,British Colombia,British Columbia pruwinsya,British Kolumbia,Britisk Columbia,Brits-Columbia,Brits-Columbië,Britská Kolumbia,Britská Kolumbie,Britsk-Kolumbia,Brittiläinen Kolumbia,Britu Kolumbija,Britų Kolumbija,Colómbia Britanica,Colombie-Britannique,Columbia Bhreatannach,Columbia Britainiarra,Columbia Británica,Colúmbia Britànica,Colúmbia Britânica,Columbia Britanică,Columbia Britannic,Columbia Britannica,Colùmbia Britànnica,Kolombi Bredennek,Kolumbia Britanike,Kolumbia Brytyjska,Kolumbia Vyretañagua,Yn Cholombey Ghoaldagh,بریتیش کلمبیا,برٹش کولمبیا,كولومبيا البريطانية,בריטישע קאלומביע,קולומביה הבריטית,Βρετανική Κολομβία,Британийы Колумби,Британска Колумбија,Британска Колумбия,Британская Колумбия,Британська Колумбія,Бритиш Коламбиа,Правінцыя Брытанская Калумбія,Բրիտանական Կոլումբիա,ბრიტანეთის კოლუმბია,ब्रिटिश कोलम्बिया,ब्रिटिश कोलंबिया,ਬ੍ਰਿਟਿਸ਼ ਕੋਲੰਬੀਆ,ಬ್ರಿಟಿಷ್‌‌ ಕೊಲಂಬಿಯಾ,பிரிட்டிசு கொலம்பியா,不列颠哥伦比亚省,ブリティッシュコロンビア州	relation	390867	boundary	administrative	-125.4705225	54.1388001	8	0.688771037604523				British Columbia	Canada	ca	British Columbia, Canada	-139.0536707	48.2245556	-114.0538224	60.0023000	Q1974	en:British Columbia	
North Rhine-Westphalia	노르트라인베스트팔렌 주,รัฐนอร์ดไรน์-เวสท์ฟาเลิน,Çурçĕр Рейн-Вестфали,Észak-Rajna–Vesztfália,Ipar Renania-Westfalia,Kuzey Ren-Vestfalya,Nadrenia Północna-Westfalia,Noardryn-Westfalen,Nolüdarinän-Vesfalän,Noordrien-Wesfale,Noord-Rijnland-Westfalen,Noordryn-Wesfale,Nord Rain-Vestfalia,Nordrejn-Vestfalio,Nordrhein-Vestfalia,Nordrhein-Westfalen,Nordrheno-Vestfalia,Nordu Renu-Westfalia,Norðurrín-Vestfalía,Renania del Norte-Westfalia,Renania de Nord-Westfalia,Renânia do Norte-Vestfália,Renania d'o Norte-Westfalia,Renania do Norte-Westfalia,Renania Settentrionale-Vestfalia,Ren del Nòrd-Vestfàlia,Rhenania del Nord - Westfalia,Rhenania Septentrionalis-Vestfalia,Rhénanie-du-Nord-Westphalie,Rhine Kaskazini-Westfalia,Rin del Nord - Westfàlia,Severné Porýnie - Westfálsko,Severní Porýní-Vestfálsko,Severno Porenje-Vestfalija,Šiaurės Reinas-Vestfalija,Şimali Reyn-Vestfaliya,Sjeverna Rajna - Vestfalija,Sjeverna Rajna-Vestfalija,Tuaisceart na Réine agus an Viostfáil,Yn Rhine Hwoaie-Westfalen,Ziemeļreina-Vestfālene,شمال الراين-وستفاليا,نوردراین-وستفالن,נורדריין-וסטפאליה,Βόρεια Ρηνανία-Βεστφαλία,Паўночны Рэйн-Вестфалія,Північний Рейн — Вестфалія,Северен Рейн-Вестфалия,Северна Рајна-Вестфалија,Северный Рейн-Вестфалия,Цæгат Рейн-Вестфали,ჩრდილოეთი რაინ-ვესტფალია,नोर्डर्‍हाइन-वेस्टफालन,北莱茵-威斯特法伦州,ノルトライン＝ヴェストファーレン州	relation	62761	boundary	administrative	7.5803861	51.4269111	8	0.688658265513982				North Rhine-Westphalia	Germany	de	North Rhine-Westphalia, Germany	5.8663153	50.3225670	9.4617416	52.5314923	Q1198	de:Nordrhein-Westfalen	
Free County	Comitatul Liber,Franca Comtat,Franca Contea,Franc Comtat,Franche-Comté,Franĉkonteo,Franco Condado,Franco-Condado,Freie Grafschaft,Liber Comitatus,Франш-Кантэ,Франш-Конте	relation	8642	boundary	administrative	6.1320222	47.1425847	30	0.688630042863335				Metropolitan France	France	fr	Free County, Bourgogne-Franche-Comté, Metropolitan France, France	5.2520162	46.2610242	7.1432754	48.0241450	Q16394	fr:Franche-Comté	
Prymors'kyi Rayon	Приморский район,Приморський район	relation	2952493	place	borough	30.7481850	46.4584230	19	0.68849582298678		Odessa		Odessa Oblast	Ukraine	ua	Prymors'kyi Rayon, Odessa, Odessa Oblast, Ukraine	30.6958844	46.4119560	30.7727630	46.5049729	Q4378731	uk:Приморський район (Одеса)	
Kyivs'kyi Rayon	Киевский район,Київський район	relation	2944314	place	borough	30.7205757	46.3904002	19	0.688491108640345		Odessa		Odessa Oblast	Ukraine	ua	Kyivs'kyi Rayon, Odessa, Odessa Oblast, Ukraine	30.6880135	46.3427069	30.7616881	46.4378596	Q4220231	uk:Київський район (Одеса)	
Suvorovs'kyi Rayon	Суворовский район,Суворовський район	relation	2952559	place	borough	30.7513268	46.5543421	19	0.688486393962789		Odessa		Odessa Oblast	Ukraine	ua	Suvorovs'kyi Rayon, Odessa, Odessa Oblast, Ukraine	30.6588486	46.4795203	30.8313753	46.6291187	Q4445200	uk:Суворовський район (Одеса)	
San Francisco	샌프란시스코,Cựu Kim Sơn,São Francisco,سان فرانسیسکو,旧金山	relation	111968	boundary	administrative	-123.0466412	37.7291734	16	0.688363695969972		San Francisco	San Francisco City and County	California	United States of America	us	San Francisco, San Francisco City and County, California, United States of America	-123.1738250	37.6403142	-122.2817801	37.9298443	Q62	en:San Francisco	
Idaho	아이다호,รัฐไอดาโฮ,Áadihoo Hahoodzo,Aidahas,Aidaho,Aydaho,Aydawo,Idaho suyu,Idahum,آیداهو,ایڈاہو,أيداهو,איידהו,איידעהא,Αϊντάχο,Айдаха,Айдахо,Ајдахо,Այդահո,აიდაჰო,आयडाहो,ಐಡಹೋ,ஐடஹோ,ഐഡഹോ,আইডাহো,アイダホ州,爱达荷州	relation	162116	boundary	administrative	-115.4654212	45.4943809	8	0.688349524066259				Idaho	United States of America	us	Idaho, United States of America	-117.2430324	41.9880569	-111.0435640	49.0008446	Q1221	en:Idaho	
Fiji	ፊጂ,피지,ފިޖީ,ଫିଜି,フィジー,ประเทศฟิจิ,Bidji,Fichi,Fici,Ficiyuäns,Fìdi,Fidji,Fídjieyjar,Fidschi,Fidsí,Fidxi - Viti,Fidyïi,Fidži,Fidżi,Fidžis,Fidzjy,Fidzsi-szigetek,Figi,Fiġi,Fiĝioj,Fiiji,Fííjii,Fíjì,Fîjî,Fisi,Fiti,Fixhi,Fiyi,Fiži,IFiji,Phiyi,Piyi,Viti,فیجی,فجی,فيجي,فىجى,פיג'י,פידזשי,Φίτζι,Фиджи,Фижи,Фиҷи,Фиџи,Фіджі,Фіджы,ཧྥི་ཇི།,Ֆիջի,ფიჯი,फिजी,फ़िजी,ఫిజీ,ਫ਼ਿਜੀ,ಫಿಜಿ,பிஜி,ഫിജി,ফিজি,ဖီဂျီနိုင်ငံ,ෆීජි,斐濟	relation	571747	boundary	administrative	178.3674269	-17.4723213	4	0.687756352576226					Fiji	fj	Fiji	174.4214964	-21.9434274	-178.0034929	-12.2613866	Q712	en:Fiji	
Gabon	가봉,ጋቦን,ガボン,ގެބޯން,ଗାବୋନ,ประเทศกาบอง,An Ghabúin,Gabão,Gabɔ́,Gaboen,Gabón,Gabòn,Gàbọ̀n,Gabona,Gabonas,Gaboŋ,Gaboni,Gabonia,Gabono,Gabǫ́ǫ́,Gaböon,Gabun,Gabunän,IGabhoni,IGaboni,Ngabu,Qabon,ګابن,الغابون,گابن,گابون,گیبون,גאבאן,גבון,Γκαμπόν,Габон,གེ་བོན།,གྷེ་བྷོན,Գաբոն,გაბონი,गबॉन,गाबोन,गॅबन,గబాన్,ਗਬਾਨ,ಗಬೊನ್,காபோன்,ഗാബോൺ,গাবন,ဂါဘွန်နိုင်ငံ,ගැබොන්,加蓬	relation	192793	boundary	administrative	11.5190990	-0.8920835	4	0.687660956807043					Gabon	ga	Gabon	8.5002246	-4.1012261	14.5394440	2.3182170	Q1000	en:Gabon	
North Korea	ሰሜን ኮርያ,އުތުރު ކޮރެއާ,ପୂର୍ବ କୋରିଆ,កូរ៉េខាងជើង,조선민주주의인민공화국,ประเทศเกาหลีเหนือ,An Chóiré Thuaidh,Bắc Triều Tiên,Chusun Runakapaq Runallaqta Republika,Coirèa a Tuath,Corea del Nord,Corèa del Nòrd,Corea del Norte,Corea do Norte - 조선,Coreea de Nord,Corée du Nord,Coreia do Norte,Coreya d'o Norte,Davvi-Korea,Demirgazyk Koreýa,Demokratesch Volleksrepublik Korea,Demokratska Narodna Republika Koreja,Gogledd Corea,Hilagang Korea,IKhoriya leseNyakatfo,Ipar Korea,Kolíya Bikéyah Náhookǫsjí Siʼánígíí,Kòréà Àríwá,Korea Avannarleq,Korea Avaratra,Korea Gledh,Koreai Népi Demokratikus Köztársaság (Észak-Korea),Koréa Kalér,Korea Kaskazini,Kōrea-ki-te-raki,Koréa Lor,Korean demokraattinen kansantasavalta,Korea Północna,Korea Utara,Kore dinò,Kore gu Bëj-gànnaar,Koreja e Veriut,Kórejská ľudovodemokratická republika,Korêya Bakur,Kore ya Nola,Koreya Xalq Demokratik Respublikasi,Koreya Xalq Demokratik Respublikası,Koreya y’Amajyaruguru,Kuzey Kore,Noard-Korea,Nolüda-Koreyän,Noord-Korea,Nordkorea,Nord-Korea,Nord-Koreujo,Norðurkorea,Norður-Kórea,Põhja-Korea,Republik Poblel ha Demokratel Korea,Respublica Popularis Democratica Coreana,Ripubrikit Engame Korea,Severna Koreja,Severní Korea,Šiaurės Korėja,Sjeverna Koreja,Waqooyiga Kuuriya,Yn Chorea Twoaie,Ziemeļkoreja,شمالی کوریا,شمالي کوريا,شىمالىي چاۋشيەن,كوريا الشمالية,کره شمالی,צפון קארעע,קוריאה הצפונית,Βόρεια Κορέα,Демократска Народна Република Кореја,Карэйская Народна-Дэмакратычная Рэспубліка,Корейская Народно-Демократическая Республика,Корейська Народно-Демократична Республіка,Корей Халық Демократиялық Республикасы,Корейы Адæмон Демократон Республикæ,Корея Войтыр Демократия Республика,Корея Халык Демократик Җөмһүрияте,Куриёи Шимолӣ,Северна Кореја,Северна Корея,Умард Солонгос,བྱང་ཀོ་རི་ཡ།,བྱང་ཀོ་རི་ཡ་,Կորեայի Ժողովրդա-Դեմոկրատական Հանրապետություն,კორეის სახალხო დემოკრატიული რესპუბლიკა,उत्तर कोरिया,ઉત્તર કોરિયા,ఉత్తర కొరియా,ਉੱਤਰੀ ਕੋਰੀਆ,ಉತ್ತರ ಕೊರಿಯಾ,வடகொரியா,ഉത്തര കൊറിയ,উত্তর কোরিয়া,ကိုရီးယား ဒီမိုကရက်တစ် ပြည်သူ့သမ္မတနိုင်ငံ,උතුරු කොරියාව,朝鮮民主主義人民共和国,朝鲜民主主义人民共和国	relation	192734	boundary	administrative	126.9779746	40.3180788	4	0.687598876776869					North Korea	kp	North Korea	124.0913901	37.6279512	130.9246469	43.0089642	Q423	en:North Korea	
Alberta	앨버타 주,አልቤርታ,รัฐแอลเบอร์ตา,Albérta,Albèrta,Alberta pruwinsya,Alberto,آلبرتا,ألبرتا,البرٹا,אלבערטא,אלברטה,Αλμπέρτα,Алберта,Албърта,Альбертæ,Альберта,Правінцыя Альберта,Ալբերտա,ალბერტა,अल्बर्टा,आल्बर्टा,ਅਲਬਰਟਾ,ಆಲ್ಬರ್ಟಾ,ஆல்பர்ட்டா,アルバータ州,艾伯塔省	relation	391186	boundary	administrative	-115.0035543	54.4980068	8	0.687541521129671				Alberta	Canada	ca	Alberta, Canada	-120.0013836	48.9966667	-110.0047639	60.0004215	Q1951	en:Alberta	
Kerala	ケーララ,Керала,केरल,ಕೇರಳ,கேரளம்,കേരളം,喀拉拉邦	relation	2018151	boundary	administrative	76.2756227	10.4458056	8	0.687453001711962				Kerala	India	in	Kerala, India	74.6406103	8.0960452	77.4119394	12.7944686	Q1186	en:Kerala	
Sardinia	사르데냐,ሳርዲኒያ,サルデーニャ,แคว้นปกครองตนเองซาร์ดิเนีย,An tSairdín,Cerdeña,Cerdenya,Region Autonome Sardinia,Sardaigne,Sardainia,Sardayn,Sardegna,Sardeña,Sardenha,Sardenja,Sardenya,Sardigna,Sardiinia,Sardiiniya,Sardínia,Sardinía,Sardinie,Sardinië,Sardinien,Sardinija,Sardīnija,Sardiniya,Sardinya,Sardînya,Sardio,Sardynia,Sardynje,Szardínia,Yn Tardeen,ساردینیا,ساردىنىيە ئارىلى,سردينيا,סארדיניע,סרדיניה,Σαρδηνία,Сардзінія,Сардини,Сардинија,Сардиния,Сардинія,Սարդինիա,სარდინია,सारडीनिया,सार्दिनिया,సార్డీనియా,ਸਾਰਦੇਞਾ,சார்தீனியா,സാർഡീനിയ,撒丁岛	relation	6847723	place	island	9.0977538	40.0616040	17	0.687013464742295		Sardinia		Sardinia	Italy	it	Sardinia, Sardinia, Italy	8.1308446	38.8640117	9.8288520	41.2590754	Q1462	it:Sardegna	
Sardinia	Cerdeña,SAR,Sardaigne,Sardegna,Sardenha,Sardenya,Sardigna,Sardínia,Sardinie,Sardinien,Sardinija,Sardînya,Sardio,Sardynia,Szardínia,سردينيا,Σαρδηνία,Сардиния,ಸಾರ್ಡಿನ್ಯ	relation	7361997	boundary	administrative	9.0977538	40.0616040	8	0.687013464742295				Sardinia	Italy	it	Sardinia, Italy	8.1308446	38.8590845	9.8293196	41.3131122	Q1462	it:Sardegna	
Kosovo	ኮሶቮ,コソボ,An Chosaiv,Dardania;Kosova;Kosovo,Kosova,Kosovän,Kosovas,Kosovo i Metohija,Koszovó,Republika e Kosovës / Република Косово,كوسوفو,کوسووہ,קוסובו,Κόσοβο,Косава,Косово,Косово и Метохија,ཁོ་སོ་ཝོ།,Կոսովոն,კოსოვო,ಕೊಸೊವೊ,கொசோவோ,কসোভো,ကိုဆိုဗို,科索沃	relation	2088990	boundary	administrative	20.9141829	42.5629719	4	0.686919419726792						xk	Kosovo	20.0140588	41.8577007	21.7894228	43.2674603	Q1246	en:Kosovo	
Andorra	안도라,አንዶራ,アンドラ,އެންޑޯރާ,ອັງດອກ,ଆଣ୍ଡୋରା,អង់ដូរ៉ា,อันดอร์รา,Andoor,Andooraa,Andɔr,Andora,Andóra,Àndórà,Andoro,Andôro,Andòrra,Andorre,Andówa,Andurra,Anndoora,ʻEnitola,I-Andora,iYandola,Landorän,Principat d'Andorra,آندورا,أندورا,اندورا,انڈورا,اٮ۪نڑورا,انڊورا,ئاندوررا,אַנדאָרע,אַנְדּוֹרָה,Ανδόρρα,Андора,Андо́ра,Андоррæ,Андорра,Андо́рра,ཨན་ཌོར་ར།,ཨཱན་དོ་ར,Անդորրա,ანდორა,अण्डोरा,अंडोरा,आंदोरा,एण्डोरा,એન્ડોરા,అండొర్రా,ਅੰਡੋਰਾ,ಅಂಡೋರ,அண்டோரா,അൻഡോറ,অ্যান্ডোরা,အင်ဒိုရာနိုင်ငံ,ඇන්ඩෝරා,安道爾	relation	9407	boundary	administrative	1.5897262	42.5423860	4	0.686846987641114					Andorra	ad	Andorra	1.4135781	42.4288238	1.7863837	42.6559356	Q228	ca:Andorra	
Guyana	ጋያና,ގުޔާނާ,ガイアナ,가이아나,ଗାଇଓନା,ประเทศกายอานา,An Ghuáin,Gajana,Gajāna,Gayana,Geeaaney,Giyàn,Giyana,Guajana,Guiana,Güiana,Gujana,Gujána,Gujano,Guyaana,Gùyánà,Gvæjana,Gvajana,Gvayän,Gwayana,Gwiana,Qayana,Wayana,غويانا,گیانا,گايانا,گویان,ګويانا,גויאנע,גיאנה,Γουιάνα,Гайанæ,Гайана,Гаяна,Гвајана,Гвиана,གུ་ཡ་ན།,Գայանա,გაიანა,गयाना,गुयना,ગુયાના,గయానా,ਗੁਇਆਨਾ,ಗಯಾನ,கயானா,ഗയാന,গায়ানা,ဂိုင်ယာနာနိုင်ငံ,圭亚那	relation	287083	boundary	administrative	-58.9398799	4.8873200	4	0.686660720081188					Guyana	gy	Guyana	-61.4149051	1.1710016	-56.4689543	8.6038842	Q734	en:Guyana	
Rwanda	르완다,ሩዋንዳ,ルワンダ,ރުވާންޑާ,ରଵାଣ୍ଡା,ประเทศรวันดา,IRuwanda,Rooandey,Ruanda,Rúanda,Rûanda,Ruandäa,Ruandän,Ruando,Rubhanda,Ruwanda,Rùwándà,Ruwandaa,Wánda Dineʼé Bikéyah,رۋاندا,راونډا,رواندا,روانڈا,רואנדה,רוואנדע,Ρουάντα,Руандæ,Руанда,རུ་ཝན་ཌ།,Ռուանդա,რუანდა,रवाण्डा,रुवाण्डा,ऱ्वान्डा,రువాండా,ਰਵਾਂਡਾ,ರ್ವಾಂಡ,ருவாண்டா,റുവാണ്ട,রুয়ান্ডা,ရဝမ်ဒါနိုင်ငံ,රුවන්ඩා ජනරජය,卢旺达	relation	171496	boundary	administrative	29.9706317	-1.9437001	4	0.686488507634571					Rwanda	rw	Rwanda	28.8617546	-2.8389804	30.8990737	-1.0474084	Q1037	en:Rwanda	
Transylvania	Ardeal	node	2563285717	multiple	region	24.3740295	46.5971622	18	0.686293934588627				Mureș	Romania	ro	Transylvania, Mureș, Romania	24.3740295	46.5971622	24.3740295	46.5971622	Q39473	en:Transylvania	
Maharashtra	Mahárástra,Maharaŝtro,Махараштра,महाराष्ट्र,ಮಹಾರಾಷ್ಟ್ರ	node	2237699956	place	state	76.0554567	19.5319319	8	0.685736286981924					India	in	Maharashtra, India	76.0554567	19.5319319	76.0554567	19.5319319	Q1191	en:Maharashtra	
Maharashtra	マハーラーシュトラ,Maharastra,Махараштра,महाराष्ट्र,ಮಹಾರಾಷ್ಟ್ರ,மகாராட்டிரம்,马哈拉施特拉邦	relation	1950884	boundary	administrative	75.2590143	18.8187949	8	0.685736286981924				Maharashtra	India	in	Maharashtra, India	72.5378860	15.6043346	80.8922221	22.0309689	Q1191	en:Maharashtra	
Poznań	Posen,Poznaņa,بوزنان	relation	2989158	boundary	administrative	16.9197520	52.4006521	14	0.68569206422978			Poznań	Greater Poland Voivodeship	Poland	pl	Poznań, Poznań, Greater Poland Voivodeship, Poland	16.7315878	52.2919237	17.0717010	52.5093282	Q268	pl:Poznań	
Poznań	Posen,Poznaņa,Poznano,بوزنان	relation	165941	boundary	administrative	16.9197520	52.4006521	16	0.68569206422978		Poznań	Poznań	Greater Poland Voivodeship	Poland	pl	Poznań, Poznań, Poznań, Greater Poland Voivodeship, Poland	16.7315878	52.2919237	17.0717010	52.5093282	Q268	pl:Poznań	
Poznań	Posen,Poznaņa,بوزنان,Познань	relation	2456294	boundary	administrative	16.9197520	52.4006521	12	0.68569206422978			Poznań	Greater Poland Voivodeship	Poland	pl	Poznań, Greater Poland Voivodeship, Poland	16.7315878	52.2919237	17.0717010	52.5093282	Q268	pl:Poznań	
Pont Vieux		way	47036191	highway	unclassified	2.2200067	42.9337695	26	0.685225957799417	Pont Vieux	Espéraza	Limoux	Metropolitan France	France	fr	Pont Vieux, Espéraza, Limoux, Aude, Occitania, Metropolitan France, France	2.2199972	42.9335059	2.2200176	42.9340331	Q2382496	fr:Pont	
Oxford		node	158262738	place	town	-75.9790216	39.7852061	18	0.685030166986481			Chester County	Pennsylvania	United States of America	us	Oxford, Chester County, Pennsylvania, United States of America	-75.9790216	39.7852061	-75.9790216	39.7852061	Q34217	en:Oxford	
Chad	ቻድ,차드,ޝާދު,ଚାଡ,チャド,ประเทศชาด,An t-Siad,Cad,Čad,Ċad,Çad,Čada,Čadas,Cadd,Cade,Cadi,Çadi,Ĉado,Chade,Chad - Tchad,Ciad,Csád,Czad,IShedi,ITshedi,Jad,Kjad,Sâde,Sead,Shad,Tasadi,Tchad,Tchad تشاد,Tjadän,Tšaad,Tsad,Tšad,Tschad,Tshadi,Tsiad,Tsjaad,Tsjad,Txad,Tzadia,تشاد,چاډ,چاد,چاڈ,טשאד,צ'אד,Τσαντ,Чад,ཆཱ་ཌ།,Չադ,ჩადი,चाड,ચૅડ,చాద్,ਚਾਡ,சாட்,ഛാഡ്,চাদ,ချဒ်သမ္မတနိုင်ငံ,චෑඩ්,乍得	relation	2361304	boundary	administrative	18.5581738	15.4665749	4	0.684551926714845					Chad	td	Chad	13.4734800	7.4410700	24.0000000	23.4974999	Q657	ar:تشاد	
Kings County	Brooklyn	relation	369518	boundary	administrative	-73.9550231	40.6453097	12	0.684544427109041			Kings County	New York	United States of America	us	Kings County, New York, United States of America	-74.0558455	40.5498513	-73.8335646	40.7394026	Q18419	en:Brooklyn	
Toledo		relation	182514	place	city	-83.5864813	41.6562259	16	0.684296468880513		Toledo	Lucas County	Ohio	United States of America	us	Toledo, Lucas County, Ohio, United States of America	-83.6942371	41.5802660	-83.4546109	41.7328519	Q49239	en:Toledo, Ohio	
Tehran	테헤란,ቴህራን,テヘラン,ତେହେରାନ,เตหะราน,Tahraan,Tahran,Tähran,Teerã,Teheran,Téhéran,Teherán,Teherāna,Teheranas,Teherani,Teheranum,Teherán - تهران,Tehrān,Tehrano,Tehron,تہران,تېھران,تهران,طهران,טהרן,טעהראן,Τεχεράνη,Тæхран,Тегеран,Техеран,Тәһран,Теҳрон,Тэгеран,ཏེ་ཧི་རན​།,Թեհրան,თეირანი,तेहरान,టెహరాన్,ਤਹਿਰਾਨ,ತೆಹ್ರಾನ್,தெஹ்ரான்,ടെഹ്റാന്‍,তেহরান,တီဟီရန်မြို့,德黑蘭	relation	6663864	place	city	51.3479231	35.6983816	16	0.684261330040956		Tehran	Tehran County	Tehran Province	Iran	ir	Tehran, Tehran County, Tehran Province, Iran	51.0890099	35.5682071	51.6063006	35.8284725	Q3616	fa:تهران	
Vermont	버몬트,รัฐเวอร์มอนต์,Bimáá' Hahoodzo,Fermont,Vèmont,Vērmonta,Vermontas,Vermonto,فيرمونت,ورمانت,ورمونٹ,ווערמאנט,ורמונט,Βερμόντ,Вермонт,Върмонт,Վերմոնտ,ვერმონტი,वर्मांट,व्हरमाँट,வெர்மான்ட்,വെര്‍മോണ്ട്,ভার্মন্ট,佛蒙特州,バーモント州	relation	60759	boundary	administrative	-72.7722496	43.8715007	8	0.684138199042923				Vermont	United States of America	us	Vermont, United States of America	-73.4377400	42.7269329	-71.4653567	45.0166650	Q16551	en:Vermont	
Guinea	ጊኔ,기니,ギニア,ގީނިއާ,ଗିନି,ประเทศกินี,An Ghuine,Gine,Gîne,Ginea,Gínea,Ginëe,Gine-Konakry,Gineya,Gineyän,Gini,Gíní,Guiné,Guinéa,Guinèa,Guinee,Guinée,Guineea,Gvineja,Gvinėja,Gvineo,Gvineya,Gwinea,Gwineýa,Gyni,IGini,IGiniya,Khiniya,Qvineya,República de Guinea,Yn Ghuinea,جمہوریہ گنی,غينيا,گینه,ۋىنېيە,גינאה,גינע,Γουινέα,Гвине,Гвиней,Гвинеја,Гвинея,Гвінея,གི་ནེ།,Գվինեա,გვინეა,गिनी,ਗਿਨੀ,கினி,ഗിനി,গিনি,ဂီနီနိုင်ငံ,几内亚	relation	192778	boundary	administrative	-9.6644641	9.9331035	4	0.684034997219305					Guinea	gn	Guinea	-15.5680509	7.1906044	-7.6381993	12.6756299	Q1006	en:Guinea	
Osaka Prefecture	오사카 부,Osakan prefektuuri,Prefektura Osaka,Осака,Префектура Осака,大阪府	relation	341906	boundary	administrative	135.4999517	34.6614470	8	0.684017361527504				Osaka Prefecture	Japan	jp	Osaka Prefecture, Japan	135.0258878	34.2718210	135.7466029	35.0512929	Q122723	ja:大阪府	
Oman	오만,ኦማን,ޢުމާން,ଓମାନ,オマーン,ประเทศโอมาน,Cumaan,IMani,Lomän,Omã,Omą́ą́,Omaan,Óman,Omán,Omàn,Omāna,Omanas,Omani,Omania,Omano,Uman,Umman,Yn Omaan,سلطنت عمان,عمان,ئومان,אמאן,עומאן,Ομάν,Аман,Оман,ཨོ་མན།,Օման,ომანი,ओमान,ઓમાન,ఒమన్,ਓਮਾਨ,ಒಮಾನ್,ஓமான்,ഒമാൻ,ওমান,အိုမန်နိုင်ငံ,ඕමානය,阿曼	relation	305138	boundary	administrative	57.1829746	20.7505569	4	0.683825589468329					Oman	om	Oman	52.0000000	16.4649608	60.0545769	26.7026736	Q842	en:Oman	
Nuremberg	뉘른베르크,Norimberk,Nürnberg,Νυρεμβέργη	relation	62780	place	city	11.0629997	49.4360948	16	0.683764915868217		Nuremberg	Middle Franconia	Bavaria	Germany	de	Nuremberg, Middle Franconia, Bavaria, Germany	10.9887325	49.3314338	11.2825957	49.5407534	Q2090	de:Nürnberg	
Liechtenstein	リヒテンシュタイン,Fürstentum Liechtenstein,Lichtenštajnsko,Lichtenšteinas,Lichtenštejnsko,Ligtänstän,Lihtenštajn,Liĥtenŝtejno,Liktinstein,Lychtenstein,ليختنشتاين,Лiхтэнштэйн,Лихтенштейн,Ліхтенштейн,லீக்கின்ஸ்டைன்	relation	1155955	boundary	administrative	9.5469115	47.1594125	4	0.683180662378855					Liechtenstein	li	Liechtenstein	9.4716736	47.0484291	9.6357142	47.2705809	Q347	de:Liechtenstein	
Mississippi	미시시피,รัฐมิสซิสซิปปี,Misisipė,Misisipi,Mísísípii Hahoodzo,Misisipio,Missisipi,Mississipí,Mississippia,Mississippy,میسیسیپی,مسيسيبي,מיסיסיפי,Μισισίπι,Мисисипи,Миссисипи,Міссісіпі,Միսսիսիպի,მისისიპი,मिसिसिपी,ಮಿಸ್ಸಿಸಿಪ್ಪಿ,மிசிசிப்பி,മിസിസിപ്പി,密西西比州,ミシシッピ州	relation	161943	boundary	administrative	-89.7215692	32.5711499	8	0.683152591993586				Mississippi	United States of America	us	Mississippi, United States of America	-91.6550090	30.1477907	-88.0977945	34.9960519	Q1494	en:Mississippi	
Uttarakhand	ウッタラーカンド,Уттаракханд,उत्तराखण्ड,ಉತ್ತರಾಖಂಡ,உத்தராகண்டம்,北安恰尔邦	relation	374810	boundary	administrative	79.2911410	30.0869450	8	0.682896866812156				Uttarakhand	India	in	Uttarakhand, India	77.5627469	28.7157882	81.0447890	31.4590159	Q1499	en:Uttarakhand	
South Pacific Ocean	Dél-Csendes-óceán,Jižní Tichý oceán,Južni Tihi ocean,Južný Tichý Oceán,Lautan Pasifik Selatan,Nam Thái Bình Dương,Océano Pacífico Sur,Oceano Pacific Sud,Pietų Ramusis vandenynas,Południowy Ocean Spokojny,Suda Pacifiko,Südpazifischer Ozean,اقیانوس آرام جنوبی,Νότιος Ειρηνικός Ωκεανός,Паўдневы Ціхі акіян,Южный Тихий океан,南太平洋	node	305640292	place	sea	-130.0000000	-45.0000001	2	0.68289174235825							South Pacific Ocean	-130.0000000	-45.0000001	-130.0000000	-45.0000001	Q98	en:Pacific Ocean	
North Pacific Ocean	Bắc Thái Bình Dương,Északi-Csendes-óceán,Lautan Pasifik Utara,Norda Pacifiko,Nordpazifischer Ozean,Oceano Pacific Nord,Océano Pacífico Norte,Północny Ocean Spokojny,Samudra Pasifik Utara,Severní Tichý oceán,Severni Tihi ocean,Severný Tichý oceán,Šiaurės Ramusis vandenynas,Sjeverni Tihi ocean,اقیانوس آرام شمالی,Βόρειος Ειρηνικός Ωκεανός,Паўночны Ціхі акіян,Северный Тихий океан,北太平洋	node	305640027	place	sea	-170.0000000	29.9999999	2	0.68289174235825							North Pacific Ocean	-170.0000000	29.9999999	-170.0000000	29.9999999	Q98	en:Pacific Ocean	
Akron		relation	182644	place	city	-81.5085022	41.0843295	16	0.68266844912132		Akron	Summit County	Ohio	United States of America	us	Akron, Summit County, Ohio, United States of America	-81.6210140	40.9976575	-81.4049421	41.1710609	Q163132	en:Akron, Ohio	
Karnataka	カルナータカ,Карнатака,कर्नाटक,కర్ణాటక,ಕರ್ನಾಟಕ,கருநாடகம்,കർണാടക,卡纳塔克邦	relation	2019939	boundary	administrative	75.5361285	15.0213288	8	0.682635019585052				Karnataka	India	in	Karnataka, India	73.8726712	11.5945951	78.5885424	18.4767308	Q1185	en:Karnataka	
Suriname	수리남,ሱሪናም,スリナム,ସରିନମ,ސުރިނާމް,ประเทศซูรินาเม,Lýðveldið Ísland,Sirinam,Sówinam,Suranam,Surinaam,Surinam,Súrínam,Sûrînam,Surinama,Surinamas,Surinami,Surinamia,Surinamo,Surinamu,Sùrìnámù,Surinän,Yn Toorinam,سرینام,سۇرىنام,سورینام,سورينام,סורינאם,Σουρινάμ,Суринам,Сурынам,སུ་རི་ནེམ།,Սուրինամ,სურინამი,सुरिनाम,सूरीनाम,સુરીનામ,సురినామ్,ਸੂਰੀਨਾਮ,ಸುರಿನಾಮ್,சுரிநாம்,സുരിനാം,সুরিনাম,ဆူရာနမ်နိုင်ငံ,蘇利南	relation	287082	boundary	administrative	-56.1898867	4.0283474	4	0.682219621849722					Suriname	sr	Suriname	-58.0708331	1.8312802	-53.8433359	6.2250000	Q730	en:Suriname	
Togo	ቶጎ,토고,ޓޯގޯ,トーゴ,ଟୋଗୋ,ประเทศโตโก,IThogo,ITogo,République togolaise,Tóga,Togas,Tògo,Tógó,Tógò,Togö,Togoän,Togolando,Togóo,Togum,Tʼóogo,Toqo,Tugu,Yn Togo,توغو,توگو,ٹوگو,טאגא,טוגו,Τόγκο,Тога,Того,ཊོ་གོ,Տոգո,ტოგო,टोगो,ટોગો,ਟੋਗੋ,ಟೊಗೊ,டோகோ,ടോഗോ,টোগো,တိုဂိုနိုင်ငံ,ටෝගෝ,多哥	relation	192782	boundary	administrative	1.1029602	8.5330285	4	0.681903127464513					Togo	tg	Togo	-0.1439720	5.9265470	1.8087604	11.1394970	Q945	fr:Togo	
Liberia	リベリア,ላይቤሪያ,라이베리아,ލައިބީރިއާ,ଲାଇବେରିଆ,ประเทศไลบีเรีย,An Libéir,ILiberia,ILibheriya,Labiriyaa,Làìbéríà,Layiberiya,Libearia,Libeeria,Libèiria,Liberän,Liberi,Libéria,Libèria,Líbería,Liberïa,Libérie,Liberië,Liberija,Libērija,Liberio,Liberiya,Liberiýa,Liberja,Liberya,Lîberya,Libirya,Republic of Liberia,Republik Liberia,Yn Laibeer,الأقصر,لائبیریا,لايبېريا,لیبریا,لىبېرىيە,ليبيريا,ליבעריע,ליבריה,Λιβερία,Либери,Либерија,Либерия,Ліберія,Ліберыя,ལི་བེ་རི་ཡ།,Լիբերիա,ლიბერია,लाइबेरिया,लायबीरिया,लायबेरिया,ಲೈಬೀರಿಯ,லைபீரியா,ലൈബീരിയ,লাইবেরিয়া,လိုက်ဘေးရီးယားနိုင်ငံ,利比里亚	relation	192780	boundary	administrative	-9.7305871	6.3537424	4	0.681694777109646					Liberia	lr	Liberia	-11.6080765	4.1555906	-7.3673230	8.5519860	Q1014	en:Liberia	
กรุงเทพมหานคร	Bangkok,Bankoko,Бангкок,バンコク 空港	node	4351432485	place	state	100.8160803	13.7538929	8	0.681686951377001					Thailand	th	กรุงเทพมหานคร, Thailand	100.8160803	13.7538929	100.8160803	13.7538929	Q1861	en:Bangkok	
Bangkok	방콕,กรุงเทพมหานคร,Bankoko,Бангкок,バンコク 空港	relation	92277	boundary	administrative	100.4160866	13.5859218	8	0.681686951377001				Bangkok	Thailand	th	Bangkok, Thailand	100.3278771	13.2166667	100.9384449	13.9551875	Q1861	en:Bangkok	
The Bahamas	バハマ,바하마,ባሃማስ,ބަހާމަސް,ବାହାମା,បាហាម៉ា,ບາຮາມມາສ,ประเทศบาฮามาส,Àwọn Bàhámà,Bagama Adalary,Bagam orollari,Bahama,Bahamaas,Bahamaeyjar,Bahamak,Bahamakuna,Bahamalar,Bahamanae,Bahamaoyggjar,Bahamas,Bahama's,Bahâmasa,Bahamasɛ,Bahamasi,Bahamasy,Bahama-szigetek,Bahamat,Bahames,Bahamet,Bahami,Bahamos,Bahamuäns,Bahamy,Commonwealth of The Bahamas,D'Bahamas,De Bahama's,Die Bahamas,i-Bahamas,iBhahamasi,Il Bahamas,Il-Baħamas,La Bahamoj,Las Bahamas,Le Bahamas,Les Bahamas,na Bahámaí,na Bahàmas,ny Bahamaghyn,Pahama,Vaamakuéra,Y Bahamas,Ynysow Bahama,باھاما,بہاماس,بَہامَس,باهاما,جزر باهاماس,איי בהאמה,די באַהאַמאַס,Μπαχάμες,Багама,Багама аралдары,Багамалар,Багам аралдары,Багама утрауҙары,Бага́мские Острова́,Бага́мскія Астравы́,Бага́мські Острови́,Багамтæ,Багамын Арлууд,Баҳамас,Бахаме,Бахами,Бахамските острови,Пахамсем,བ་ཧ་མཱ་སི།,བཱ་ཧ་མས྄།,Բահամները,ბაჰამის კუნძულები,बहामस,बहामास,બહામાસ,బహామాస్,ਬਹਾਮਾਸ,ಬಹಾಮಾಸ್,பாகாமாசு,ബഹാമാസ്,বাহামা দ্বীপপুঞ্জ,ဘဟားမားနိုင်ငံ,බහාමාස්,巴哈马	relation	547469	boundary	administrative	-77.3766075	24.0950414	4	0.680952503736146					Bahamas	bs	The Bahamas	-80.7001942	20.7059846	-72.4477522	27.4734550	Q778	en:The Bahamas	
Heidelberg	하이델베르크,Χαϊδελβέργη,Гейдельберг	relation	285864	boundary	administrative	8.7151101	49.4057915	12	0.680926124257032			Heidelberg	Baden-Württemberg	Germany	de	Heidelberg, Regierungsbezirk Karlsruhe, Baden-Württemberg, Germany	8.5731787	49.3520029	8.7940495	49.4596926	Q2966	de:Heidelberg	
Heidelberg	ハイデルベルク,Heidelberga,Χαϊδελβέργη,Гайдельберг,Хайдельберг,Хајделберг,海德堡	node	240058050	place	city	8.6947240	49.4093581	16	0.680926124257032			Heidelberg	Baden-Württemberg	Germany	de	Heidelberg, Heidelberg, Regierungsbezirk Karlsruhe, Baden-Württemberg, Germany	8.6947240	49.4093581	8.6947240	49.4093581	Q2966	de:Heidelberg	
Mexico City	CDMX,Ciudad de México,DF,Distrito Federal	relation	1376330	boundary	administrative	-99.1517011	19.3205562	8	0.680807288142986				Mexico City	Mexico	mx	Mexico City, Mexico	-99.3649242	19.0482367	-98.9403029	19.5927571	Q1489	en:Mexico City	
Vatican City	바티칸 시국,バチカン,ቫቲካን ከተማ,ވެޓިކަން ސިޓީ,ଭାଟିକାନ ସିଟି,បុរីវ៉ាទីកង់,นครรัฐวาติกัน,Ard-valley yn Phaab,Bádikin Sídii,Batikan,Belt tal-Vatikan,Cathair na Bhatacain,Cathair na Vatacáine,Cidade do Vaticano,Citad dal Vatican,Cità di u Vaticanu,Citate Vatican,Cita Vatikan,Città del Vaticano,Ciudad del Vaticano,Ciudat d'o Vaticano,Ciutat del Vaticà,État de la Cité du Vatican,Faatikan,Fatikaanstêd,Ìlú Fatikan,Indolobha yaseVathikhani,IVathikhi,Keoded ar Vatikan,Kota Vatican,Lungsod ng Vaticano,Poho o Pita,Staat Vatikanstadt,Stato della Città del Vaticano,Status Civitatis Vaticanæ,Táva Vatikano,Thành Vatican,Tzitade de su Vaticanu,Vaticaanstad,Vatican,Vaticano,Vatican Siti,Vatikaanivaltio,Vatikaanstad,Vatikan,Vatîkan,Vatikán,Vatikän,Vatikána,Vatikanas,Vatikani,Vatikáni,Vatikanið,Vatíkanið,Vatikano,Vatikano Hiria,Vatikāns,Vatikan shahri,Vatikanstad,Vatikanstaten,Watikaa,Watikan,Watikan Shehiri,Watikanu llaqta,Watykan,Y Fatican,الفاتيكان,واتیکان,واټيکان ښار,ویٹیکن سٹی,וואטיקאן,קריית הוותיקן,Βατικανό,Ватикан,Ватиканъ,Ватыкан,Вотикон,བ་ཊི་ཀཱན།,ཝ་ཏི་ཀན་གྲོང་ཁྱོར།,Վատիկան,ვატიკანი,भ्याटिकन सिटी,वैटिकन,वैटिकन सिटी,व्हॅटिकन सिटी,వాటికన్ నగరం,ਵੈਟੀਕਨ ਸ਼ਹਿਰ,ವ್ಯಾಟಿಕನ್ ನಗರ,வத்திக்கான் நகர்,വത്തിക്കാൻ നഗരം,ভ্যাটিকান সিটি,ဗာတီကန်စီးတီး,වතිකානුව,梵蒂冈	relation	36989	boundary	administrative	12.4531575	41.9038101	4	0.680568982896761					Vatican City	va	Vatican City	12.4457442	41.9002044	12.4583653	41.9073912	Q237	it:Città del Vaticano	
Gibraltar	ጅብራልታር,Chibraltar,Cîbraltar,Gibraltár,جبل طارق,Гибралтар,Гібралтар,जिब्राल्टर,ಜಿಬ್ರಾಲ್ಟರ್,直布罗陀	node	267933614	place	town	-5.3484848	36.1451465	18	0.680095162098421				Gibraltar	Gibraltar	gi	Gibraltar, Gibraltar, Gibraltar	-5.3484848	36.1451465	-5.3484848	36.1451465	Q1410	en:Gibraltar	
Bonn	بون	relation	62508	boundary	administrative	7.0971944	50.7035410	12	0.680087147625044			Bonn	North Rhine-Westphalia	Germany	de	Bonn, Cologne Government Region, North Rhine-Westphalia, Germany	7.0225354	50.6326909	7.2106772	50.7744232	Q586	de:Bonn	
Bonn	ボン,Bonna,بون,Бон,Бонн,波恩	node	26373169	place	city	7.1006600	50.7358510	16	0.680087147625044			Bonn	North Rhine-Westphalia	Germany	de	Bonn, Bonn, Cologne Government Region, North Rhine-Westphalia, Germany	7.1006600	50.7358510	7.1006600	50.7358510	Q586	de:Bonn	
Mauritius	ሞሪሸስ,모리셔스,ମରିସସ,މޮރިޝަސް,モーリシャス,ประเทศมอริเชียส,Ellan Wirrish,IMorishisi,IMorishiyasi,Maoris,Maorisy,Máritíus,Maurice,Maurici,Maurícia,Maurīcija,Mauricijus,Mauricio,Maŭricio,Mauricio - Maurice,Mauricius,Maurícius,Maurico,Maurisyo,Mauritia,Mauritio,Maurîtius,Mauritiusi,Mauritsius,Mauritzius,Maurizio,Mavriki,Mavritsiya,Mawrikiý,Mawrisyu,Mawrizji,Móoris,Moris,Morise,Moriseän,Morisi,Mörîsi,Mọ́rísì,Móritius,Na h-Eileanan Mhoiriseas,Oileán Mhuirís,Ynys Morrys,ماۋرىتىئۇس,ماوریتوس,موریس,موریشس,موريشيوس,מאוריציוס,Μαυρίκιος (κράτος),Маврики,Маврикий,Маврикия,Маврикій,Мавриций,Маврициус,Маурицијус,Маўрыкій,མའུ་རི་ཊིའུ་སུ།,Մավրիկիոս,მავრიკი,मारिषस्,मॉरिशस,मौरिसस,మారిషస్,ਮਾਰੀਸ਼ਸ,ಮಾರಿಷಸ್,மொரிசியசு,മൗറീഷ്യസ്,মরিশাস,မောရစ်ရှနိုင်ငံ,මුරුසි සමුහාණ්ඩුව,毛里求斯	relation	535828	boundary	administrative	57.5971150	-20.1705000	4	0.680047060898449					Mauritius	mu	Mauritius	56.3825151	-20.7250000	63.7151319	-10.1380000	Q1027	en:Mauritius	
Nice	니스,ニース,Nica,Niça,Nicea,Niza,Nizza,نيس,Ница,Ницца,Ніцца	relation	170100	boundary	administrative	7.2434552	43.7029719	16	0.679956108924331		Nice	Nice	Metropolitan France	France	fr	Nice, Nice, Maritime Alps, Provence-Alpes-Côte d'Azur, Metropolitan France, France	7.1819535	43.6454189	7.3239120	43.7607635	Q33959	fr:Nice	
Niger	ኒጄር,니제르,ނީޖަރު,ናይጀር,ନାଇଜର,ニジェール,ประเทศไนเจอร์,An Nígir,INayighe,INayijari,Nayjar,Nícher,Nìgeir,Níger,Niġer,Nigēra,Nigerän,Nigeri,Nigeris,Niĝero,Nigèr (país),Nijar,Nijè,Nijer,Nîjer,Nìjẹ̀r,Niqir,Niseer,Níxer,Nixèr,Niyer,Nizer,Nizëre,Pow Nijer,Yn Neegeyr,النيجر,نایجېر,نائجر,نیجر,نىگېر,ניז'ר,ניזשער,Νίγηρας,Нигер,Нигер (паддзахад),Ниҷер,Нігер,ནི་ཇར།,Նիգեր,ნიგერი,नाइजर,नायजर,नीजे,નાઈજર,నైజర్,ਨਾਈਜਰ,நைஜர்,നീഷർ,নাইজার,နိုင်ဂျာနိုင်ငံ,නයිජර්,尼日尔	relation	192786	boundary	administrative	9.9020541	17.6049362	4	0.679923978781705					Niger	ne	Niger	0.1689653	11.6937559	15.9966670	23.5171779	Q1032	fr:Niger	
Basel	Bâle,Basilea,Basileia,Bazelis,Bazelo,Bazylea	relation	1683619	boundary	administrative	7.5902468	47.5545076	16	0.679915943842441		Basel		Basel-City	Switzerland	ch	Basel, Basel-City, Switzerland	7.5546582	47.5192940	7.6341406	47.5898968	Q78	de:Basel	
Mauritania	모리타니,ሞሪታኒያ,モーリタニア,މޮރިޓާނިއާ,ମୋରିତାନିଆ,ประเทศมอริเตเนีย,An Mháratáin,Gànnaar,IMolithaniya,IMoritaniya,Maoritania,Maouritania,Maritana,Máritanía,Mauretania,Mauretanien,Mauretanija,Mauritaania,Mauritaanje,Mauritánia,Mauritània,Mauritânia,Mauritáníà,Mauritanie,Mauritánie,Mauritanië,Mauritanija,Mauritānija,Maŭritanio,Mavretanija,Mavritaniya,Mawritaniýa,Mawritanja,Moowitéínya,Moratainia,Moritän,Moritani,Móritania,Moritanïi,Moritaniya,Moritanreye,Moritanya,Morîtanya,Muritani,Muritania,Muritaniya,Muritanya,Yn Varitaan,الجمهورية الإسلامية الموريتانية,ماۋرىتانىيە,موریتانی,موریتانیہ,موریتاني,موريتانيا,מאוריטניה,מאריטאניע,Μαυριτανία,Мавритан,Мавритани,Мавританија,Мавритания,Мавританія,Мауританија,Маўрытанія,མའུ་རི་ཏ་ནི་ཡ།,Մավրիտանիա,მავრიტანია,मारिटेनिया,मॉरिटानिया,मॉरीतानिया,మౌరిటానియ,ਮੌਰੀਤਾਨੀਆ,ಮಾರಿಟಾನಿಯ,மூரித்தானியா,മൗറിത്താനിയ,মৌরিতানিয়া,မော်ရီတေးနီးယားနိုင်ငံ,毛里塔尼亚	relation	192763	boundary	administrative	-11.5737991	21.0199999	4	0.679814084609409					Mauritania	mr	Mauritania	-17.0680810	14.7209908	-4.8333344	27.3149420	Q1025	ar:موريتانيا	
Pittsburgh	PGH,Picburgo	relation	188553	place	city	-79.9768138	40.4313785	16	0.679542599710739		Pittsburgh	Allegheny County	Pennsylvania	United States of America	us	Pittsburgh, Allegheny County, Pennsylvania, United States of America	-80.0955171	40.3615200	-79.8657280	40.5012020	Q1342	en:Pittsburgh	
Botswana	ボツワナ,보츠와나,ቦትስዋና,ބޮޓުސްވާނާ,ବୋସଚୱାନା,บอตสวานา,ບອດສະວານາ,បុតស្វាណា,an Bhotsuáin,Bechuanaland,Bocvana,Bocvána,Bocvano,Bootiswaanaa,Boswana,Bôtsoàna,Botsuana,Botsvana,Bɔtswana,Bòtswánà,Botwana,Bốt-xoa-na,Botzuana,Butswana,ÉButjwána,i-Botswana,Lefatshe la Botswana,Potisiuana,Tswana Dineʼé Bikéyah,Vhu-Tswana,Votusuana,yn Votswaan,Zvanän,بوتسۋانا,بوتسوانا,بوتَسوانا,بوٹسوانا,באצוואַנע,בּוֹטְסְוָאנָה,Μποτσουάνα,Батсва́на,Ботсванæ,Ботсвана,Ботсва́на,Боцвана,བྷོ་ཙི་ཝ་ན།,བྷོཙ་ཝ་ན,Բոտսվանա,ბოტსვანა,बोत्सवाना,बोत्स्वाना,બોત્સ્વાના,బోత్సువానా,ਬੋਤਸਵਾਨਾ,ಬೋಟ್ಸ್ವಾನ,போட்சுவானா,ബോട്സ്വാന,বতসোয়ানা,ဘော့ဆွာနာ သမ္မတနိုင်ငံ,බොට්ස්වානා,波札那	relation	1889339	boundary	administrative	24.4818352	-22.3418179	4	0.67952104895313					Botswana	bw	Botswana	19.9986474	-26.9059670	29.3753040	-17.7781370	Q963	tn:Botswana	
Hanover	하노버,ハノーファー,ฮันโนเวอร์,Hannover,Hannovera,Hannovere,Hannóver - Hannover,Hànobhar,Hanofér,Hanôver,Hanoveri,Hanoveris,Hanovra,Hanovre,Hanovro,Hanower,IHanoveri,هانوفر,האנאווער,הנובר,Αννόβερο,Ганновер,Гановер,Ханновер,Хановер,Հաննովեր,ჰანოვერი,हानोफर,হানোফার,汉诺威	relation	59418	boundary	administrative	9.7728972	52.3795150	16	0.679469838156932		Hanover	Region Hannover	Lower Saxony	Germany	de	Hanover, Region Hannover, Lower Saxony, Germany	9.6044299	52.3051373	9.9186207	52.4543348	Q1715	de:Hannover	
Gdańsk	Danzig,Gdanskas,Gdansko,غدانسك,Гданськ,Гданьск	relation	2723259	boundary	administrative	18.6282333	54.3614302	14	0.679156332505289			Gdańsk	Pomeranian Voivodeship	Poland	pl	Gdańsk, Gdańsk, Pomeranian Voivodeship, Poland	18.4294955	54.2749188	18.9532813	54.4472192	Q1792	pl:Gdańsk	
Gdańsk	Dantzig,Danzig,Gdanskas,Gdansko,غدانسك,Гданськ,Гданьск	relation	1553098	boundary	administrative	18.6282333	54.3614302	12	0.679156332505289			Gdańsk	Pomeranian Voivodeship	Poland	pl	Gdańsk, Pomeranian Voivodeship, Poland	18.4294955	54.2749188	18.9532813	54.4472192	Q1792	pl:Gdańsk	
Gdańsk	Dantzig,Danzig,Gdansk,Gdanskas,Gdansko,غدانسك,Гданськ,Гданьск	relation	2597485	boundary	administrative	18.6282333	54.3614302	16	0.679156332505289		Gdańsk	Gdańsk	Pomeranian Voivodeship	Poland	pl	Gdańsk, Gdańsk, Gdańsk, Pomeranian Voivodeship, Poland	18.4294955	54.2749188	18.9532813	54.4472192	Q1792	pl:Gdańsk	
Brandenburg	브란덴부르크 주,ብራንደንቡርግ,รัฐบรันเดินบวร์ค,Brandänburgän,Brandeborg,Brandebourg,Brandeburg,Brandeburgo,Brandemburgo,Brandenborg,Brandenburch,Brandenburga,Brandenburgas,Brandenburgia,Brandenburgio,Brandenburgo,Brandenburg suyu,Brandenburgu,Brandenburgum,Brandenburq,Brandenbursko,Braniborsko,براندنبورغ,براندنبورگ,برندنبرگ,בראנדנבורג,ברנדנבורג,Βρανδεμβούργο,Бранденбург,Брандэнбург,Բրանդենբուրգ,ბრანდენბურგი,ब्रान्डेनबर्ग,ब्रांडेनबुर्ग,ब्रैंडेनबर्ग,ਬ੍ਰਾਂਡਨਬੁਰਕ,ব্রান্ডেনবুর্গ,勃兰登堡,ブランデンブルク州	relation	62504	boundary	administrative	14.1594192	52.4591489	8	0.679099420308753				Brandenburg	Germany	de	Brandenburg, Germany	11.2673549	51.3590639	14.7657478	53.5590906	Q1208	de:Brandenburg	
Benin	베냉,ቤኒን,ベナン,ބެނީން,ବେନିନ,เบนิน,ເບນິນ,បេណាំង,Beeniin,Beinin,Bene,Benɛ̃,Benëen,Benen,Benɛn,Benim,Bénin,Bɛnin,Benín,Bênîn,Benina,Beninän,Beninas,Benini,Benino,Beninum,Benyn,Binin,Dahomey,IBenini,iBhenini,Mbenĩ,Penini,République du Bénin,بِنِن,بینن,بنین,بنين,بېنين,بېنىن,بينن,בנין,בענין,Μπενίν,Бенин,Бени́н,Бенѝн,Бені́н,བེ་ནིན།,བཱེ་ནིན།,Բենին,ბენინი,बेनिन,बेनिन्,બેનિન,బెనిన్,ਬੇਨਿਨ,ಬೆನಿನ್,பெனின்,ബെനിൻ,বেনিন,ဘီနင်နိုင်ငံ,බෙනින්,贝宁	relation	192784	boundary	administrative	2.3100672	9.2231104	4	0.678467443745791					Benin	bj	Benin	0.7766669	6.0398695	3.8433430	12.4092447	Q962	fr:Bénin	
Corsica	Collectivité territoriale de Corse,Córcega,Corse,Corsega,Córsega,Còrsega,Korsika,Korsîka,Korsiko,Korsyka,Korzika,كورسيكا,Корсика,Корсіка,ಕೋರ್ಸಿಕ	relation	76910	boundary	administrative	9.0684137	42.1880896	8	0.678091437227657				Metropolitan France	France	fr	Corsica, Metropolitan France, France	8.5347170	41.3331910	9.5600530	43.0277838	Q14112	fr:Corse	
Wyoming	와이오밍,รัฐไวโอมิง,Vaiominga,Vajomingas,Vajomingo,Vayominq,Vyomina,Wááʼóómii Hahoodzo,وایومینگ,وايومنغ,וויאמינג,ויומינג,Ουαϊόμινγκ,Вайоминг,Вайомінг,Вајоминг,Уайоминг,Վայոմինգ,ვაიომინგი,வயோமிங்,ワイオミング州ワイオミング州,懷俄明州	relation	161991	boundary	administrative	-107.5486121	43.0007715	8	0.677807352660487				Wyoming	United States of America	us	Wyoming, United States of America	-111.0553310	40.9948789	-104.0521601	45.0058281	Q1214	en:Wyoming	
Ottawa		relation	4136816	boundary	administrative	-75.7700605	45.2494496	16	0.677499851261939		Ottawa		Ontario	Canada	ca	Ottawa, Ontario, Canada	-76.3555857	44.9617738	-75.2465784	45.5376502	Q1930	en:Ottawa	
Brunei	ብሩኒ,ບູໄນ,ብሩናይ,ブルネイ,브루나이,บรูไน,ބުރުނައީ,ବ୍ରୁନେଇ,ប្រទេសប៊្រុយណេ,Barunay,Birunaay,Boroney,Broenei,Brouney,Brúiné,Brunae,Brùnaigh,Brunän,Brúnei,Brûnei,Brunéi,Brunêi,Bruneium,Brunej,Bruneja,Brunejo,Brunėjus,Bruney,Brûney,Bruneý,Bruniy,Brwnei,Burinɛyi,Burnaay,Buruneyi,iBhruneyi,i-Brunei,Mburunéi,Negara Brunei, Rumah Yang Aman,Poronai,Pulunei,Vwnzlaiz,برۇنېي,بُرنٔے,برونای,بروناي,برونائی,برونئی,برونئي,ברוניי,Μπρουνέι,Бруней,Бруне́й,Брунеј,བྷི་རུ་ནི།,བྷྲུ་ནའི,Բրունեյ,ბრუნეი,ब्रुनेई,ब्रूनेई,ब्रूनै,બ્રુનેઈ,బ్రూనై,ਬਰੂਨਾਈ,ಬ್ರುನೈ,புரூணை,ബ്രൂണൈ,ব্রুনাই,ব্ৰুণেই,ဘရူနိုင်းနိုင်ငံ,බෲනායි,汶莱	relation	2103120	boundary	administrative	114.5020788	4.5517834	4	0.677241125964245					Brunei Darussalam	bn	Brunei	114.0761230	4.0025079	115.3635623	5.1011857	Q921	ms:Brunei	
Mansfield		relation	182659	place	town	-82.5299183	40.7661509	18	0.676821714292223		Mansfield	Richland County	Ohio	United States of America	us	Mansfield, Richland County, Ohio, United States of America	-82.5901280	40.6889700	-82.4571890	40.8434119	Q983698	en:Mansfield, Ohio	
Barbados	ባርቤዶስ,バルバドス,바베이도스,ބާބަޑޮސް,ବାରବାଡୋସ,บาร์เบโดส,Baarbeedoos,Barbade,Barbåde,Barbadeän,Barbadhos,Barbado,Barbadós,Bárbádọ̀s,Barbadosa,Barbadòsas,Barbadosi,Barbadot,Barbady,Barbata,Barubadosi,iBhadosi,Lababad,Varvado,باربادوس,بارباڈوس,بارباډوس,באַרבאַדאס,ברבדוס,Μπαρμπάντος,Барбáдос,Барба́дас,Барбадос,Барба́дос,བར་བ་ཌོ་སི།,Բարբադոսը,ბარბადოსი,बारबाडोस,बार्बाडोस,బార్బడోస్,ਬਾਰਬਾਡੋਸ,ಬಾರ್ಬಡೋಸ್,பார்படோசு,ബർബാഡോസ്,বার্বাডোস,ဘာဘေးဒိုးစ်နိုင်ငံ,巴巴多斯	relation	547511	boundary	administrative	-59.5334217	13.1900000	4	0.676785241578867					Barbados	bb	Barbados	-59.8562116	12.8449999	-59.2147175	13.5350000	Q244	en:Barbados	
Malawi	ማላዊ,말라위,މަލާވީ,マラウイ,ประเทศมาลาวี,An Mhaláiv,IMalawi,Malaawi,Malááwii,Malabhaidh,Malaui,Malaui - Malawi,Malavi,Malaví,Malavî,Malāvija,Malavio,Malavis,Malavium,Malaviyän,Malaŵi,Màláwì,Malawïi,Malawy,مالاوی,مالاوي,مالاۋى,ملاوی,מאלאווי,מלאווי,Μαλάουι,Малави,Малаві,མ་ལ་ཝི།,Մալավի,მალავი,मलावी,ਮਲਾਵੀ,ಮಲಾವಿ,மலாவி,മലാവി,মালাউই,မာလဝီနိုင်ငံ,马拉维	relation	195290	boundary	administrative	33.7760311	-13.2513043	4	0.67600618396371					Malawi	mw	Malawi	32.6703616	-17.1295217	35.9185731	-9.3683261	Q1020	en:Malawi	
Saxony-Anhalt	Sachsen-Anhalt,Sajonia-Anhalt,Saksen-Anhalt,Saksonia-Anhalt,Saksonija-Anhaltas,Saksujo-Anhalto,Saska-Anhalt,Saška-Anhalt,Sasko-Anhaltsko,Saxän-Lanhaltän,Saxe-Anhalt,Saxonia-Anhalt,Saxònia-Anhalt,Saxonia-Anhaltinia,ساكسونيا أنهلت,Саксонија-Анхалт,Саксония-Анхальт,Саксонія-Ангальт	relation	62607	boundary	administrative	11.5590840	51.9898568	8	0.675750175942913				Saxony-Anhalt	Germany	de	Saxony-Anhalt, Germany	10.5608127	50.9378507	13.1868818	53.0416917	Q1206	de:Sachsen-Anhalt	
Kanagawa	Prefektura Kanagawa,Канагава,Префектура Канаґава,神奈川県	relation	2689487	boundary	administrative	139.3578531	35.3149965	8	0.675698856963588				Kanagawa	Japan	jp	Kanagawa, Japan	138.9157670	34.9571654	139.9043478	35.6728970	Q127513	ja:神奈川県	
Aragon	Aragão,Aragó,Aragoi,Aragón,Aragonas,Aragonia,Aragonie,Aragonien,أرغون,Αραγονία,Арагон	relation	349045	boundary	administrative	-0.8388223	41.3854860	8	0.67524957002184				Aragon	Spain	es	Aragon, Spain	-2.1736714	39.8467782	0.7713066	42.9244951	Q4040	es:Aragón	
Auvergne	Alvèrnia,Arvernia,Auvèrnhe,Auvernia,Aŭvernjo,Авернь,Овернь	relation	8638	boundary	administrative	3.1531803	45.7100131	30	0.674964707860949				Auvergne-Rhône-Alpes	France	fr	Auvergne, Auvergne-Rhône-Alpes, France	2.0629028	44.6159340	4.4904591	46.8041547	Q1152	fr:Auvergne	
New South Wales	ニューサウスウェールズ,Naujasis Pietų Velsas,Neusüdwales,Nieuw-Zuid-Wales,Nova Sud-Kimrujo,Novi južni Wales,Nový Jižní Wales,NSW,Nula-Sulüda-Velsän,Новый Южный Уэльс,新南威尔士州	relation	2316593	boundary	administrative	146.7141382	-32.8274853	8	0.674878146782472				New South Wales	Australia	au	New South Wales, Australia	140.9992596	-37.5954939	159.5167695	-28.0714773	Q3224	en:New South Wales	
Ile-de-France	일드프랑스,Enez-Frañs,Francilio,İl de Frans,Île-de-France,Ilha de França,Illa de França,Insula Franciae,Isla de Francia,Isola di Francia,ایل-دو-فرانس,إيل دو فرانس,איל-דה-פראנס,Иль-де-Франс,Іль-де-Франс,Іль-дэ-Франс,इल-दा-फ़्रान्स	relation	8649	boundary	administrative	2.5298853	48.6808390	8	0.674574300930221				Metropolitan France	France	fr	Ile-de-France, Metropolitan France, France	1.4462445	48.1201456	3.5592207	49.2414310	Q13917	fr:Île-de-France	
Aragon	Aragão,Aragoi,Aragón,Aragona,Aragonia,Aragonien,Aragono,אראגון,Арагон	node	1721119244	place	state	-0.7639373	41.3787290	8	0.674417500150735					Spain	es	Aragon, Spain	-0.7639373	41.3787290	-0.7639373	41.3787290	Q4040	en:Aragon	
Le Plessis-Bouchard		relation	142033	boundary	administrative	2.2323681	49.0030463	16	0.674155348810729		Le Plessis-Bouchard	Argenteuil	Metropolitan France	France	fr	Le Plessis-Bouchard, Argenteuil, Val-d'Oise, Ile-de-France, Metropolitan France, France	2.2171531	48.9942010	2.2506258	49.0118919	Q246516	fr:Le Plessis-Bouchard	
Bern	Berna	relation	1682378	boundary	administrative	7.4206928	46.9545459	16	0.674044354554373		Bern	Verwaltungskreis Bern-Mittelland	Bern	Switzerland	ch	Bern, Verwaltungskreis Bern-Mittelland, Verwaltungsregion Bern-Mittelland, Bern, Switzerland	7.2943145	46.9190326	7.4955563	46.9901526	Q70	de:Bern	
Palermo	Palerm	relation	39513	boundary	administrative	13.3107073	38.1372113	16	0.673936104560226		Palermo	Palermo	Sicily	Italy	it	Palermo, Palermo, Sicily, Italy	13.2422875	38.0498803	13.4520855	38.2245865	Q2656	it:Palermo	
Eritrea	ኤርትራ,エリトリア,에리트레아,އެރިތުރިއާ,ଇରିଟ୍ରିଆ,ประเทศเอริเทรีย,An Eiritré,Eartra,Elitré,Eratareya,Eritere,Eritereya,Eritre,Erítrea,Erîtrea,Eritréa,Éritréa,Eritrèa,Ẹritrẹ́à,Eritreä,Eritrëe,Eritreea,Eritreia,Eritreja,Eritrėja,Eritreo,Eritreya,Eritreýa,Eritriya,Erityrea,Erythraea,Érythrée,Erytrea,I-Eritrea,IRitheya,Iritriya,Lerüträn,اریتریا,اریتره,ኤርትራ إرتريا,إريتريا,ئېرىترېيە,אריתריאה,עריטרעא,Ερυθραία,Еритреја,Еритрея,Єрѷѳрїꙗ,Эритре,Эритрей,Эритрея,Эрытрэя,ཨི་རི་ཏྲའ།,Էրիթրեա,ერიტრეა,इरिट्रिया,इरित्रिया,इरीट्रिया,एरिट्रिया,ఎరిత్రియా,ਇਰੀਤਰੀਆ,ಎರಿಟ್ರಿಯ,எரித்திரியா,എരിട്രിയ,ইরিত্রিয়া,အီရီထရီးယားနိုင်ငံ,厄立特里亚	relation	296961	boundary	administrative	38.6311031	15.2129590	4	0.673051895660681					Eritrea	er	Eritrea	36.4333653	12.3548219	43.3001714	18.0709917	Q986	ar:إرتريا	
Bihar	비하르 주,ビハール,Бихар,Біхар,बिहार,ಬಿಹಾರ,பீகார்,比哈尔邦	relation	1958982	boundary	administrative	86.1186475	25.9007871	8	0.672563558486845				Bihar	India	in	Bihar, India	83.3158483	24.2868947	88.2919978	27.5216350	Q1165	en:Bihar	
São Paulo	ሳው ፓውሉ,ސައޮ ޕައުލޯ,상파울루,サンパウロ,เซาเปาลู,Sanctus Paulus,San Pablo,San Paolo,San Paulas,San Paulo,San-Paŭlo,Sanpaulu,San-Paulu,San Pauluw,San Pawlo,Sao Paulo,Sawo Pålo,SP,ساو باولو,ساؤ پالو,سائوپائولو,סאו פאולא,סאו פאולו,Σάο Πάολο,Сан Паулу,Сан-Паулу,Сан-Паўлу,Сао Паоло,Сао Пауло,Սան Պաուլո,სან-პაულუ,साओ पाउलो,साओ पाओलो,ਸਾਓ ਪਾਓਲੋ,சாவோ பாவுலோ,സാവോ പോളോ,সাঁউ পাউলু,圣保罗	relation	298204	boundary	administrative	-49.0780620	-22.6326761	8	0.672315051617224				Southeast Region	Brazil	br	São Paulo, Southeast Region, Brazil	-53.1090000	-25.4832679	-44.1610000	-19.7823273	Q175	pt:São Paulo	
Tallinn	Stadtgemeinde Reval,Таллин	relation	350902	boundary	administrative	24.7438692	59.4250353	16	0.671972222357502		Tallinn	Harju maakond		Estonia	ee	Tallinn, Harju maakond, Estonia	24.5501700	59.3518076	24.9262831	59.5915768	Q1770	et:Tallinn	
Tallinn	탈린,ታሊን,タリン,ทาลลินน์,Castrum Danorum,Taillinn,Talin,Talín,Talinas,Talini,Talino,Tallin,Tallina,Tallinna,تاللىن,تالین,تالين,ٹالن,טאלין,Ταλίν,Талин,Талін,Таллин,Та́ллин,Таллинн,Таллінн,ཏཱལ་་ལིན།,Տալլին,ტალინი,तालिन,ताल्लिन,ਤਾਲਿਨ,தாலின்,ടാലിൻ,তাল্লিন,塔林	relation	2164745	place	city	24.7438692	59.4250353	16	0.671972222357502		Tallinn	Harju maakond		Estonia	ee	Tallinn, Harju maakond, Estonia	24.5501700	59.3518076	24.9262831	59.5915768	Q1770	et:Tallinn	
Kent	Caint	relation	172385	boundary	administrative	0.7230028	51.1963669	12	0.671936033001775			Kent	England	United Kingdom	gb	Kent, South East, England, United Kingdom	0.0335249	50.9104763	1.4517689	51.4822724	Q23298	en:Kent	
Gujarat	グジャラート,كجرات,Гуджарат,गुजरात,ગુજરાત,ಗುಜರಾತ,குசராத்து,古吉拉特邦	relation	1949080	boundary	administrative	71.4986740	22.4134237	8	0.671588225312269				Gujarat	India	in	Gujarat, India	68.1113787	20.1220400	74.4790238	24.7056995	Q1061	en:Gujarat	
Lille	リール,Lilla,Rijsel,ليل,Лил,Лилль,Лілль	relation	58404	boundary	administrative	3.0550311	50.6311330	16	0.671287357940563		Lille	Lille	Metropolitan France	France	fr	Lille, Lille, Nord, Hauts-de-France, Metropolitan France, France	2.9679677	50.6008264	3.1257250	50.6612596	Q648	fr:Lille	
Macau	ماکائو,Макао,澳門,澳門 Macau	node	4642463209	place	city	113.5515428	22.1741907	16	0.671104355587062				Macau	China	cn	Macau, Macau, China	113.5515428	22.1741907	113.5515428	22.1741907	Q14773	en:Macau	
Macau	マカオ,Macao,Ma Cao,Makao,Makao / Aomeno,Makau,ماكاو,Макао,澳門,澳門 Macau,澳門特別行政區	relation	1867188	boundary	administrative	113.5887708	22.1480694	6	0.671104355587062				Macau	China	cn	Macau, China	113.5281666	22.0766666	113.6301388	22.2170360	Q14773	en:Macau	
Belize	ቤሊዘ,ቤሊዝ,벨리즈,ބެލީޒު,ベリーズ,ବେଲିଜ,เบลีซ,ເບຊີວ,បេលីហ្ស,an Bheilís,Beilise,Belice,Beliis,Beliise,Beliiz,Belis,Bélis,Belís,Belîs,Belisa,Belisän,Belise,Bẹ̀lísè,Beliz,Beliza,Belizas,Belîze,Beliże,Belizi,Belîzi,Belizo,Belizy,Berij,Bilisi,Commonwealth of Belize,iBhelizi,Mbelise,Pelise,Pelisi,Wilisi,yn Veleesh,بیلِج,بیلیز,بېلیز,بلیز,بليز,بېلىز,בליז,בעליז,Μπελίζ,Белиз,Бели́з,Белѝз,Белизе,Белі́з,བེ་ལི་ཛི།,བེ་ལིཛ།,Բելիզ,ბელიზი,बेलिज,बेलिझ,बेलीज,बेलीज़,બેલીઝ,బెలిజ్,ਬੇਲੀਜ਼,ಬೆಲೀಜ್,பெலீசு,ബെലീസ്,বেলিজ,ဘလိဇ်,බෙලීස්,伯利兹	relation	287827	boundary	administrative	-88.2452047	17.1823071	4	0.671070750969746					Belize	bz	Belize	-89.2262083	15.8857285	-87.3098494	18.4960009	Q242	en:Belize	
Cornwall	Cornouailles,Cornualles,Kernow,Корнуэлл,Корнўэл	relation	57537	boundary	administrative	-4.6246566	50.4433489	12	0.671055470580487			Cornwall	South West England	United Kingdom	gb	Cornwall, South West England, United Kingdom	-5.7471062	49.9554136	-4.1649444	50.9312729	Q23148	de:Cornwall	
Rajasthan	라자스탄 주,ラージャスターン,Раджастхан,राजस्थान,રાજસ્થાન,ರಾಜಸ್ಥಾನ,இராசத்தான்,拉贾斯坦邦	relation	1942920	boundary	administrative	73.8215864	26.6308168	8	0.670792101974678				Rajasthan	India	in	Rajasthan, India	69.4858870	23.0625934	78.2612007	30.1978004	Q1437	en:Rajasthan	
Valencia	Valence,València,Valensija,Valentia,Valentzia,Walencja,فالنسيا,Βαλενθια,Валенсија,Валенсия,Валенсія	relation	344953	boundary	administrative	-0.2997204	39.5576724	16	0.670629277265011		Valencia	Comarca de València	Valencian Community	Spain	es	Valencia, Comarca de València, Valencia, Valencian Community, Spain	-0.4325513	39.2784496	-0.2725205	39.5666202	Q8818	es:Valencia	
Nord-Pas-de-Calais	Nordo-Kaleza Markolo,Nòrd-Pas de Calais,Nord-Passo di Calais,Nord - Pasul Calais,Norte-Paso de Calais,Norte-Passo-de-Calais,Šiaurė-Pa de Kalė,Нор-Па-де-Кале,Нор-Па-дэ-Кале	relation	8648	boundary	administrative	2.4545149	50.5289690	30	0.670135321328152				Metropolitan France	France	fr	Nord-Pas-de-Calais, Hauts-de-France, Metropolitan France, France	1.5556237	49.9689245	4.2311934	51.0889910	Q16987	fr:Nord-Pas-de-Calais	
Nord-Pas-de-Calais	Nordo-Kaleza Markolo,Nord-Pas de Calais,Nòrd-Pas de Calais,Nord-Passo di Calais,Norte-Paso de Calais	node	4189298057	place	state	2.7937371	50.4806465	8	0.670135321328152				Metropolitan France	France	fr	Nord-Pas-de-Calais, Metropolitan France, France	2.7937371	50.4806465	2.7937371	50.4806465	Q16987	fr:Nord-Pas-de-Calais	
Burundi	Boerûndy,Burundo,Rundiyän,Бурунди,Бурунді,புருண்டி	relation	195269	boundary	administrative	29.9469428	-3.3896016	4	0.669647067893065					Burundi	bi	Burundi	29.0007400	-4.4693156	30.8498461	-2.3096796	Q967	en:Burundi	
Brittany	An Bhriotáin,Breizh,Bretagna,Bretagne,Bretainia,Bretaň,Bretaña,Bretanė,Bretanha,Bretania,Bretanya,Bretonio,Bretónsko,Britannia Minor,بريتاني,Бретань,Брэтань	relation	102740	boundary	administrative	-2.6841474	48.1628283	8	0.669509592991435				Metropolitan France	France	fr	Brittany, Metropolitan France, France	-5.1412766	47.2777958	-1.0156901	48.9086459	Q12130	fr:Région Bretagne	
Veneto	Benátsko,Benečija,VEN,Venetas,Venetia,Vénétie,Venetien,Véneto,Vèneto,Wenecja Euganejska,Венето	relation	43648	boundary	administrative	12.0971262	45.7365111	8	0.669123787753414				Veneto	Italy	it	Veneto, Italy	10.6231032	44.7924256	13.1021702	46.6806161	Q1243	it:Veneto	
Montevideo	Montevidéu,Монтевидео	relation	2929054	boundary	administrative	-56.2347341	-34.8199565	16	0.66901990065022		Montevideo		Montevideo	Uruguay	uy	Montevideo, Montevideo, Uruguay	-56.4313998	-34.9380560	-56.0225006	-34.7018527	Q1335	es:Montevideo	
Lower Saxony	Alsó-Szászország,Baixa Saxónia,Baixa Saxònia,Baja Sajonia,Basse-Saxe,Basse Saxonia,Dolna Saksonia,Dolné Sasko,Dolní Sasko,Dona-Saxän,Donja Saska,Infra-Saxonia,Lejassaksija,Malsupra Saksujo,Nedersaksen,Niedersachsen,Saxonia Inferior,Spodnja Saška,Žemutinė Saksonija,سكسونيا السفلى,Доња Саксонија,Нижня Саксонія,Нижняя Саксония,下萨克森	relation	62771	boundary	administrative	8.9668105	52.6603083	8	0.668941091119849				Lower Saxony	Germany	de	Lower Saxony, Germany	6.3460009	51.2924164	11.5981179	54.1387271	Q1197	de:Niedersachsen	
Autonomous City of Buenos Aires	CABA,Capital Federal,Ciudad Autónoma de Buenos Aires,בואנוס אירס,Буенос-Айрес,Буэнос-Айрес	relation	3082668	boundary	administrative	-58.4356235	-34.6161232	8	0.668795839383915				Autonomous City of Buenos Aires	Argentina	ar	Autonomous City of Buenos Aires, Argentina	-58.5314589	-34.7056370	-58.3351250	-34.5265535	Q1486	es:Buenos Aires	
Autonomous City of Buenos Aires	Bonaero,Buenos Aires,CABA,Capital Federal,Ciudad Autónoma de Buenos Aires,布宜诺斯艾利斯	relation	1224652	boundary	administrative	-58.4356235	-34.6161232	16	0.668795839383915		Autonomous City of Buenos Aires		Autonomous City of Buenos Aires	Argentina	ar	Autonomous City of Buenos Aires, Autonomous City of Buenos Aires, Argentina	-58.5314589	-34.7056370	-58.3351250	-34.5265535	Q1486	es:Buenos Aires	
Guam	グアム,Guamas,Gvamo,Гуам	relation	306001	boundary	administrative	144.7336264	13.4441380	8	0.66849486443435				Guam	United States of America	us	Guam, United States of America	144.5634260	13.1823349	145.0091669	13.7061790	Q16635	en:Guam	
Guam	Guamas	relation	1152532	place	island	144.7575510	13.4501257	17	0.66849486443435		Guam		Guam	United States of America	us	Guam, Guam, United States of America	144.6183206	13.2459914	144.9569582	13.6543810	Q16635	en:Guam	
City of Sarajevo	Grad Sarajevo,Stadt Sarajevo,Ville de Sarajevo,Град Сарајево,Сараево	relation	2567380	boundary	administrative	18.4312191	43.8928862	12	0.666549069595552			City of Sarajevo	Entity Federation of Bosnia and Herzegovina	Bosnia and Herzegovina	ba	City of Sarajevo, Sarajevo Canton, Entity Federation of Bosnia and Herzegovina, Bosnia and Herzegovina	18.2491498	43.8186882	18.5168708	43.9667730	Q11194	en:Sarajevo	
Gambia	감비아,ጋምቢያ,ガンビア,ގެމްބިއާ,ଗାମ୍ବିଆ,ประเทศแกมเบีย,A' Ghaimbia,Ang Gambiya,An Ghaimbia,Gambi,Gàmbi,Gámbia,Gàmbia,Gâmbia,Gambía,Gámbíà,Gambie,Gambië,Gambïi,Gambija,Gambio,Gambiya,Gambiýa,Gambiyän,Gambja,Gambya,Gammbi,Ganbi,Géémbiya,IGambia,IGambiya,Islamic Republic of The Gambia,Qambiya,The Gambia,Y Gambia,Yn Ghambia,ګامبيا,غامبيا,گامبیا,گامبىيە,گیمبیا,גמביה,די גאמביע,Γκάμπια,Гамби,Гамбија,Гамбия,Гамбія,གེམ་བྷི་ཡ།,གྷེམ་བི་ཡ,Գամբիա,გამბია,गाम्बिया,गांबिया,గాంబియా,ਗਾਂਬੀਆ,காம்பியா,ഗാംബിയ,গাম্বিয়া,ဂမ်ဘီယာနိုင်ငံ,冈比亚	relation	192774	boundary	administrative	-16.1187322	13.4429427	4	0.666346106078587					The Gambia	gm	Gambia	-17.0288254	13.0610000	-13.7977780	13.8253136	Q1005	en:The Gambia	
El Salvador	ኤል ሳልቫዶር,ଏଲ ସାଲଭାଡୋର,엘살바도르,エルサルバドル,އެލްސެލްވަޑޯރު,ประเทศเอลซัลวาดอร์,An tSalvadóir,El Salbhador,El Salfador,Él Salvador,Ersarbador,ISalivado,Lo Salvador,O Salvador - El Salvador,República de El Salvador,Salbadoor,Saluvadoro,Salvadò,Salvador,Salvádor,Salvadora,Salvadorän,Salvadoras,Salvadori,Salvadoria,Salvadoro,Salvatoria,Salwador,Salwadur,Yn Salvador,السالوادور,السلفادور,اېلسلوادور,ایل سیلواڈور,ئەل سالۋادور,אל סלוודור,על סאלוואדאר,Ελ Σαλβαδόρ,Ел Салвадор,Салвадор,Сальвадор,Эль-Сальвадор Республикасы,ཨིལ་སལ་ཝ་ཌོར།,Սալվադոր,სალვადორი,अल साल्वाडोर,एल साल्भादोर,एल-साल्वाडोर,एल साल्व्हाडोर,ਸਾਲਵਾਦੋਰ,ಎಲ್ ಸಾಲ್ವಡಾರ್,எல் சால்வடோர்,എൽ സാൽവദോർ,এল সালভাদোর,အယ်ဆာဗေဒိုနိုင်ငံ,එල් සැල්ව‍ඩෝ,萨尔瓦多	relation	1520612	boundary	administrative	-88.9414982	13.7132892	4	0.666270656829406					El Salvador	sv	El Salvador	-90.1790975	12.9760460	-87.6351395	14.4510488	Q792	en:El Salvador	
Réunion	리유니온,ሪዩኒየን,ރިޔޫނިއަން,เรอูนียง,ରିୟୁନିଅନ୍,ເຣອູນິຍົງ,រ៉េអ៊ុយ៉ុង,Amazinga ya Reyiniyo,Departement La Réunion,Enez ar Reunion,Illa de la Reunió,i-Réunion,Iye del Reyunion,Larenion,La Réunion,La Reunión,Lenyo,Leyunyoni,Liʻiunioni,Orílẹ́ède Riuniyan,Rawuniyan,Reinïon,Reinjona,Reiñõo,Rejunion,Reunião,Reunio,Reunion,Reünion,Reunión,Reunionas,Réunion nutome,Rewiñoo,Reyiniyo,Reyunion,Reyuniɔn,Reyuɲɔŋ,Riunione,Riyunioni,Riyunyun,رِیوٗنِیَن,ری یونین,رئونیون,ريونيون,ראוניון,Ρεϊνιόν,Реинион,Реюниън,Реюньйон,Реюньон,Ријунион,Руньён,རེ་ཡུ་ནི་ཡོན,Ռեյունյոն,რეიუნიონი,रियुनियन,रियूनियन,રીયુનિયન,రియూనియన్,ਰੇਊਨੀਓਂ,ರೀಯೂನಿಯನ್,ரீயூனியன்,റീയൂണിയൻ,রিইউনিয়ন,රීයුනියන්,レユニオン島,留尼汪	relation	77601	boundary	administrative	55.5364585	-21.1307185	12	0.666221405068676			Réunion	Réunion	France	fr	Réunion, Réunion, Réunion, France	55.2164267	-21.3897308	55.8366923	-20.8717137	Q17070	fr:La Réunion	
Réunion	리유니온,ሪዩኒየን,ރިޔޫނިއަން,เรอูนียง,ରିୟୁନିଅନ୍,ເຣອູນິຍົງ,រ៉េអ៊ុយ៉ុង,Amazinga ya Reyiniyo,Departement La Réunion,Enez ar Reunion,Illa de la Reunió,i-Réunion,Iye del Reyunion,Larenion,La Réunion,La Reunión,Lenyo,Leyunyoni,Liʻiunioni,Orílẹ́ède Riuniyan,Rawuniyan,Reinïon,Reinjona,Reiñõo,Rejunion,Reunião,Reunio,Reunion,Reünion,Reunión,Reunionas,Réunion nutome,Rewiñoo,Reyiniyo,Reyunion,Reyuniɔn,Reyuɲɔŋ,Riunione,Riyunioni,Riyunyun,رِیوٗنِیَن,ری یونین,رئونیون,ريونيون,ראוניון,Ρεϊνιόν,Реинион,Реюниън,Реюньйон,Реюньон,Ријунион,Руньён,རེ་ཡུ་ནི་ཡོན,Ռեյունյոն,რეიუნიონი,रियुनियन,रियूनियन,રીયુનિયન,రియూనియన్,ਰੇਊਨੀਓਂ,ರೀಯೂನಿಯನ್,ரீயூனியன்,റീയൂണിയൻ,রিইউনিয়ন,රීයුනියන්,レユニオン島,留尼汪	relation	1785276	boundary	administrative	55.5282571	-21.1320149	6	0.666221405068676				Réunion	France	fr	Réunion, France	55.0032807	-21.5904459	56.0507905	-20.6727640	Q17070	fr:La Réunion	
Réunion	리유니온,ሪዩኒየን,ރިޔޫނިއަން,เรอูนียง,ରିୟୁନିଅନ୍,ເຣອູນິຍົງ,រ៉េអ៊ុយ៉ុង,Amazinga ya Reyiniyo,Departement La Réunion,Enez ar Reunion,Illa de la Reunió,i-Réunion,Iye del Reyunion,Larenion,La Réunion,La Reunión,Lenyo,Leyunyoni,Liʻiunioni,Orílẹ́ède Riuniyan,Rawuniyan,Région de La Réunion,Reinïon,Reinjona,Reiñõo,Rejunion,Reunião,Reunio,Reunion,Reünion,Reunión,Reunionas,Réunion nutome,Rewiñoo,Reyiniyo,Reyunion,Reyuniɔn,Reyuɲɔŋ,Riunione,Riyunioni,Riyunyun,رِیوٗنِیَن,ری یونین,رئونیون,ريونيون,ראוניון,Ρεϊνιόν,Реинион,Реюниън,Реюньйон,Реюньон,Ријунион,Руньён,རེ་ཡུ་ནི་ཡོན,Ռեյունյոն,რეიუნიონი,रियुनियन,रियूनियन,રીયુનિયન,రియూనియన్,ਰੇਊਨੀਓਂ,ರೀಯೂನಿಯನ್,ரீயூனியன்,റീയൂണിയൻ,রিইউনিয়ন,රීයුනියන්,レユニオン島,留尼汪	relation	2470060	boundary	administrative	55.5364585	-21.1307185	8	0.666221405068676				Réunion	France	fr	Réunion, Réunion, France	55.2164267	-21.3897308	55.8366923	-20.8717137	Q17070	fr:La Réunion	
Maldives	몰디브,ማልዲቭስ,モルディブ,ມັນດິຟ,ދިވެހިރާއްޖެ,ମାଳଦ୍ବୀପ,ម៉ាល់ឌីវ,ประเทศมัลดีฟส์,Bizinga by'eMalidive,de Maldiven,i-Maldives,Insulae Maldivae,Maaldiqeen,Madívɛ,Maladewa,Malativisi,Maldibi,Maldiivid,Maldiiwe,Maldiv,Maldîv,Maldiva,Maldîva,Maldivak,Maldivane,Maldivas,Maldive,Maldivene,Maldiverna,Maldiverne,Maldivesa,maldivesdukɔ,Maldíveyjar,Maldivez,Maldivi,Maldīvija,Maldivit,Maldivler,Maldivoj,Maldív-szigetek,Maldivuäns,Maldivuoyggjarnar,Maldyvai,Malediivit,Malediivvat,Malediven,Maledivy,Malediwy,Modivu,Moludave,Na h-Eileanan Mhaladaibh,Ny Maldeevaghyn,Oileáin Mhaildíve,Orílẹ́ède Maladifi,مالدیو,مالدیٖو,ملديف,מלדיבים,Μαλδίβες,Малдиви,Мальдзівы,Мальдив,Мальдивлар,Мальдивы,Мальдіви,མལ་དྭིབ།,མཱལ་དིབས,Մալդիվներ,მალდივის კუნძულები,मालदीव,मालदीव्ज,माल्दिभ्स,માલદિવ્સ,మాల్దీవులు,ಮಾಲ್ಡಿವ್ಸ್,மாலத்தீவு,മാലിദ്വീപ്,মালদ্বীপ,မော်လဒိုက်,මාල දිවයින,马尔代夫	relation	536773	boundary	administrative	73.2476579	3.2817144	4	0.66601085724912					Maldives	mv	Maldives	72.3554186	-0.9074935	73.9700961	7.3106246	Q826	en:Maldives	
Yokohama	Jokohamo,Йокогама,横浜市	relation	2689482	place	city	139.6076021	35.4527840	16	0.665882230080621		Yokohama		Kanagawa	Japan	jp	Yokohama, Kanagawa, Japan	139.4647810	35.3125010	139.7769348	35.5927382	Q38283	ja:横浜市	
Belfast	벨파스트,ベルファスト,Béal Feirste,Beeal Feirshtey,Belfastas,Belfasto,Belfastum,Belffast,بلفاست,בלפסט,Μπέλφαστ,Белфаст,贝尔法斯特	node	1418701024	place	city	-5.9300992	54.5969868	16	0.665796341497846				Northern Ireland	United Kingdom	gb	Belfast, Northern Ireland, United Kingdom	-5.9300992	54.5969868	-5.9300992	54.5969868	Q10686	en:Belfast	
Kharkiv	Charkovas,Charków,Ĥarkivo,Харків,Харьков	relation	3154746	place	city	36.2722660	49.9914254	16	0.665644115037534		Kharkiv	Kharkiv city rada	Kharkiv Oblast	Ukraine	ua	Kharkiv, Kharkiv city rada, Kharkiv Oblast, Ukraine	36.1056163	49.8782819	36.4560593	50.1044255	Q42308	uk:Харків	
Manila		relation	103703	boundary	administrative	120.9836586	14.5978724	12	0.665554603677903			Manila	Metro Manila	Philippines	ph	Manila, Metro Manila, Philippines	120.9416919	14.5569999	121.0261672	14.6390027	Q1461	en:Manila	
Assam	アッサム,Ассам,असम,ಅಸಂ,அசாம்,অসম,阿萨姆邦	relation	2025886	boundary	administrative	90.7527620	26.0542082	8	0.665478258999191				Assam	India	in	Assam, India	89.6973797	24.1348048	96.0116583	27.9771932	Q1164	en:Assam	
Grenoble	Cularone,Grenobel,Grenoblis,Гренобл,Гренобль	relation	80348	boundary	administrative	5.7244234	45.1840695	16	0.665288681881421		Grenoble	Grenoble	Auvergne-Rhône-Alpes	France	fr	Grenoble, Grenoble, Isère, Auvergne-Rhône-Alpes, France	5.6776059	45.1541442	5.7531175	45.2140761	Q1289	fr:Grenoble	
Atlantic Ocean	Atlanten,Atlanterhavet,Atlantický oceán,Atlantika Oceano,Atlantin valtameri,Atlanti-óceán,Atlantische Oceaan,Atlantischer Ozean,Atlantshaf,Atlantshavið,Atlantski ocean,Atlantský oceán,Atlas Okyanusu,Đại Tây Dương,Karagatang Atlantiko,Latlantean,Lautan Atlantik,Océan Atlantique,Ocean Atlantycki,Oceano Atlantic,Oceano Atlantico,Océano Atlántico,Oceano Atlântico,Oceano Atlantiko,Okyanûsa Atlantîk,Ranomasimbe Atlantika,اقیانوس اطلس,المحيط الأطلسي,Ατλαντικός Ωκεανός,Атлантический океан,Атлантичний океан,Атлантычны акіян,大西洋	node	305640306	place	ocean	-38.3203120	13.5819209	2	0.66523537087162							Atlantic Ocean	-38.3203120	13.5819209	-38.3203120	13.5819209	Q97	en:Atlantic Ocean	
Łódź	Lodz,Lodž,Lodzo,Лодзь	relation	1582777	boundary	administrative	19.4783822	51.7730575	16	0.664753656857548		Łódź	Łódź	Łódź Voivodeship	Poland	pl	Łódź, Łódź, Łódź, Łódź Voivodeship, Poland	19.3208635	51.6861438	19.6399426	51.8598251	Q580	pl:Łódź	
Łódź	Lodz,Лодзь	relation	2907537	boundary	administrative	19.4783822	51.7730575	14	0.664753656857548			Łódź	Łódź Voivodeship	Poland	pl	Łódź, Łódź, Łódź Voivodeship, Poland	19.3208635	51.6861438	19.6399426	51.8598251	Q580	pl:Łódź	
Łódź	Lodz,Лодзь	relation	2413295	boundary	administrative	19.4783822	51.7730575	12	0.664753656857548			Łódź	Łódź Voivodeship	Poland	pl	Łódź, Łódź Voivodeship, Poland	19.3208635	51.6861438	19.6399426	51.8598251	Q580	pl:Łódź	
Rouen	루앙,ሩዋን,ルーアン,รูอ็อง,Roan,Roeaan,Rotomagus,Rouan,Ruan,Ruán,Ruāna,Ruanas,Ruão,Rúðuborg,Rueno,روان,רואן,Ρουέν,Руан,Ռուան,რუანი,रुआं,रोआँ,鲁昂	relation	75628	boundary	administrative	1.0852295	49.4411823	16	0.66465958746241		Rouen	Rouen	Metropolitan France	France	fr	Rouen, Rouen, Seine-Maritime, Normandy, Metropolitan France, France	1.0300648	49.4172001	1.1521157	49.4652606	Q30974	fr:Rouen	
Mayre Blanc		way	58828165	waterway	drain	4.7931165	44.0950064	30	0.664602409517392		Orange	Carpentras	Metropolitan France	France	fr	Mayre Blanc, Orange, Carpentras, Vaucluse, Provence-Alpes-Côte d'Azur, Metropolitan France, France	4.7867454	44.0901735	4.7973370	44.1024631		fr:Blanc	1861, 2381, 2307, 2135, 2527, 253, 282, ?, 3344, 1861, 1861, 1861, 1861, 1861, 3344, 282
Martinique		relation	1260552	boundary	administrative	-61.0157356	14.6368275	12	0.664261697305616			Martinique	Martinique	France	fr	Martinique, Martinique, Martinique, France	-61.2290815	14.3887031	-60.8095833	14.8787029	Q17054	fr:Martinique	
Martinique	말티니크,ማርቲኒክ,ມາຕິນິກ,マルティニーク,ម៉ាទីនីក,มาร์ตินีก,ମାର୍ଟିନିକ୍ୟୁ,i-Martinique,Mairtinic,Maritiniiki,Maritiniki,Martainíc,Martinica,Martinik,Martinika,Martiniki,Märtïnîki,Martiniki nutome,Martiniko,Martiniqu,Martinyk,Martynika,Mateniki,Matinik,Orílẹ́ède Matinikuwi,مارتینیک,مارتينيك,مارٹِنِک,مارٹینک,מרטיניק,Μαρτινίκα,Мартиник,Мартиника,Мартиніка,Марцініка,མཱར་ཊི་ནིཀ,მარტინიკი,मार्टिनिक,मार्टीनिक,માર્ટીનીક,మార్టినిక్,ಮಾರ್ಟಿನಿಕ್,மார்டினிக்,മാർട്ടീനിക്,মার্টিনিক,මර්ටිනික්,馬提尼克	relation	1891495	boundary	administrative	-61.0080253	14.6521736	6	0.664261697305616				Martinique	France	fr	Martinique, France	-61.4355044	14.2217382	-60.6022811	15.0795095	Q17054	fr:Martinique	
Martinique	Martinica,Martinik,Martinika,Martiniko,Мартиник,Мартиника,Мартиніка,Марцініка	relation	7112170	place	island	-61.0157356	14.6368275	17	0.664261697305616		Martinique	Martinique	Martinique	France	fr	Martinique, Martinique, Martinique, Martinique, France	-61.2290815	14.3948595	-60.8095833	14.8787029	Q17054	fr:Martinique	
Martinique	Martinica,Martinik,Martinika,Martiniko,Région de la Martinique,Мартиник,Мартиника,Мартиніка,Марцініка	relation	2473088	boundary	administrative	-61.0157356	14.6368275	8	0.664261697305616				Martinique	France	fr	Martinique, Martinique, France	-61.2290815	14.3887031	-60.8095833	14.8787029	Q17054	fr:Martinique	
Campania	CAM,Campània,Campanie,Kampania,Kampánia,Kampánie,Kampanien,Kampanija,Кампания	relation	40218	boundary	administrative	14.9143937	40.7493905	8	0.664082213468919				Campania	Italy	it	Campania, Italy	13.7623799	39.9905565	15.8064468	41.5083526	Q1438	it:Campania	
Delaware	델라웨어,รัฐเดลาแวร์,Delauaare,Delaveras,Delawè,Déláwee Hahoodzo,دلاویر,ديلاوير,ڈیلاویئر,דלאוור,דעלעווער,Делавар,Делавер,Делавэр,Делауеър,Դելավեր,დელავერი,डेलावर,डेलावेर,டெலவெயர்,ഡെലവെയര്‍,ডেলাওয়্যার,デラウェア州,特拉华州	relation	162110	boundary	administrative	-75.4957801	39.1498760	8	0.664038115739767				Delaware	United States of America	us	Delaware, United States of America	-75.7890404	38.4511276	-74.9849356	39.8394337	Q1393	en:Delaware	
Goa	ゴア,Гоа,Ґоа,गोआ,गोवा,ಗೋವಾ,கோவா,果阿邦	relation	1997192	boundary	administrative	73.8900074	15.2695999	8	0.663503250585621				Goa	India	in	Goa, India	73.3287099	14.7531188	74.3379234	15.7974575	Q1171	en:Goa	
Bremen	Brēmene,Brémy,بريمن,Бремен	relation	62559	boundary	administrative	8.8068066	53.1201578	12	0.663036457777998			Bremen	Bremen	Germany	de	Bremen, Bremen, Germany	8.4815929	53.0110366	8.9907317	53.5984187	Q24879	de:Bremen	
Den Haag	's-Gravenhage	relation	192737	boundary	administrative	4.2696801	52.0749455	20	0.66275343246265		Den Haag	Metropoolregio Rotterdam Den Haag	Netherlands	The Netherlands	nl	Den Haag, Den Haag, Metropoolregio Rotterdam Den Haag, South Holland, Netherlands	4.1849984	52.0148483	4.4224896	52.1350361	Q36600	nl:Den Haag	
Den Haag	A Haia,De Haach,Haga,La Haia,'s-Gravenhage,Гаага	relation	192736	boundary	administrative	4.2696801	52.0749455	16	0.66275343246265		Den Haag	Metropoolregio Rotterdam Den Haag	Netherlands	The Netherlands	nl	Den Haag, Metropoolregio Rotterdam Den Haag, South Holland, Netherlands	4.1849984	52.0148483	4.4224896	52.1350361	Q36600	nl:Den Haag	
Djibouti	ጂቡቲ,ጅቡቲ,ジブチ,지부티,ޖިބުތީ,ଡିଜିବୋଇଟି,ประเทศจิบูตี,Chibuti,Cibutän,Cibuti,Cîbûtî,Dibutùii,Diobúití,Diobùtaidh,Djiboeti,Djibouti جيبوتي,Djibuti,Djíbútí,Djìbútì,Dschibuti,Džibuti,Dżibuti,Džibutija,Džibutis,Džibutsko,Dzjibûty,Dzsibuti,Gibuti,Ġibuti,Ĝibutio,Gibutum,Hiboti,IJibhuthi,IJibuthi,Jabuuti,Jiboti,Jibotia,Jibótii,Jibouti,Jibuti,Jibuutii,Xhibuti,Xibutí,Yibuti,Yiwuti,جیبوتی,جبوتی,جېبوتي,جىبۇتى,جيبوتي,ג'יבוטי,דזשיבוטי,Τζιμπουτί,Джибути,Джибуті,Джыбуці,Җибути,Ҷибути,Џибути,ཇི་བའོ་ཊི།,Ջիբութի,ჯიბუტი,जिबुटी,जिबूटी,जिबूती,జిబౌటి,ਜਿਬੂਤੀ,சீபூத்தீ,ജിബൂട്ടി,জিবুতি,ဂျီဘူတီနိုင်ငံ,吉布提	relation	192801	boundary	administrative	42.7577845	11.8567754	4	0.662743055215712					Djibouti	dj	Djibouti	41.7713138	10.9149547	43.6579046	12.7923080	Q977	ar:جيبوتي	
Verona	Werona	relation	44830	boundary	administrative	10.9815027	45.4456576	16	0.662736136159715		Verona	Verona	Veneto	Italy	it	Verona, Verona, Veneto, Italy	10.8771033	45.3494402	11.1238999	45.5418375	Q2028	it:Verona	
Rua Urano		way	38738602	highway	residential	-46.6350515	-23.5694291	22	0.662465735169589	Rua Urano	São Paulo	Microrregião de São Paulo	Southeast Region	Brazil	br	Rua Urano, Liberdade, São Paulo, Microrregião de São Paulo, Região Metropolitana de São Paulo, Mesorregião Metropolitana de São Paulo, São Paulo, Southeast Region, Brazil	-46.6367915	-23.5707211	-46.6333427	-23.5682434		pt:Urano (planeta)	
Tasmania	タスマニア,Tasmaneän,Tasmanië,Tasmanien,Tasmanija,Tasmanio,Тасмания,塔斯马尼亚州	relation	2369652	boundary	administrative	146.6002610	-41.6288754	8	0.662406656769219				Tasmania	Australia	au	Tasmania, Australia	143.5544814	-55.3228176	159.3402696	-39.1982040	Q34366	en:Tasmania	
Tasmania	Tasmanien	relation	4097659	place	island	146.6724415	-42.1423597	17	0.662406656769219		Tasmania		Tasmania	Australia	au	Tasmania, Tasmania, Australia	144.6073399	-43.6431900	148.3591166	-40.6414860	Q3593416	en:Tasmania	
Calabria	CAL,Calabre,Calábria,Calàbria,Kalabria,Kalábria,Kalábrie,Kalabrien,Kalabrija,Kalabrio,كالابريا,Калабрия	relation	1783980	boundary	administrative	16.6447140	39.0303507	8	0.662061575030533				Calabria	Italy	it	Calabria, Italy	15.6291609	37.9157947	17.2064253	40.1449241	Q1458	it:Calabria	
Baltimore	Baltimorė,Балтимор	relation	133345	place	city	-76.6204747	39.2847493	16	0.661998641852822		Baltimore		Maryland	United States of America	us	Baltimore, Maryland, United States of America	-76.7112977	39.1972328	-76.5296757	39.3719713	Q5092	en:Baltimore	
Salzburg	Salcburgo,Salisburgo,زالتسبورغ	relation	86538	boundary	administrative	13.0579549	47.8028273	12	0.661552928602818			Salzburg	Salzburg	Austria	at	Salzburg, Salzburg, Austria	12.9856478	47.7512115	13.1272842	47.8543925	Q34713	de:Salzburg	
Metz	メス,메스,መትዝ,แม็ส,Meca,Mecas,Mettis,Mety,Métz,Mètz,متز,میتز,מעץ,מץ,Μετς,Мец,མེ་ཊི་ཛི།,Մեց,მეცი,मेस,மெட்சு,梅斯	relation	450381	boundary	administrative	6.2044925	49.1045027	16	0.661524752844311		Metz	Metz	Metropolitan France	France	fr	Metz, Metz, Moselle, Grand Est, Metropolitan France, France	6.1360042	49.0608244	6.2564510	49.1487954	Q22690	fr:Metz	
Seychelles	세이셸,ሲሸልስ,セーシェル,ସେସେଲଜ,ތޭންގަދީބު,ประเทศเซเชลส์,Insulae Seisellenses,ISeyishelesi,IsiSeyisheli,Na h-Eileanan Sheiseall,Na Séiséil,Ny h-Ellanyn Heshell,Säceluäns,Sechèl,Sechelez,Seichèlas,Ṣèíhẹ́lẹ́sì,Seišelas,Seišeliai,Seišellid,Seishel,Seixeles - Seychelles,Sejšeli,Sejŝeloj,Sejshellet,Sesel,Seshel,Seszele,Seycheli,Seychell,Seychéll,Seychellane,Seychellas,Seychelle,Seychelleak,Seychellen,Seychellene,Seychellerna,Seychellerne,Seychelles-eyjar,Seychelle-szigetek,Seychellit,Seychellsullot,Seychellys,Seychely,Seyishele,Seysel,Seyşel,Seyşel adaları,Seýşel Adalary,Seyşeller,Seyshel,Sëyshêle,Seyshelles,Seyshell orollari,Seyshels,Seysjellen,Seyskelloyggjar,Shelisheli,Sichillakuna,سیچیلیس,سیشل,سېيشېل ئاراللىرى,سيشيل,סיישל,Σεϋχέλλες,Сейшелан гlайреш,Сейшели,Сейшелтæ,Сейшел утравĕсем,Сейшел утраулары,Сейшелы,Сейшель Аралдары,Сейшельські Острови,Сейшэльскія Астравы,Сејшели,Ҷазираҳои Сейшел,སེ་ཞེལ།,სეიშელის კუნძულები,सेशेल,सेशेल्स,ਸੇਸ਼ੈਲ,ಸೆಶೆಲ್ಸ್,சீசெல்சு,സെയ്‌ഷെൽസ്,সেশেল,ဆေးရှဲနိုင်ငံ,塞舌尔	relation	536765	boundary	administrative	55.5890991	-4.2987937	4	0.661461314112803					Seychelles	sc	Seychelles	45.9988759	-10.4649258	56.4979395	-3.5120000	Q1042	en:Seychelles	
Saitama	Prefektura Saitama,Префектура Сайтама,Сайтама,埼玉県	relation	1768185	boundary	administrative	139.2814637	36.0183922	8	0.661277709162827				Saitama	Japan	jp	Saitama, Japan	138.7113579	35.7533840	139.9003330	36.2834119	Q128186	ja:埼玉県	
Trieste	Comune di Trieste,Triest,Trst	relation	179180	boundary	administrative	13.8003938	45.6766646	16	0.661238805215977		Trieste	UTI Giuliana / Julijska MTU	Friuli Venezia Giulia	Italy	it	Trieste, UTI Giuliana / Julijska MTU, Trieste, Friuli Venezia Giulia, Italy	13.6683192	45.6067952	13.8983085	45.7466197	Q546	it:Trieste	
Papua New Guinea	ፓፑዋ ኒው ጊኒ,파푸아 뉴기니,ޕަޕުއާ ނިއު ގިނީ,パプアニューギニア,ประเทศปาปัวนิวกินี,Gini Nuadh Phaputhach,Nua-Ghuine Phapua,Páápowa Bigíní Ániidí,Paapua Uus-Guinea,Papoa-Nòva Guinèa,Papoea-Nieu-Guinee,Papoea-Nieuw-Guinea,Papoea Nij-Guineä,Papoea-Nui-Guinea,Papooey Guinea Noa,Papoua Ginea-Nevez,Papouasie-Nouvelle-Guinée,Papua,Papua Bagong Ginea,Papua Ginea Berria,Papua Gîneya Nû,Papua Guinea e Re,Papua Guinea Mpya,Papua Guinea Newydd,Papua Guinea Titun,Papua-Jaungvineja,Papua Naujoji Gvinėja,Papua-Neiguinea,Papua-Neuguinea,Papua Niugini,Papua Noua Guinee,Papua-Nova Guiné,Papua Nova Guinea,Papua-Nova-Guinea,Papúa Nova Guinea,Papua Nová Guinea,Papua-Nová Guinea,Papua Nova Gvineja,Papua Nove Guinea,Papua-Nowa Gwinea,Papua-Nueva Guinea,Papua Nugini,Papua Nūkini,Papua Nuova Guinea,Papua Nya Guinea,Papua Ny Guinea,Papua Ny-Guinea,Papua Nýguinea,Papúa Nýja-Gínea,Papua-Ođđa-Guinea,Pápua Új-Guinea,Papua-Uusi-Guinea,Papua Yangi Gvineya,Papua Yeni Gine,Papua-Yeni Qvineya,Papua y Nueva Guinea,Papû Finî Ginëe,Papuo-Nov-Gvineo,Papuveän Nula-Gineyän,Papuwaasi-Gine-Gu-Bees,Papuwa Nuveli Gineya,Papwa Gwinea l-Ġdida,Papwa Ñukini,Papwazi-Nouvèl-Gine,بابوا غينيا الجديدة,پاپوآ گینه نو,پاپوا نیو گنی,پاپۇئا يېڭى گۋىنېيە,פפואה גינאה החדשה,Παπούα Νέα Γουινέα,Папоуа · Нова Гвинєꙗ,Папуæ — Ног Гвиней,Папуа Жаңа Гвинея,Папуа-Жаӊы-Гвинея.,Папуа — Керла Гвине,Папуа Нова Гвинеја,Папуа Нова Гвинея,Папуа Нова Гвінея,Папуа - Новая Гвинея,Папуа — Новая Гвінея,Папуа — Яңа Гвинея,Папуа — Яңы Гвинея,པ་པུ་འ་ནིའུ་གི་ནེ།,Պապուա Նոր Գվինեա,პაპუა-ახალი გვინეა,पपुवा न्यू गिनी,पापुआ न्यू गिनी,ਪਾਪੂਆ ਨਿਊ ਗਿਨੀ,ಪಾಪುಅ ನ್ಯೂ ಗಿನಿ,பப்புவா நியூ கினி,പാപുവ ന്യൂ ഗിനിയ,পাপুয়া নিউ গিনি,ပါပူအာနယူးဂီနီနိုင်ငံ,巴布亚新几内亚	relation	307866	boundary	administrative	146.0512418	-6.2100411	4	0.661015556285561					Papua New Guinea	pg	Papua New Guinea	140.8416553	-11.8555739	159.6927240	-0.5573576	Q691	en:Papua New Guinea	
Cambridge		relation	295355	boundary	administrative	0.1391746	52.1975975	16	0.660948081253449		Cambridge	Cambridgeshire	England	United Kingdom	gb	Cambridge, Cambridgeshire, East of England, England, United Kingdom	0.0686389	52.1579417	0.1845519	52.2372295	Q350	en:Cambridge	
Mainz	Mayence,Майнц	relation	62630	place	city	8.2576944	49.9654111	16	0.660830726328816		Mainz		Rhineland-Palatinate	Germany	de	Mainz, Rhineland-Palatinate, Germany	8.1428311	49.8955342	8.3422611	50.0353045	Q1720	de:Mainz	
Anos		relation	2805108	boundary	administrative	-0.2899925	43.3991141	16	0.660677500806008		Anos	Pau	New Aquitaine	France	fr	Anos, Pau, Pyrénées-Atlantiques, New Aquitaine, France	-0.2969725	43.3884428	-0.2824123	43.4100641	Q928406	fr:Anos	
Swaziland	스와질란드,ስዋዚላንድ,スワジランド,ސުވާޒިލޭންޑު,ସ୍ଵାଜିଲ୍ୟାଣ୍ଡ,ประเทศสวาซิแลนด์,An tSuasalainn,Dùthaich nan Suasaidh,eSwatini,eSwatini Swaziland,Gwlad Swazi,ISwazilandi,Pow Swati,Suacilandia - Swaziland,Suasïsuiu,Suazi,Suazilandia,Suazilândia,Suazilendi,Suwaasilaand,Suwasilandya,Svaasimaa,Svasiland,Svasíland,Svasiyän,Svazi,Svazieana,Svazijsko,Svaziland,Svazilandas,Svazilando,Svazilend,Svazilenda,Swáazi Dineʼé Bikéyah,Swasiland,Swásílándì,Swasisuyu,Swati,Swazia,Swazilân,Sważiland,Swazilande,Swäzïlânde,Swazilandia,Swazilàndia,Swazilando,Swazilann,Swazilend,Swazimaa,Swazini,Szváziföld,Uswazi,Yn Çheer Swassee,سۋازىلېند,سوازیلند,سوازی لینڈ,سوازيلانډ,سوازيلاند,סוואזילאנד,סווזילנד,Σουαζιλάνδη,Свазиланд,Свазиленд,Свазіленд,Суазиланд,སུ་ཝ་ཛི་ལནཌ།,Սվազիլենդ,სვაზილენდი,स्वाज़ीलैण्ड,स्वाजीलैंड,स्वाझीलँड,સ્વાઝીલેન્ડ,ਸਵਾਜ਼ੀਲੈਂਡ,ಸ್ವಾಜಿಲ್ಯಾಂಡ್,சுவாசிலாந்து,സ്വാസിലാന്റ്,সোয়াজিল্যান্ড,ဆွာဇီလန်နိုင်ငံ,斯威士兰/斯威士蘭/史瓦濟蘭	relation	88210	boundary	administrative	31.4641764	-26.5158740	4	0.66062396764926					Swaziland	sz	Swaziland	30.7908000	-27.3175201	32.1349923	-25.7187601	Q1050	en:Swaziland	
Xinjiang	Shinjang;Sincan,Sincan Uygur Özerk Bölgesi,Sindziangas,Ŝinĝjango,Sinquião,Sin-ťiang,Tân Cương,شىنجاڭ ئۇيغۇر ئاپتونوم رايونى,Синьцзян-Уйгурский автономный район,ཤིན་ཅང་ཡུ་གུར་རང་སྐྱོང་ལྗོངས།,新疆维吾尔自治区,新疆ウイグル自治区	relation	153310	boundary	administrative	87.1685009	41.7564676	8	0.660577537687477				Xinjiang	China	cn	Xinjiang, China	73.4997347	34.3343645	96.3820265	49.1787290	Q34800	zh:新疆维吾尔自治区	
Saskatchewan	서스캐처원 주,ሰስካቸወን,รัฐซัสแคตเชวัน,Sascatchewane,Saskaçevan,Saskačevana,Saskačevanas,Saskaĉevano,Saskachevan,Saskachéwan,Saskatchewani provints,Saskatchewan pruwinsya,ساسكاتشوان,ساسکاچوان,ساسکچیوان,סאסקאטשעווען,ססקצ'ואן,Σασκάτσουαν,Саскачеван,Саскачэван,Սասկաչևան,სასკაჩევანი,सास्काचेवान,सैस्कैचेवेन,ਸਸਕਾਚਵਾਨ,சஸ்காச்சுவான்,サスカチュワン州,薩斯喀徹溫省	relation	391178	boundary	administrative	-105.9266117	54.4755092	8	0.660541800465908				Saskatchewan	Canada	ca	Saskatchewan, Canada	-110.0063653	48.9988056	-101.3619076	59.9998200	Q1989	en:Saskatchewan	
Evansville	Evansvilis,Эвансвилл	relation	127319	place	city	-87.5342857	37.9960145	16	0.66016900109608		Evansville			United States of America	us	Evansville, United States of America	-87.6375481	37.9355880	-87.4498760	38.0568900	Q486459	en:Evansville, Indiana	
Guadeloupe	과들루프,ጉዋደሉፕ,グアドループ,ଗୌଡେଲୌପେ,ກວດເດລູບ,กวาเดอลูป,ហ្គោដឺឡុប,Gadelope,Goadelopy,Guadalúip,Guadalup,Guadalupa,Guadalupe,Guadelûp,Guadelupa,Guadelupe,Guadelûpu,Guwadelup,Gvadalupa,Gvadelupa,Gvadelupe,Gvadelúpeyjar,Gvadelupo,Gwaadalup,Gwadaluf,Gwadalupe,Gwadeloup,Gwadelup,Gwadelupa,Gwadelupe,Gwadɛlupɛ,i-Guadeloupe,Kuatalupe,Qvadelupa,Région de la Guadeloupe,غوادلوب,گوادلوپ,گواڈیلوپ,گَواڑیلوپ,גוואדלופ,Γουαδελούπη,Гвадалупа,Гвадалупе,Гваделупа,Гвадэлупа,Гуаделупе,གོ་ཌེ་ལུ་པེ,გვადელუპე,ग्वाडेलुप,ग्वाडेलोउपे,ग्वाडेलोप,ગ્વાડેલોપ,గ్వాడేలోప్,ಗುಡೆಲೋಪ್,க்வாதேலோப்,ഗുവാഡെലോപ്,গুয়াদেলৌপ,ග්වෝඩලෝප්,瓜德罗普	relation	1401835	boundary	administrative	-61.4281099	16.1791816	6	0.660100669272447				Guadeloupe	France	fr	Guadeloupe, France	-62.0180391	15.6444109	-60.7919656	16.7139999	Q17012	fr:Guadeloupe	
Guadeloupe	과들루프,ጉዋደሉፕ,グアドループ,ଗୌଡେଲୌପେ,ກວດເດລູບ,กวาเดอลูป,ហ្គោដឺឡុប,Gadelope,Goadelopy,Guadalúip,Guadalup,Guadalupa,Guadalupe,Guadelûp,Guadelupa,Guadelupe,Guadelûpu,Guwadelup,Gvadalupa,Gvadelupa,Gvadelupe,Gvadelúpeyjar,Gvadelupo,Gwaadalup,Gwadaluf,Gwadalupe,Gwadeloup,Gwadelup,Gwadelupa,Gwadelupe,Gwadɛlupɛ,i-Guadeloupe,Kuatalupe,Qvadelupa,Région de la Guadeloupe,غوادلوب,گوادلوپ,گواڈیلوپ,گَواڑیلوپ,גוואדלופ,Γουαδελούπη,Гвадалупа,Гвадалупе,Гваделупа,Гвадэлупа,Гуаделупе,གོ་ཌེ་ལུ་པེ,გვადელუპე,ग्वाडेलुप,ग्वाडेलोउपे,ग्वाडेलोप,ગ્વાડેલોપ,గ్వాడేలోప్,ಗುಡೆಲೋಪ್,க்வாதேலோப்,ഗുവാഡെലോപ്,গুয়াদেলৌপ,ග්වෝඩලෝප්,瓜德罗普	relation	2562137	boundary	administrative	-61.6871266	16.2304905	8	0.660100669272447				Guadeloupe	France	fr	Guadeloupe, Guadeloupe, France	-61.8097640	15.8320085	-61.0003663	16.5144664	Q17012	fr:Guadeloupe	
Guadeloupe	과들루프,ጉዋደሉፕ,グアドループ,ଗୌଡେଲୌପେ,ກວດເດລູບ,กวาเดอลูป,ហ្គោដឺឡុប,Département de la Guadeloupe,Gadelope,Goadelopy,Guadalúip,Guadalup,Guadalupa,Guadalupe,Guadelûp,Guadelupa,Guadelupe,Guadelûpu,Guwadelup,Gvadalupa,Gvadelupa,Gvadelupe,Gvadelúpeyjar,Gvadelupo,Gwaadalup,Gwadaluf,Gwadalupe,Gwadeloup,Gwadelup,Gwadelupa,Gwadelupe,Gwadɛlupɛ,i-Guadeloupe,Kuatalupe,Qvadelupa,غوادلوب,گوادلوپ,گواڈیلوپ,گَواڑیلوپ,גוואדלופ,Γουαδελούπη,Гвадалупа,Гвадалупе,Гваделупа,Гвадэлупа,Гуаделупе,གོ་ཌེ་ལུ་པེ,გვადელუპე,ग्वाडेलुप,ग्वाडेलोउपे,ग्वाडेलोप,ગ્વાડેલોપ,గ్వాడేలోప్,ಗುಡೆಲೋಪ್,க்வாதேலோப்,ഗുവാഡെലോപ്,গুয়াদেলৌপ,ග්වෝඩලෝප්,瓜德罗普	relation	1047206	boundary	administrative	-61.6871266	16.2304905	12	0.660100669272447			Guadeloupe	Guadeloupe	France	fr	Guadeloupe, Guadeloupe, Guadeloupe, France	-61.8097640	15.8320085	-61.0003663	16.5144664	Q17012	fr:Guadeloupe	
Nantes	낭트,ナント,น็องต์,Nantas,Nante,Nanto,Naoned,Portus-Namnetum,نانت,נאנט,Ναντ,Нант,Նանտ,ნანტი,नांत,नाँत,ਨੌਂਤ,நாந்து,南特	relation	59874	boundary	administrative	-1.5372544	47.2382012	16	0.660043072682491		Nantes	Nantes	Metropolitan France	France	fr	Nantes, Nantes, Loire-Atlantique, Pays de la Loire, Metropolitan France, France	-1.6418115	47.1805855	-1.4788444	47.2958582	Q12191	fr:Nantes	
Bashkortostan	Bachkirie,Baixkíria,Baschiria,Baschkortostan,Basjkirostan,Baškirija,Baškortostán,Baszkortostan,Башкирийчоь,Башкирия,Башкортостан,Башҡортостан,Башкортстан,Пушкăрт Республики,Республика Башкортостан,バシコルトスタン共和国	relation	77677	boundary	administrative	56.3634649	54.0527896	8	0.659978217390791				Volga Federal District	Russia	ru	Bashkortostan, Volga Federal District, Russia	53.1575416	51.5695540	60.0018089	56.5346435	Q5710	ru:Башкортостан	
Fort Wayne		relation	127309	place	city	-85.1162024	41.0829965	16	0.65995658502783		Fort Wayne	Allen County	Indiana	United States of America	us	Fort Wayne, Allen County, Indiana, United States of America	-85.3034035	40.9654470	-85.0007277	41.2005180	Q49268	en:Fort Wayne, Indiana	
Tbilisi	Tbilissi,Tiflis,Тбилиси,თბილისი,ტფილისი	relation	1996871	boundary	administrative	44.8368762	41.7318836	8	0.659772427925524				Tbilisi	Georgia	ge	Tbilisi, Georgia	44.5969219	41.6203945	45.0177968	41.8434205	Q994	en:Tbilisi	
Bristol	برستل	relation	5746665	place	city	-2.5790334	51.4709111	16	0.659739877102117		Bristol	City of Bristol	South West England	United Kingdom	gb	Bristol, City of Bristol, South West England, United Kingdom	-2.7183704	51.3972837	-2.5104193	51.5444316	Q23154	he:בריסטול	
Lancashire	Lancs	relation	88081	boundary	administrative	-2.5471116	53.8611715	12	0.659700071314349			Lancashire	England	United Kingdom	gb	Lancashire, North West England, England, United Kingdom	-3.0845489	53.4827602	-2.0450728	54.2395551	Q23077	en:Lancashire	
United Arab Emirates	އެކުވެރި ޢަރަބި އިމާރާތު,아랍에미리트,የተባበሩት የዓረብ ግዛቶች,ୟୁନାଇଟେଡ଼ ଆରବ ଏମିରଟ,สหรัฐอาหรับเอมิเรตส์,Aontas na nÉimíríochtaí Arabacha,Apvienotie Arābu Emirāti,Araabia Ühendemiraadid,Arabiar Emirerri Batuak,Aravia Emiryvy Joaju,Ásáí Bikéyah Yázhí Ałhidadiidzooígíí,Àwọn Ẹ́mírétì Árábù Aṣọ̀kan,Birlashgan Arab Amirliklari,Birleşen Arap Emirlikleri,Birleşik Arap Emirlikleri,Birləşmiş Ərəb Əmirlikləri,Bunye bema-Arabhu,Các Tiểu vương quốc Ả Rập Thống nhất,De forente arabiske emirater,Dei sameinte arabiske emirata,Egyesült Arab Emírségek,Emira Arab Ini,Emirados Árabes Unidos,Emiratele Arabe Unite,Emiratet e Bashkuara Arabe,Emirati Arabi Uniti,Emirati Għarab Magħquda,Emiratos Árabes Unidos,Emiratos Arabes Unitos,Emiratos Arabe Unite,Émirats arabes unis,Emirats Arabis Units,Emirats Àrabs Units,Emireitit Arabiya,Emirelezhioù Arab Unanet,Emiriah Arab Bersatu,Falme za Kiarabu,Feriene Arabyske Emiraten,Förenade Arabemiraten,Forenede Arabiske Emirater,Hukllachasqa Arab Imiratukuna,Imaaraatka Carabta,Imaaraat yu Araab yu Bennoo yi,Jungtiniai Arabų Emyratai,Lemiräns Larabik Pebalöl,Mîrnişînên Erebî yên Yekbûyî,Na h-Iomaratan Arabach Aonaichte,Nyarabu Zunze Ubumwe,Ny h-Emmiraidyn Arabagh Unnaneysit,Ovttastuvvan arábaemiráhtat,Pennternasedh Unys Arabek,Phylarchiarum Arabicarum Confoederatio,Sameindu Emirríkini,Sameinuðu arabísku furstadæmin,Spojené arabské emiráty,Ujedinjeni Arapski Emirati,Uni Emirat Arab,Uni Émirat Arab,Unionita Araba Emirati,Unit Arabic Emiratus,Unuiĝintaj Arabaj Emirlandoj,Vereenegt Arabesch Emiraten,Vereinegde Arabische Emiraote,Vereinigte Arabische Emirate,Verenigde Arabiese Emirate,Verenigde Arabische Emiraten,Yhdistyneet arabiemiirikunnat,Yr Emiradau Arabaidd Unedig,Združeni arabski emirati,Zjednoczone Emiraty Arabskie,الإمارات العربيّة المتّحدة,الإمارات العربية المتحدة,امارات متحده عربی,عربي متحده امارات,گڏيل عرب امارات,متحدہ عرب امارات,ئەرەب بىرلەشمە خەلىپىلىكى,איחוד האמירויות הערביות,פאראייניגטע אראבישע עמיראטן,Ηνωμένα Αραβικά Εμιράτα,Аб'яднаныя Арабскія Эміраты,Аморати Муттаҳидаи Араб,Араббы Иугонд Эмираттæ,Арабын Нэгдсэн Эмирт Улс,Ӏарбийн Цхьаьнакхетта Эмираташ,Берләшкән Гарәп Әмирлекләре,Бириккен Араб Эмирликтери,Біріккен Араб Әмірліктері,ГIарабазул Цолъарал Имаратал,Обединени арабски емирства,Обединети Арапски Емирати,Об'єднані Арабські Емірати,Объединённые Арабские Эмираты,Ӧтувтчӧм Араб Эмиратъяс,Уједињени Арапски Емирати,ཡི་ནེ་ཁྲེ་ཀྲི་ཨ་རབ་ཨེ་མེ་རེ་ཁྲི།,ཡུ་ནའི་ཊེཊ་ཨ་རབ་ཨེ་མི་རེཊསི་,Արաբական Միացյալ Էմիրություններ,არაბთა გაერთიანებული საამიროები,संयुक्त अरब अमिराती,संयुक्त अरब अमीरात,संयुक्त अरब इमिरेट्स,యునైటెడ్ అరబ్ ఎమిరేట్స్,ਸੰਯੁਕਤ ਅਰਬ ਇਮਰਾਤ,ಸಂಯುಕ್ತ ಅರಬ ಅಮೀರಾತ,ஐக்கிய அரபு அமீரகம்,ഐക്യ അറബ് എമിറേറ്റുകൾ,সংযুক্ত আরব আমিরাত,အာရပ်စော်ဘွားများပြည်ထောင်စုနိုင်ငံ,阿拉伯联合酋长国,アラブ首長国連邦	relation	307763	boundary	administrative	53.6353476	24.3780730	4	0.659631260214845					United Arab Emirates	ae	United Arab Emirates	51.4160713	22.6316213	56.6024458	26.1517218	Q878	en:United Arab Emirates	
Pacific Ocean	Büyük Okyanus,Csendes-óceán,Grote Oceaan,Karagatang Pasipiko,Kyrrahaf,Kyrrahavið,Lautan Pasifik,Oceano Pacific,Oceano Pacifico,Oceano Pacífico,Océano Pacífico,Oceano Pacifiko,Océan Pacifique,Ocean Spokojny,Okyanûsa Mezin,Pacifika Oceano,Pasifean,Pazifischer Ozean,Ranomasimbe Pasifika,Stilla havet,Stillehavet,Tichý oceán,Tihi ocean,Tyyni valtameri,اقیانوس آرام,المحيط الهادئ,Ειρηνικός Ωκεανός,Тихий океан,Ціхі акеан,太平洋	node	305640005	place	ocean	-120.9375001	-0.7031070	2	0.659468004629659							Pacific Ocean	-120.9375001	-0.7031070	-120.9375001	-0.7031070	Q98	ru:Тихий океан	
Hyogo Prefecture	Gubernio Hjogo,Prefektura Hyōgo,Префектура Хьоґо,Хёго,兵庫県	relation	356912	boundary	administrative	134.8222416	34.9433450	8	0.659198673551802				Hyogo Prefecture	Japan	jp	Hyogo Prefecture, Japan	134.2527380	34.0122215	135.4685940	35.8745108	Q130290	ja:兵庫県	
Calgary	کلگری,Калгари	relation	3227127	boundary	administrative	-114.0498685	51.0253267	12	0.658994134683425			Calgary	Alberta	Canada	ca	Calgary, Alberta, Canada	-114.3157588	50.8425259	-113.8600018	51.2125012	Q36312	en:Calgary	
Manitoba	ማኒቶባ,ᒪᓂᑐᐸ,매니토바 주,รัฐแมนิโทบา,Manitòba,Manitoba Ölkisi,Manitoba provints,Manitoba pruwinsya,Manitobo,مانیتوبا,مانیٹوبا,مانيتوبا,מאניטאבא,מניטובה,Μανιτόμπα,Манитобæ,Манитоба,Манітоба,Правінцыя Манітоба,Մանիթոբա (նահանգ),მანიტობა,मानिटोबा,मॅनिटोबा,ਮਾਨੀਟੋਬਾ,மானிட்டோபா,မနီတိုးဗားပြည်နယ်,マニトバ州,曼尼托巴	relation	390841	boundary	administrative	-97.2260737	54.4982574	8	0.658502157438381				Manitoba	Canada	ca	Manitoba, Canada	-102.0076115	48.9989765	-88.9908162	59.9992600	Q1948	en:Manitoba	
Lesotho	ሌሶቶ,レソト,레소토,ލެސޯތޯ,ଲିସୁଟୁ,ประเทศเลโซโท,ÉLusûtfu,Leasoto,Leosóta,Lesotän,Lesotas,Lésotho,Lesôtho,Lèsóthò,Lesothum,Lesoto,Lesótó,Lezoto,Li-Sotho,OSotho,Resoto,Sotho Dineʼé Bikéyah,Suthusuyu,لسوتو,لېسوتو,لیسوتھو,ليسوتو,לסוטו,לעסאטא,Λεσότο,Лесота,Лесото,ལི་སོ་ཐོ།,Լեսոթո,ლესოთო,लेसोथो,ਲਿਸੋਥੋ,ಲೆಸೊಥೊ,லெசோத்தோ,ലെസോത്തോ,লেসোথো,လီဆိုသိုနိုင်ငံ,莱索托/賴索托	relation	2093234	boundary	administrative	28.1743633	-29.6239639	4	0.658265904764452					Lesotho	ls	Lesotho	27.0114631	-30.6772773	29.4557098	-28.5706150	Q1013	en:Lesotho	
Montpellier	몽펠리에,モンペリエ,Monspessulanus,Montpelhièr,Montpeller,مونبيلييه,مون‌پلیه,מונפלייה,Μονπελιέ,Монпелие,Монпелье,Монпельє,Монпеље,蒙彼利埃	relation	28722	boundary	administrative	3.8783588	43.6098108	16	0.658203010127134		Montpellier	Montpellier	Metropolitan France	France	fr	Montpellier, Montpellier, Hérault, Occitania, Metropolitan France, France	3.8070596	43.5667088	3.9413208	43.6533542	Q6441	fr:Montpellier	
Chiba	Prefektura Chiba,Префектура Чіба,Тиба,千葉県	relation	2679957	boundary	administrative	140.1892999	35.3594614	8	0.657991697018802				Chiba	Japan	jp	Chiba, Japan	139.5184908	34.6168170	141.1249306	36.1041010	Q80011	ja:千葉県	
Pas-de-Calais	Paso de Calais,Па-де-Кале	relation	7394	boundary	administrative	2.2585790	50.5141376	12	0.657883930979715			Pas-de-Calais	Metropolitan France	France	fr	Pas-de-Calais, Hauts-de-France, Metropolitan France, France	1.5556237	50.0198533	3.1881325	51.0084768	Q12689	fr:Pas-de-Calais	
Lazio	Laci,Lacij,Lacio,Lacjum,Latium,LAZ,Лацио	relation	40784	boundary	administrative	12.4992250	42.0219797	8	0.657775991649631				Lazio	Italy	it	Lazio, Italy	11.4491695	40.7849283	14.0276445	42.8401408	Q1282	it:Lazio	
Gary	Гэри	relation	127298	place	city	-87.3541163	41.5876590	16	0.657667878470338		Gary	Lake County	Indiana	United States of America	us	Gary, Lake County, Indiana, United States of America	-87.4330929	41.5219360	-87.2220511	41.6534064	Q184116	en:Gary, Indiana	
Guangdong	Kuang-tung,Quảng Đông,Гуандун,广东省,広東省	relation	911844	boundary	administrative	114.0283851	22.8205515	8	0.657211140676613				Guangdong	China	cn	Guangdong, China	109.4494796	20.1198054	117.6643566	25.5190675	Q15175	zh:广东省	
Bermuda	Bermudes,Bermudoj,Bermudski Otoci,Bermudy,The Islands of Bermuda,Бермуди,Бермудские острова,Бермудські острови	relation	1993208	boundary	administrative	-64.7665078	32.3213430	4	0.656853319440424					Bermuda	bm	Bermuda	-65.1232222	32.0469650	-64.4109843	32.5913692	Q23635	en:Bermuda	
Padua	Padoue,Padova,Pàdua	relation	44836	boundary	administrative	11.8956829	45.3984428	16	0.656743708704678		Padua	Padova	Veneto	Italy	it	Padua, Padova, Veneto, Italy	11.8054118	45.3395666	11.9764350	45.4573727	Q617	it:Padova	
Sapporo	札幌市	relation	4085749	boundary	administrative	141.2371269	42.9853530	14	0.656618761136903			Sapporo	Hokkaido	Japan	jp	Sapporo, Ishikari Subprefecture, Hokkaido, Japan	140.9905029	42.7807059	141.5054219	43.1899939	Q37951	ja:札幌市	
Minneapolis	ミネアポリス	relation	136712	place	city	-93.2682178	44.9706704	16	0.656565682732351		Minneapolis		Minnesota	United States of America	us	Minneapolis, Minnesota, United States of America	-93.3291630	44.8901499	-93.1938585	45.0512499	Q36091	en:Minneapolis	
Sikkim	シッキム,State of Sikkim,Сикким,Сіккім,འབྲས་ལྗོངས་,सिक्किम,सिक्किम्,સિક્કિમ,ಸಿಕ್ಕಿಂ,சிக்கிம்,সিক্কিম,锡金邦	relation	1791324	boundary	administrative	88.4541364	27.6010290	8	0.656429002369473				Sikkim	India	in	Sikkim, India	88.0120332	27.0791581	88.9213677	28.1226410	Q1505	en:Sikkim	
Asia Minor	An Áise Bheag,Asia Leiaf,Asia Ndogo,Asya Menor,Azia Vihanañ,Azja Mniejsza,Kichik Osiyo yarim oroli,Kiçik Asiya,Lilleasia,Malá Asie,Malá Ázia,Mala Azija,Malgrandazio,Mažoji Azija,Väike-Aasia,Vesleasia,آسیای صغیر,آسيا الصغرى,אסיה הקטנה,Μικρά Ασία,Жима Ази,Кече Азия,Кичи Азия,Кіші Азия,Мала Азија,Мала Азия,Мала Азія,Малая Азія,Անատոլիա,ഏഷ്യാമൈനർ	node	4869487523	multiple	locality	32.0000000	39.0000000	20	0.656299659312317			Çeltik	Central Anatolia Region	Turkey	tr	Asia Minor, Çeltik, Konya, Central Anatolia Region, Turkey	32.0000000	39.0000000	32.0000000	39.0000000	Q12824780	de:Kleinasien	
New Mexico	뉴멕시코,รัฐนิวเม็กซิโก,Bagong Mehiko,Çĕнĕ Мексика,Meagsago Nuadh,Mecsico Newydd,Meksico Noa,Meksiko Nowydh,Mexiko Berria,Naujoji Meksika,Neumexiko,Nieuw-Mexico,Nju Meksiko,Nou Meksiko,Nòu Mexic,Nou Mèxic,Nouveau-Mexique,Nova Mehika,Nové Mexiko,Novi Meksiko,Nov-Meksiko,Novo México,Novum Mexicum,Nowy Meksyk,Nua-Mheicsiceo,Nuevo México,Ņūmeksika,Nû Meksîko,Nuovo Messico,Nýja Mexíkó,Nyu-Meksiko,Pyahu Méjiko,Tchiaq Mexiqo,Új-Mexikó,Yeni Meksika,Yootó Hahoodzo,نیومکزیکو,نیو میکسیکو,نيومكسيكو,ניו מעקסיקא,ניו מקסיקו,Νέο Μεξικό,Нови Мексико,Нью-Мексико,Ню Мексико,Նյու Մեքսիկո,ნიუ-მექსიკო,नया मेक्सिको,न्यू मेक्सिको,ನ್ಯೂ ಮೆಕ್ಸಿಕೋ,நியூ மெக்சிகோ,ന്യൂ മെക്സിക്കോ,ニューメキシコ州,新墨西哥州	relation	162014	boundary	administrative	-106.0451762	34.1848584	8	0.656292043130123				New Mexico	United States of America	us	New Mexico, United States of America	-109.0501730	31.3322113	-103.0022482	37.0002064	Q1522	en:New Mexico	
Tonga	통가,ቶንጋ,トンガ,ޓޮންގާ,ଟୋଙ୍ଗା,ประเทศตองกา,To’a,Toga,Ton’ga,Tʼónga,Tònga,Tóngà,Tongo,Tonguäns,Tonqa,Tunqa,Yn Tongey,تونجا,تونگا,ٹونگا,טונגה,Τόνγκα,Тонгæ,Тонга,ཊོང་ག,Տոնգա,ტონგა,टोंगा,ਟੋਂਗਾ,ಟೋಂಗಾ,தொங்கா,ടോങ്ക,টোঙ্গা,တုံဂါနိုင်ငံ,東加	relation	2186665	boundary	administrative	-175.1165868	-21.2460636	4	0.655998161093111					Tonga	to	Tonga	-179.3866055	-24.1034499	-173.5295458	-15.3655723	Q678	en:Tonga	
Rio Grande do Sul	히우그란지두술,リオグランデ・ド・スル,รีโอกรันดีโดซูล,Flumen Magnum Meridionale,Hegoaldeko Rio Grande,Pietų Rio Grandė,Río Grande del Sur,Río Grande do Sur,Rio Grandi du Sul,Riu-Grandi-du-Sul,Riugrandi du Sula,RS,Suda Rio-Grando,Urin Hatunmayu suyu,ریو گرانده جنوبی,ريو غراندي دو سول,ריו גראנדה דו סול,Јужна Рио Гранде,Рио Гранде до Сул,Рио Гранди до Сул,Риу Гранди ду Сул,Риу-Гранди-ду-Сул,Ріу-Гранді-ду-Сул,Рыу-Гранды-ду-Сул,Ռիու Գրանդի դու Սուլ,რიუ-გრანდი-დუ-სული,रियो ग्रांडे दो सुल,रियो ग्रांदे दो सुल,南里奥格兰德	relation	242620	boundary	administrative	-53.2416322	-30.4760276	8	0.655756751444222				South Region	Brazil	br	Rio Grande do Sul, South Region, Brazil	-57.6474387	-33.8689056	-49.5306232	-27.0825356	Q40030	pt:Rio Grande do Sul	
Mediterranean Sea	Deryaya Navîn,Địa Trung Hải,Földközi-tenger,Laut Mediterranean,Mar Mediterranee,Mar Mediterraneo,Mar Mediterráneo,Medelhavet,Mediteraneo,Mer Méditerranée,Mëttelmier,Middellandse See,Middellandse Zee,Mittelmeer,Morze Śródziemne,Sredozemno more,Sredozemsko morje,Stredozemné more,Středozemní moře,Vahemeri,Välimeri,Viduržemio jūra,Zänodamel,البحر الأبيض المتوسط,הים התיכון,Μεσόγειος Θάλασσα,Міжземнае мора,Середземне море,Средиземное море,Урта диңгез,Урта диңгеҙ,地中海	node	305640275	place	sea	19.9999957	35.0000035	2	0.65565686841979							Mediterranean Sea	19.9999957	35.0000035	19.9999957	35.0000035	Q4918	eo:Mediteraneo	
Lausanne	Lausana	relation	1685018	boundary	administrative	6.6953793	46.5535281	16	0.655348600499411		Lausanne	District de Lausanne	Vaud	Switzerland	ch	Lausanne, District de Lausanne, Vaud, Switzerland	6.5838681	46.5043006	6.7208137	46.6025773	Q807	fr:Lausanne	
Brno	Brünn,Брно	relation	438171	boundary	administrative	16.5826766	49.2021348	16	0.655348600499411		Brno	okres Brno-město	Southeast	Czech Republic	cz	Brno, okres Brno-město, Jihomoravský kraj, Southeast, Czechia	16.4279898	49.1098795	16.7278345	49.2943707	Q14960	cs:Brno	
Fukuoka Prefecture	후쿠오카 현,Fukuoka,Prefektura Fukuoka,Префектура Фукуока,Фукуока,福岡県	relation	1553735	boundary	administrative	130.5974196	33.7886951	8	0.655267445035687				Fukuoka Prefecture	Japan	jp	Fukuoka Prefecture, Japan	129.8133106	32.9397302	131.2494964	34.6474905	Q123258	ja:福岡県	
Haryana	ハリヤーナー,Харьяна,Хар'яна,हरियाणा,ಹರಿಯಾಣ,அரியானா,哈里亚纳邦	relation	1942601	boundary	administrative	76.0446494	29.2926220	8	0.654895193993176				Haryana	India	in	Haryana, India	74.4651975	27.6560651	77.5950930	30.9302350	Q1174	en:Haryana	
Bogota Capital District	Bogotá Distrito Capital	relation	1387968	boundary	administrative	-74.1758040	4.2823405	8	0.654649777536281				Bogota Capital District	Colombia	co	Bogota Capital District, Colombia	-74.4517635	3.7284406	-73.9963153	4.8370154	Q2841	es:Bogotá	
Distrito Capital de Bogotá	Ĉefurba Distrikto de Bogoto,Hauptstadtdistrikt Bogotá,Столичный округ Богота	node	306394560	place	state	-74.1837703	4.3624880	8	0.654649777536281					Colombia	co	Distrito Capital de Bogotá, Colombia	-74.1837703	4.3624880	-74.1837703	4.3624880	Q2841	es:Bogotá	
Graz	Грац	relation	34719	boundary	administrative	15.4444721	47.0732587	12	0.654606834882308			Graz	Styria	Austria	at	Graz, Styria, Austria	15.3497140	47.0118864	15.5342006	47.1345000	Q13298	de:Graz	
Nashville-Davidson		relation	197472	boundary	administrative	-86.7808617	36.1870249	16	0.654199468103914		Nashville-Davidson	Davidson County	Tennessee	United States of America	us	Nashville-Davidson, Davidson County, Tennessee, United States of America	-87.0547660	35.9677850	-86.5155880	36.4054959	Q23197	en:Nashville, Tennessee	
Dijon	ディジョン,Divio,ديجون,Дижон,Діжон	relation	74090	boundary	administrative	5.0447345	47.3316788	16	0.654073625481433		Dijon	Dijon	Metropolitan France	France	fr	Dijon, Dijon, Côte-d'Or, Bourgogne-Franche-Comté, Metropolitan France, France	4.9624588	47.2862577	5.1020597	47.3774860	Q7003	fr:Dijon	
Bahia	바이아,バイーア,บาเยีย,BA,Bahía,Bahija,Bahio,Baía,Baija,Baiya,باهیا,باهيا,באהיה,Баија,Баия,Баія,Баїя,Баја,Բաիա,ბაია,बाईया,बाहिया,巴伊亚	relation	362413	boundary	administrative	-42.4331556	-13.4463967	8	0.653919935118943				Northeast Region	Brazil	br	Bahia, Northeast Region, Brazil	-46.6170000	-18.3679138	-37.1888916	-8.5260056	Q40430	pt:Bahia	
Reims	랭스,ランス,แร็งส์,Durocortorum,Reimsa,Reimsas,Remeš,Rems,رنس,ريمس,ריימס,Ρενς,Реймс,Ремс,Рэймс,Ռեյմս,რეიმსი,रेंस,兰斯	relation	36458	boundary	administrative	4.0483397	49.2534078	16	0.653345415946405		Reims	Reims	Metropolitan France	France	fr	Reims, Reims, Marne, Grand Est, Metropolitan France, France	3.9857976	49.2039351	4.1296954	49.3031919	Q41876	fr:Reims	
Szczecin	슈체친,シュチェチン,Ščecina,Ščecinas,Şetsin,Štetín,Štětín,Ŝtetino,Stettin,Stettino,Stettinum,شتتين,شٹیچین,شچېچېن,شچچین,שטעטין,שצ'צ'ין,Στσέτσιν,Шчеќин,Шчећин,Шчецин,Шчечин,Шчэцін,Щецин,შჩეცინი,श्टेचिन,श्टेटीन,什切青	relation	342935	boundary	administrative	14.5929081	53.4296828	16	0.653281718441655		Szczecin	Szczecin	West Pomeranian Voivodeship	Poland	pl	Szczecin, Szczecin, Szczecin, West Pomeranian Voivodeship, Poland	14.4438273	53.3217160	14.8054139	53.5376831	Q393	pl:Szczecin	
Szczecin	Ŝĉecino,Stettin	relation	2873415	boundary	administrative	14.5929081	53.4296828	14	0.653281718441655			Szczecin	West Pomeranian Voivodeship	Poland	pl	Szczecin, Szczecin, West Pomeranian Voivodeship, Poland	14.4438273	53.3217160	14.8054139	53.5376831	Q393	pl:Szczecin	
Szczecin	Ščecinas,Stettin,Щецин	relation	404940	boundary	administrative	14.5929081	53.4296828	12	0.653281718441655			Szczecin	West Pomeranian Voivodeship	Poland	pl	Szczecin, West Pomeranian Voivodeship, Poland	14.4438273	53.3217160	14.8054139	53.5376831	Q393	pl:Szczecin	
North Sea	북해(해),Bắc Hải,Deryaya Bakur,Északi-tenger,Ipar itsasoa,Laut Utara,Mar del Nord,Mar del Norte,Mar do Norte,Mare del Nord,Mer du Nord,Morze Północne,Noordzee,Norda Maro,Nordsee,Nordsjøen,Nordsjön,Pohjanmeri,Severné more,Severní moře,Severno morje,Šiaurės jūra,Sjeverno more,بحر الشمال,Паўночнае мора,Північне море,Северное море,北海 (大西洋)	node	305639493	place	sea	2.9999963	55.3333373	2	0.653202011465968							North Sea	2.9999963	55.3333373	2.9999963	55.3333373	Q1693	en:North Sea	
Dortmund	دورتمند	relation	1829065	boundary	administrative	7.4500343	51.5078207	12	0.653110231283502			Dortmund	North Rhine-Westphalia	Germany	de	Dortmund, Regierungsbezirk Arnsberg, North Rhine-Westphalia, Germany	7.3024422	51.4155254	7.6381570	51.6000415	Q1295	de:Dortmund	
Dortmund	ドルトムント,Tremonia,دورتمند,Дортмунд,多特蒙德	node	25293125	place	city	7.4652788	51.5142273	16	0.653110231283502			Dortmund	North Rhine-Westphalia	Germany	de	Dortmund, Dortmund, Regierungsbezirk Arnsberg, North Rhine-Westphalia, Germany	7.4652788	51.5142273	7.4652788	51.5142273	Q1295	de:Dortmund	
Zaragoza	サラゴサ,사라고사,ซาราโกซา,Caesaraugusta,Saragoça,Saragosa,Saragossa,Saragosse,Saragozza,Żaragoża,Zaragozo,ساراگوسا,سرقسطة,סרגוסה,Σαραγόσα,Сарагоса,Սարագոսա,სარაგოსა,सारागोसा,萨拉戈萨	relation	345740	boundary	administrative	-0.9101268	41.6915847	16	0.653010327675706		Zaragoza	Zaragoza	Aragon	Spain	es	Zaragoza, Zaragoza, Aragon, Spain	-1.1737289	41.4516625	-0.6803895	41.9314872	Q10305	es:Zaragoza	
Côte-d'Or	Costa d'Or,Кот-д'Ор	relation	7424	boundary	administrative	4.7481223	47.4655033	12	0.652994329291149			Côte-d'Or	Metropolitan France	France	fr	Côte-d'Or, Bourgogne-Franche-Comté, Metropolitan France, France	4.0654023	46.8998587	5.5188650	48.0311785	Q3342	fr:Côte-d'Or	
Rio de Janeiro	ሪዮ ዴ ጃኔይሮ,リオ デ ジャネイロ,리우데자네이루,รีโอเดจาเนโร,Flumen Ianuarii,Río de Janeiro,Rio-de-Ĵanejro,Rio de Janêro,Rio de Janeyro,Rio-de-Janeyro,Rio dé Janéyro,Río de Xaneiro,Rio de Žaneiras,Riodežaneiro,Rio de Žaneiro,Rio-de-Žaneýro,Rio de Zhaneiro,RJ,ریودو ژانیرو,ریو دے جینیرو,ريو دي جانيرو,ריא דע זשאנערא,ריו דה ז'ניירו,Ρίο ντε Τζανέιρο,Рио де Жанеиро,Рио де Жанейро,Рио-де-Жанейро,Ріо-де-Жанейро,Рыа-дэ-Жанэйра,Ռիո դե Ժանեյրո,რიო-დე-ჟანეირო,रियो डि जेनेरो,रियो दि जानेरो,ਰਿਓ ਡੀ ਜਨੇਰੋ,இரியோ டி செனீரோ,റിയോ ഡി ജനീറോ,রিউ দি জানেইরু,里約熱內盧	relation	57963	boundary	administrative	-42.5654753	-22.2220556	8	0.652990329099158				Southeast Region	Brazil	br	Rio de Janeiro, Southeast Region, Brazil	-44.8884939	-23.6817834	-40.6732721	-20.7631778	Q41428	pt:Rio de Janeiro	
Hebei	Che-pej,Hà Bắc,Хэбэй,河北省	relation	912998	boundary	administrative	115.6723248	39.3319006	8	0.652440036972475				Hebei	China	cn	Hebei, China	113.4602736	36.0462227	121.0248710	42.6176406	Q21208	zh:河北省	
Côte d'Ivoire	ኮት ዲቯር,އައިވަރީ ކޯސްޓު,코트디부아르,ଆଇଭେରି କୋଷ୍ଟ,コートジボワール,ประเทศโกตดิวัวร์,Aibori Kot,An Cósta Eabhair,Aod an Olifant,Basisir Gading,Baybaying Garing,Bờ Biển Ngà,Boli Kosta,Bregu i Fildishtë,Chį́į́h Yee Adilohii Bideeʼ Tónteel Bibąąh,Coasta de Fildeș,Costa d'Avorio,Costa de Avòriu,Costa de Ebore,Costa de Ivor,Costa de Marfil,Costa de Vori,Còsta d'Evòri,Costa d'Ivori,Costa d'Ivur,Costa do Marfil,Costa do Marfim,Costa Ìbhri,Cote d'Ivoire,Côte d’Ivoire,Dramblio Kaulo Krantas,Ebur-Bordo,Elefántačalánriddu,Elefántcsontpart,Elevandiluurannik,Elfebeeküst,Elfenbeinküste,Elfenbeinskysten,Elfenbenskusten,Elfenbenskysten,Fílabeinsstrondin,Fílabeinsströndin,Fildişi Sahili,Fil Dişi Sahili,Ivoarkust,Ivoorkös,Ivoorkus,Ivoorkust,Ivora Rivo,Ivory Coast,Kodduwaar,Kôdivüära,Kodiwaar,Kosta tal-Avorju,Kotdivuar,Kot-d‘ivuar,Kotdivuāra,Kòt divwa,Kot-d’Iwuar,Kote Divuwari,Litus Eburneum,Lugu Lwempondvondlovu,Marphil Chala,Norsunluurannikko,Obala Bjelokosti,Obala Slonovače,Pantai Gading,Panté Gadhing,Peravê Diranfîl,Pobrežie Slonoviny,Pobřeží slonoviny,République de Côte d’Ivoire,Slonokoščena obala,Ugu Emhlophe,Viorajolän,Wybrzeże Kości Słoniowej,Xeebta Foolmaroodi,Yn Clyst Iuaagagh,پىل چىشى قىرغىغى,ساحل عاج,عاج ساحل,كوت ديفوار,کوت داوواغ,בארטן פון העלפאנדביין,חוף השנהב,Ακτή Ελεφαντοστού,Брег на Слоновата Коска,Кот д'Ивоар,Кот д'Ивуар,Кот-д-Ивуар,Кот-д'Ивуар,Кот-д’Ивуар,Кот-д'Івуар,Обала Слоноваче,ཀོ་ཊི་ཌི་ཨའི་བོ་རི།,Կոտ դ'Իվուար,კოტ-დ’ივუარი,आइभरी कोस्ट,कोट ऐवरी,कोत द'ईवोआर,కోటె డి ఐవొరి,ਦੰਦ ਖੰਡ ਤਟ,ಕೋತ್ ದ್'ಇವಾರ್,கோட் டிவார்,ഐവറി കോസ്റ്റ്,কোত দিভোয়ার,အိုင်ဗရီကို့စ်နိုင်ငံ,අයිවරි කෝස්ට්,科特迪瓦	relation	192779	boundary	administrative	-5.6758708	7.4510402	4	0.652407763291133					Côte d'Ivoire	ci	Côte d'Ivoire	-8.6017251	4.1621205	-2.4930310	10.7401969	Q1008	fr:Côte d'Ivoire	
Sichuan	쓰촨 성,มณฑลเสฉวน,S’-čchuan,Sečuan,Sesúan,Sichouan,Sichuan pruwinsya,Siçuan,Sičuaņa,Sičuanas,Siçuan Çin,Siĉuano,Sujuão,Swconh,Syczuan,Szecsuan,Tứ Xuyên,سیچوآن,سیچوان,سيتشوان,سىچۈەن ئۆلكىسى,סצ'ואן,Σετσουάν,Правінцыя Сычуань,Сичуан,Сичуань,Съчуан,Сычуань,Сычуань муж,སི་ཁྲོན་ཞིང་ཆེན།,სიჩუანი,स-च्वान,सिचुआन,ಸಿಚುವಾನ್,சிச்சுவான்,সিছুয়ান,四川省	relation	913068	boundary	administrative	102.2617594	30.1804499	8	0.65212065235371				Sichuan	China	cn	Sichuan, China	97.3473754	26.0481659	108.5426665	34.3124536	Q19770	zh:四川省	
Rio de Janeiro	ሪዮ ዴ ጃኔይሮ,리우데자네이루,リオデジャネイロ,รีโอเดจาเนโร,Flumen Ianuarii,Rio,Río de Janeiro,Rio-de-Ĵanejro,Rio de Janêro,Rio de Janeyro,Rio-de-Janeyro,Rio dé Janéyro,Río de Xaneiro,Rio de Žaneiras,Riodežaneiro,Rio de Žaneiro,Rio-de-Žaneýro,Rio de Zhaneiro,ریودو ژانیرو,ریو دے جینیرو,ريو دي جانيرو,ריא דע זשאנערא,ריו דה ז'ניירו,Ρίο ντε Τζανέιρο,Рио де Жанеиро,Рио де Жанейро,Рио-де-Жанейро,Ріо-де-Жанейро,Рыа-дэ-Жанэйра,Ռիո դե Ժանեյրո,რიო-დე-ჟანეირო,रियो डि जेनेरो,रियो दि जानेरो,ਰਿਓ ਡੀ ਜਨੇਰੋ,இரியோ டி செனீரோ,റിയോ ഡി ജനീറോ,রিউ দি জানেইরু,里约热内卢	relation	2697338	boundary	administrative	-43.4639898	-22.9380349	16	0.652019263907875		Rio de Janeiro		Southeast Region	Brazil	br	Rio de Janeiro, Rio de Janeiro, Southeast Region, Brazil	-43.7962521	-23.0827052	-43.0990811	-22.7460879	Q8678	pt:Rio de Janeiro (cidade)	
Sheffield	셰필드,シェフィールド,เชฟฟีลด์,Šefīlda,Šefildas,شفیلد,شفيلد,שפילד,Σέφιλντ,Шефилд,Шеффилд,Шеффілд,Шэфілд,शेफील्ड,शेफ़ील्ड,షెఫీల్డ్,谢菲尔德	relation	106956	boundary	administrative	-1.5422967	53.4039637	16	0.651550894414014		Sheffield	Yorkshire and the Humber	England	United Kingdom	gb	Sheffield, Yorkshire and the Humber, England, United Kingdom	-1.8014716	53.3045115	-1.3246686	53.5031284	Q42448	en:Sheffield	
Lübeck	Lubecca,Lubeka,Любек	relation	27027	place	city	10.7253740	53.8809511	16	0.650947397636906		Lübeck		Schleswig-Holstein	Germany	de	Lübeck, Schleswig-Holstein, Germany	10.5540401	53.7680102	10.9687155	53.9938868	Q2843	de:Lübeck	
Carthage	Cartagine,Cartago,Cathago,Kartaca,Karthago,قرطاج,Карфаген	node	1136727225	place	town	10.3304410	36.8516269	18	0.650740883747435			قرطاج الشاطئ	Tunis	Tunisia	tn	Carthage, قرطاج الشاطئ, Carthage, Tunis, Tunisia	10.3304410	36.8516269	10.3304410	36.8516269	Q28151514	fr:Carthage	
Apulia	Apúlia,Apulie,Apulien,Apulija,Apulio,Pouilles,PUG,Puglia,Pulla,Апулия	relation	40095	boundary	administrative	16.8215667	40.8700307	8	0.650716059330848				Apulia	Italy	it	Apulia, Italy	14.9349690	39.7895944	18.5205121	42.2264804	Q1447	it:Puglia	
Charlotte		relation	177415	place	city	-80.8273828	35.2031470	16	0.650658099964743		Charlotte		North Carolina	United States of America	us	Charlotte, North Carolina, United States of America	-81.0095540	35.0131740	-80.6701041	35.3931329	Q16565	en:Charlotte, North Carolina	
Chhattisgarh	チャッティースガル,Chattisgarh,Чхаттисгарх,Чхаттісґарх,छत्तीसगढ़,ಛತ್ತೀಸ್‌ಘಡ್,சத்தீசுகர்,ഛത്തീസ്‌ഗഢ്,ছত্তীসগঢ়,恰蒂斯加尔邦	relation	1972004	boundary	administrative	81.5013639	20.9402479	8	0.650521283122609				Chhattisgarh	India	in	Chhattisgarh, India	80.2441802	17.7827100	84.3898437	24.1071520	Q1168	en:Chhattisgarh	
Faroe Islands	페로 제도,ፋሮ ደሴቶች,ފަރޮއޭ ޖަޒީރާ,หมู่เกาะแฟโร,Àwọn Erékùṣù Fàróè,Duni Faarow,Ellanyn ny Geyrragh,Fääri saared,Færeyjar,Faero,Faeroae insulae,Faeröer,Fær Øer,Færøerne,Færøyane,Færøyene,Faerské ostrovy,Farer adaları,Farerai,Färöarna,Faroe Adaları,Faroe aelan,Faroeak,Färöer,Faroëreilande,Färsaaret,Farska ostrva,Farski Otoci,Fearsullot,Feröer,Ferojski Otoci,Ferooj,Ferski otoki,Fēru Salas,Føroyar,Giravên Feroe,Gżejjer Faroe,Ibirwa bya Farowe,Îles Féroé,Ilhas Feroe,Illas Feroe,Illas Feròe,Illes Fèroe,Inslas Feroe,Insulas Feroe,Insulele Feroe,Ishujt Faroe,Islas Feroe,Jasiiradaha Feroe,Kapuloan Faroe,Kapuluang Peroe,Kepulauan Faroe,Moutere Faroe,Na h-Eileanan Fàro,Oileáin Fharó,Pharuy,Quần đảo Faroe,Savalimmiut,Visiwa vya Faroe,Wyspy Owcze,Ynysow Faroe,جزایر فارو,جزائرفارو,جزر فارو,איי פארו,Νήσοι Φερόες,Фарер аралдары,Фарер діяс,Фарерийн гІайренаш,Фарерские острова,Фарерські острови,Фарер утраулары,Фарерын арлууд,Фареры сакъадæхтæ,Фарска Острва,Фарски Острови,Фарэрскія астравы,Ферьорски острови,Ҷазираҳои Фаро,Ֆարերյան կղզիներ,ფარერის კუნძულები,फरोइ टापु,फ़रो द्वीपसमूह,फेरो द्वीपसमूह,ફરો દ્વિપસમૂહ,பரோயே தீவுகள்,ෆාරෝ දිවයින්,法罗群岛,フェロー諸島	relation	52939	boundary	administrative	-6.9161232	61.8489975	4	0.650130026924753					Faroe Islands	fo	Faroe Islands	-7.7983834	61.2880990	-6.1413262	62.4476161	Q4628	en:Faroe Islands	
Ghent	Gand,Gent,Гент	relation	897671	boundary	administrative	3.7334875	51.0837700	16	0.650109151408588		Ghent	Gent	Flanders	Belgium	be	Ghent, Gent, East Flanders, Flanders, Belgium	3.5797615	50.9796393	3.8493250	51.1879459	Q1296	nl:Gent	
中華民國		way	398997886	boundary	administrative	114.3717213	10.3663807	4	0.65					Philippines	ph	中華民國	114.1988315	10.2376837	114.5442057	10.4992197			
Dist. Judges Court		way	188409113	boundary	administrative	87.3113011	22.4138841	4	0.65							Dist. Judges Court	87.3099832	22.4128613	87.3127688	22.4148422			
Bhutan	부탄,ቡታን,ބޫޓާން,ቡህታን,ブータン,ଭୁଟାନ,ບູຕານ,ប៊ូតាន,ประเทศภูฏาน,an Bhútáin,Bhoetan,Bhoutan,Bhután,Bhútán,Bhùtán,Bhwtan,Bikéyah,Botan,Botàna,Boutan,Budanh,Butaan,Butäan,Butaani,Butan,Bútan,Bûtan,Bután,Butàn,Butän,Butāna,Butanas,Butani,Butáni,Butania,Butano,Butão,Buutan,i-Bhutan,iBhuthani,Pūtani,Vutã,yn Vutaan,بۇتان,بوتان,بھوٹان,بوٗٹان,בהוטאן,בהוטן,Μπουτάν,Бутан,Бута́н,འབྲུག་རྒྱལ་ཁབ་,འབྲུག་ཡུལ།,འབྲུག་ཡུལ་,འབྲུགཡུལ་,Բութան,ბჰუტანი,भूटान,भूतान,ભૂતાન,భూటాన్,ਭੂਟਾਨ,ಭೂತಾನ್,பூட்டான்,ഭൂട്ടാൻ,ভুটান,ভূটান,ဘူတန်နိုင်ငံ,භූතානය,不丹	relation	184629	boundary	administrative	90.4057846	27.4745061	4	0.65					Bhutan	bt	Bhutan	88.7464724	26.7020160	92.1252320	28.2469870	Q917	dz:འབྲུག་ཡུལ་	
Serbia	ސާބިއާ,ሰርቢያ,セルビア,세르비아,ସର୍ବିଆ,ประเทศเซอร์เบีย,An t-Sèirb,An tSeirbia,ISebhiya,ISerbiya,Särbän,Sèbi,Seerbi,Serbi,Sérbia,Sèrbia,Serbía,Sérbíà,Serbie,Serbien,Serbija,Serbistan,Serbiya,Serbiýa,Sérbiye,Serbja,Serbujo,Seribiya,Sérvia,Servië,Servje,Serwië,Sevia,Sırbistan,Sirbya,Sirwiya,Srbija,Srbsko,Szerbia,Terbiya,Terepia,Yn Serb,سربیا,سربيا,صربستان,صربيا,סערביע,סרביה,Σερβία,Република Србија,Серби,Сербия,Сербія,Србија,Срьбїꙗ,Сърбия,སེར་བྷི་ཡ།,Սերբիա,სერბეთი,सर्बिया,సెర్బియా,ਸਰਬੀਆ,செர்பியா,സെർബിയ,সার্বিয়া,ဆားဘီးယားနိုင်ငံ,塞爾維亞	relation	1741311	boundary	administrative	21.0092352	44.2110867	4	0.65					Serbia	rs	Serbia	18.8142875	42.2322435	23.0063090	46.1900524	Q403		
Tajikistan	타지키스탄,ታጂኪስታን,タジキスタン,ތަޖިކިސްތާން,ତାଜିକିସ୍ତାନ,តាជីគីស្ថាន,ประเทศทาจิกิสถาน,An Táidsíceastáin,IThajiki,Pow Tajik,Tachiquistán,Tacikistan,Tacîkistan,Tacikistän,Tadjikistan,Tadjikitan,Tadschikistan,Tadsjikistan,Tadžikija,Tadžikistan,Tádžikistán,Tadžikistāna,Tadzikistania,Tadzjikistan,Tádzsikisztán,Tadżykistan,Tagikistan,Taĝikujo,Taidigeastàn,Tʼajiʼ Bikéyah,Täjigistan,Tajikisitani,Tajikistaan,Tajiquistão,Tatgiquistan,Taxhikistani,Taxiquistán,Tayikistan,Tayikistán,Tayiksuyu,Tažikistan,Tojikiston,Yn Tajikistaan,تاجکستان,تاجیکستان,تاجىكىستان,تاجيکستان,طاجيكستان,טאדזשיקיסטאן,טג'יקיסטן,Τατζικιστάν,Таджикистан,Таджикистанъ,Таджыкістан,Тажикистан,Тажикстан,Таҗикстан,Таџикистан,Тәжікстан,Тоҷикистон,ཏ་ཇག་ཀིསི་ཏཱན་,ཐ་ཇི་ཁེ་སི་ཏན།,Տաջիկստան,ტაჯიკეთი,ताजिकिस्तान,ताजिकिस्थान,તાજિકિસ્તાન,తజికిస్తాన్,ತಜಿಕಿಸ್ತಾನ್,தஜிகிஸ்தான்,താജിക്കിസ്ഥാൻ,তাজিকিস্তান,တာဂျစ်ကစ္စတန်နိုင်ငံ,ටජිකිස්ථාන්,塔吉克斯坦	relation	214626	boundary	administrative	70.9515149	38.8590052	4	0.65					Tajikistan	tj	Tajikistan	67.3308736	36.6711153	75.1539562	41.0450934	Q863	tg:Тоҷикистон	
Samoa	ሳሞአ,サモア,사모아,ସାମୋଆ,ຊາມົວ,សាមូអា,ประเทศซามัว,Haʻamoa,Hāmoa,i-Samoa,Malo Sa'oloto Tuto'atasi o Sāmoa,Orílẹ́ède Samọ,Samó,Sámoa,Sāmoa,Samóa,Samoä,Samoäa,Samoa nutome,Samoo,Samotha,Samovuäns,Samowa,Samowaa,Szamoa,ساموآ,ساموا,سیمووا,סמואה,Σαμόα,Самоа,ནུ་བ་ས་མོ་འ།,ས་མོ་ཨ,Սամոա,სამოა,समोआ,सामोआ,સમોઆ,సమోవా,ಸಮೋವಾ,சமோவா,സാമോവ,সামোয়া,සැමෝවා,萨摩亚	relation	1872673	boundary	administrative	-172.1282078	-13.7575141	4	0.65					Samoa	ws	Samoa	-173.0091865	-14.2770916	-171.1929229	-13.2381892	Q683	en:Sāmoa	
Gibraltar	지브롤터,ジブラルタル,ޖަބަލްޠާރިޤު,ଜିବ୍ରାଲେଟର,ยิบรอลตาร์,Cebelitarık,Cəbəli-Tariq,Chibraltar,Cîbraltar,Djibraltar,Gibartar,Gibilterra,Gibraaltar,Gíbraltar,Gibraltár,Gibraltaras,Ĝibraltaro,Gibraltārs,Giburalitari,Giobraltair,Giobráltar,Gjibraltari,Hibraltar,Jibraltaar,Jibraltar,Kāmaka,Xibraltar,جبل الطارق,جبل طارق,גיבראלטאר,גיברלטר,Γιβραλτάρ,Гибралтар,Гібралтар,Ջիբրալթար,გიბრალტარი,गिब्राल्टार,जिब्राल्टर,ਜਿਬਰਾਲਟਰ,ஜிப்ரால்ட்டர்,জিব্রাল্টার,ဂျီဘရော်လ်တာ,直布罗陀	relation	1278736	boundary	administrative	-5.3352772	36.1067469	4	0.65					Gibraltar	gi	Gibraltar	-5.4006553	36.0587550	-5.2766611	36.1550375	Q1410		
Myanmar	미얀마,ބަރުމާ,ምየንማ,ミャンマー,ମ୍ୟାନମାର,ประเทศพม่า,ປະເທດມຽນມາ,មីយ៉ាន់ម៉ា,Bimani,Birma,Birmania,Birmânia,Birmanie,Birmo / Mjanmao,Burma,Búrma,Byrmani,IMayanima,Maenmar,Mayanimari,Mianmar,Mianmarän,Mianmaras,Mienjdien,Mijanmar,Miyanmaar,Miyanmar,Mjanma,Mjanmar,Mjanmarsko,Myanma,Mýanma,Myanmara,بورما,بىرما,میانمار,ميانمار,מיאנמאר,מיאנמר,Μιανμάρ,Мианма,Мианмар,Мјанмар,Мьянмæ,Мьянма,Мьянмар,Мянма,М'янма,བྷར་མ།,མེ་མར་,Մյանմա,მიანმარი,म्यानमार,म्यान्मार,બર્મા,మయన్మార్,ਮਿਆਂਮਾਰ,ಮಯನ್ಮಾರ್,மியான்மர்,മ്യാന്മാർ,মায়ানমার,မြန်မာ,බුරුමය,缅甸	relation	50371	boundary	administrative	95.4628699	19.0425565	4	0.65					Myanmar	mm	Myanmar	92.1719423	9.5374999	101.1700795	28.5478350	Q836	my:မြန်မာနိုင်ငံ	
Mecklenburg-Vorpommern	Mäklänburgän-Vesudapomerän,Mecklembourg-Poméranie-Occidentale,Mecklemburgo-Pomerania Occidental,Mecklemburg – Pomerània Occidental,Mecklenburg-Etu-Pommeri,Mecklenburg-Predpomorjanska,Mecklenburg-Vorpommeria,Mecklenburg-Westa Pomerania,Meklemburgia-Pomorze Przednie,Meklenburgo-Antaŭpomerio,مكلنبورغ فوربمرن,Мекленбург-Западна Померанија,Мекленбург — Передня Померанія,Мекленбург-Передняя Померания	relation	28322	boundary	administrative	12.6313586	54.0457121	8	0.649479847846082				Mecklenburg-Vorpommern	Germany	de	Mecklenburg-Vorpommern, Germany	10.5938299	53.1098405	14.4122208	54.8849661	Q1196	de:Mecklenburg-Vorpommern	
Shizuoka	Prefektura Shizuoka,Ŝizuoko,Префектура Сідзуока,Сидзуока,静岡県	relation	3793581	boundary	administrative	138.5599467	35.0092189	8	0.649196841426612				Shizuoka	Japan	jp	Shizuoka, Japan	137.4741070	34.3724456	139.4207560	35.6459570	Q131320	ja:静岡県	
Karlsruhe	קרלסרוהה,Карлсруе,Карлсруэ	relation	62518	boundary	administrative	8.4097980	49.0158525	12	0.649162969735878			Karlsruhe	Baden-Württemberg	Germany	de	Karlsruhe, Regierungsbezirk Karlsruhe, Baden-Württemberg, Germany	8.2773142	48.9404699	8.5417298	49.0912838	Q1040	de:Karlsruhe	
Manipur	マニプル,Манипур,Маніпур,मणिपुर,ಮಣಿಪುರ,மணிப்பூர்,মণিপুৰ,曼尼普尔邦	relation	2027869	boundary	administrative	93.8656411	24.7658245	8	0.649086695881931				Manipur	India	in	Manipur, India	92.9737798	23.8336204	94.7452440	25.6976289	Q1193	en:Manipur	
Jharkhand	ジャールカンド,Джаркханд,Джхаркханд,झारखण्ड,ಝಾರ್ಖಂಡ್,சார்க்கண்ட்,贾坎德邦	relation	1960191	boundary	administrative	85.1638502	23.6575726	8	0.648997600040045				Jharkhand	India	in	Jharkhand, India	83.3234305	21.9667433	87.9735456	25.3484018	Q1184	en:Jharkhand	
Costa Rica	ኮስታ ሪካ,コスタリカ,코스타리카,ކޮސްޓަރީކާ,କୋଷ୍ଟାରିକା,ประเทศคอสตาริกา,Còsta Rica,Cósta Ríce,IKhosta-Likha,Kosita Rika,Kosta Riika,Kostarika,Kosta Rika,Kosta-Rika,Kosta Ríka,Kosta Rîka,Kóstá Rikà,Kostarikän,Kostariko,Kosta Rrika,Kostaryka,Kustarika,Ora Opulenta,Yn Coose Berçhagh,كوستاريكا,كوستارىكا,کاستاریکا,کوسټاریکا,کوسٹاریکا,קאסטא ריקא,קוסטה ריקה,Κόστα Ρίκα,Коста-Рикæ,Костарика,Коста Рика,Коста-Рика,Коста-Рыка,ཁོ་ས་ཏ་རི་ཁ,Կոստա Ռիկա,კოსტა-რიკა,कोस्टारिका,कोस्टा रिका,कोस्टा रीका,కోస్టారీకా,ਕੋਸਤਾ ਰੀਕਾ,ಕೋಸ್ಟಾ ರಿಕ,கோஸ்ட்டா ரிக்கா,കോസ്റ്റ റീക്ക,কোস্টা রিকা,ကော့စတာရီကာနိုင်ငံ,කෝස්ට රිකා,哥斯达黎加	relation	287667	boundary	administrative	-83.8237112	9.5773243	4	0.648759431354872					Costa Rica	cr	Costa Rica	-87.2722647	5.3329698	-82.5060208	11.2195684	Q800	es:Costa Rica	
Cleveland		relation	182130	place	city	-81.6683537	41.4984378	16	0.648742386925989		Cleveland	Cuyahoga County	Ohio	United States of America	us	Cleveland, Cuyahoga County, Ohio, United States of America	-81.8790938	41.3906280	-81.5327441	41.6044359	Q37320	en:Cleveland	
Portland		relation	186579	place	city	-122.6198887	45.5425842	16	0.648712548757419		Portland		Oregon	United States of America	us	Portland, Oregon, United States of America	-122.8367490	45.4325353	-122.4720252	45.6528812	Q6106	en:Portland, Oregon	
Pisa		relation	42527	boundary	administrative	10.3574041	43.6659192	16	0.648074255678853		Pisa	Pisa	Tuscany	Italy	it	Pisa, Pisa, Tuscany, Italy	10.2684553	43.5809058	10.4562830	43.7509346	Q13375	it:Pisa	
Porta a Mare		node	1948788074	place	suburb	10.3851667	43.7089095	20	0.648074255678853		Pisa	Pisa	Tuscany	Italy	it	Porta a Mare, Pisa, Pisa, Tuscany, Italy	10.3851667	43.7089095	10.3851667	43.7089095	Q13375	it:Pisa	
Edmonton		relation	2564500	boundary	administrative	-113.5464185	53.5559028	16	0.648018276724334		Edmonton		Alberta	Canada	ca	Edmonton, Alberta, Canada	-113.7136623	53.3956433	-113.2714783	53.7160698	Q2096	en:Edmonton	
Emilia-Romagna	Emilia-Romaña,Emilia-Romania,Emília-Romanya,Émilie-Romagne,Emilija-Romanija,Emilija - Romanja,EMR,Эмилия-Романья	relation	42611	boundary	administrative	11.1527695	44.4357731	8	0.647893232112683				Emilia-Romagna	Italy	it	Emilia-Romagna, Italy	9.1979117	43.7318997	12.7559006	45.1395001	Q1263	it:Emilia-Romagna	
Grenada	Grenade,Grenadeän,Grenado,Гренада,கிரெனடா	relation	550727	boundary	administrative	-61.6452431	12.1910000	4	0.647802536930448					Grenada	gd	Grenada	-62.0065869	11.7860000	-61.1732143	12.5966531	Q769	en:Grenada	
Azores	Açores,Acori,Acoroj,Asorane,Azore,Azoren,Azorene,Azorerna,Azori-szigetek,Azory,Azzorre,Região Autónoma dos Açores,الأزور,Азорские острова,アゾレス諸島	relation	1629146	boundary	administrative	-25.4730853	37.8085273	8	0.64775498097969				Azores	Portugal	pt	Azores, Portugal	-31.2756316	36.9276304	-25.0131793	39.7270413	Q25263	en:Azores	
Kaunas	Couna,Kowno,Каунас	relation	1567544	boundary	administrative	23.9557768	54.8900217	16	0.647516694532482		Kaunas	Kauno miesto savivaldybė	Kaunas County	Lithuania	lt	Kaunas, Kauno miesto savivaldybė, Kaunas County, Lithuania	23.7535258	54.8207445	24.1003800	54.9597455	Q4115712	lt:Kaunas	
Bergen		relation	404159	boundary	administrative	5.3792408	60.3560912	14	0.647342862448573			Bergen	Hordaland	Norway	no	Bergen, Hordaland, Norway	5.1445788	60.1760905	5.6867918	60.5360924	Q26793	no:Bergen	
Augsburg	アウクスブルク,เอาก์สบูร์ก,Augsburga,Augsburgo,Augusta,Augusta Vindelicorum,آوغسبورغ,Аугсбург,奥格斯堡	relation	62407	boundary	administrative	10.9017756	48.3584520	12	0.647281914710834			Augsburg	Bavaria	Germany	de	Augsburg, Swabia, Bavaria, Germany	10.7633615	48.2581444	10.9593327	48.4586541	Q2749	de:Augsburg	
Rennes	レンヌ,Condate,Renas,Roazhon,Рен,Ренн	relation	54517	boundary	administrative	-1.6813594	48.1159997	16	0.647142397442239		Rennes	Rennes	Metropolitan France	France	fr	Rennes, Rennes, Ille-et-Vilaine, Brittany, Metropolitan France, France	-1.7525877	48.0769155	-1.6244046	48.1549705	Q647	fr:Rennes	
Liguria	LIG,Ligúria,Ligurie,Ligurië,Ligurien,Ligurija,Ligurio,Лигурия	relation	301482	boundary	administrative	9.6857884	44.2261082	8	0.647059421652612				Liguria	Italy	it	Liguria, Italy	7.4951614	43.7756906	10.0720350	44.6764423	Q1256	it:Liguria	
Guinea-Bissau	ጊኔ-ቢሳው,ގީނީ-ބިސާއޫ,기니비사우,ギニアビサウ,ประเทศกินี-บิสเซา,Bisau Gvinėja,Bissau-Guinea,Ginea-Bisau,Gínea-Bissá,Ginea-Bissau,Gine-Bisaawo,Gine Bisaawóo,Gine-Bisao,Gine Bisau,Gine-Bisau,Gine-Bissau,Gîne-Bissau,Ginëe-Bisau,Gineya-Biso,Gineyän-Bisauän,Gíní Bisó,Gini-Bissau,Gini-Bitau,Guinea Bisau,Guinea-Bisau,Guinea-Bisáu,Guinea Bissau,Guinéa-Bissau,Guinèa Bissau,Guinea Bissaviensis,Guine-Bissau,Guiné-Bissau,Guineea-Bissau,Guinee-Bissau,Guinée-Bissau,Gvineja Bisau,Gvineja-Bisau,Gvineja-Bisava,Gvineja Bissau,Gvineo Bisaŭa,Gvineya-Bissau,Gwinea Bissau,Gwineýa-Bisau,Gyni-Bissaw,IGini Bisawu,IGiniya-Bhasawu,Khiniya-Wisaw,Kini Pihō,Qvineya-Bisau,Yn Ghuinea-Bissau,غينيا بيساو,گنی بساؤ,گینه بیسائو,گۋىنېيە بىسسائۇ,גינאה ביסאו,גינע-ביסאו,Γουινέα-Μπισσάου,Гвине-Бисау,Гвиней-Бисау,Гвинеја Бисао,Гвинеја-Бисау,Гвинея Бисау,Гвинея-Бисау,Гвінея-Бісау,གི་ནེ་-བི་སའོ།,Գվինեա Բիսաու,გვინეა-ბისაუ,गिनी-बिसाउ,गिनी-बिसाऊ,ਗਿਨੀ-ਬਿਸਾਊ,கினி-பிசாவு,ഗിനി-ബിസൗ,গিনি-বিসাউ,ဂင်းနီဗစ်ဆောနိုင်ငံ,幾內亞比索	relation	192776	boundary	administrative	-15.5355638	11.6688305	4	0.646884399790368					Guinea-Bissau	gw	Guinea-Bissau	-16.8945230	10.6514214	-13.6348777	12.6862384	Q1007	en:Guinea-Bissau	
Turku	Åbo,Turu,Турку	relation	399906	boundary	administrative	22.3299162	60.5354051	16	0.646656186982921		Turku	Turun seutukunta	Mainland Finland	Finland	fi	Turku, Turun seutukunta, Finland Proper, South-Western Finland, Mainland Finland, Finland	22.0661599	60.3335221	22.4581649	60.7372962	Q38511	fi:Turku	
Nova Scotia	노바스코샤 주,รัฐโนวาสโกเชีย,Albain Nua,Alban Nowydh,Alba Nuadh,Eskozia Berria,Jaunskotija,Nalbin Noa,Naujoji Škotija,Neuschottland,Nij-Skotlân,Noua Scoție,Nouvelle-Écosse,Nova Escocia,Nova Escócia,Nova Escòcia,Nòva Escòcia,Nova Scotia pruwinsya,Nova Skotia,Nova Škotska,Nové Skotsko,Nové Škótsko,Nov-Skotio,Nowa Skotiye Ölkisi,Nowa Szkocja,Nueva Escocia,Nuova Scozia,Skocia e Re,Skos Nevez,Új-Skócia,Yangi Shotlandiya,Yeni İskoçya,Yeni Şotlandiya,نوا اسکوشیا,نوفا سكوشا,نووا سکوشیا,נאווע סקאשע,נובה סקוטיה,Νέα Σκωτία,Нова Скотия,Нова Скоша,Нова Шкотска,Нова Шотландія,Новая Шотландия,Ног Шотланди,Правінцыя Новая Шатландыя,Նոր Շոտլանդիա,ახალი შოტლანდია,नोव्हा स्कॉशिया,ਨੋਵਾ ਸਕੋਸ਼ਾ,நோவா ஸ்கோசியா,ノバスコシア州,新斯科舍省	relation	390558	boundary	administrative	-62.9876106	45.2571554	8	0.646405136026839				Nova Scotia	Canada	ca	Nova Scotia, Canada	-66.4470816	43.2718197	-59.6188300	47.2350806	Q1952	en:Nova Scotia	
Aisne	Эна	relation	7411	boundary	administrative	3.6068990	49.4532854	12	0.646312406369923			Aisne	Metropolitan France	France	fr	Aisne, Hauts-de-France, Metropolitan France, France	2.9579506	48.8372136	4.2557495	50.0693877	Q3093	fr:Aisne (département)	
Raleigh		relation	179052	place	city	-78.6435106	35.8481560	16	0.646130992720778		Raleigh		North Carolina	United States of America	us	Raleigh, North Carolina, United States of America	-78.8190490	35.7082499	-78.4710530	35.9717230	Q41087	en:Raleigh, North Carolina	
São Paulo	ሳው ፓውሉ,ސައޮ ޕައުލޯ,상파울루,サンパウロ,เซาเปาลู,Paulopolis,Sampa,San Pablo,San Paolo,San Paulas,San Paulo,San-Paŭlo,Sanpaulu,San-Paulu,San Pauluw,San Pawlo,Sao Paulo,Sawo Pålo,ساو باولو,ساؤ پالو,سائوپائولو,סאו פאולא,סאו פאולו,Σάο Πάολο,Сан Паулу,Сан-Паулу,Сан-Паўлу,Сао Паоло,Сао Пауло,Սան Պաուլո,სან-პაულუ,साओ पाउलो,साओ पाओलो,ਸਾਓ ਪਾਓਲੋ,சாவோ பாவுலோ,സാവോ പോളോ,সাঁউ পাউলু,聖保羅	relation	298285	boundary	administrative	-46.7164988	-23.6815905	16	0.64612213072041		São Paulo	Microrregião de São Paulo	Southeast Region	Brazil	br	São Paulo, Microrregião de São Paulo, Região Metropolitana de São Paulo, Mesorregião Metropolitana de São Paulo, São Paulo, Southeast Region, Brazil	-46.8264087	-24.0070000	-46.3650899	-23.3570000	Q174	pt:São Paulo (cidade)	
Mannheim	マンハイム,Manhemium,Μάνχαϊμ,Мангейм,Маннгейм,Манхајм,曼海姆	node	240060919	place	city	8.4672359	49.4895910	16	0.645877966092028			Mannheim	Baden-Württemberg	Germany	de	Mannheim, Mannheim, Regierungsbezirk Karlsruhe, Baden-Württemberg, Germany	8.4672359	49.4895910	8.4672359	49.4895910	Q2119	de:Mannheim	
Mannheim	マンハイム,Manhemium,מנהיים,Μάνχαϊμ,Мангейм	relation	62691	boundary	administrative	8.5103546	49.5003678	12	0.645877966092028			Mannheim	Baden-Württemberg	Germany	de	Mannheim, Regierungsbezirk Karlsruhe, Baden-Württemberg, Germany	8.4141601	49.4103619	8.5899902	49.5904894	Q2119	de:Mannheim	
Utrecht		relation	1433619	boundary	administrative	5.1276803	52.0809516	20	0.645673071427456		Utrecht	Bestuur Regio Utrecht	Netherlands	The Netherlands	nl	Utrecht, Utrecht, Bestuur Regio Utrecht, Utrecht, Netherlands	5.0041608	52.0262819	5.1951549	52.1356715	Q803	nl:Utrecht (stad)	
Utrecht	위트레흐트	relation	419203	boundary	administrative	5.0988032	52.0841923	16	0.645673071427456		Utrecht	Bestuur Regio Utrecht	Netherlands	The Netherlands	nl	Utrecht, Bestuur Regio Utrecht, Utrecht, Netherlands	4.9700960	52.0262819	5.1951549	52.1420505	Q803	nl:Utrecht (stad)	
Hiroshima	Hirošima,Hiroŝimo,Hirosjima,Xirosima,هيروشيما,Χιροσίμα,Хиросима,Хирошима,Ҳирошима,Хірасіма,Хіросіма,ஹிரோஷிமா,広島市,廣島市	relation	4097196	boundary	administrative	132.4043228	34.4502430	14	0.645539106730874			Hiroshima	Hiroshima	Japan	jp	Hiroshima, Hiroshima, Japan	132.1785449	34.2857458	132.6960979	34.6147670	Q34664	ja:広島市	
Autopista: Mérida - El Vigía	Autopista: Rafael Caldera	way	79096099	highway	trunk	-71.5708904	8.4813395	26	0.645315236387	Autopista: Mérida - El Vigía		Municipio Antonio Pinto Salinas	Mérida	Venezuela	ve	Autopista: Mérida - El Vigía, Municipio Antonio Pinto Salinas, Mérida, Venezuela	-71.5768776	8.4797707	-71.5699613	8.4903366		es:Autopista: Rafael Caldera	
Autopista Mérida - El Vigía	Autopista: Rafael Caldera	way	70514356	highway	trunk	-71.5930586	8.5593147	26	0.645315236387	Autopista Mérida - El Vigía		Municipio Alberto Adriani	Mérida	Venezuela	ve	Autopista Mérida - El Vigía, Municipio Alberto Adriani, Mérida, Venezuela	-71.6385414	8.5025694	-71.5800001	8.6090819		es:Autopista: Rafael Caldera	
Autopista Mérida - El Vigía	Autopista: Rafael Caldera	way	164761439	highway	trunk	-71.5781000	8.4922200	26	0.645315236387	Autopista Mérida - El Vigía		Municipio Antonio Pinto Salinas	Mérida	Venezuela	ve	Autopista Mérida - El Vigía, Municipio Antonio Pinto Salinas, Mérida, Venezuela	-71.5832783	8.4903018	-71.5768114	8.5025955		es:Autopista: Rafael Caldera	
Aachen	Achenas,Āhene,Aix-la-Chapelle,Akwizgran,Aquisgrán,Aquisgrão,Άαχεν,Ахен	relation	62564	boundary	administrative	6.1117977	50.7596725	16	0.645270372582571		Aachen	Städteregion Aachen	North Rhine-Westphalia	Germany	de	Aachen, Städteregion Aachen, Cologne Government Region, North Rhine-Westphalia, Germany	5.9748624	50.6621398	6.2180747	50.8572448	Q1017	de:Aachen	
Hanoi	ハノイ,Hà Nội,Thành phố Hà Nội,河內市	relation	1903516	boundary	administrative	105.6755630	20.9749006	8	0.645180554917885				Hanoi	Vietnam	vn	Hanoi, Vietnam	105.2848986	20.5645153	106.0200724	21.3852777	Q1858	vi:Hà Nội	
District of Chandigarh		relation	1942816	boundary	administrative	76.7705033	30.7351539	10	0.645126606575269			District of Chandigarh	Chandigarh	India	in	District of Chandigarh, Chandigarh, India	76.6907344	30.6707358	76.8281059	30.7991075	Q5071071	en:Chandigarh	
Chandigarh	찬디가르,チャンディーガル,Union Territory of Chandīgarh,Чандигарх,Чандігарх,चण्डीगढ़,சண்டிகர்,昌迪加尔中央直辖区	relation	1942809	boundary	administrative	76.7705033	30.7351539	8	0.645126606575269				Chandigarh	India	in	Chandigarh, India	76.6907344	30.6707358	76.8281059	30.7991075	Q43433	en:Chandigarh	
Meghalaya	メーガーラヤ,Мегхалая,Меґхалая,मेघालय,ಮೆಘಾಲಯ,மேகாலயா,মেঘালয়,梅加拉亚邦	relation	2027521	boundary	administrative	91.2628331	25.5711846	8	0.645032092519261				Meghalaya	India	in	Meghalaya, India	89.8218170	25.0249481	92.8042954	26.1186636	Q1195	en:Meghalaya	
Kiel		relation	27021	boundary	administrative	10.1444037	54.3418157	12	0.644774881513398			Kiel	Schleswig-Holstein	Germany	de	Kiel, Schleswig-Holstein, Germany	10.0329283	54.2507054	10.2186177	54.4329395	Q1707	de:Kiel	
Yunnan	윈난 성,มณฑลยูนนาน,Junan,Junanas,Junano,Junnan,Jünnan,Jün-nan,Juņnaņa,Vân Nam,Yinznanz,Younnan,Yunan,Yunnan pruwinsya,یوننان,یون‌نان,يۈننەن ئۆلكىسى,يونان,יונאן,Γιουνάν,Јунан,Правінцыя Юньнань,Юннан,Юньнань,Юньнань муж,ཡུན་ནན་ཞིང་ཆེན།,Յուննան,იუნანი,युइन्नान,युन्नान,யுன்னான்,ইউন্নান,ယူနန်ပြည်နယ်,云南省,雲南省	relation	913094	boundary	administrative	101.2673668	25.1845627	8	0.644598325441566				Yunnan	China	cn	Yunnan, China	97.5280041	21.1431390	106.1942061	29.2257205	Q43194	zh:云南省	
Surrey	Суррей	relation	57582	boundary	administrative	-0.3414524	51.2715315	12	0.644575656425888			Surrey	England	United Kingdom	gb	Surrey, South East, England, United Kingdom	-0.8489290	51.0714966	0.0582163	51.4715642	Q23276	en:Surrey	
Dominica	Dominika,Dominikeän,Dominiko,Dominique,Доминика,Домініка	relation	307823	boundary	administrative	-61.3423983	15.3970110	4	0.644539370069609					Dominica	dm	Dominica	-61.6869184	15.0074207	-61.0329895	15.7872221	Q784	en:Dominica	
Navarre	Comunidad Foral de Navarra,Nafarroa,Navarra,Navarra / Nafarroa,Nawarra,Навара,Наварра	relation	349027	boundary	administrative	-1.8307877	42.6125487	8	0.644457653977387				Navarre	Spain	es	Navarre, Spain	-2.4999443	41.9098937	-0.7233368	43.3149461	Q4018	fr:Communauté forale de Navarre	
Minas Gerais	ミナス ジェライス,미나스제라이스,มีนัสเชไรส์,Fodinae Generales,MG,Minas-Ĝerajso,Minas Grais,Minas-Jerays,Minas Xerais,Minasžeraisa,Minas Žeraisas,میناس گرایس,ميناس جيرايس,מינאס ז'ראיס,Минас Жераис,Минас Жерайс,Минас-Жерайс,Минаш Жераис,Мінас-Жерайс,Мінас-Жэрайс,Մինաս Ժերայս,მინას-ჟერაისი,मिनास जेराईस,मिनास जेरायज़,米纳斯吉拉斯	relation	315173	boundary	administrative	-45.1852131	-18.5771281	8	0.644448568267886				Southeast Region	Brazil	br	Minas Gerais, Southeast Region, Brazil	-51.0450000	-22.9227553	-39.8567835	-14.2318211	Q39109	pt:Minas Gerais	
Dubai	ドバイ,Dubái,Dubaï,Dubaj,Dubayy,Dubey,دبي,Дубаи,Дубай,दुबई,ದುಬೈ,ദുബായ്,迪拜	node	31248510	place	city	55.2961961	25.2683521	16	0.644243814001282				Dubai	United Arab Emirates	ae	Dubai, Dubai, United Arab Emirates	55.2961961	25.2683521	55.2961961	25.2683521	Q612	en:Dubai	
Haifa	ሐይፋ,하이파,ハイファ,حيفا,חיפה,Хайфа	relation	1387888	place	city	35.0085114	32.8002476	16	0.644198228110438		Haifa		Haifa District	Israel	il	Haifa, Haifa District, Israel	34.9540443	32.7573490	35.0795113	32.8429143	Q41621	en:Haifa	
South Carolina	사우스캐롤라이나,รัฐเซาท์แคโรไลนา,Carolina del Sud,Carolina del Sur,Carolina do Sul,Carolina d'o Sur,Carolina do Sur,Carolina Meridionalis,Carolina Selatan,Carolina Theas,Carolina Yiass,Caroline du Sud,Cənubi Karolina,De Carolina,Dél-Karolina,Dienvidkarolīna,Etelä-Carolina,Hego Carolina,Janubiy Karolina,Jižní Karolína,Južna Carolina,Južna Karolina,Južná Karolína,Karôlina Antsimo,Karolina Dheghow,Karolina Południowa,Karolin disid,Lõuna-Carolina,Nam Carolina,Pietų Karolina,Shádiʼááhjí Kééláanah Hahoodzo,Sør-Carolina,Suda Karolino,Süd-Carolina,Súd Karolina,Suður-Karólína,Suid-Carolina,كارولاينا الجنوبية,کارولینای جنوبی,דרום קאראליינע,קרוליינה הדרומית,Νότια Καρολίνα,Јужна Каролина,Кăнтăр Каролина,Көньяк Каролина,Південна Кароліна,Хуссар Каролинæ,Южна Каролина,Южная Каролина,Հարավային Կարոլինա,სამხრეთი კაროლინა,साउथ कॅरोलिना,தென் கரொலைனா,തെക്കന്‍ കരൊലൈന,সাউথ ক্যারোলাইনা,南卡罗来纳州,サウスカロライナ州	relation	224040	boundary	administrative	-80.5592728	33.6256142	8	0.644088695497032				South Carolina	United States of America	us	South Carolina, United States of America	-83.3539979	32.0333125	-78.4993010	35.2155399	Q1456	en:South Carolina	
Amiens	아미앵,アミアン,อาเมียง,Amjenas,Samarobriva,امیان,أميان,אמיין,Αμιάν,Ам’ен,Амјен,Амьен,Ամյեն,ამიენი,आमियां,亞眠	relation	114347	boundary	administrative	2.2724569	49.8987004	16	0.643786555954564		Amiens	Amiens	Metropolitan France	France	fr	Amiens, Amiens, Somme, Hauts-de-France, Metropolitan France, France	2.2235574	49.8468370	2.3457766	49.9505486	Q41604	fr:Amiens	
Lublin	Люблин,Люблін	relation	2206549	boundary	administrative	22.5546775	51.2181945	12	0.643754430937589			Lublin	Lublin Voivodeship	Poland	pl	Lublin, Lublin Voivodeship, Poland	22.4537880	51.1398128	22.6735425	51.2965553	Q37333	pl:Lublin	
Lublin		relation	2904798	boundary	administrative	22.5546775	51.2181945	14	0.643754430937589			Lublin	Lublin Voivodeship	Poland	pl	Lublin, Lublin, Lublin Voivodeship, Poland	22.4537880	51.1398128	22.6735425	51.2965553	Q37333	pl:Lublin	
Lublin		relation	2904797	boundary	administrative	22.5546775	51.2181945	16	0.643754430937589		Lublin	Lublin	Lublin Voivodeship	Poland	pl	Lublin, Lublin, Lublin, Lublin Voivodeship, Poland	22.4537880	51.1398128	22.6735425	51.2965553	Q37333	pl:Lublin	
Tervuren	Тервюрен	relation	207264	boundary	administrative	4.5474670	50.8306689	16	0.643565960751168		Tervuren	Leuven	Flanders	Belgium	be	Tervuren, Leuven, Flemish Brabant, Flanders, Belgium	4.4476048	50.7938148	4.5864205	50.8674578	Q456544	nl:Tervuren	
Mizoram	ミゾラム,Мизорам,Мізорам,मिज़ोरम,மிசோரம்,米佐拉姆邦	relation	2029046	boundary	administrative	92.8666992	23.2376748	8	0.643312300949306				Mizoram	India	in	Mizoram, India	92.2592695	21.9536109	93.4373695	24.5210507	Q1502	en:Mizoram	
Kanto	Kantō,Kanto regionas,Region Kantō,Канто,Регіон Канто,関東地方	relation	1803923	boundary	administrative	139.8340281	35.3028999	30	0.64326607782278					Japan	jp	Kanto, Japan	135.8536854	20.2145810	154.2055410	37.1550630	Q132480	ja:関東地方	
Orléans	オルレアン,Cenabum,Orleães,Orlean,Orleanas,Orleans,أورليان,אורליאן,Ορλεάνη,Орлеан	relation	147559	boundary	administrative	1.9173155	47.8733434	16	0.643150380559335		Orléans	Orléans	Metropolitan France	France	fr	Orléans, Orléans, Loiret, Centre-Loire Valley, Metropolitan France, France	1.8757577	47.8132802	1.9487114	47.9335388	Q6548	fr:Orléans	
Besançon	브장송,ブザンソン,เบอซ็องซง,Bezansona,Bezansonas,Vesontio,بزانسون,بیزانسون,بيزنسون,בזאנסון,בעזאנסאן,Μπεζανσόν,Безансон,Բեզանսոն,ბეზანსონი,बेझाँसों,贝桑松	relation	103599	boundary	administrative	6.0184852	47.2603235	16	0.643145748518365		Besançon	Besançon	Metropolitan France	France	fr	Besançon, Besançon, Doubs, Bourgogne-Franche-Comté, Metropolitan France, France	5.9409699	47.2006872	6.0834844	47.3200746	Q37776	fr:Besançon	
Hampshire		relation	172799	boundary	administrative	-1.2434094	51.0448354	12	0.642853283657461			Hampshire	England	United Kingdom	gb	Hampshire, South East, England, United Kingdom	-1.9572806	50.7057403	-0.7293437	51.3839153	Q23204	en:Hampshire	
Porto	Município do Porto,PRT,بورتو	relation	3372453	boundary	administrative	-8.6251788	41.1622159	14	0.642820708763285			Porto	North	Portugal	pt	Porto, Porto, North, Portugal	-8.6912942	41.1383506	-8.5520091	41.1859353	Q36433	pt:Porto	
Bilbao	빌바오,ビルバオ,บิลบาโอ,Bilbau,Bilbaum,Bilbo,بلباو,بیلبائو,בילבאו,Μπιλμπάο,Билбао,Бильбао,Більбаа,Більбао,Բիլբաո,ბილბაო,बिल्बाओ,毕尔巴鄂	relation	339549	boundary	administrative	-2.9353881	43.2521707	16	0.642755511512175		Bilbao	Greater Bilbao	Basque Country	Spain	es	Bilbao, Greater Bilbao, Biscay, Basque Country, Spain	-2.9859809	43.2139014	-2.8802640	43.2903203	Q8692	eu:Bilbo	
Taipei	타이베이 시,Đài Bắc,Taipeh,Тайбэй,台北市,臺北市	relation	1293250	boundary	administrative	121.5643773	25.0857181	8	0.642536170724015				Taipei	Taiwan	tw	Taipei, Taiwan	121.4570149	24.9603409	121.6658901	25.2102356	Q1867	zh:臺北市	
Somerset	Сомерсет,Сомерсэт	relation	72894	boundary	administrative	-3.0086255	51.0768451	12	0.64242388986981			Somerset	South West England	United Kingdom	gb	Somerset, South West England, United Kingdom	-3.8398029	50.8208387	-2.2444018	51.3329994	Q23157	en:Somerset	
Regensburg	Řezno	relation	62411	boundary	administrative	12.1010870	49.0215974	12	0.642391105878102			Regensburg	Bavaria	Germany	de	Regensburg, Upper Palatinate, Bavaria, Germany	12.0290745	48.9667456	12.1916078	49.0764158	Q2978	de:Regensburg	
Old Town of Regensburg with Stadtamhof	Altstadt von Regensburg mit Stadtamhof	relation	5762849	highway	residential	12.0974470	49.0178922	22	0.642391105878102		Old Town of Regensburg with Stadtamhof	Regensburg	Bavaria	Germany	de	Old Town of Regensburg with Stadtamhof, Regensburg, Upper Palatinate, Bavaria, Germany	12.0823431	49.0122527	12.1082022	49.0264715	Q2978	de:Regensburg	
Leeds	リーズ,Ledesia,Lidsas,Лидс,Лідс	node	358309	place	city	-1.5437941	53.7974185	16	0.642156467699843			Yorkshire and the Humber	England	United Kingdom	gb	Leeds, Yorkshire and the Humber, England, United Kingdom	-1.5437941	53.7974185	-1.5437941	53.7974185	Q39121	en:Leeds	
Essen		relation	62713	boundary	administrative	7.0453424	51.4410231	12	0.642147065091383			Essen	North Rhine-Westphalia	Germany	de	Essen, Regierungsbezirk Düsseldorf, North Rhine-Westphalia, Germany	6.8943441	51.3475713	7.1376499	51.5342019	Q2066	de:Essen	
Masovian Voivodeship	Mazovia Provinco,Mazovie,Mazovijos vaivadija,Mazovijsko vojvodstvo,Mazovjecko vojvodstvo,Mazovské vojvodství,mazowieckie,Mazowsze,Voivodato de Mazovia,Woiwodschaft Masowien,Woiwodschap Mazovië,województwo mazowieckie,Мазавецкае ваяводства,Мазовецкое воеводство,Мазовецьке воєводство,マゾフシェ県	relation	130935	boundary	administrative	21.5626682	52.2475799	8	0.642142363293203				Masovian Voivodeship	Poland	pl	Masovian Voivodeship, Poland	19.2592144	51.0131370	23.1284088	53.4818055	Q54169	pl:Województwo mazowieckie	
Avignon	アヴィニョン,Avignone,Avinhão,Avinhon,Aviñón	relation	102478	boundary	administrative	4.8368285	43.9417010	16	0.641883255894043		Avignon	Avignon	Metropolitan France	France	fr	Avignon, Avignon, Vaucluse, Provence-Alpes-Côte d'Azur, Metropolitan France, France	4.7396308	43.8866491	4.9271468	43.9967419	Q6397	fr:Avignon	
Tripura	トリプラ,Трипура,Тріпура,त्रिपुरा,திரிபுரா,特里普拉邦	relation	2026458	boundary	administrative	91.7148491	23.7430554	8	0.641854929031185				Tripura	India	in	Tripura, India	91.1563890	22.9430560	92.3368754	24.5436110	Q1363	en:Tripura	
Western Australia	Australia Zachodnia,Okcidenta Aŭstralio,Vakarų Australija,Vesüda-Laustralän,West-Australië,Westaustralien,Западная Австралия,ಪಶ್ಚಿಮ ಆಸ್ಟ್ರೇಲಿಯ,西オーストラリア,西澳大利亚州	relation	2316598	boundary	administrative	121.0913794	-24.3058878	8	0.641798239418396				Western Australia	Australia	au	Western Australia, Australia	112.6997261	-35.3919753	129.0020561	-13.2244049	Q3206	en:Western Australia	
Limousin	Lemosin,Lemosín,Lemovicensis,Limoĝio,Limosino,Limusino,Limuzínsko,Llemosí,Лимузен,Лімузен	relation	8644	boundary	administrative	1.6347606	45.6879095	30	0.641528308006902				New Aquitaine	France	fr	Limousin, New Aquitaine, France	0.6293431	44.9204855	2.6114965	46.4553387	Q1190	fr:Limousin	
Nagaland	ナガランド,Нагаленд,नागालैण्ड,ನಾಗಲಾಂಡ್,நாகாலாந்து,নাগালেণ্ড,নাগাল্যান্ড,那加兰邦	relation	2027973	boundary	administrative	94.5557920	26.1211653	8	0.641314434850012				Nagaland	India	in	Nagaland, India	93.3267005	25.2021101	95.2480479	27.0427994	Q1599	en:Nagaland	
Morter		node	401444978	place	hamlet	10.8222510	46.6063309	19	0.641304913541955		Latsch - Laces	Vinschgau - Val Venosta	Trentino-Alto Adige/Südtirol	Italy	it	Morter, Latsch - Laces, Vinschgau - Val Venosta, South Tyrol, Trentino-Alto Adige/Südtirol, Italy	10.8222510	46.6063309	10.8222510	46.6063309	Q445341	de:Morter	
Comoros	Comoras,Comores,Comores Komori جزر القمر,Komoren,Komorerna,Komori,Komoroj,Komoruäns,Komory,جزر القمر,Комори,Коморские острова,Коморські Острови,கொமொரோசு	relation	535790	boundary	administrative	43.3965498	-11.8925000	4	0.641266814798577					Comoros	km	Comoros	43.0253050	-12.6210000	44.7451921	-11.1650000	Q970	ar:جزر القمر	
New Hampshire	뉴햄프셔,รัฐนิวแฮมป์เชียร์,Bagong Hampshire,Çĕнĕ Гэмпшир,Hampshire Berria,Hampshire Nowydh,Hampshire Nuadh,Naujasis Hampšyras,Niihémpshoo Hahoodzo,Nij Hampshire,Nou Anpchi,Nou Hampshire,Nòu Hampshire,Nova Hampshire,Nova Hantonia,Nov-Hampshire,Nov-Hampŝiro,Nueba Hampshire,Nuevo Hampshire,Ņūhempšīra,Nyu-Hempşir,N'yu-Xempshir,Pyahu Hampshire,Tchiaq Hampshire,نیو ہیمپشائر,نیوهمپشر,نيوهامشير,ניו המפשייר,ניו העמפשער,Νιου Χάμσαϊρ,Нью-Гемпшир,Нью-Гэмпшир,Нью-Хэмпшир,Ню Хампшър,Њу Хемпшир,Նյու Հեմպշիր,ნიუ-ჰემფშირი,नया हेम्पशायर,न्यू हॅम्पशायर,நியூ ஹாம்சயர்,ന്യൂ ഹാംഷെയര്‍,নিউ হ্যাম্প্‌শায়ার,ニューハンプシャー州,新罕布什尔州	relation	67213	boundary	administrative	-71.5518784	44.0013517	8	0.640903794142331				New Hampshire	United States of America	us	New Hampshire, United States of America	-72.5571234	42.6970416	-70.5613593	45.3057788	Q759	en:New Hampshire	
Caen	カーン,كاين,Кан	relation	149197	boundary	administrative	-0.3738586	49.1846157	16	0.640683113540648		Caen	Caen	Metropolitan France	France	fr	Caen, Caen, Calvados, Normandy, Metropolitan France, France	-0.4137771	49.1530145	-0.3307282	49.2162655	Q41185	fr:Caen	
Yerevan	예레반,ዬሬቫን,エレバン,เยเรวาน,Eireaván,Erevan,Ereván,Erevàn,Erevāna,Erevano,Erevanum,Erivan,Êrîvan,Eriwan,Erywań,Iereván - Երեվան,İrəvan,Jerevan,Jereván,Jerevanas,Jerevani,Jerewan,Yérévan,Yiriwan,ایروان,یریوان,يېرېۋان,يريفان,יערעוואן,ירוואן,Γιερεβάν,Ереван,Ерэван,Єреван,Јереван,ཡེ་རེ་ཝན།,Երևան,ერევანი,येरवान प्रान्त,येरेवान,येरेव्हान,யெரெவான்,ইয়েরেভান,葉里溫	relation	364087	place	city	44.5309121	40.1710762	16	0.640548430141307		Yerevan			Armenia	am	Yerevan, Armenia	44.4115546	40.0781711	44.6460194	40.2624100	Q1953	en:Yerevan	
Parma		relation	43452	boundary	administrative	10.3315243	44.7826490	16	0.640495444781837		Parma	Parma	Emilia-Romagna	Italy	it	Parma, Parma, Emilia-Romagna, Italy	10.2145574	44.6639752	10.4430680	44.9018698	Q2683	it:Parma	
Victoria	ビクトリア,Viktorija,Viktorio,Wiktoria,Виктория,维多利亚州	relation	2316741	boundary	administrative	144.5897986	-36.5939269	8	0.640418300430076				Victoria	Australia	au	Victoria, Australia	140.9619016	-39.2068953	150.2018239	-33.9807974	Q36687	en:Victoria (Australia)	
Henan	Che-nan,Hà Nam,Хэнань,中原,河南省	relation	407492	boundary	administrative	113.0813081	33.8759727	8	0.6403796949816				Henan	China	cn	Henan, China	110.3547897	31.3844585	116.6447310	36.3667791	Q43684	zh:河南省	
Shandong	Sơn Đông,Шаньдун,山东省,山東省	relation	913006	boundary	administrative	118.7458553	36.4502479	8	0.640065199908907				Shandong	China	cn	Shandong, China	114.8169102	34.3785777	122.9567578	38.5218329	Q43407	zh:山东省	
Essex		relation	180904	boundary	administrative	0.5793388	51.7967046	12	0.640021538071268			Essex	England	United Kingdom	gb	Essex, East of England, England, United Kingdom	-0.0197698	51.5007502	1.2967162	52.0926625	Q23240	en:Essex	
Gironde	지롱드,ฌีรงด์,Gironda,Girundia,Jironda,Xironda,Žironda,Żyronda,جيروند,ژیروند,ז'ירונד,Жиронда,Жыронда,Ժիրոնդ,ჟირონდა,जिरोंद,吉倫特省,ジロンド県	relation	7405	boundary	administrative	-0.6051265	44.8837459	12	0.639992414393746			Gironde	New Aquitaine	France	fr	Gironde, New Aquitaine, France	-1.2613787	44.1938903	0.3146497	45.5958329	Q12526	fr:Gironde (département)	
Oise	Уаза	relation	7427	boundary	administrative	2.4064878	49.4120545	12	0.639977847815147			Oise	Metropolitan France	France	fr	Oise, Hauts-de-France, Metropolitan France, France	1.6888668	49.0605249	3.1658300	49.7637445	Q12675	fr:Oise (département)	
Magdeburg	Magdeburk	relation	62481	boundary	administrative	11.6289729	52.1259230	12	0.63970048052527			Magdeburg	Saxony-Anhalt	Germany	de	Magdeburg, Saxony-Anhalt, Germany	11.5172511	52.0238362	11.7666901	52.2283456	Q1733	de:Magdeburg	
Potsdam	Postupim,Потсдам	relation	62369	place	city	13.0241782	52.4284127	16	0.639656580731155		Potsdam		Brandenburg	Germany	de	Potsdam, Brandenburg, Germany	12.8867757	52.3420410	13.1682033	52.5146876	Q1711	de:Potsdam	
Calvados	Кальвадос	relation	7453	boundary	administrative	-0.2413952	49.0907648	12	0.639637060492067			Calvados	Metropolitan France	France	fr	Calvados, Normandy, Metropolitan France, France	-1.1597715	48.7516623	0.4466332	49.4298652	Q3249	fr:Calvados (département)	
Mayotte	마요트,ሜይኦቴ,マヨット,มายอต,ມາຢອດ,ମାୟୋଟେ,ម៉ាយុត,i-Mayotte,Majota,Majotas,Majote,Majoto,Majotta,Majotte,Maore,Mayoot,Mayot,Mayote,Mäyôte,Mayɔte,Mayotɛ,Mayoti,Mayotte nutome,Mayôty,Meioti,Orílẹ́ède Mayote,مایوت,مایوٹ,مايوت,مَییٹ,מאיוט,Μαγιότ,Маёта,Майотта,Мајоте,Мейот,མེ་ཡོཊ,मायोट्ट,मायोट्टे,मैयट,મેયોટ,మాయొట్టి,ಮಯೊಟ್ಟೆ,மயோத்,മയോട്ട്,মায়োত্তে,මයෝටි,马约特	relation	1259885	boundary	administrative	45.1294935	-12.8212109	6	0.639412168788797				Mayotte	France	fr	Mayotte, France	44.7436675	-13.2732554	45.5070346	-12.3790271	Q17063	fr:Mayotte	
Mayotte	Département de Mayotte,Майотта	relation	3388394	boundary	administrative	45.1486261	-12.8253862	12	0.639412168788797			Mayotte	Mayotte	France	fr	Mayotte, Mayotte, Mayotte, France	45.0183298	-13.0210119	45.2999916	-12.6365902	Q17063	fr:Mayotte	
Mayotte	마요트,ሜይኦቴ,マヨット,มายอต,ມາຢອດ,ମାୟୋଟେ,ម៉ាយុត,i-Mayotte,Majota,Majotas,Majote,Majoto,Majotta,Majotte,Mayoot,Mayot,Mayote,Mäyôte,Mayɔte,Mayotɛ,Mayoti,Mayotte nutome,Mayôty,Meioti,Orílẹ́ède Mayote,مایوت,مایوٹ,مايوت,مَییٹ,מאיוט,Μαγιότ,Маёта,Майотта,Мајоте,Мейот,མེ་ཡོཊ,मायोट्ट,मायोट्टे,मैयट,મેયોટ,మాయొట్టి,ಮಯೊಟ್ಟೆ,மயோத்,മയോട്ട്,মায়োত্তে,මයෝටි,马约特	relation	1363069	boundary	administrative	45.1486261	-12.8253862	8	0.639412168788797				Mayotte	France	fr	Mayotte, Mayotte, France	45.0183298	-13.0210119	45.2999916	-12.6365902	Q17063	fr:Mayotte	
West Virginia	웨스트버지니아,รัฐเวสต์เวอร์จิเนีย,Batı Virjinya,Birchinia Ozidental,Eʼeʼaahjí Bijiniyah Hahoodzo,G`arbiy Virjiniya,Gorllewin Virginia,Kanaknaq Virginia,Kanlurang Virginia,Kuarahyresẽ Virginia,Lääne-Virginia,Länsi-Virginia,Mendebaldeko Virginia,Nyugat-Virginia,Okcidenta Virginio,Qərbi Virciniya,Rietumvirdžīnija,Tây Virginia,Vakarų Virdžinija,Vestur-Virginía,Vest-Virginia,Vijini de Lwès,Virginia an Iar,Virginia ar C'hornaoueg,Virginia Barat,Virgínia de l'Oest,Virginia Occidental,Virgínia Occidentala,Virginia Occidentale,Virginia Occidentalis,Virgínia Ocidental,Virginia Thiar,Virginie-Occidentale,Virxinia Occidental,Vyrjynia West,West Firginia,Wes-Virginië,Wirginia Zachodnia,Yn Virjeeney Heear,Zahodna Virginija,Zapadna Virginia,Západná Virgínia,Západní Virginie,فيرجينيا الغربية,مغربی ورجینیا,ویرجینیای غربی,וועסט ווירדזשיניע,וירג'יניה המערבית,Δυτική Βιρτζίνια,Анăç Вирджини,Баруун Виржини,Западна Вирджиния,Западна Вирџинија,Западная Виргиния,Західна Вірджинія,Ныгуылæн Вирджини,Արևմտյան Վիրջինիա,დასავლეთი ვირჯინია,वेस्ट व्हर्जिनिया,மேற்கு வர்ஜீனியா,പടിഞ്ഞാറന്‍ വിര്‍ജീന്യ,ওয়েস্ট ভার্জিনিয়া,ウェストバージニア州,西維吉尼亞州	relation	162068	boundary	administrative	-80.2961095	38.9198364	8	0.639186521090364				West Virginia	United States of America	us	West Virginia, United States of America	-82.6447390	37.2014830	-77.7190291	40.6388009	Q1371	en:West Virginia	
Principality of Asturias	Astuerje,Asturië,Asturien,Asturies,Asturio,Astúrske kniežatstvo,Fürstentum Asturien,Kingdom of Asturias,Kneževina Asturija,Principado de Astúrias,Principat d'Astúries,Principato delle Asturie,منطقة أستورياس,אסטוריאס,Астурия,Астурыя	node	3513471344	place	state	-5.9419201	43.3133868	8	0.639009396602869					Spain	es	Principality of Asturias, Spain	-5.9419201	43.3133868	-5.9419201	43.3133868	Q3934	es:Principado de Asturias	
Versailles	Versalhes,Versalles,Wersal,Версаль	relation	30295	boundary	administrative	2.1192723	48.8034762	16	0.638994615110163		Versailles	Versailles	Metropolitan France	France	fr	Versailles, Versailles, Yvelines, Ile-de-France, Metropolitan France, France	2.0699384	48.7792296	2.1683504	48.8286099	Q621	fr:Versailles	
Austin	Остин,奥斯汀	relation	113314	place	city	-97.7136314	30.3077664	16	0.638940388438205		Austin		Texas	United States of America	us	Austin, Texas, United States of America	-97.9383830	30.0986647	-97.5614890	30.5168849	Q16559	en:Austin, Texas	
Chechnya	체첸 공화국,An tSeisnia,Cecenia,Čečenija,Čečėnija,Ĉeĉenio,Çeçenistan,Čečensko,Csecsenföld,Czeczenia,Kekenia,Tchétchénie,Tjetjenien,Tschetschenien,Tšetšenia,Tsjetsjenië,Tsjetsjnië,Txetxenia,Txetxènia,الشيشان,چچن,Τσετσενία,Нохчийчоь,Цæцæн,Чачанистан,Чачня,Чеченија,Чечен Республикаһы,Чечен Республики,Чечень,Чечниа,Чечня,Չեչնիա,ჩეჩნეთი,चेचन्या,চেচনিয়া,车臣共和国	relation	109877	boundary	administrative	45.7661392	43.2433883	8	0.63881204189492				North Caucasus federal district	Russia	ru	Chechnya, North Caucasus federal district, Russia	44.8332045	42.4782270	46.6620412	44.0085956	Q5187	ru:Чечня	
Chechnya	Čečenija,Ĉeĉenio,Çeçenistan,Chechenia,Csecsenföld,Tchétchénie,Tjetjenien,Tschetschenien,Tšetšeeni Vabariik,Tsjetsjenië,צ'צ'ניה,Нохчийчоь,Чачня,Чеченская республика,Чечня,车臣共和国	node	869593771	place	state	45.6985004	43.3976147	8	0.63881204189492				North Caucasus federal district	Russia	ru	Chechnya, North Caucasus federal district, Russia	45.6985004	43.3976147	45.6985004	43.3976147	Q5187	ru:Чечня	
Nagano	Prefektura Nagano,Нагано,Префектура Наґано,長野県	relation	3560284	boundary	administrative	138.0966721	36.1143750	8	0.638713146522795				Nagano	Japan	jp	Nagano, Japan	137.3245509	35.1983659	138.7392520	37.0304230	Q127877	ja:長野県	
Barangay 59	Picas	node	2527553524	place	village	124.9973929	11.2204683	19	0.638504990765995		Leyte		Eastern Visayas	Philippines	ph	Barangay 59, Leyte, Eastern Visayas, Philippines	124.9973929	11.2204683	124.9973929	11.2204683	Q61878	en:Barangay	
Göttingen	غوتينغن	relation	191361	boundary	administrative	9.9260469	51.5369324	16	0.638355911888414		Göttingen	Landkreis Göttingen	Lower Saxony	Germany	de	Göttingen, Landkreis Göttingen, Lower Saxony, Germany	9.8001329	51.4830052	10.0536031	51.5908839	Q3033	de:Göttingen	
Hiroshima	Hiroŝimo,Prefektura Hiroszima,Префектура Хіросіма,Хиросима,広島県	relation	3218753	boundary	administrative	132.7751181	34.5559829	8	0.638301166570194				Hiroshima	Japan	jp	Hiroshima, Japan	132.0364480	34.0062817	133.4973621	35.1056910	Q617375	ja:広島県	
Liège	리에주,ลีแยฌ,リエージュ,Léck,Leodium,Lîdje,Liegi,Lieĝo,Lieja,Lièja,Liexa,Lježa,Lježas,Luik,Lüttich,Lutych,Luuk,لیژ,لييج,לייז',Λιέγη,Лијеж,Льеж,Льєж,लीज,列日	relation	1681788	boundary	administrative	5.5932820	50.6248588	16	0.638146643658432		Liège	Liège	Wallonia	Belgium	be	Liège, Liège, Liège, Wallonia, Belgium	5.5233882	50.5610335	5.6752569	50.6881981	Q3992	fr:Liège	
Nauru	ናውሩ,ނައުރޫ,Naoero,Nárú,Naureän,Nauro,Naurua,Nawru,ناورو,نائورو,נאורו,Ναουρού,Науру,नाउरु,நவூரு,നൗറു,নাউরু,諾魯	relation	571804	boundary	administrative	166.9346956	-0.5305000	4	0.638036766038873					Nauru	nr	Nauru	166.7099863	-0.7530000	167.1597301	-0.3030001	Q697	en:Nauru	
Volga	La Volga,Wolga,Wołga,Волга,Идел	way	148917169	waterway	river	44.9208641	56.0728373	17	0.637991764212524				Volga Federal District	Russia	ru	Volga, Nizhny Novgorod Oblast, Volga Federal District, Russia	44.9133515	56.0721553	44.9283767	56.0735193	Q626	ru:Волга	
Volga	La Volga,Wolga,Wołga,Волга,Идел	way	371700504	waterway	river	47.9331912	56.0068150	17	0.637991764212524		Эльбарусовское сельское поселение	Mariinsko-Posadsky District	Volga Federal District	Russia	ru	Volga, Эльбарусовское сельское поселение, Mariinsko-Posadsky District, Chuvashia, Volga Federal District, Russia	47.9284219	55.9979342	47.9379605	56.0156958	Q626	ru:Волга	
Volga	La Volga,Wolga,Wołga,Волга,Идел	way	27308486	waterway	river	46.6062053	56.3498737	17	0.637991764212524		Озёркинское сельское поселение	Gornomariysky District	Volga Federal District	Russia	ru	Volga, Озёркинское сельское поселение, Gornomariysky District, Mari El, Volga Federal District, Russia	45.9546593	56.1281113	47.2561925	56.3530047	Q626	ru:Волга	
Volga	La Volga,Wolga,Wołga,Волга,Идел	way	119089551	waterway	river	45.4958882	50.1075417	17	0.637991764212524				South federal district	Russia	ru	Volga, Volgograd Oblast, South federal district, Russia	45.4889527	50.1011811	45.5028236	50.1139024	Q626	ru:Волга	
Volga	La Volga,Wolga,Wołga,Волга,Идел	way	37336039	waterway	river	48.1458378	52.3863798	17	0.637991764212524		Дмитриевское сельское поселение	Dukhovnitsky District	Volga Federal District	Russia	ru	Volga, Дмитриевское сельское поселение, Dukhovnitsky District, Saratov Oblast, Volga Federal District, Russia	47.7990264	52.0691321	48.3971785	52.7737972	Q626	ru:Волга	
Volga	La Volga,Wolga,Wołga,Волга,Идел	way	133890997	waterway	river	45.6546512	50.2368290	17	0.637991764212524		Нижнедобринское сельское поселение	Kamyshinsky District	South federal district	Russia	ru	Volga, Нижнедобринское сельское поселение, Kamyshinsky District, Volgograd Oblast, South federal district, Russia	45.6476620	50.2317482	45.6616405	50.2419099	Q626	ru:Волга	
Volga	La Volga,Wolga,Wołga,Волга,Идел	way	70553657	waterway	river	44.9245556	49.0831229	17	0.637991764212524		Рахинское сельское поселение	Sredneakhtubinsky District	South federal district	Russia	ru	Volga, Рахинское сельское поселение, Sredneakhtubinsky District, Volgograd Oblast, South federal district, Russia	44.9044106	49.0627032	44.9333900	49.1111837	Q626	ru:Волга	
Volga	La Volga,Wolga,Wołga,Волга,Идел	way	250255750	waterway	river	40.8035603	57.7818218	17	0.637991764212524		Шунгенское сельское поселение	Kostromskoy District	Central Federal District	Russia	ru	Volga, Шунгенское сельское поселение, Kostromskoy District, Kostroma Oblast, Central Federal District, Russia	40.6160733	57.7185771	40.9751780	57.7876780	Q626	ru:Волга	
Volga	La Volga,Wolga,Wołga,Волга,Идел	way	119089549	waterway	river	45.5114865	50.1218448	17	0.637991764212524		Мичуринское сельское поселение	Kamyshinsky District	South federal district	Russia	ru	Volga, Мичуринское сельское поселение, Kamyshinsky District, Volgograd Oblast, South federal district, Russia	45.5028236	50.1139024	45.5201493	50.1297872	Q626	ru:Волга	
Volga	La Volga,Wolga,Wołga,Волга,Идел	way	324899690	waterway	river	44.9463083	56.0723618	17	0.637991764212524		Валковский сельсовет	Lyskovsky District	Volga Federal District	Russia	ru	Volga, Валковский сельсовет, Lyskovsky District, Nizhny Novgorod Oblast, Volga Federal District, Russia	44.9283767	56.0721553	44.9642399	56.0725682	Q626	ru:Волга	
Volga	La Volga,Wolga,Wołga,Волга,Идел	way	130219375	waterway	river	45.3314027	49.7907086	17	0.637991764212524		Антиповское сельское поселение	Kamyshinsky District	South federal district	Russia	ru	Volga, Антиповское сельское поселение, Kamyshinsky District, Volgograd Oblast, South federal district, Russia	45.3030459	49.7509842	45.3450666	49.8362517	Q626	ru:Волга	
Volga	La Volga,Wolga,Wołga,Волга,Идел	way	248770993	waterway	river	40.3859176	57.7250113	17	0.637991764212524		Некрасовское сельское поселение	Nekrasovsky District	Central Federal District	Russia	ru	Volga, Некрасовское сельское поселение, Nekrasovsky District, Yaroslavl Oblast, Central Federal District, Russia	40.1864610	57.6162453	40.6160733	57.7767639	Q626	ru:Волга	
Volga	La Volga,Wolga,Wołga,Волга,Идел	way	134141447	waterway	river	45.3980357	50.0002346	17	0.637991764212524		Kamyshin	Kamyshin	South federal district	Russia	ru	Volga, Kamyshin, Kamyshin, Volgograd Oblast, South federal district, Russia	45.3928868	49.9932510	45.4031847	50.0072183	Q626	ru:Волга	
Volga	La Volga,Wolga,Wołga,Волга,Идел	way	136259086	waterway	river	37.4917313	56.9685608	17	0.637991764212524		городское поселение Белый Городок	Kimrsky District	Central Federal District	Russia	ru	Volga, Bely Gorodok, городское поселение Белый Городок, Kimrsky District, Tver Oblast, Central Federal District, Russia	37.4907511	56.9631749	37.4921235	56.9739506	Q626	ru:Волга	
Volga	La Volga,Wolga,Wołga,Волга,Идел	way	136333955	waterway	river	37.3939111	56.8860872	17	0.637991764212524		Титовское сельское поселение	Kimrsky District	Central Federal District	Russia	ru	Volga, Титовское сельское поселение, Kimrsky District, Tver Oblast, Central Federal District, Russia	37.3891679	56.8858800	37.3986591	56.8860930	Q626	ru:Волга	
Volga	La Volga,Wolga,Wołga,Волга,Идел	way	136259087	waterway	river	37.4967589	57.0541107	17	0.637991764212524		Приволжское сельское поселение	Kimrsky District	Central Federal District	Russia	ru	Volga, Приволжское сельское поселение, Kimrsky District, Tver Oblast, Central Federal District, Russia	37.4392040	56.9739506	37.6135946	57.1196425	Q626	ru:Волга	
Volga	La Volga,Wolga,Wołga,Волга,Идел	way	261657500	waterway	river	43.3309756	56.6636253	17	0.637991764212524		Кузнецовский сельсовет	Chkalovsky District	Volga Federal District	Russia	ru	Volga, Кузнецовский сельсовет, Chkalovsky District, Nizhny Novgorod Oblast, Volga Federal District, Russia	43.3074062	56.6522286	43.3959836	56.7242551	Q626	ru:Волга	
Volga	Wolga,Wołga,Волгæ,Волга,Идел	relation	222057	natural	water	45.7080904	50.7296701	16	0.637991764212524					Russia	ru	Volga, Russia	45.6456061	50.6025407	46.1051224	50.8567136	Q626	ru:Волга	
Volga	La Volga,Wolga,Wołga,Волга,Идел	way	324899692	waterway	river	45.1128339	56.0873650	17	0.637991764212524		Трофимовский сельсовет	Lyskovsky District	Volga Federal District	Russia	ru	Volga, Трофимовский сельсовет, Lyskovsky District, Nizhny Novgorod Oblast, Volga Federal District, Russia	45.0810200	56.0798317	45.1390431	56.1066565	Q626	ru:Волга	
Volga	La Volga,Wolga,Wołga,Волга,Идел	way	508103259	waterway	river	49.7715991	53.2049170	17	0.637991764212524		сельское поселение Осиновка	Stavropolsky District	Volga Federal District	Russia	ru	Volga, сельское поселение Осиновка, Stavropolsky District, Samara Oblast, Volga Federal District, Russia	49.5986364	53.1513002	49.9407703	53.2163533	Q626	ru:Волга	
Volga	La Volga,Wolga,Wołga,Волга,Идел	way	371700506	waterway	river	47.9843646	55.9617046	17	0.637991764212524		городское поселение Звенигово	Zvenigovsky District	Volga Federal District	Russia	ru	Volga, городское поселение Звенигово, Zvenigovsky District, Mari El, Volga Federal District, Russia	47.9379605	55.9457809	48.0431827	55.9979342	Q626	ru:Волга	
Volga	La Volga,Wolga,Wołga,Волга,Идел	way	377017579	waterway	river	47.9348212	46.2004208	17	0.637991764212524		городское поселение Волго-Каспийский	Kamyzyaksky District	South federal district	Russia	ru	Volga, городское поселение Волго-Каспийский, Kamyzyaksky District, Astrakhan Oblast, South federal district, Russia	47.9110197	46.1795466	47.9526244	46.2152228	Q626	ru:Волга	
Volga	La Volga,Wolga,Wołga,Волга,Идел	way	119585293	waterway	river	46.2200944	51.5922080	17	0.637991764212524		Saratov	Saratov	Volga Federal District	Russia	ru	Volga, Волжский район, Saratov, Saratov, Saratov Oblast, Volga Federal District, Russia	45.6886042	50.5956893	47.5964955	52.0676798	Q626	ru:Волга	
Volga	La Volga,Wolga,Wołga,Волга,Идел	way	324899693	waterway	river	45.0229065	56.0718107	17	0.637991764212524		городское поселение Лысково	Lyskovsky District	Volga Federal District	Russia	ru	Volga, городское поселение Лысково, Lyskovsky District, Nizhny Novgorod Oblast, Volga Federal District, Russia	44.9642399	56.0716762	45.0810200	56.0798317	Q626	ru:Волга	
Volga	La Volga,Wolga,Wołga,Волга,Идел	way	231975489	waterway	river	38.4613979	57.9476646	17	0.637991764212524			Мышкинский район	Central Federal District	Russia	ru	Volga, Мышкинский район, Yaroslavl Oblast, Central Federal District, Russia	38.2770948	57.5190775	38.6386627	58.1729043	Q626	ru:Волга	
Volga	La Volga,Wolga,Wołga,Волга,Идел	way	131889384	waterway	river	45.0544222	49.4323038	17	0.637991764212524		Горнопролейское сельское поселение	Dubovsky District	South federal district	Russia	ru	Volga, Горнопролейское сельское поселение, Dubovsky District, Volgograd Oblast, South federal district, Russia	45.0519987	49.4282975	45.0571904	49.4360976	Q626	ru:Волга	
Volga	La Volga,Wolga,Wołga,Волга,Идел	way	131898816	waterway	river	44.9375181	49.1236340	17	0.637991764212524		Песковатское сельское поселение	Dubovsky District	South federal district	Russia	ru	Volga, Песковатское сельское поселение, Dubovsky District, Volgograd Oblast, South federal district, Russia	44.9333900	49.1111837	44.9415823	49.1361056	Q626	ru:Волга	
Volga	La Volga,Wolga,Wołga,Волга,Идел	way	130072479	waterway	river	45.2092860	49.6414909	17	0.637991764212524		Зелёновское сельское поселение	Bykovsky District	South federal district	Russia	ru	Volga, Зелёновское сельское поселение, Bykovsky District, Volgograd Oblast, South federal district, Russia	45.1892342	49.6183329	45.2288184	49.6650844	Q626	ru:Волга	
Volga	La Volga,Wolga,Wołga,Волга,Идел	way	48311065	waterway	stream	32.5262412	57.2393583	22	0.637991764212524			Ostashkovsky District	Central Federal District	Russia	ru	Volga, Ostashkovsky District, Tver Oblast, Central Federal District, Russia	32.4679657	57.2260376	32.5825915	57.2537444	Q626	ru:Волга	
Volga	La Volga,Wolga,Wołga,Волга,Идел	way	84518800	waterway	river	36.0706551	56.7980161	17	0.637991764212524		Эммаусское сельское поселение	Kalininsky District	Central Federal District	Russia	ru	Volga, Эммаусское сельское поселение, Kalininsky District, Tver Oblast, Central Federal District, Russia	36.0350793	56.7934002	36.1067264	56.8061452	Q626	ru:Волга	
Volga	La Volga,Wolga,Wołga,Волга,Идел	way	57031716	waterway	river	36.3230024	56.7856671	17	0.637991764212524		Городенское сельское поселение	Konakovsky District	Central Federal District	Russia	ru	Volga, Городенское сельское поселение, Konakovsky District, Tver Oblast, Central Federal District, Russia	36.1067264	56.6717585	36.4376172	56.7935882	Q626	ru:Волга	
Volga	La Volga,Wolga,Wołga,Волга,Идел	way	130072484	waterway	river	45.1237410	49.5282182	17	0.637991764212524		Верхнебалыклейское сельское поселение	Bykovsky District	South federal district	Russia	ru	Volga, Верхнебалыклейское сельское поселение, Bykovsky District, Volgograd Oblast, South federal district, Russia	45.0571904	49.4360976	45.1892342	49.6183329	Q626	ru:Волга	
Volga	La Volga,Wolga,Wołga,Волга,Идел	way	231974114	waterway	river	39.7765169	57.7564167	17	0.637991764212524		Yaroslavl	Yaroslavl	Central Federal District	Russia	ru	Volga, Заволжский район, Yaroslavl, Yaroslavl, Yaroslavl Oblast, Central Federal District, Russia	39.7747557	57.7393591	39.7797128	57.7736931	Q626	ru:Волга	
Volga	La Volga,Wolga,Wołga,Волга,Идел	way	231975491	waterway	river	37.4411059	56.8808722	17	0.637991764212524		Центральное сельское поселение	Kimrsky District	Central Federal District	Russia	ru	Volga, Центральное сельское поселение, Kimrsky District, Tver Oblast, Central Federal District, Russia	37.3986591	56.8806394	37.4743375	56.9061368	Q626	ru:Волга	
Volga	La Volga,Wolga,Wołga,Волга,Идел	way	136259088	waterway	river	37.4859285	56.9330492	17	0.637991764212524		Приволжское сельское поселение	Kimrsky District	Central Federal District	Russia	ru	Volga, Приволжское сельское поселение, Kimrsky District, Tver Oblast, Central Federal District, Russia	37.4743375	56.9061368	37.4907511	56.9631749	Q626	ru:Волга	
Volga	La Volga,Wolga,Wołga,Волга,Идел	way	119089561	waterway	river	45.7045369	50.2730693	17	0.637991764212524		Бережновское сельское поселение	Nikolayevsky District	South federal district	Russia	ru	Volga, Бережновское сельское поселение, Nikolayevsky District, Volgograd Oblast, South federal district, Russia	45.6616405	50.2419099	45.7474334	50.3042286	Q626	ru:Волга	
Volga	La Volga,Wolga,Wołga,Волга,Идел	way	231960258	waterway	river	37.7208481	57.2567262	17	0.637991764212524				Central Federal District	Russia	ru	Volga, Tver Oblast, Central Federal District, Russia	37.7207165	57.2564259	37.7209797	57.2570265	Q626	ru:Волга	
Volga	La Volga,Wolga,Wołga,Волга,Идел	way	137776728	waterway	river	34.9754141	56.5693391	17	0.637991764212524		Ново-Ямское сельское поселение	Staritsky District	Central Federal District	Russia	ru	Volga, Ново-Ямское сельское поселение, Staritsky District, Tver Oblast, Central Federal District, Russia	34.9120214	56.5288011	35.0522407	56.5797627	Q626	ru:Волга	
Volga	La Volga,Wolga,Wołga,Волга,Идел	way	120451965	waterway	river	46.1008378	48.2115291	17	0.637991764212524		городское поселение Ахтубинск	Akhtubinsky District	South federal district	Russia	ru	Volga, городское поселение Ахтубинск, Akhtubinsky District, Astrakhan Oblast, South federal district, Russia	45.1773532	47.6393318	46.6356561	48.4717873	Q626	ru:Волга	
Volga	La Volga,Wolga,Wołga,Волга,Идел	way	130072483	waterway	river	44.9620890	49.1872115	17	0.637991764212524		Новоникольское сельское поселение	Bykovsky District	South federal district	Russia	ru	Volga, Новоникольское сельское поселение, Bykovsky District, Volgograd Oblast, South federal district, Russia	44.9415823	49.1361056	44.9781094	49.2343047	Q626	ru:Волга	
Volga	La Volga,Wolga,Wołga,Волга,Идел	way	131889382	waterway	river	44.9823742	49.2504688	17	0.637991764212524		Приморское сельское поселение	Bykovsky District	South federal district	Russia	ru	Volga, Приморское сельское поселение, Bykovsky District, Volgograd Oblast, South federal district, Russia	44.9781094	49.2343047	44.9881191	49.2660858	Q626	ru:Волга	
Volga	La Volga,Wolga,Wołga,Волга,Идел	way	16307200	waterway	river	34.1433782	56.2977561	17	0.637991764212524		сельское поселение Хорошево	Rzhevsky District	Central Federal District	Russia	ru	Volga, сельское поселение Хорошево, Rzhevsky District, Tver Oblast, Central Federal District, Russia	33.9977326	56.2825160	34.2802434	56.3508970	Q626	ru:Волга	
Volga	La Volga,Wolga,Wołga,Волга,Идел	way	137780739	waterway	river	34.9397487	56.4786942	17	0.637991764212524		сельское поселение Паньково	Staritsky District	Central Federal District	Russia	ru	Volga, сельское поселение Паньково, Staritsky District, Tver Oblast, Central Federal District, Russia	34.9394245	56.4740134	34.9410511	56.4832060	Q626	ru:Волга	
Volga	La Volga,Wolga,Wołga,Волга,Идел	way	130072480	waterway	river	45.0309225	49.3833085	17	0.637991764212524		Луговопролейское сельское поселение	Bykovsky District	South federal district	Russia	ru	Volga, Луговопролейское сельское поселение, Bykovsky District, Volgograd Oblast, South federal district, Russia	45.0167021	49.3355632	45.0519987	49.4282975	Q626	ru:Волга	
Volga	La Volga,Wolga,Wołga,Волга,Идел	way	130072482	waterway	river	45.0045019	49.2999727	17	0.637991764212524		Стрельношироковское сельское поселение	Dubovsky District	South federal district	Russia	ru	Volga, Стрельношироковское сельское поселение, Dubovsky District, Volgograd Oblast, South federal district, Russia	44.9881191	49.2660858	45.0167021	49.3355632	Q626	ru:Волга	
Volga	La Volga,Wolga,Wołga,Волга,Идел	way	69376453	waterway	river	45.8126002	50.5214930	17	0.637991764212524		Воднобуерачное сельское поселение	Kamyshinsky District	South federal district	Russia	ru	Volga, Воднобуерачное сельское поселение, Kamyshinsky District, Volgograd Oblast, South federal district, Russia	45.7401631	50.4491549	45.8868321	50.5956893	Q626	ru:Волга	
Volga	La Volga,Wolga,Wołga,Волга,Идел	way	261657499	waterway	river	43.6174107	56.5000214	17	0.637991764212524		городское поселение Балахна	Balakhninsky District	Volga Federal District	Russia	ru	Volga, Balakhna, городское поселение Балахна, Balakhninsky District, Nizhny Novgorod Oblast, Volga Federal District, Russia	43.4632502	56.4143983	43.7903525	56.6275221	Q626	ru:Волга	
Volga	La Volga,Wolga,Wołga,Волга,Идел	way	137776727	waterway	river	35.0864511	56.5586617	17	0.637991764212524		сельское поселение Паньково	Staritsky District	Central Federal District	Russia	ru	Volga, сельское поселение Паньково, Staritsky District, Tver Oblast, Central Federal District, Russia	35.0522407	56.5512939	35.1189529	56.5705141	Q626	ru:Волга	
Volga	La Volga,Wolga,Wołga,Волга,Идел	way	69587534	waterway	river	45.0859380	48.4713477	17	0.637991764212524		Покровское сельское поселение	Leninsky District	South federal district	Russia	ru	Volga, Покровское сельское поселение, Leninsky District, Volgograd Oblast, South federal district, Russia	44.9744678	48.4384876	45.1773532	48.4809353	Q626	ru:Волга	
Volga	La Volga,Wolga,Wołga,Волга,Идел	way	119423353	waterway	river	45.8951786	50.4381913	17	0.637991764212524		Колышкинское сельское поселение	Staropoltavsky District	South federal district	Russia	ru	Volga, Колышкинское сельское поселение, Staropoltavsky District, Volgograd Oblast, South federal district, Russia	45.8868321	50.4242304	45.8952866	50.4491549	Q626	ru:Волга	
Volga	La Volga,Wolga,Wołga,Волга,Идел	way	69376388	waterway	river	45.8153971	50.3165686	17	0.637991764212524		Верхнедобринское сельское поселение	Kamyshinsky District	South federal district	Russia	ru	Volga, Верхнедобринское сельское поселение, Kamyshinsky District, Volgograd Oblast, South federal district, Russia	45.7474334	50.3042286	45.8851497	50.3768614	Q626	ru:Волга	
Volga	La Volga,Wolga,Wołga,Волга,Идел	way	119423328	waterway	river	45.8913056	50.4004757	17	0.637991764212524		Курнаевское сельское поселение	Staropoltavsky District	South federal district	Russia	ru	Volga, Курнаевское сельское поселение, Staropoltavsky District, Volgograd Oblast, South federal district, Russia	45.8851497	50.3768614	45.8953765	50.4242304	Q626	ru:Волга	
Volga	La Volga,Wolga,Wołga,Волга,Идел	way	324899689	waterway	river	45.3263785	56.1037877	17	0.637991764212524		Валковский сельсовет	Lyskovsky District	Volga Federal District	Russia	ru	Volga, Валковский сельсовет, Lyskovsky District, Nizhny Novgorod Oblast, Volga Federal District, Russia	45.1390431	56.0712245	45.5002359	56.1449312	Q626	ru:Волга	
Volga	La Volga,Wolga,Wołga,Волга,Идел	way	137780740	waterway	river	34.8619013	56.3717658	17	0.637991764212524		Ново-Ямское сельское поселение	Staritsky District	Central Federal District	Russia	ru	Volga, Ново-Ямское сельское поселение, Staritsky District, Tver Oblast, Central Federal District, Russia	34.8589106	56.3066142	34.9397199	56.4740134	Q626	ru:Волга	
Volga	La Volga,Wolga,Wołga,Волга,Идел	way	24517022	waterway	river	36.7440916	56.7513764	17	0.637991764212524		городское поселение Конаково	Konakovsky District	Central Federal District	Russia	ru	Volga, городское поселение Конаково, Konakovsky District, Tver Oblast, Central Federal District, Russia	36.4376172	56.6152204	37.1031045	56.8013149	Q626	ru:Волга	
Volga	La Volga,Wolga,Wołga,Волга,Идел	way	136333952	waterway	river	37.3626321	56.8561888	17	0.637991764212524		Kimry	Kimry	Central Federal District	Russia	ru	Volga, Kimry, Kimry, Tver Oblast, Central Federal District, Russia	37.3410639	56.8223672	37.3891679	56.8858800	Q626	ru:Волга	
Volga	La Volga,Wolga,Wołga,Волга,Идел	way	37332618	waterway	river	49.9607296	53.4416172	17	0.637991764212524		сельское поселение Васильевка	Stavropolsky District	Volga Federal District	Russia	ru	Volga, сельское поселение Васильевка, Stavropolsky District, Samara Oblast, Volga Federal District, Russia	49.3711838	53.1574508	50.1838014	53.4643343	Q626	ru:Волга	
Volga	La Volga,Wolga,Wołga,Волга,Идел	way	28217744	waterway	river	33.3673253	56.8524392	17	0.637991764212524		Селищенское сельское поселение	Selizharovsky District	Central Federal District	Russia	ru	Volga, Селищенское сельское поселение, Selizharovsky District, Tver Oblast, Central Federal District, Russia	32.9972803	56.7428727	33.7035188	56.9394051	Q626	ru:Волга	
Volga	La Volga,Wolga,Wołga,Волга,Идел	way	119567323	waterway	river	47.7322576	56.1258751	17	0.637991764212524		Приволжское сельское поселение	Mariinsko-Posadsky District	Volga Federal District	Russia	ru	Volga, Приволжское сельское поселение, Mariinsko-Posadsky District, Chuvashia, Volga Federal District, Russia	47.5309139	56.0725319	47.9137097	56.1284502	Q626	ru:Волга	
Volga	La Volga,Wolga,Wołga,Волга,Идел	way	408121597	waterway	river	41.5096254	57.4651165	17	0.637991764212524		Плёсское городское поселение	Privolzhsky District	Central Federal District	Russia	ru	Volga, Плёсское городское поселение, Privolzhsky District, Ivanovo Oblast, Central Federal District, Russia	40.9751780	57.4064385	42.1422451	57.7185771	Q626	ru:Волга	
Volga	La Volga,Wolga,Wołga,Волга,Идел	way	146498570	waterway	river	38.7964215	58.0692000	17	0.637991764212524		Rybinsk	городской округ Рыбинск	Central Federal District	Russia	ru	Volga, Rybinsk, городской округ Рыбинск, Yaroslavl Oblast, Central Federal District, Russia	38.6781632	58.0366006	38.9631483	58.1069807	Q626	ru:Волга	
Volga	La Volga,Wolga,Wołga,Волга,Идел	way	231974101	waterway	river	39.2432021	57.9865372	17	0.637991764212524		Назаровское сельское поселение	Рыбинский район	Central Federal District	Russia	ru	Volga, Назаровское сельское поселение, Рыбинский район, Yaroslavl Oblast, Central Federal District, Russia	39.1834968	57.9660086	39.2975670	58.0099987	Q626	ru:Волга	
Volga	La Volga,Wolga,Wołga,Волга,Идел	way	26161283	waterway	river	35.9755611	56.8475310	17	0.637991764212524		Tver	Tver	Central Federal District	Russia	ru	Volga, Заволжский район, Tver, Tver, Tver Oblast, Central Federal District, Russia	35.9470760	56.8204302	35.9923814	56.8561632	Q626	ru:Волга	
Volga	La Volga,Wolga,Wołga,Волга,Идел	way	231974097	waterway	river	39.1162644	58.0297204	17	0.637991764212524		Октябрьское сельское поселение	Рыбинский район	Central Federal District	Russia	ru	Volga, Октябрьское сельское поселение, Рыбинский район, Yaroslavl Oblast, Central Federal District, Russia	39.0699865	58.0203841	39.1616556	58.0303621	Q626	ru:Волга	
Volga	La Volga,Wolga,Wołga,Волга,Идел	way	134141448	waterway	river	45.4407114	50.0530729	17	0.637991764212524		городское поселение Николаевск	Nikolayevsky District	South federal district	Russia	ru	Volga, городское поселение Николаевск, Nikolayevsky District, Volgograd Oblast, South federal district, Russia	45.4031847	50.0072183	45.4824026	50.0951728	Q626	ru:Волга	
Volga	La Volga,Wolga,Wołga,Волга,Идел	way	120565105	waterway	river	44.8767166	49.0413860	17	0.637991764212524		городское поселение Дубовка	Dubovsky District	South federal district	Russia	ru	Volga, городское поселение Дубовка, Dubovsky District, Volgograd Oblast, South federal district, Russia	44.8169206	48.9923340	44.9044106	49.0627032	Q626	ru:Волга	
Volga	La Volga,Wolga,Wołga,Волга,Идел	way	377019560	waterway	river	47.8745183	46.0657920	17	0.637991764212524		Самосдельский сельсовет	Kamyzyaksky District	South federal district	Russia	ru	Volga, Самосдельский сельсовет, Kamyzyaksky District, Astrakhan Oblast, South federal district, Russia	47.8338347	45.9202447	47.9522874	46.1795466	Q626	ru:Волга	
Volga	La Volga,Wolga,Wołga,Волга,Идел	way	231974105	waterway	river	39.1791286	58.0121892	17	0.637991764212524		сельское поселение Песочное	Рыбинский район	Central Federal District	Russia	ru	Volga, Песочное, сельское поселение Песочное, Рыбинский район, Yaroslavl Oblast, Central Federal District, Russia	39.1616556	58.0099987	39.1834968	58.0203841	Q626	ru:Волга	
Volga	La Volga,Wolga,Wołga,Волга,Идел	way	137944474	waterway	river	35.4736923	56.7310749	17	0.637991764212524		Красногорское сельское поселение	Kalininsky District	Central Federal District	Russia	ru	Volga, Красногорское сельское поселение, Kalininsky District, Tver Oblast, Central Federal District, Russia	35.3007457	56.6753584	35.6231563	56.8315496	Q626	ru:Волга	
Volga	Волга,Идел	way	23443256	multiple	river,riverbank	44.6651370	48.8130672	17	0.637991764212524		Volzhsky	Volzhsky	South federal district	Russia	ru	Volga, Volzhsky, Volzhsky, Volgograd Oblast, South federal district, Russia	44.6219222	48.7533471	44.7185664	48.8632143	Q626	ru:Волга	1А
Volga	La Volga,Wolga,Wołga,Волга,Идел	way	508103295	waterway	river	48.4639792	54.1975847	17	0.637991764212524			городской округ Новоульяновск	Volga Federal District	Russia	ru	Volga, городской округ Новоульяновск, Ulyanovsk Oblast, Volga Federal District, Russia	48.4146666	53.6926411	48.9960161	54.7198622	Q626	ru:Волга	
Volga	La Volga,Wolga,Wołga,Волга,Идел	way	27309369	waterway	river	34.5746486	56.1916582	17	0.637991764212524		Зубцовское сельское поселение	Zubtsovsky District	Central Federal District	Russia	ru	Volga, Зубцовское сельское поселение, Zubtsovsky District, Tver Oblast, Central Federal District, Russia	34.4674621	56.1690386	34.6773022	56.2216510	Q626	ru:Волга	
Volga	La Volga,Wolga,Wołga,Волга,Идел	way	28217742	waterway	river	33.7924126	56.6525776	17	0.637991764212524		Большекошинское сельское поселение	Selizharovsky District	Central Federal District	Russia	ru	Volga, Большекошинское сельское поселение, Selizharovsky District, Tver Oblast, Central Federal District, Russia	33.7033539	56.5434407	33.9321755	56.7428727	Q626	ru:Волга	
Volga	Волга	way	119567328	multiple	canal,river	47.5185351	56.1324683	17	0.637991764212524		Атлашевское сельское поселение	Cheboksarsky District	Volga Federal District	Russia	ru	Volga, Атлашевское сельское поселение, Cheboksarsky District, Chuvashia, Volga Federal District, Russia	47.4666388	56.1278420	47.5309139	56.1379877	Q626	ru:Волга	
Volga	La Volga,Wolga,Wołga,Волга,Идел	way	16307924	waterway	river	35.6795635	56.8386819	17	0.637991764212524		Заволжское сельское поселение	Kalininsky District	Central Federal District	Russia	ru	Volga, Заволжское сельское поселение, Kalininsky District, Tver Oblast, Central Federal District, Russia	35.6231563	56.8315496	35.7397198	56.8457608	Q626	ru:Волга	
Volga	La Volga,Wolga,Wołga,Волга,Идел	way	249196828	waterway	river	39.8949290	57.6401596	17	0.637991764212524		Yaroslavl	Yaroslavl	Central Federal District	Russia	ru	Volga, Заволжский район, Yaroslavl, Yaroslavl, Yaroslavl Oblast, Central Federal District, Russia	39.8943926	57.6394328	39.8954654	57.6408864	Q626	ru:Волга	
Volga	La Volga,Wolga,Wołga,Волга,Идел	way	137780738	waterway	river	34.9413722	56.5097148	17	0.637991764212524		городское поселение Старица	Staritsky District	Central Federal District	Russia	ru	Volga, Staritsa, городское поселение Старица, Staritsky District, Tver Oblast, Central Federal District, Russia	34.9191496	56.4832060	34.9459523	56.5249914	Q626	ru:Волга	44
Volga	La Volga,Wolga,Wołga,Волга,Идел	way	371363775	waterway	river	48.8703650	55.7865050	17	0.637991764212524		Kazan	городской округ Казань	Volga Federal District	Russia	ru	Volga, Кировский район, Kazan, городской округ Казань, Tatarstan, Volga Federal District, Russia	48.0431827	55.2222558	49.3285379	55.9457809	Q626	ru:Волга	
Volga	La Volga,Wolga,Wołga,Волга,Идел	way	26161363	waterway	river	35.7945549	56.8497805	17	0.637991764212524		Tver	Tver	Central Federal District	Russia	ru	Volga, Пролетарский район, Tver, Tver, Tver Oblast, Central Federal District, Russia	35.7397198	56.8394645	35.8476840	56.8610432	Q626	ru:Волга	
Volga	La Volga,Wolga,Wołga,Волга,Идел	way	23542233	waterway	river	35.8992333	56.8649666	17	0.637991764212524		Tver	Tver	Central Federal District	Russia	ru	Volga, Центральный район, Tver, Tver, Tver Oblast, Central Federal District, Russia	35.8701717	56.8594278	35.9299576	56.8676116	Q626	ru:Волга	
Volga	La Volga,Wolga,Wołga,Волга,Идел	way	70534140	waterway	river	44.7149500	48.9004421	17	0.637991764212524		Ерзовское городское поселение	Gorodishchensky District	South federal district	Russia	ru	Volga, Ерзовское городское поселение, Gorodishchensky District, Volgograd Oblast, South federal district, Russia	44.6821691	48.8632143	44.7477177	48.9376600	Q626	ru:Волга	
Volga	La Volga,Wolga,Wołga,Волга,Идел	way	104307611	waterway	river	33.8964228	56.3719187	17	0.637991764212524		сельское поселение Чертолино	Rzhevsky District	Central Federal District	Russia	ru	Volga, сельское поселение Чертолино, Rzhevsky District, Tver Oblast, Central Federal District, Russia	33.8243866	56.3478827	33.9977326	56.4157891	Q626	ru:Волга	
Volga	La Volga,Wolga,Wołga,Волга,Идел	way	371700505	waterway	river	47.9288058	56.0573957	17	0.637991764212524		Красноярское сельское поселение	Zvenigovsky District	Volga Federal District	Russia	ru	Volga, Красноярское сельское поселение, Zvenigovsky District, Mari El, Volga Federal District, Russia	47.9137097	56.0156958	47.9322391	56.0725319	Q626	ru:Волга	
Volga	La Volga,Wolga,Wołga,Волга,Идел	way	231960256	waterway	river	37.7365972	57.2747818	17	0.637991764212524		городское поселение Калязин	Kalyazinsky District	Central Federal District	Russia	ru	Volga, городское поселение Калязин, Kalyazinsky District, Tver Oblast, Central Federal District, Russia	37.7209797	57.2570265	37.7577718	57.2870305	Q626	ru:Волга	
Volga	Волга,Идел	way	131898821	multiple	river,riverbank	44.6920398	48.9421126	17	0.637991764212524		Пичужинское сельское поселение	Dubovsky District	South federal district	Russia	ru	Volga, Пичужинское сельское поселение, Dubovsky District, Volgograd Oblast, South federal district, Russia	44.6551326	48.8197931	44.8171627	49.0159284	Q626	ru:Волга	
Volga	La Volga,Wolga,Wołga,Волга,Идел	way	27308737	waterway	river	42.9923269	57.3608167	17	0.637991764212524		Юрьевецкое городское поселение	Yuryevetsky District	Central Federal District	Russia	ru	Volga, Юрьевецкое городское поселение, Yuryevetsky District, Ivanovo Oblast, Central Federal District, Russia	42.1422451	56.7242551	43.3125561	57.4643533	Q626	ru:Волга	
Volga	La Volga,Wolga,Wołga,Волга,Идел	way	306562097	waterway	river	44.6926328	48.5213876	17	0.637991764212524		Клетское сельское поселение	Sredneakhtubinsky District	South federal district	Russia	ru	Volga, Клетское сельское поселение, Sredneakhtubinsky District, Volgograd Oblast, South federal district, Russia	44.4454878	48.4430731	44.9744678	48.6305231	Q626	ru:Волга	
Volga	La Volga,Wolga,Wołga,Волга,Идел	way	121027786	waterway	river	44.5891927	48.7439821	17	0.637991764212524		городское поселение Краснослободск	Sredneakhtubinsky District	South federal district	Russia	ru	Volga, городское поселение Краснослободск, Sredneakhtubinsky District, Volgograd Oblast, South federal district, Russia	44.5682036	48.7404423	44.6098101	48.7489272	Q626	ru:Волга	
Volga	La Volga,Wolga,Wołga,Волга,Идел	way	157221822	waterway	river	39.9462344	57.5719119	17	0.637991764212524		Yaroslavl	Yaroslavl	Central Federal District	Russia	ru	Volga, Заволжский район, Yaroslavl, Yaroslavl, Yaroslavl Oblast, Central Federal District, Russia	39.9123246	57.5508863	40.0032857	57.6165015	Q626	ru:Волга	
Volga	La Volga,Wolga,Wołga,Волга,Идел	way	119593162	waterway	river	44.6158662	48.7511371	17	0.637991764212524			Sredneakhtubinsky District	South federal district	Russia	ru	Volga, Sredneakhtubinsky District, Volgograd Oblast, South federal district, Russia	44.6098101	48.7489272	44.6219222	48.7533471	Q626	ru:Волга	
Volga	La Volga,Wolga,Wołga,Волга,Идел	way	121027781	waterway	river	44.5667744	48.7386396	17	0.637991764212524				South federal district	Russia	ru	Volga, Volgograd Oblast, South federal district, Russia	44.5653451	48.7368369	44.5682036	48.7404423	Q626	ru:Волга	
Volga	La Volga,Wolga,Wołga,Волга,Идел	way	306562096	waterway	river	44.4780775	48.6633249	17	0.637991764212524		Volgograd	Volgograd	South federal district	Russia	ru	Volga, Kirovskiy District, Volgograd, Volgograd, Volgograd Oblast, South federal district, Russia	44.4489699	48.6305231	44.5206227	48.6936563	Q626	ru:Волга	
Volga	La Volga,Wolga,Wołga,Волга,Идел	way	104565547	waterway	river	34.4316289	56.2293277	17	0.637991764212524		сельское поселение Есинка	Rzhevsky District	Central Federal District	Russia	ru	Volga, сельское поселение Есинка, Rzhevsky District, Tver Oblast, Central Federal District, Russia	34.3960750	56.2216510	34.4674621	56.2374093	Q626	ru:Волга	
Volga	La Volga,Wolga,Wołga,Волга,Идел	way	306562098	waterway	river	44.5544156	48.7233067	17	0.637991764212524		Volgograd	Volgograd	South federal district	Russia	ru	Volga, Tsentralnyy District, Volgograd, Volgograd, Volgograd Oblast, South federal district, Russia	44.5206227	48.6936563	44.5653451	48.7368369	Q626	ru:Волга	6, 6, 60
Volga	La Volga,Wolga,Wołga,Волга,Идел	way	508103282	waterway	river	49.0868302	53.4826905	17	0.637991764212524		сельское поселение Тайдаково	Shigonsky District	Volga Federal District	Russia	ru	Volga, сельское поселение Тайдаково, Shigonsky District, Samara Oblast, Volga Federal District, Russia	48.9465895	53.4504432	49.3711838	53.6926411	Q626	ru:Волга	
Volga	La Volga,Wolga,Wołga,Волга,Идел	way	27308495	waterway	river	44.3044108	56.1687652	17	0.637991764212524		Безводнинский сельсовет	Kstovsky District	Volga Federal District	Russia	ru	Volga, Безводнинский сельсовет, Kstovsky District, Nizhny Novgorod Oblast, Volga Federal District, Russia	43.7903525	56.0390172	44.9133515	56.4221637	Q626	ru:Волга	
Volga	La Volga,Wolga,Wołga,Волга,Идел	way	23571101	waterway	river	36.0128518	56.8108628	17	0.637991764212524		Tver	Tver	Central Federal District	Russia	ru	Volga, Московский район, Tver, Tver, Tver Oblast, Central Federal District, Russia	35.9923814	56.8061452	36.0350793	56.8204302	Q626	ru:Волга	
Volga	La Volga,Wolga,Wołga,Волга,Идел	way	231975680	waterway	river	38.0360074	57.3523823	17	0.637991764212524			Uglichsky District	Central Federal District	Russia	ru	Volga, Uglichsky District, Yaroslavl Oblast, Central Federal District, Russia	37.7577718	57.2455594	38.2899886	57.5190775	Q626	ru:Волга	
Volga	La Volga,Wolga,Wołga,Волга,Идел	way	132856673	waterway	river	35.9382789	56.8565580	17	0.637991764212524		Tver	Tver	Central Federal District	Russia	ru	Volga, Московский район, Tver, Tver, Tver Oblast, Central Federal District, Russia	35.9299576	56.8558346	35.9470760	56.8594278	Q626	ru:Волга	
Volga	La Volga,Wolga,Wołga,Волга,Идел	way	26161367	waterway	river	35.8589599	56.8635529	17	0.637991764212524		Tver	Tver	Central Federal District	Russia	ru	Volga, Заволжский район, Tver, Tver, Tver Oblast, Central Federal District, Russia	35.8476840	56.8610432	35.8701717	56.8663294	Q626	ru:Волга	
Volga	La Volga,Wolga,Wołga,Волга,Идел	way	16307510	waterway	river	34.8027733	56.2472136	17	0.637991764212524		Столипинское сельское поселение	Zubtsovsky District	Central Federal District	Russia	ru	Volga, Столипинское сельское поселение, Zubtsovsky District, Tver Oblast, Central Federal District, Russia	34.6773022	56.2072240	34.8640628	56.3066142	Q626	ru:Волга	
Volga	La Volga,Wolga,Wołga,Волга,Идел	way	24535523	waterway	river	37.6843331	57.2073930	17	0.637991764212524		Алфёровское сельское поселение	Kalyazinsky District	Central Federal District	Russia	ru	Volga, Алфёровское сельское поселение, Kalyazinsky District, Tver Oblast, Central Federal District, Russia	37.6457200	57.1365549	37.7312766	57.2564259	Q626	ru:Волга	
Volga	La Volga,Wolga,Wołga,Волга,Идел	way	248770992	waterway	river	40.1123154	57.5610773	17	0.637991764212524		Заволжское сельское поселение	Yaroslavsky District	Central Federal District	Russia	ru	Volga, Заволжское сельское поселение, Yaroslavsky District, Yaroslavl Oblast, Central Federal District, Russia	40.0032857	57.5507080	40.1864610	57.6162453	Q626	ru:Волга	
Volga	La Volga,Wolga,Wołga,Волга,Идел	way	231974107	waterway	river	39.3145221	57.9567973	17	0.637991764212524		Октябрьское сельское поселение	Рыбинский район	Central Federal District	Russia	ru	Volga, Октябрьское сельское поселение, Рыбинский район, Yaroslavl Oblast, Central Federal District, Russia	39.2975670	57.9482873	39.3318382	57.9660086	Q626	ru:Волга	
Volga	La Volga,Wolga,Wołga,Волга,Идел	way	508103245	waterway	river	48.5215220	53.1265971	17	0.637991764212524			Syzransky District	Volga Federal District	Russia	ru	Volga, Syzransky District, Samara Oblast, Volga Federal District, Russia	48.3971785	52.7737972	48.9537906	53.2114300	Q626	ru:Волга	
Volga	La Volga,Wolga,Wołga,Волга,Идел	way	231974111	waterway	river	39.7596126	57.7884538	17	0.637991764212524		Некрасовское сельское поселение	Yaroslavsky District	Central Federal District	Russia	ru	Volga, Некрасовское сельское поселение, Yaroslavsky District, Yaroslavl Oblast, Central Federal District, Russia	39.7379666	57.7736931	39.7747557	57.7930923	Q626	ru:Волга	
Volga	La Volga,Wolga,Wołga,Волга,Идел	way	231974100	waterway	river	39.9047621	57.6285513	17	0.637991764212524		Yaroslavl	Yaroslavl	Central Federal District	Russia	ru	Volga, Кировский район, Yaroslavl, Yaroslavl, Yaroslavl Oblast, Central Federal District, Russia	39.8954654	57.6165015	39.9123246	57.6394328	Q626	ru:Волга	
Volga	La Volga,Wolga,Wołga,Волга,Идел	way	130072481	waterway	river	45.2597049	49.7026944	17	0.637991764212524		Побединское сельское поселение	Bykovsky District	South federal district	Russia	ru	Volga, Побединское сельское поселение, Bykovsky District, Volgograd Oblast, South federal district, Russia	45.2288184	49.6650844	45.2921214	49.7389839	Q626	ru:Волга	
Volga	La Volga,Wolga,Wołga,Волга,Идел	way	231974104	waterway	river	39.5310643	57.8795299	17	0.637991764212524		городское поселение Тутаев	Тутаевский район	Central Federal District	Russia	ru	Volga, Tutaev, городское поселение Тутаев, Тутаевский район, Yaroslavl Oblast, Central Federal District, Russia	39.4932151	57.8605663	39.5618773	57.8867303	Q626	ru:Волга	
Volga	La Volga,Wolga,Wołga,Волга,Идел	way	106220037	waterway	river	34.3174241	56.2580392	17	0.637991764212524		Ржев	городской округ Ржев	Central Federal District	Russia	ru	Volga, Ржев, городской округ Ржев, Tver Oblast, Central Federal District, Russia	34.2592971	56.2369058	34.3960750	56.2835331	Q626	ru:Волга	10А, 2А, 4, 2, 1
Volga	La Volga,Wolga,Wołga,Волга,Идел	way	107423527	waterway	river	33.9718733	56.4779491	17	0.637991764212524		сельское поселение Победа	Rzhevsky District	Central Federal District	Russia	ru	Volga, сельское поселение Победа, Rzhevsky District, Tver Oblast, Central Federal District, Russia	33.9421549	56.4680927	34.0013675	56.4804932	Q626	ru:Волга	
Volga	La Volga,Wolga,Wołga,Волга,Идел	way	119581351	waterway	river	47.6746195	52.0071140	17	0.637991764212524		Терсинское сельское поселение	Volsky District	Volga Federal District	Russia	ru	Volga, Терсинское сельское поселение, Volsky District, Saratov Oblast, Volga Federal District, Russia	47.5964955	52.0047161	47.7572609	52.0452292	Q626	ru:Волга	
Volga	La Volga,Wolga,Wołga,Волга,Идел	way	28215857	waterway	river	33.9990691	56.5153087	17	0.637991764212524		сельское поселение Итомля	Rzhevsky District	Central Federal District	Russia	ru	Volga, сельское поселение Итомля, Rzhevsky District, Tver Oblast, Central Federal District, Russia	33.9321755	56.4681445	34.0241746	56.5434407	Q626	ru:Волга	
Volga	La Volga,Wolga,Wołga,Волга,Идел	way	231974102	waterway	river	39.8173011	57.6965239	17	0.637991764212524		Yaroslavl	Yaroslavl	Central Federal District	Russia	ru	Volga, Дзержинский район, Yaroslavl, Yaroslavl, Yaroslavl Oblast, Central Federal District, Russia	39.7797128	57.6632800	39.8658301	57.7393591	Q626	ru:Волга	
Volga	La Volga,Wolga,Wołga,Волга,Идел	way	104307524	waterway	river	33.8891229	56.4540087	17	0.637991764212524		сельское поселение Итомля	Rzhevsky District	Central Federal District	Russia	ru	Volga, сельское поселение Итомля, Rzhevsky District, Tver Oblast, Central Federal District, Russia	33.8247556	56.4157891	33.9526589	56.4746934	Q626	ru:Волга	
Volga	La Volga,Wolga,Wołga,Волга,Идел	way	302091707	waterway	river	47.3247635	56.1511617	17	0.637991764212524		Калининский район	городской округ Чебоксары	Volga Federal District	Russia	ru	Volga, Калининский район, городской округ Чебоксары, Chuvashia, Volga Federal District, Russia	47.2561925	56.1392644	47.3932731	56.1626399	Q626	ru:Волга	
Volga	La Volga,Wolga,Wołga,Волга,Идел	way	119089544	waterway	river	45.3902882	49.9897256	17	0.637991764212524		Очкуровское сельское поселение	Nikolayevsky District	South federal district	Russia	ru	Volga, Очкуровское сельское поселение, Nikolayevsky District, Volgograd Oblast, South federal district, Russia	45.3876896	49.9862003	45.3928868	49.9932510	Q626	ru:Волга	
Volga	La Volga,Wolga,Wołga,Волга,Идел	way	508103232	waterway	river	49.2970649	55.1237853	17	0.637991764212524			Kamsko-Ustyinsky District	Volga Federal District	Russia	ru	Volga, Kamsko-Ustyinsky District, Tatarstan, Volga Federal District, Russia	49.0937791	55.0673604	49.4039791	55.2222558	Q626	ru:Волга	
Volga	Волга	way	117996387	waterway	river	49.2793868	53.1742648	17	0.637991764212524		сельское поселение Екатериновка	Bezenchuksky District	Volga Federal District	Russia	ru	Volga, сельское поселение Екатериновка, Bezenchuksky District, Samara Oblast, Volga Federal District, Russia	48.9537906	53.1249511	49.5986364	53.2351808	Q626	ru:Волга	
Volga	La Volga,Wolga,Wołga,Волга,Идел	way	134129606	waterway	river	45.3779523	49.9631495	17	0.637991764212524		Солодушинское сельское поселение	Nikolayevsky District	South federal district	Russia	ru	Volga, Солодушинское сельское поселение, Nikolayevsky District, Volgograd Oblast, South federal district, Russia	45.3682150	49.9400987	45.3876896	49.9862003	Q626	ru:Волга	
Volga	La Volga,Wolga,Wołga,Волга,Идел	way	508103287	waterway	river	48.8932879	54.9496471	17	0.637991764212524		Трехозерское сельское поселение	Spassky District	Volga Federal District	Russia	ru	Volga, Трехозерское сельское поселение, Spassky District, Tatarstan, Volga Federal District, Russia	48.8848357	54.7198622	49.0937791	55.0673604	Q626	ru:Волга	
Volga	Волга	way	24517001	multiple	river,riverbank	37.1822936	56.7521710	17	0.637991764212524		Dubna	Dubna	Central Federal District	Russia	ru	Volga, Dubna, Dubna, Moscow Oblast, Central Federal District, Russia	37.1031045	56.7325218	37.2481640	56.7893303	Q626	ru:Волга	
Volga	La Volga,Wolga,Wołga,Волга,Идел	way	133890998	waterway	river	45.5680798	50.1706378	17	0.637991764212524		Левчуновское сельское поселение	Nikolayevsky District	South federal district	Russia	ru	Volga, Левчуновское сельское поселение, Nikolayevsky District, Volgograd Oblast, South federal district, Russia	45.5201493	50.1297872	45.6179383	50.2091997	Q626	ru:Волга	
Volga	La Volga,Wolga,Wołga,Волга,Идел	way	119089556	waterway	river	45.6326996	50.2206081	17	0.637991764212524		Политотдельское сельское поселение	Nikolayevsky District	South federal district	Russia	ru	Volga, Политотдельское сельское поселение, Nikolayevsky District, Volgograd Oblast, South federal district, Russia	45.6179383	50.2091997	45.6476620	50.2317482	Q626	ru:Волга	
Volga	La Volga,Wolga,Wołga,Волга,Идел	way	249203962	waterway	river	39.8807294	57.6527448	17	0.637991764212524		Yaroslavl	Yaroslavl	Central Federal District	Russia	ru	Volga, Ленинский район, Yaroslavl, Yaroslavl, Yaroslavl Oblast, Central Federal District, Russia	39.8658301	57.6408864	39.8943926	57.6632800	Q626	ru:Волга	
Volga	La Volga,Wolga,Wołga,Волга,Идел	way	324899691	waterway	river	45.7309339	56.1449761	17	0.637991764212524		Фокинский сельсовет	Vorotynsky District	Volga Federal District	Russia	ru	Volga, Фокинский сельсовет, Vorotynsky District, Nizhny Novgorod Oblast, Volga Federal District, Russia	45.5002359	56.1302013	45.9546593	56.1906160	Q626	ru:Волга	
Volga	La Volga,Wolga,Wołga,Волга,Идел	way	136333949	waterway	river	37.2870197	56.8183344	17	0.637991764212524		Фёдоровское сельское поселение	Kimrsky District	Central Federal District	Russia	ru	Volga, Фёдоровское сельское поселение, Kimrsky District, Tver Oblast, Central Federal District, Russia	37.2430326	56.7869936	37.3410639	56.8226812	Q626	ru:Волга	
Volga	La Volga,Wolga,Wołga,Волга,Идел	way	217419729	waterway	river	47.4659444	56.1377766	17	0.637991764212524		Novocheboksarsk	Novocheboksarsk	Volga Federal District	Russia	ru	Volga, Novocheboksarsk, Novocheboksarsk, Chuvashia, Volga Federal District, Russia	47.4652500	56.1377701	47.4666388	56.1377831	Q626	ru:Волга	
Volga	La Volga,Wolga,Wołga,Волга,Идел	way	119567324	waterway	river	47.4294888	56.1426071	17	0.637991764212524		Московский район	городской округ Чебоксары	Volga Federal District	Russia	ru	Volga, Московский район, городской округ Чебоксары, Chuvashia, Volga Federal District, Russia	47.3932731	56.1377479	47.4652500	56.1426916	Q626	ru:Волга	
Volga	La Volga,Wolga,Wołga,Волга,Идел	way	136325812	waterway	river	37.6281019	57.1242062	17	0.637991764212524		Барыковское сельское поселение	Kashinsky District	Central Federal District	Russia	ru	Volga, Барыковское сельское поселение, Kashinsky District, Tver Oblast, Central Federal District, Russia	37.6135946	57.1196425	37.6457200	57.1365549	Q626	ru:Волга	
Volga	La Volga,Wolga,Wołga,Волга,Идел	way	106879697	waterway	river	47.9307669	46.2450672	17	0.637991764212524		Татаробашмаковский сельсовет	Privolzhsky District	South federal district	Russia	ru	Volga, Татаробашмаковский сельсовет, Privolzhsky District, Astrakhan Oblast, South federal district, Russia	47.9110197	46.2152228	47.9514226	46.2750173	Q626	ru:Волга	
Volga	La Volga,Wolga,Wołga,Волга,Идел	way	69376397	waterway	river	45.2975836	49.7449841	17	0.637991764212524				South federal district	Russia	ru	Volga, Volgograd Oblast, South federal district, Russia	45.2921214	49.7389839	45.3030459	49.7509842	Q626	ru:Волга	
Volga	La Volga,Wolga,Wołga,Волга,Идел	way	119581355	waterway	river	47.7783601	52.0567895	17	0.637991764212524		Натальинское сельское поселение	Balakovsky District	Volga Federal District	Russia	ru	Volga, Натальинское сельское поселение, Balakovsky District, Saratov Oblast, Volga Federal District, Russia	47.7572609	52.0452292	47.7990264	52.0691321	Q626	ru:Волга	
Volga	La Volga,Wolga,Wołga,Волга,Идел	way	134129607	waterway	river	45.4856777	50.0981769	17	0.637991764212524		Kamyshin	Kamyshin	South federal district	Russia	ru	Volga, Kamyshin, Kamyshin, Volgograd Oblast, South federal district, Russia	45.4824026	50.0951728	45.4889527	50.1011811	Q626	ru:Волга	
Volga	La Volga,Wolga,Wołga,Волга,Идел	way	44917852	waterway	river	35.2149283	56.6143350	17	0.637991764212524		Архангельское сельское поселение	Staritsky District	Central Federal District	Russia	ru	Volga, Архангельское сельское поселение, Staritsky District, Tver Oblast, Central Federal District, Russia	35.1189529	56.5705141	35.3007457	56.6753584	Q626	ru:Волга	
Volga	La Volga,Wolga,Wołga,Волга,Идел	way	231974108	waterway	river	39.4244211	57.9299654	17	0.637991764212524		Артемьевское сельское поселение	Тутаевский район	Central Federal District	Russia	ru	Volga, Артемьевское сельское поселение, Тутаевский район, Yaroslavl Oblast, Central Federal District, Russia	39.3318382	57.8867303	39.4932151	57.9482873	Q626	ru:Волга	
Volga	La Volga,Wolga,Wołga,Волга,Идел	way	231974096	waterway	river	38.6526780	58.1287452	17	0.637991764212524		Каменниковское сельское поселение	Рыбинский район	Central Federal District	Russia	ru	Volga, Каменниковское сельское поселение, Рыбинский район, Yaroslavl Oblast, Central Federal District, Russia	38.6386627	58.1069807	38.6781632	58.1602184	Q626	ru:Волга	
Volga	La Volga,Wolga,Wołga,Волга,Идел	way	48311069	waterway	river	32.6742250	56.9747551	17	0.637991764212524		Заёвское сельское поселение	Penovsky District	Central Federal District	Russia	ru	Volga, Заёвское сельское поселение, Penovsky District, Tver Oblast, Central Federal District, Russia	32.5785976	56.9029698	32.9977251	57.2260376	Q626	ru:Волга	
Volga	La Volga,Wolga,Wołga,Волга,Идел	way	231974099	waterway	river	39.0167951	58.0317572	17	0.637991764212524		Назаровское сельское поселение	Рыбинский район	Central Federal District	Russia	ru	Volga, Назаровское сельское поселение, Рыбинский район, Yaroslavl Oblast, Central Federal District, Russia	38.9631483	58.0223206	39.0699865	58.0366006	Q626	ru:Волга	
Volga	La Volga,Wolga,Wołga,Волга,Идел	way	231974112	waterway	river	39.6501027	57.7982613	17	0.637991764212524		Левобережное сельское поселение	Тутаевский район	Central Federal District	Russia	ru	Volga, Левобережное сельское поселение, Тутаевский район, Yaroslavl Oblast, Central Federal District, Russia	39.5618773	57.7883188	39.7379666	57.8605663	Q626	ru:Волга	
Volga River	Volga,Wolga,Wołga,Волга,Идел	way	106879675	waterway	river	47.6281843	45.8679641	17	0.637991764212524		Оранжерейнинский сельсовет	Ikryaninsky District	South federal district	Russia	ru	Volga River, Оранжерейнинский сельсовет, Ikryaninsky District, Astrakhan Oblast, South federal district, Russia	47.6210095	45.8598218	47.6477319	45.8756184	Q626	ru:Волга	
Volga	La Volga,Wolga,Wołga,Волга,Идел	way	26213889	waterway	river	47.5126252	47.0085202	17	0.637991764212524		Средневолжский сельсовет	Yenotayevsky District	South federal district	Russia	ru	Volga, Средневолжский сельсовет, Yenotayevsky District, Astrakhan Oblast, South federal district, Russia	46.6356561	46.2750173	48.0319318	47.6393318	Q626	ru:Волга	
Volga	La Volga,Wolga,Wołga,Волга,Идел	way	70553656	waterway	river	45.3432046	49.8618226	17	0.637991764212524		Кисловское сельское поселение	Bykovsky District	South federal district	Russia	ru	Volga, Кисловское сельское поселение, Bykovsky District, Volgograd Oblast, South federal district, Russia	45.3432046	49.8362517	45.3682150	49.9400987	Q626	ru:Волга	
Volga	La Volga,Wolga,Wołga,Волга,Идел	way	430739591	waterway	river	34.9186076	56.5268962	17	0.637991764212524		сельское поселение Паньково	Staritsky District	Central Federal District	Russia	ru	Volga, сельское поселение Паньково, Staritsky District, Tver Oblast, Central Federal District, Russia	34.9180655	56.5249914	34.9191496	56.5288011	Q626	ru:Волга	
Volga	La Volga,Wolga,Wołga,Волга,Идел	way	27308801	waterway	river	43.4328490	56.6485689	17	0.637991764212524			Gorodetsky District	Volga Federal District	Russia	ru	Volga, Gorodetsky District, Nizhny Novgorod Oblast, Volga Federal District, Russia	43.3959836	56.6275221	43.4632502	56.6546820	Q626	ru:Волга	
Isère	Izeras,Изер	relation	7437	boundary	administrative	5.6343824	45.2897931	12	0.637936720977224			Isère	Auvergne-Rhône-Alpes	France	fr	Isère, Auvergne-Rhône-Alpes, France	4.7415728	44.6958924	6.3580834	45.8836319	Q12559	fr:Isère (département)	
Baltic Sea	발트 해,Balta Maro,Baltičko more,Baltijos jūra,Baltika Maro,Balti-tenger,Baltské more,Baltské moře,Baltsko morje,Biển Baltic,Deryaya Baltik,Itämeri,Läänemeri,Laut Baltik,Mar Baltic,Mar Baltico,Mar Báltico,Morze Bałtyckie,Oostzee,Østersjøen,Östersjön,Ostsee,بحر البلطيق,Балтийское море,Балтійське море,Балтыйскае мора,波罗的海	node	305640277	place	sea	18.0000000	56.0000000	2	0.637861589206121							Baltic Sea	18.0000000	56.0000000	18.0000000	56.0000000	Q545	en:Baltic Sea	
Würzburg	뷔르츠부르크,فورتسبورغ	relation	62464	boundary	administrative	9.9434804	49.7780355	12	0.637630659339763			Würzburg	Bavaria	Germany	de	Würzburg, Lower Franconia, Bavaria, Germany	9.8716284	49.7106843	10.0144286	49.8454619	Q2999	de:Würzburg	
Puy-de-Dôme	퓌드돔,ปุย-เดอ-โดม,Pijdedoma,Piui-de-Domas,Podium-Dumiatis,Puèi-Domat,بوي-دي-دوم,پوی-دو-دم,Пиј-де-Дом,Пюи-де-Дом,Пюі-дэ-Дом,Пюї-де-Дом,Պյուի-դը-Դոմ,პუი-დე-დომი,पुय-दे-दोम,多姆山省,ピュイ＝ド＝ドーム県	relation	7406	boundary	administrative	3.0839934	45.7715342	12	0.637590416399896			Puy-de-Dôme	Auvergne-Rhône-Alpes	France	fr	Puy-de-Dôme, Auvergne-Rhône-Alpes, France	2.3880153	45.2870512	3.9856340	46.2562930	Q12694	fr:Puy-de-Dôme	
Siena		relation	42398	boundary	administrative	11.3237107	43.3080105	16	0.637575319075166		Siena	Siena	Tuscany	Italy	it	Siena, Siena, Tuscany, Italy	11.2300024	43.2499010	11.4285563	43.3663312	Q2751	it:Siena	
Kyushu Region	규슈 지방,Kiusiu,Kyūshū,Region Kyūshū,Кюсю,九州地方	relation	1842245	boundary	administrative	130.2860775	32.6331584	30	0.637570285878921					Japan	jp	Kyushu Region, Japan	122.7141754	23.8458526	132.2760947	34.8917397	Q13987	ja:九州	
Kyushu	Kjúšú,Kyūshū,九州	relation	6667566	place	island	131.1009036	32.4820915	17	0.637570285878921		Kyushu			Japan	jp	Kyushu, Japan	129.5526330	30.9942650	132.0853289	33.9699190	Q13987	ja:九州	
Kyushu Region	Kjúsú,Kjuŝua Regiono,Kyūshū,Кюсю,九州	node	1504057971	place	state	131.1105740	32.7553476	8	0.637570285878921					Japan	jp	Kyushu Region, Japan	131.1105740	32.7553476	131.1105740	32.7553476	Q13987	ja:九州	
Katowice	ካቶቪጸ,카토비체,ކެޓޮވިސް,カトヴィツェ,คาโตวีตเซ,Katovicai,Katovice,Katovicum,Katovîts,Katovitse,Kattowitz,كاتوفيتسه,کاتوویتس,קאטאוויץ,קטוביץ,Κατοβίτσε,Катавіцы,Катовица,Катовице,Катовіце,Կատովիցե,კატოვიცე,कातोवित्सा,क्याटोभिस,ಕತೋವೀಸ್ಸ,卡托维兹	relation	2816597	boundary	administrative	19.0058877	50.2137320	14	0.637530006716784			Katowice	Silesian Voivodeship	Poland	pl	Katowice, Katowice, Silesian Voivodeship, Poland	18.8915418	50.1300628	19.1244247	50.2976908	Q588	pl:Katowice	
Katowice	ካቶቪጸ,카토비체,ކެޓޮވިސް,カトヴィツェ,คาโตวีตเซ,Katovicai,Katovice,Katovicum,Katovîts,Katovitse,Kattowitz,كاتوفيتسه,کاتوویتس,קאטאוויץ,קטוביץ,Κατοβίτσε,Катавіцы,Катовица,Катовице,Катовіце,Կատովիցե,კატოვიცე,कातोवित्सा,क्याटोभिस,ಕತೋವೀಸ್ಸ,卡托维兹	relation	1513057	boundary	administrative	19.0058877	50.2137320	16	0.637530006716784		Katowice	Katowice	Silesian Voivodeship	Poland	pl	Katowice, Katowice, Katowice, Silesian Voivodeship, Poland	18.8915418	50.1300628	19.1244247	50.2976908	Q588	pl:Katowice	
Katowice	ካቶቪጸ,카토비체,ކެޓޮވިސް,カトヴィツェ,คาโตวีตเซ,Katovicai,Katovice,Katovicum,Katovîts,Katovitse,Kattowitz,كاتوفيتسه,کاتوویتس,קאטאוויץ,קטוביץ,Κατοβίτσε,Катавіцы,Катовица,Катовице,Катовіце,Կատովիցե,კატოვიცე,कातोवित्सा,क्याटोभिस,ಕತೋವೀಸ್ಸ,卡托维兹	relation	332321	boundary	administrative	19.0058877	50.2137320	12	0.637530006716784			Katowice	Silesian Voivodeship	Poland	pl	Katowice, Silesian Voivodeship, Poland	18.8915418	50.1300628	19.1244247	50.2976908	Q588	pl:Katowice	
Fujian	Fuĝjano,Fuquiém,Phúc Kiến,Фуцзянь,福建,福建省	relation	553303	boundary	administrative	118.2953958	25.7837533	8	0.637504819961136				Fujian	China	cn	Fujian, China	115.8467566	23.2599860	121.0336637	28.3205229	Q41705	zh:福建省	
City of Nottingham		relation	123292	boundary	administrative	-1.1695572	52.9537684	12	0.637454418080342			City of Nottingham	England	United Kingdom	gb	City of Nottingham, East Midlands, England, United Kingdom	-1.2469547	52.8890083	-1.0861189	53.0186720	Q21885994	en:Nottingham	
Adelaide	アデレード,Adélaïde,Adelaidė,Adelajdo,אדלייד,Аделаида,Аделаїда,Аделејд,ಅಡಿಲೇಡ್,阿德莱德	node	941125358	place	city	138.5998990	-34.9274285	16	0.637232199101208			City of Adelaide	South Australia	Australia	au	Adelaide, City of Adelaide, South Australia, Australia	138.5998990	-34.9274285	138.5998990	-34.9274285	Q5112	fr:Adélaïde (Australie)	
Nancy	낭시,ናንሲ,ナンシー,น็องซี,Nanceium,Nancí,Nancio,Nansi,Nansī,Nanzeg,نانسی,نانسي,נאנסי,Νανσύ,Нанси,Нансі,ནཱན་སི།,Նանսի,ნანსი,नान्सी,नांसी,ਨਾਨਸੀ,南锡	relation	52399	boundary	administrative	6.1811503	48.6880665	16	0.637211960849246		Nancy	Nancy	Metropolitan France	France	fr	Nancy, Nancy, Meurthe-et-Moselle, Grand Est, Metropolitan France, France	6.1342919	48.6669059	6.2126187	48.7092349	Q40898	fr:Nancy	
Abruzzo	ABR,Abruci,Abruços,Abruzja,Abruzos,Abruzzen,Abruzzes,Абруццо	relation	53937	boundary	administrative	13.8539081	42.2888549	8	0.636627486174622				Abruzzo	Italy	it	Abruzzo, Italy	13.0194056	41.6820382	14.7838895	42.8950814	Q1284	it:Abruzzo	
Kassel		relation	62598	boundary	administrative	9.4552843	51.3071473	12	0.636515091378812			Kassel	Hesse	Germany	de	Kassel, Regierungsbezirk Kassel, Hesse, Germany	9.3500844	51.2604367	9.5697642	51.3690106	Q2865	de:Kassel	
Os		node	2426688117	place	hamlet	-0.6148909	43.3878805	19	0.636509978050172		Os-Marsillon	Pau	New Aquitaine	France	fr	Os, Os-Marsillon, Pau, Pyrénées-Atlantiques, New Aquitaine, France	-0.6148909	43.3878805	-0.6148909	43.3878805	Q265868	fr:Os	
Münster	Munster,مونستر	relation	62591	boundary	administrative	7.6133016	51.9501316	12	0.636356396786512			Münster	North Rhine-Westphalia	Germany	de	Münster, Regierungsbezirk Münster, North Rhine-Westphalia, Germany	7.4737853	51.8401448	7.7743633	52.0600250	Q2742	de:Münster (Westfalen)	
Lakshadweep	ラクシャディープ,Лакшадвип,Лакшадвіп,लक्षद्वीप,ಲಕ್ಷದ್ವೀಪ,ലക്ഷദ്വീപ്,拉克沙群岛中央直辖区	relation	2027460	boundary	administrative	72.5381449	11.4980230	8	0.636325638321782				Lakshadweep	India	in	Lakshadweep, India	71.5111089	7.8900000	74.0246774	12.6454387	Q26927	en:Lakshadweep	
Lakshadweep	拉克沙群岛	node	4567438900	place	state	72.6406390	10.5656850	8	0.636325638321782					India	in	Lakshadweep, India	72.6406390	10.5656850	72.6406390	10.5656850	Q26927	en:Lakshadweep	
Jiangsu	Giang Tô,Цзянсу,江苏省,江蘇省	relation	913012	boundary	administrative	120.0388332	33.0681613	8	0.636202463325792				Jiangsu	China	cn	Jiangsu, China	116.3563538	30.7602634	122.3851954	35.3725859	Q16963	zh:江苏省	
Tamil Nadu	타밀나두 주,タミル・ナードゥ,Тамилнад,Таміл-Наду,तमिल नाडु,తమిళనాడు,ತಮಿಳುನಾಡು,தமிழ்நாடு,തമിഴ്‌നാട്,泰米尔纳德邦	relation	96905	boundary	administrative	78.5284592	10.6909053	8	0.636043027027235				Tamil Nadu	India	in	Tamil Nadu, India	76.2256046	7.8586434	80.6827280	13.5375732	Q1445	en:Tamil Nadu	
Brugge	Brige,Briugė,Brugae,Bruges,Brügge,Bruggy,Brugia,Brüj,Brujas,Brygge,بروج,Бриж,Брюгге	relation	562654	boundary	administrative	3.2198837	51.2601278	16	0.63561945746645		Brugge	Brugge	Flanders	Belgium	be	Brugge, Brugge, West Flanders, Flanders, Belgium	3.1341801	51.1581918	3.3098040	51.3633470	Q12994	nl:Brugge	
Cincinnati		relation	183453	place	city	-84.5134632	39.1366115	16	0.635557246876559		Cincinnati	Hamilton County	Ohio	United States of America	us	Cincinnati, Hamilton County, Ohio, United States of America	-84.7123900	39.0520565	-84.3687784	39.2210367	Q43196	en:Cincinnati	
Brussels-Capital	Brussele-Capitåle,Brüssel-Hauptstadt,Brussel·les-Capital,Bruxelles-Capitale,Région de Bruxelles-Capitale - Brussels Hoofdstedelijk Gewest,بروكسل العاصمة,Брюссельский столичный регион	relation	54094	boundary	administrative	4.3754338	50.8385339	8	0.635437848515639				Brussels-Capital	Belgium	be	Brussels-Capital, Belgium	4.2435440	50.7637263	4.4822770	50.9133840	Q240	fr:Région de Bruxelles-Capitale	
Dordogne	Dordonya,Дордонь	relation	7375	boundary	administrative	0.6321257	45.1429198	12	0.635318237397504			Dordogne	New Aquitaine	France	fr	Dordogne, New Aquitaine, France	-0.0419107	44.5710473	1.4481424	45.7148005	Q3357	fr:Dordogne (département)	
Ferrara		relation	43512	boundary	administrative	11.6557802	44.8055358	16	0.63520884079144		Ferrara	Ferrara	Emilia-Romagna	Italy	it	Ferrara, Ferrara, Emilia-Romagna, Italy	11.4630611	44.6734331	11.8770222	44.9377109	Q13362	it:Ferrara	
Brescia	Бреша,布雷西亚	relation	45144	boundary	administrative	10.2307723	45.5353315	16	0.634931949185878		Brescia	Brescia	Lombardy	Italy	it	Brescia, Brescia, Lombardy, Italy	10.1470683	45.4807170	10.3002185	45.5899751	Q6221	it:Brescia	
Kyoto Prefecture	Prefektura Kioto,Киото,Префектура Кіото,京都府	relation	2137477	boundary	administrative	135.2718661	35.4278709	8	0.634811432382198				Kyoto Prefecture	Japan	jp	Kyoto Prefecture, Japan	134.8513426	34.7057539	136.0554760	36.1500280	Q120730	ja:京都府	
Kyoto Prefecture	Kioto,Kiotó prefektúra,Préfecture de Kyoto,Киото,Кіото,京都府,京都府 (Kyoto Prefecture)	node	533681330	multiple	region	135.4546010	35.2425520	18	0.634811432382198		Honshu			Japan	jp	Kyoto Prefecture, Honshu, Japan	135.4546010	35.2425520	135.4546010	35.2425520	Q120730	ja:京都府	
Almaty	アルマトイ,Almata,Almati,Almatî,Almatı,Almatõ,Almatý,Verniy\s Alma-Ata,Алматы	relation	2465058	place	city	76.9183519	43.2198425	16	0.634695952616687		Almaty			Kazakhstan	kz	Almaty, Kazakhstan	76.7382774	43.0328437	77.1667539	43.4036849	Q35493	ru:Алма-Ата	
Kiribati	Kiribatis,Kiribato,Kiribatuäns,Кирибати,Кірибаті	relation	571178	boundary	administrative	173.6648340	0.3059999	4	0.634443305047904					Kiribati	ki	Kiribati	169.3203516	-11.6460000	-149.9925364	4.9000000	Q710	en:Kiribati	
Tampere	탐페레,タンペレ,Tammerfors,Tamperė,تامبيري,تامپری,Τάμπερε,Тампере,Тамперэ,坦佩雷	relation	3579531	boundary	administrative	23.9201984	61.6311584	16	0.634443305047904		Tampere	Tampereen seutukunta	Mainland Finland	Finland	fi	Tampere, Tampereen seutukunta, Pirkanmaa, Western and Central Finland, Mainland Finland, Finland	23.5422878	61.4273643	24.1184947	61.8366140	Q40840	en:Tampere	
New Brunswick	Neubraunschweig,Noul Brunswick,Nouveau-Brunswick,Nov-Brunsviko,Novo Brunsvique,Novum Brunsvicum,Nuevo Brunswick,Nuovo Brunswick,Új-Brunswick,نيو برانسويك,Новый Брансуик,Нью-Брансвік,Нью-Брансуік,新不伦瑞克省	node	1639542076	place	state	-66.7501831	46.5002829	8	0.634316623770978					Canada	ca	New Brunswick, Canada	-66.7501831	46.5002829	-66.7501831	46.5002829	Q1965	en:New Brunswick	
New Brunswick	뉴브런즈윅,รัฐนิวบรันสวิก,Brunswick Berria,Brunswick Nevez,Brunswick Nowydh,Brunswick Nuadh,Naujasis Bransvikas,Neubraunschweig,Nieu-Brunswyk,Nij-Brunswyk,Nòu Brunswick,Noul Brunswick,Nouveau-Brunswick,Nova Brunsvic,Nova Brunswick,Nov-Brunsviko,Novi Brunswick,Novo Brunsvique,Novum Brunsvicum,Nový Brunšvik,Nowy Brunszwik,Ņūbransvika,Nuevo Brunswick,Nuovo Brunswick,Nyu-Brunsvik,نیوبرانزویک,نيو برانزويك,ניו ברנזוויק,Νέα Βρουνσβίκη,Нью-Брансвик,Нью-Брансвік,Нью-Брансуик,Ню Брънзуик,Њу Брансвик,ნიუ-ბრანსუიკი,न्यू ब्रुन्सविक,ニューブランズウィック州,新伯倫瑞克	relation	68942	boundary	administrative	-66.1296191	46.3208417	8	0.634316623770978				New Brunswick	Canada	ca	New Brunswick, Canada	-69.0534664	44.5561189	-63.6147117	48.0893391	Q1965	en:New Brunswick	
Niigata	Prefektura Niigata,Ниигата,Префектура Ніїґата,新潟県	relation	3559887	boundary	administrative	138.7164961	37.8168830	8	0.634306056198273				Niigata	Japan	jp	Niigata, Japan	137.5316347	36.7365290	139.8998870	38.8973083	Q132705	ja:新潟県	
Eure	Эр	relation	7435	boundary	administrative	0.9652026	49.0756358	12	0.634110255420673			Eure	Metropolitan France	France	fr	Eure, Normandy, Metropolitan France, France	0.2961628	48.6664173	1.8028555	49.4848243	Q3372	fr:Eure (département)	
Hertfordshire	Хартфордшир	relation	57032	boundary	administrative	-0.0978552	51.8400523	12	0.633998870648923			Hertfordshire	England	United Kingdom	gb	Hertfordshire, East of England, England, United Kingdom	-0.7457893	51.5995828	0.1955669	52.0805364	Q3410	de:Hertfordshire	
Washington	워싱턴,รัฐวอชิงตัน,Vaşington,Vašingtona,Vašingtonas,Vaŝingtonio,Vaşinqton,Wááshindoon Hahoodzo,Wachintòn,Washington suyu,Waszyngton,واشنطن,واشنگتن,וואשינגטאן,וושינגטון,Ουάσινγκτον,Вашингтон,Վաշինգտոն,ვაშინგტონი,वाशिंगटन,வாஷிங்டன்,വാഷിങ്ടണ്‍,ওয়াশিংটন,华盛顿州,ワシントン州	relation	165479	boundary	administrative	-120.6959452	47.2746376	8	0.633977633530439				Washington	United States of America	us	Washington, United States of America	-124.8360916	45.5437225	-116.9174298	49.0024391	Q1223	en:Washington (state)	
Mecca	La Meca,La Mecque,Makkah,Meke,Mekka,Mekke,مكة	node	4308338842	place	city	39.8270872	21.4209763	16	0.633834106967298				Makkah Region	Saudi Arabia	sa	Mecca, Makkah Region, Saudi Arabia	39.8270872	21.4209763	39.8270872	21.4209763	Q5806	ar:مكة	
Palau	Belau,Palaos,Palauäns,Palaŭo,Палау,பலாவு,帛琉	relation	571805	boundary	administrative	134.4959380	7.3235000	4	0.633823463151897					Palau	pw	Palau	131.0685462	2.7480000	134.7714734	8.2220000	Q695	en:Palau	
Punjab	パンジャーブ,بنجاب,Пенджаб,पंजाब,ಪಂಜಾಬ್,பஞ்சாப்,旁遮普邦	relation	1942686	boundary	administrative	75.6470415	31.0632142	8	0.633684939746606				Punjab	India	in	Punjab, India	73.8809224	29.5462615	76.9311946	32.5760170	Q22424	en:Punjab, India	
Guangzhou	Cantão,Canton,Cantón,Guangdžou,Kanton,Kantono,Quảng Châu,גואנגג'ואו,Гуангџоу,Гуанчжоу,გუანჯოუ,ಕ್ವಾಂಗ್ಕ್ಸೌ,广州,广州市,广州市 Guangzhou (Canton),広州市	relation	3287346	place	city	113.5330507	23.2258902	16	0.633604892169817		Guangzhou		Guangdong	China	cn	Guangzhou, Guangdong, China	112.9529252	22.5176916	114.0500833	23.9360754	Q16572	en:Guangzhou	
Zhejiang	Chequião,Chiết Giang,Ĝeĝjango,Чжэцзян,浙江,浙江省	relation	553302	boundary	administrative	120.3395163	29.0201431	8	0.633583530017775				Zhejiang	China	cn	Zhejiang, China	118.0224069	26.8591002	123.3936223	31.1825783	Q16967	zh:浙江省	
Uppsala	Östra Aros,Upsala,Upsalo,אופסאלא,אופסלה,Уппсала	node	25735371	place	city	17.6411200	59.8594125	16	0.633556817763975			Uppsala kommun	Uppsala län	Sweden	se	Uppsala, Uppsala kommun, Uppsala län, Sweden	17.6411200	59.8594125	17.6411200	59.8594125	Q25286	sv:Uppsala	
San Diego		relation	253832	place	city	-117.1521440	32.8246631	16	0.633423096811175		San Diego	San Diego County	California	United States of America	us	San Diego, San Diego County, California, United States of America	-117.3098053	32.5347838	-116.9057227	33.1142490	Q16552	en:San Diego	
Linz	لنتس	relation	86708	boundary	administrative	14.3016253	48.2950643	12	0.63331592791847			Linz	Upper Austria	Austria	at	Linz, Upper Austria, Austria	14.2457200	48.2113712	14.4092169	48.3786926	Q41329	de:Linz	
Ravenna		relation	42955	boundary	administrative	12.1714750	44.4207935	16	0.633009554512667		Ravenna	Ravenna	Emilia-Romagna	Italy	it	Ravenna, Ravenna, Emilia-Romagna, Italy	12.0290885	44.2131439	12.3482768	44.6287630	Q13364	it:Ravenna	
Honolulu	호놀룰루,ஹொனலுலு	relation	119231	place	city	-157.8466442	21.3250785	16	0.632955660313315		Honolulu	Honolulu County	Hawaii	United States of America	us	Honolulu, Honolulu County, Hawaii, United States of America	-157.9548690	21.2490380	-157.6478570	21.4019870	Q18094	en:Honolulu	
Doha		relation	3671049	boundary	administrative	51.4996674	25.3014957	20	0.632826137414106		Doha		Doha	Qatar	qa	Doha, Doha, Qatar	51.4471703	25.2155799	51.6306565	25.3874135	Q3861	en:Doha	
Seine-Maritime	센마리팀,จังหวัดแซน-มารีตีม,Pajūrio-Sena,Piejūras-Sēna,Sèina-Maritima,Sekwana-Nadmorska,Sena-Marítim,Sena-Maritimo,Sena-Marítimo,Sequana-Maritima,السان-البحرية,سن-ماریتیم,סן-מריטים,Приморска-Сена,Приморская-Сена,Приморська-Сена,Сена-Маритим,Сена-Приморская,Сена-Прыморская,Тинĕсçум-Сена,Ծովամերձ-Սեն,ზღვისპირა-სენა,सीन-मरितीम,滨海塞纳省,セーヌ＝マリティーム県	relation	7426	boundary	administrative	0.9400944	49.6632374	12	0.632718010422801			Seine-Maritime	Metropolitan France	France	fr	Seine-Maritime, Normandy, Metropolitan France, France	0.0657702	49.2506708	1.7907710	50.0758064	Q12758	fr:Seine-Maritime	
Perth	パース,Pertas,Perto,بيرث,פרת,Перт,पर्थ,ಪರ್ತ್,珀斯	node	29277817	place	city	115.8604796	-31.9527121	16	0.632457792794305				Western Australia	Australia	au	Perth, Western Australia, Australia	115.8604796	-31.9527121	115.8604796	-31.9527121	Q3183	en:Perth, Western Australia	
Lincolnshire		relation	78312	boundary	administrative	-0.1895941	53.1282968	12	0.632452360852429			Lincolnshire	England	United Kingdom	gb	Lincolnshire, East Midlands, England, United Kingdom	-0.8206513	52.6402179	0.3579553	53.6163635	Q23090	en:Lincolnshire	
Bergamo	Bèrgam,Bergame,Bérgamo,Бергамо,贝尔加莫	relation	45681	boundary	administrative	9.6680182	45.6936773	16	0.632436062388907		Bergamo	Bergamo	Lombardy	Italy	it	Bergamo, Bergamo, Lombardy, Italy	9.6193564	45.6554235	9.7137062	45.7314001	Q628	it:Bergamo	
Winnipeg		relation	1790696	boundary	administrative	-97.1753895	49.8510978	16	0.632436062388907		Winnipeg		Manitoba	Canada	ca	Winnipeg, Manitoba, Canada	-97.3491505	49.7135537	-96.9565293	49.9940074	Q2135	en:Winnipeg	
Angers	앙제,አንዤ,アンジェ,Andecavis,Angieus,Anje,Añje,Anžė,Anžē,أنجيه,آنژہ,آنژه,אנז'ה,Ανζέ,Анже,Анжер,Анжэ,ანჟე,अँजी,昂热	relation	178351	boundary	administrative	-0.5470265	47.4818351	16	0.632381705578351		Angers	Angers	Metropolitan France	France	fr	Angers, Angers, Maine-et-Loire, Pays de la Loire, Metropolitan France, France	-0.6176932	47.4373546	-0.5085460	47.5262993	Q38380	fr:Angers	
Pernambuco	페르남부쿠,ペルナンブーコ,เปร์นัมบูกู,PE,Pernambouc,Pernambucum,Pernambukas,Pernambuko,Pernambuku,Prenambuku,بيرنامبوكو,پرنامبوکو,פרנמבוקו,Пернамбуко,Пернамбуку,Պերնամբուկու,პერნამბუკუ,पर्नांबुको,पेरनाम्बुको,伯南布哥	relation	303702	boundary	administrative	-37.7861224	-8.3750328	8	0.632174747327256				Northeast Region	Brazil	br	Pernambuco, Northeast Region, Brazil	-41.3583362	-9.4763588	-29.1450135	1.1205948	Q40942	pt:Pernambuco	
Cumbria		relation	88065	boundary	administrative	-2.9420969	54.6143136	12	0.632142011300425			Cumbria	England	United Kingdom	gb	Cumbria, North West England, England, United Kingdom	-3.6406213	54.0396283	-2.1589940	55.1889788	Q23066	en:Cumbria	
Białystok	Balstogė,Bjalistoka,Bjalistoko	relation	2910925	boundary	administrative	23.1470508	53.1275050	16	0.632098338415548		Białystok	Białystok	Podlaskie Voivodeship	Poland	pl	Białystok, Białystok, Białystok, Podlaskie Voivodeship, Poland	23.0657911	53.0665967	23.2471928	53.1885989	Q761	pl:Białystok	
Białystok	Bjalistoka	relation	2989154	boundary	administrative	23.1470508	53.1275050	14	0.632098338415548			Białystok	Podlaskie Voivodeship	Poland	pl	Białystok, Białystok, Podlaskie Voivodeship, Poland	23.0657911	53.0665967	23.2471928	53.1885989	Q761	pl:Białystok	
Białystok	Bjalistoka,Белосток,Білосток	relation	1429268	boundary	administrative	23.1470508	53.1275050	12	0.632098338415548			Białystok	Podlaskie Voivodeship	Poland	pl	Białystok, Podlaskie Voivodeship, Poland	23.0657911	53.0665967	23.2471928	53.1885989	Q761	pl:Białystok	
городской округ Казань	Kazanės miesto apygarda,шәһәр округы Казан	relation	367666	boundary	administrative	49.1902944	55.7604192	12	0.631972620362528			городской округ Казань	Volga Federal District	Russia	ru	городской округ Казань, Tatarstan, Volga Federal District, Russia	48.8205846	55.6034780	49.3812468	55.9382193	Q900	ru:Казань	
Kazan	カザン,Kasan,Kazaň,Kazaņa,Казан,Казань	relation	3437391	place	city	49.1902944	55.7604192	16	0.631972620362528		Kazan	городской округ Казань	Volga Federal District	Russia	ru	Kazan, городской округ Казань, Tatarstan, Volga Federal District, Russia	48.8205846	55.6034780	49.3812468	55.9382193	Q900	ru:Казань	
Brunswick	Braunschweig,Braunšveiga,Braunšveigas,Breunswyk,Brunsvicum,Brúnsvík,Brunswijk,Brunszwik,برونشوايك,Брауншвајг,Брауншвейг	node	30137197	place	city	10.5252910	52.2640650	16	0.631808285642728			Brunswick	Lower Saxony	Germany	de	Brunswick, Brunswick, Lower Saxony, Germany	10.5252910	52.2640650	10.5252910	52.2640650	Q2773	de:Braunschweig	
Brunswick	Braunschweig,Breunswyk,Brunswijk,برونشوايك,Брауншвейг	relation	62531	boundary	administrative	10.5203138	52.2716564	12	0.631808285642728			Brunswick	Lower Saxony	Germany	de	Brunswick, Lower Saxony, Germany	10.4124521	52.1867941	10.6449080	52.3573830	Q2773	de:Braunschweig	
Tuvalu	ቱቫሉ,ツバル,투발루,ଟୁଭାଲୁ,ຕູວາລູ,ទូវ៉ាលូ,ประเทศตูวาลู,Ellice Islands,i-Tuvalu,Orílẹ́ède Tufalu,Tovalò,Tubalu,Tubhalu,Tuvalo,Tūvalu,Túvalú,Tûvalû,Tüvalü,Tuvaluäns,Tuvalu nutome,Tuwaluu,Twfalw,توفالو,تووالو,توٗوالوٗ,ٹووالو,טובלו,Τουβαλού,Тувалу,ཏུ་ཝ་ལུ,ཐུ་ཝ་ལུ།,Տուվալու,ტუვალუ,टुवालु,तुभालु,तुवालु,તુવાલુ,టువాలు,ಟುವಾಲು,துவாலூ,തുവാലു,টুভালু,ටුවාලූ,吐瓦鲁	relation	2177266	boundary	administrative	179.1582918	-8.6405213	4	0.631736948797106					Tuvalu	tv	Tuvalu	175.8531999	-10.9939389	-179.9257500	-5.4369612	Q672	de:Tuvalu	
Aruba	Arubo,أروبا,Аруба	relation	1231749	boundary	administrative	-69.9804237	12.5429999	6	0.631654542736479				Aruba	The Netherlands	nl	Aruba, The Netherlands	-70.2695876	12.2627779	-69.6612260	12.8230000	Q21203	en:Aruba	
Okinawa Prefecture	오키나와 현,Okinawa,Prefektura Okinawa,Окинава,Префектура Окінава,冲绳县,沖縄県	relation	3795635	boundary	administrative	127.5421813	26.5892096	8	0.631527989963322				Okinawa Prefecture	Japan	jp	Okinawa Prefecture, Japan	122.7141754	23.8458526	131.5542439	28.0857632	Q766445	ja:沖縄県	
Rhode Island	로드아일랜드,Ellan Rhode,Oileán Rhode,Pulau Rhode,Rhodensis Insula,Rod Ailandas,Rodailenda,Rod-Aylend,Rode Qikiqtaq,Rod-Insulo,State of Rhode Island and Providence Plantations,Wóód Áalin Hahoodzo,Ynys Rhode,رود آيلاند,ראוד איילענד,רוד איילנד,Ρόουντ Άιλαντ,Род-Айленд,Род Айлънд,Роуд Ајланд,Ռոդ Այլենդ,როდ-აილენდი,றோட் தீவு,ロードアイランド州,羅德島州	relation	392915	boundary	administrative	-71.4627805	41.6009068	8	0.631439812319526				Rhode Island	United States of America	us	Rhode Island, United States of America	-71.9074127	41.0959867	-71.0999608	42.0188529	Q1387	en:Rhode Island	
Yvelines	Ивелин	relation	7457	boundary	administrative	1.8871376	48.7620373	12	0.631119193834827			Yvelines	Metropolitan France	France	fr	Yvelines, Ile-de-France, Metropolitan France, France	1.4462445	48.4386011	2.2292167	49.0854030	Q12820	fr:Yvelines	
Valladolid	بلد الوليد,Вальядалід,Вальядолид	relation	348849	boundary	administrative	-4.7259190	41.6198580	16	0.631091482476762		Valladolid	Valladolid	Castile and León	Spain	es	Valladolid, Valladolid, Castile and León, Spain	-4.9281803	41.5233289	-4.6308689	41.8155086	Q8356	es:Valladolid	
Denver	덴버,デンバー,เดนเวอร์,Denber, Kolorado,Denvera,Denveris,Denverium (Coloratum),Denver, Kolorado,Denvero (Koloradio),Dénwér,دنفر، كولورادو,دنور، کلرادو,דנוור,Ντένβερ,Денвер,Денвер (Колорадо),Денвър,Дэнвер,Дэнвер (Колорадо),Դենվեր,დენვერი,डॅनवर,डेन्वर्,डेन्व्हर,డెన్వర్,ਡੈਨਵਰ,டென்வர்,ഡെൻവർ,丹佛	relation	253750	boundary	administrative	-104.9548164	39.7647134	16	0.630735762989988		Denver	Denver County	Colorado	United States of America	us	Denver, Denver County, Colorado, United States of America	-105.1098846	39.6143154	-104.5996889	39.9142086	Q16554	en:Denver, Colorado	
Hérault	에로 주,เอโร,Arauris,Erau,Ēro,Hero,ارو,هيرولت,ארו,Еро,Эро,Էրո,ეროს,एरॉ,埃罗省,エロー県	relation	7429	boundary	administrative	3.3552830	43.5914423	12	0.630646537792253			Hérault	Metropolitan France	France	fr	Hérault, Occitania, Metropolitan France, France	2.5395544	43.2101999	4.1946288	43.9727534	Q12545	fr:Hérault (département)	
Haridwār	ハリドワール,Hardwar,हरिद्वार,ಹರಿದ್ವಾರ,அரித்துவார்	node	1211180500	place	city	78.1452985	29.9384473	16	0.630585126598336			Haridwar	Uttarakhand	India	in	Haridwār, Haridwar, Uttarakhand, India	78.1452985	29.9384473	78.1452985	29.9384473	Q273030	en:Haridwar	
Meurthe-et-Moselle	Meurthe i Mosel·la,Meurthe y Mosela,Mörthe und Mosel,Мёрт и Мозель	relation	51856	boundary	administrative	5.9870383	48.9559682	12	0.630557193835381			Meurthe-et-Moselle	Metropolitan France	France	fr	Meurthe-et-Moselle, Grand Est, Metropolitan France, France	5.4260672	48.3489002	7.1232205	49.5633407	Q12626	fr:Meurthe-et-Moselle	
Tashkent	타슈켄트,ታሽኬንት,タシュケント,ทาชเคนต์,Chach,Daşkənd,Daşkent,Lithopolis,Tachkent,Tachkènt,Taixkent,Taschkent,Tashkenti,Tasjkent,Taskent,Taškent,Taşkent,Tașkent,Taškenta,Taškentas,Taŝkento,Taşkent, Ûzbêkistan,Taszkent,Tochkent,Toshkent,تاشقند,تاشكند,تاشکند,طشقند,טאשקענט,טשקנט,Τασκένδη,Ташкен,Ташкент,Тошканд,ཐ་ཧྲི་ཀན།,Տաշքենդ,ტაშკენტი,ताशकन्द,ताश्कंद,తాష్కెంట్,ತಾಷ್ಕೆಂಟ್,தாஷ்கந்து,താഷ്കന്റ്,তাশখন্দ,塔什干	relation	2216724	place	city	69.2535391	41.2839745	16	0.630506885551793		Tashkent			Uzbekistan	uz	Tashkent, Uzbekistan	69.1218863	41.1691007	69.4735248	41.4156751	Q269	ru:Ташкент	
Calais	カレー,Calesium,كاليه,Кале	relation	286380	boundary	administrative	1.8697481	50.9518550	16	0.63039495419071		Calais	Calais	Metropolitan France	France	fr	Calais, Calais, Pas-de-Calais, Hauts-de-France, Metropolitan France, France	1.8058010	50.9218870	1.9321160	50.9818904	Q6454	fr:Calais	
Trinidad and Tobago	Trindade e Tobago,Trinidadas ir Tobagas,Trinidad a Tobago,Trinidadeän e Tobageäns,Trinidad en Tobago,Trinidad i Tobago,Trinidado kaj Tobago,Trinidad und Tobago,Trinidad y Tobago,Trinité-et-Tobago,Trynidad i Tobago,Тринидад и Тобаго,Тринідад і Тобаго,டிரினிடாட் மற்றும் டொபாகோ	relation	555717	boundary	administrative	-61.1554272	10.7272275	4	0.630389352720211					Trinidad and Tobago	tt	Trinidad and Tobago	-62.0830561	9.8732106	-60.2895849	11.5628371	Q754	en:Trinidad and Tobago	
Leiden		relation	295092	boundary	administrative	4.4811088	52.1518156	20	0.630305274522477		Leiden		Netherlands	The Netherlands	nl	Leiden, Leiden, South Holland, Netherlands	4.4388652	52.1189516	4.5240376	52.1846261	Q43631	nl:Leiden	
Clermont-Ferrand	클레르몽페랑,แกลร์มง-แฟร็อง,クレルモン＝フェラン,Augustonemetum,Clarmont-d'Alvèrnia,Clarmont d'Auvèrnhe,Klermonas-Feranas,Klermon-Feran,Klermonferāna,كليرمون-فيران,کلرمون-فران,קלרמון-פראן,Κλερμόν-Φεράν,Клермон-Феран,Клермон-Ферран,Կլերմոն-Ֆերան,კლერმონ-ფერანი,क्लेरमाँ-फेराँ,क्लेरमाँ-फ़ेराँ,克莱蒙费朗	relation	110866	boundary	administrative	3.1060588	45.7870588	16	0.630305274522477		Clermont-Ferrand	Clermont-Ferrand	Auvergne-Rhône-Alpes	France	fr	Clermont-Ferrand, Clermont-Ferrand, Puy-de-Dôme, Auvergne-Rhône-Alpes, France	3.0532560	45.7556941	3.1721761	45.8183838	Q42168	fr:Clermont-Ferrand	
Leiden		relation	444400	boundary	administrative	4.4811088	52.1518156	16	0.630305274522477		Leiden		Netherlands	The Netherlands	nl	Leiden, South Holland, Netherlands	4.4388652	52.1189516	4.5240376	52.1846261	Q43631	nl:Leiden	
East Timor	Istočni Timor,Oos-Timor,Osttimor,Øst-Timor,Rytų Timoras,Timór Lorosa'e,Timor oriental,Timor Timur,Timor Wschodni,Východní Timor,Východný Timor,Ανατολικό Τιμόρ,Восточный Тимор,Көнчыгыш Тимор,Східний Тимор,கிழக்குத் திமோர்	relation	305142	boundary	administrative	125.9886923	-8.8778068	4	0.630159289039267					East Timor	tl	East Timor	124.0415703	-9.5642775	127.5335392	-8.0895460	Q574	en:East Timor	
Ain	Эн	relation	7387	boundary	administrative	5.2847803	46.0655133	12	0.630063665042814			Ain	Auvergne-Rhône-Alpes	France	fr	Ain, Auvergne-Rhône-Alpes, France	4.7281683	45.6107562	6.1700273	46.5199005	Q3083	fr:Ain (département)	
Dagestan	Dagestano,Dagesztán,Daguestan,Daxistan,Дагестан,Дагстан,Дагъистаналъул Республика,Республика Дагестан,达吉斯坦共和国	node	869576948	place	state	47.1332223	43.0574916	8	0.630001718023982				North Caucasus federal district	Russia	ru	Dagestan, North Caucasus federal district, Russia	47.1332223	43.0574916	47.1332223	43.0574916	Q5118	ru:Дагестан	
Dagestan	Dagestanas,Daghestan,Dağıstan,Daguestan,Daguestán,Daguestão,Dagystan,Daxistan,Republika Dagestanu,داغستان,דאגסטן,Νταγκεστάν,Дагестан,Дагъистан,Доғистон,Դաղստան,დაღესტანიშ რესპუბლიკა,达吉斯坦共和国	relation	109876	boundary	administrative	47.1487582	43.0890238	8	0.630001718023982				North Caucasus federal district	Russia	ru	Dagestan, North Caucasus federal district, Russia	45.1034214	41.1858711	48.8140958	44.9917213	Q5118	ru:Дагестан	
Miyagi	Prefektura Miyagi,Мияги,Префектура Міяґі,宮城県	relation	3790801	boundary	administrative	141.2350696	38.3881050	8	0.629838128596492				Miyagi	Japan	jp	Miyagi, Japan	140.2748669	37.7732520	142.0513624	39.0027789	Q47896	ja:宮城県	
Trier	Trevír	relation	172679	boundary	administrative	6.6682651	49.7780330	12	0.629798581690343			Trier	Rhineland-Palatinate	Germany	de	Trier, Rhineland-Palatinate, Germany	6.5517919	49.6986004	6.7471503	49.8571172	Q3138	de:Trier	
Trier	トリーア,Augusta Treverorum,Tréier,Tréveris,Trèveris,Trèves,Trevír,Treviri,Treviro,Trewir,Трир,Трір,特里尔	node	31941291	place	city	6.6441878	49.7596208	16	0.629798581690343			Trier	Rhineland-Palatinate	Germany	de	Trier, Trier, Rhineland-Palatinate, Germany	6.6441878	49.7596208	6.6441878	49.7596208	Q3138	de:Trier	
Modena	Mòdena	relation	43336	boundary	administrative	10.8883201	44.6446043	16	0.629696782531024		Modena	Modena	Emilia-Romagna	Italy	it	Modena, Modena, Emilia-Romagna, Italy	10.7829772	44.5629530	11.0122721	44.7424432	Q279	it:Modena	
Bari		relation	41038	boundary	administrative	16.8768082	41.0929641	16	0.62966847756679		Bari	Bari	Apulia	Italy	it	Bari, Bari, Apulia, Italy	16.7172375	41.0160583	17.0334109	41.1697836	Q3519	it:Bari	
Finistère	피니스테르,ฟีนิสแตร์,Finistēra,Finisteras,Finistèrra,Finis Terrae,Finisterre,Penn-ar-Bed,فینیستر,فنستير,פיניסטר,Финистер,Фіністер,Фіністэр,Ֆինիստեր,ფინისტერი,फिनिस्तर,フィニステール県,非尼斯泰尔省	relation	102430	boundary	administrative	-4.0440303	48.2452997	12	0.629470007917741			Finistère	Metropolitan France	France	fr	Finistère, Brittany, Metropolitan France, France	-5.1412766	47.7012814	-3.3866547	48.7538212	Q3389	fr:Finistère	
Bydgoszcz	Bromberg,Bydgoščius,Быдгощ	relation	2723342	boundary	administrative	18.0293696	53.1297462	14	0.62938476952954			Bydgoszcz	Kuyavian-Pomeranian Voivodeship	Poland	pl	Bydgoszcz, Bydgoszcz, Kuyavian-Pomeranian Voivodeship, Poland	17.8741662	53.0501095	18.2017079	53.2093439	Q41252	pl:Bydgoszcz	
Bydgoszcz	Bromberg,Bydgoščius,Бидгощ,Быдгощ	relation	358688	boundary	administrative	18.0293696	53.1297462	12	0.62938476952954			Bydgoszcz	Kuyavian-Pomeranian Voivodeship	Poland	pl	Bydgoszcz, Kuyavian-Pomeranian Voivodeship, Poland	17.8741662	53.0501095	18.2017079	53.2093439	Q41252	pl:Bydgoszcz	
Bydgoszcz	Bidgoŝto,Bromberg,Bydgošč,Bydgoščius,Быдгощ	relation	2603247	boundary	administrative	18.0293696	53.1297462	16	0.62938476952954		Bydgoszcz	Bydgoszcz	Kuyavian-Pomeranian Voivodeship	Poland	pl	Bydgoszcz, Bydgoszcz, Bydgoszcz, Kuyavian-Pomeranian Voivodeship, Poland	17.8741662	53.0501095	18.2017079	53.2093439	Q41252	pl:Bydgoszcz	
Sierra Leone	ሴየራ ሌዎን,시에라리온,ସିଏରା ଲିଓନ,シエラレオネ,ސެރެލިއޯން,ประเทศเซียร์ราลีโอน,Bulubunduking Leona,ISiera Liyoni,ISiriya-Liyoni,Liyun Urqu,Mons Leoninus,Náshdóítsoh Bitsiijįʼ Daditłʼooʼígíí Bidził,Sarliyon,Sera Leon,Serra Leoa,Siarra Leòmhann,Siarra Leon,Sieraleonän,Siera Leone,Sierä-Leône,Siera Leonė,Siera-Leono,Sierra Leöane,Sierra Leon,Sierra Leona,Síerra Leóne,Siẹrra Léònè,Sijera Leone,Siraa Leyoon,Siyera Lewone,Siyera Liyona,Sjerraleone,Syera Leòn,Syerra Leone,Syerra-Leone,Sýerra-Leone,سیرالیون,سېرالیون,سیرالئون,سيراليون,سيېررا لېئونې,סיירה לאונה,סיערע לעאנע,Σιέρα Λεόνε,Сиера Леоне,Сиерра Леоне,Сиерра-Леоне,Сијера Леоне,Сьера-Леонэ,Сьеррæ-Леоне,Сьерра-Леоне,Сьєрра-Леоне,སི་ར་ལེ་ཨོན།,Սիերա Լեոնե,სიერა-ლეონე,सिएरा लियोन,सियारा-लियोन,सियेरा लिओन,ਸਿਏਰਾ ਲਿਓਨ,ಸಿಯೆರ್ರಾ ಲಿಯೋನ್,சியேரா லியோனி,സീറാ ലിയോൺ,সিয়েরা লিওন,ဆီရာလီယွန်နိုင်ငံ,සියෙරා ලියෝන්,塞拉利昂	relation	192777	boundary	administrative	-12.0823700	8.3774515	4	0.629367708855491					Sierra Leone	sl	Sierra Leone	-13.5003390	6.7549999	-10.2716831	9.9999730	Q1044	en:Sierra Leone	
Wiesbaden	Висбаден	relation	62496	place	city	8.2540539	50.0725995	16	0.629048444416825		Wiesbaden	Regierungsbezirk Darmstadt	Hesse	Germany	de	Wiesbaden, Regierungsbezirk Darmstadt, Hesse, Germany	8.1106031	49.9932751	8.3861874	50.1520224	Q1721	de:Wiesbaden	
Yonne	욘,อียอน,Icauna,Jona,Jonas,یون,یوننے,يون,יון,Ιόν,Іона,Йон,Йонна,Јон,Յոն,იონა,योन,ヨンヌ県,约讷省	relation	7392	boundary	administrative	3.6450439	47.8551257	12	0.628934052395808			Yonne	Metropolitan France	France	fr	Yonne, Bourgogne-Franche-Comté, Metropolitan France, France	2.8484902	47.3103627	4.3400736	48.4000591	Q12816	fr:Yonne (département)	
Mantua	Mantoue,Mantova,Màntua,مانتوفا,Мантуя,曼托瓦	relation	44232	boundary	administrative	10.8016366	45.1442445	16	0.628916876766471		Mantua	Mantua	Lombardy	Italy	it	Mantua, Mantua, Lombardy, Italy	10.7229025	45.1019574	10.9042759	45.1868312	Q6247	it:Mantova	
Devon	Devonshire,Девон,Дэван	relation	190380	boundary	administrative	-3.6607959	50.7241650	12	0.62891115057993			Devon	South West England	United Kingdom	gb	Devon, South West England, United Kingdom	-4.6806563	50.2014642	-2.8866407	51.2468388	Q23156	de:Devon (England)	
Weimar	ヴァイマル,Веймар	node	423889907	place	town	11.3290855	50.9802813	18	0.628876783198845			Weimar	Thuringia	Germany	de	Weimar, Weimar, Thuringia, Germany	11.3290855	50.9802813	11.3290855	50.9802813	Q3955	de:Weimar	
Weimar	Výmar	relation	62493	boundary	administrative	11.3298397	50.9769990	12	0.628876783198845			Weimar	Thuringia	Germany	de	Weimar, Thuringia, Germany	11.2349051	50.9171122	11.4019598	51.0367147	Q3955	de:Weimar	
Wichita		relation	129814	place	city	-97.3872170	37.6853439	16	0.628836665669215		Wichita	Sedgwick County	Kansas	United States of America	us	Wichita, Sedgwick County, Kansas, United States of America	-97.7343621	37.4890179	-97.1530031	37.8402000	Q49266	en:Wichita, Kansas	
Cantabria	Cantàbria,Cantabrie,Kantabria,كانتابريا,Кантабрия,Кантабрыя	relation	349013	boundary	administrative	-4.2636327	43.1358370	8	0.628664461311846				Cantabria	Spain	es	Cantabria, Spain	-4.8517354	42.7580498	-3.1496520	43.5136233	Q3946	es:Cantabria	
Cantabria	Kantábrie,Kantabrija,Kantabrio,Provincia de Cantabria,استان کانتابریا,منطقة كانتابريا,קנטבריה,Кантабри,Кантабрия,Кантабрыя,坎塔布里亚,カンタブリア州	relation	6426101	boundary	administrative	-4.2636327	43.1358370	12	0.628664461311846			Cantabria		Spain	es	Cantabria, Spain	-4.8517354	42.7580498	-3.1496520	43.5136233	Q3946	es:Cantabria	
Cantabria	칸타브리아 지방,Cantábria,Cantabrie,Cantabrië,Kantaabria,Kantaabrje,Kantabria,Kantábria,Kantabría,Kantabrien,Kantabrija,Kantabrio,Provincia de Santander,کانتابریا,קנטבריה,Κανταβρία,Кантабрия,Кантабрыя,カンタブリア州	node	3513471345	place	state	-4.0878382	43.1595664	8	0.628664461311846					Spain	es	Cantabria, Spain	-4.0878382	43.1595664	-4.0878382	43.1595664	Q3946	es:Cantabria	
Arras	アラス,Arrás,Atrecht,Nemetacum,אראס,Арас,Аррас,阿拉斯	relation	1121015	boundary	administrative	2.7746942	50.2891131	16	0.628462996275387		Arras	Arras	Metropolitan France	France	fr	Arras, Arras, Pas-de-Calais, Hauts-de-France, Metropolitan France, France	2.7251442	50.2680554	2.8106849	50.3104991	Q131329	fr:Arras	
Bas-Rhin	바랭,บา-แร็ง,Baixo-Reno,Baixo-Rin,Baix-Rin,Bajo-Rin,Basso-Reno,Dolny-Ren,Lejasreina,Niederrhein,Rhenus-Inferior,Roen-Izel,Žemutinis-Reinas,الراين-الأسفل,با-رن,ריין-תחתון,Анатри-Рейн,Ба-Рейн,Ба-Рен,Долна-Рајна,Доња-Рајна,Нижний-Рейн,Нижній-Рейн,Рэйн-Ніжні,Төменгі-Рейн,Ներքին-Ռեն,ქვემო-რეინი,बास-ऱ्हिन,下莱茵省,バ＝ラン県	relation	7415	boundary	administrative	7.5338186	48.5991783	12	0.628416862100589			Bas-Rhin	Metropolitan France	France	fr	Bas-Rhin, Grand Est, Metropolitan France, France	6.9406273	48.1204252	8.2325219	49.0777916	Q12717	fr:Bas-Rhin	
Guernsey	Guernesey,غيرنزي	relation	3064410	place	island	-2.5812023	49.4622912	17	0.628295608817828		Guernsey		Guernsey	Guernsey	gg	Guernsey, Guernsey, Guernsey	-2.6751704	49.4155331	-2.5018141	49.5090776	Q25230	en:Guernsey	
Darmstadt		relation	62581	boundary	administrative	8.6649051	49.8741846	12	0.628278269026535			Darmstadt	Hesse	Germany	de	Darmstadt, Regierungsbezirk Darmstadt, Hesse, Germany	8.5598937	49.7956794	8.7497078	49.9538139	Q2973	de:Darmstadt	
Darmstadt	ダルムシュタット,Darmstadium,Дармштадт,Дармштат,达姆施塔特	node	240074718	place	city	8.6511770	49.8727750	16	0.628278269026535			Darmstadt	Hesse	Germany	de	Darmstadt, Darmstadt, Regierungsbezirk Darmstadt, Hesse, Germany	8.6511770	49.8727750	8.6511770	49.8727750	Q2973	de:Darmstadt	
New Orleans		relation	131885	place	city	-89.9750055	30.0328017	16	0.627895655966143		New Orleans	Orleans Parish	Louisiana	United States of America	us	New Orleans, Orleans Parish, Louisiana, United States of America	-90.1400301	29.8654809	-89.6251764	30.1994687	Q34404	en:New Orleans	
Castile and León	Castela e Leão,Castiglia e León,Castilia și León,Castilië en León,Castilla y León,Castille-et-León,Gaztela Leon,Kastilien und León,Kastilija ir Leonas,Kastilio kaj Leono,Kastylia i León,קסטיליה ולאון,Кастилия и Леон,Кастилія-і-Леон,Кастылія і Леон	node	1721119270	place	state	-4.7471726	41.8037172	8	0.627825855036088					Spain	es	Castile and León, Spain	-4.7471726	41.8037172	-4.7471726	41.8037172	Q5739	es:Castilla y León	
Castile and León	Castela e Leão,Castella i Lleó,Castilië en León,Castilla y León,Castille-et-León,Gaztela eta Leon,Kastilie a León,Kastilien und León,Kastilija ir Leonas,Kastylia i León,قشتالة وليون,Кастилия и Леон,Кастылія і Леон	relation	349041	boundary	administrative	-4.0793508	41.6604829	8	0.627825855036088				Castile and León	Spain	es	Castile and León, Spain	-7.0770536	40.0824504	-1.7753716	43.2386326	Q5739	es:Castilla y León	
Smolensk	Smolenskas,город Смоленск,Смаленск,Смоленск	relation	3339993	place	city	32.0471812	54.7789700	16	0.627551767046624		Smolensk	Smolensk	Central Federal District	Russia	ru	Smolensk, Smolensk, Smolensk Oblast, Central Federal District, Russia	31.7883262	54.7075602	32.2095638	54.8503780	Q2337	ru:Смоленск	
Smolensk	okręg miejski Smoleńsk,городской округ Смоленск	relation	1674536	boundary	administrative	32.0471812	54.7789700	12	0.627551767046624			Smolensk	Central Federal District	Russia	ru	Smolensk, Smolensk Oblast, Central Federal District, Russia	31.7883262	54.7075602	32.2095638	54.8503780	Q2337	ru:Смоленск	
Moselle	Mosel,Mosela,Mozelis,Мозель	relation	51854	boundary	administrative	6.5380351	49.0207259	12	0.627528388649631			Moselle	Metropolitan France	France	fr	Moselle, Grand Est, Metropolitan France, France	5.8918478	48.5265623	7.6388203	49.5149373	Q12652	fr:Moselle (département)	
Upper Normandy	Alta Normandia,Alta Normandía,Górna Normandia,Haute-Normandie,Horná Normandia,Horní Normandie,Nauta Normandia,Normandia de Sus,Normandia Garaia,Normandi-Uhel,Normannia Superior,Obernormandie,Supra Normandio,Ülem-Normandia,נורמנדי עילית,Верхня Нормандія,Верхняя Нармандыя,Верхняя Нормандия	relation	8656	boundary	administrative	1.0260549	49.3711269	30	0.627522542777937				Metropolitan France	France	fr	Upper Normandy, Normandy, Metropolitan France, France	0.0657702	48.6664173	1.8028555	50.0758064	Q16961	fr:Haute-Normandie	
Shanxi	Šan-si,Ŝanŝio,Thiểm Tây,Xanxim,Шаньси,山西省	relation	913105	boundary	administrative	112.4576871	37.6654554	8	0.627510849506992				Shanxi	China	cn	Shanxi, China	110.2214460	34.5822619	114.5655142	40.7450442	Q46913	zh:山西省	
Nanjing City	Nam Kinh,Nanking,Nankingo,Nanquim,Нанкин,南京市	relation	2131524	boundary	administrative	118.7385331	31.9231561	10	0.627352790655297			Nanjing City	Jiangsu	China	cn	Nanjing City, Jiangsu, China	118.3580264	31.2302006	119.2395068	32.6156991	Q16666	zh:南京市	
Gifu Prefecture	Gifu,Prefektura Gifu,Гифу,Префектура Ґіфу,岐阜県	relation	760746	boundary	administrative	137.0624744	35.7993990	8	0.62724134053033				Gifu Prefecture	Japan	jp	Gifu Prefecture, Japan	136.2762160	35.1337290	137.6530540	36.4650660	Q131277	ja:岐阜県	
Hubei	Chu-pej,Hồ Bắc,Хубэй,湖北省	relation	913106	boundary	administrative	112.8772519	31.1568628	8	0.627153222692855				Hubei	China	cn	Hubei, China	108.3625803	29.0329281	116.1294276	33.2771765	Q46862	zh:湖北省	
Hubei Province	Hồ Bắc,Hubei,Húběi,Hubej,Hubejo,Hubėjus,Hupej,Хубей,Хубэй,湖北省	node	244080661	place	state	111.9999999	31.0000000	8	0.627153222692855					China	cn	Hubei Province, China	111.9999999	31.0000000	111.9999999	31.0000000	Q46862	en:Hubei	
Saône-et-Loire	Saona y Loira,Сона и Луара	relation	7397	boundary	administrative	4.5585548	46.6557086	12	0.627153222692855			Saône-et-Loire	Metropolitan France	France	fr	Saône-et-Loire, Bourgogne-Franche-Comté, Metropolitan France, France	3.6222936	46.1560119	5.4654224	47.1554027	Q12736	fr:Saône-et-Loire	
Río Sixaola		way	255401637	waterway	river	-82.8513329	9.6219908	17	0.627064989027667		Bratsi	Cantón Talamanca	Provincia Limón	Costa Rica	cr	Río Sixaola, Bratsi, Cantón Talamanca, Provincia Limón, Costa Rica	-82.8848424	9.5642319	-82.7880477	9.6220898	Q800	fr:Costa Rica	
Río Sixaola		way	383651698	waterway	river	-82.6887036	9.5355683	17	0.627064989027667		Sixaola	Cantón Talamanca	Provincia Limón	Costa Rica	cr	Río Sixaola, Sixaola, Cantón Talamanca, Provincia Limón, Costa Rica	-82.7880477	9.4936436	-82.5515135	9.5977059	Q800	fr:Costa Rica	
Ibaraki	Prefektura Ibaraki,Ибараки,Префектура Ібаракі,茨城県	relation	2682940	boundary	administrative	140.3984325	36.3420485	8	0.627017883607006				Ibaraki	Japan	jp	Ibaraki, Japan	139.6876910	35.7391380	141.0308015	36.9453020	Q83273	ja:茨城県	
Anhui	An Huy,Аньхой,安徽省	relation	913011	boundary	administrative	117.1588488	32.0244789	8	0.626958955307472				Anhui	China	cn	Anhui, China	114.8806649	29.3952274	119.6453202	34.6537436	Q40956	zh:安徽省	
Haute-Garonne	오트가론,จังหวัดโอต-การอน,Alta Garona,Alta-Garona,Alta-Garonna,Alto-Garona,Augšgaronna,Aukštutinė-Garona,Garona-Garaia,Garona-Uhel,Garunna-Superior,Górna-Garonna,Nauta-Garona,اوت-گارون,غارون-العليا,Верхня-Гаронна,Верхняя Гаронна,Гарона-Верхняя,Гароннаи-Болоӣ,Горња-Гарона,Жоғарғы-Гаронна,От-Гарон,Тури-Гаронна,Վերին-Գարոն,ზემო-გარონა,ऑत-गारोन,上加龙省,オート＝ガロンヌ県	relation	7413	boundary	administrative	0.9716791	43.3054546	12	0.626911775392202			Haute-Garonne	Metropolitan France	France	fr	Haute-Garonne, Occitania, Metropolitan France, France	0.4417004	42.6895880	2.0482851	43.9216357	Q12538	fr:Haute-Garonne	
Haridwar	ハリドワール,அரித்துவார்	relation	374978	boundary	administrative	77.9931330	29.9048546	10	0.626911775392202			Haridwar	Uttarakhand	India	in	Haridwar, Uttarakhand, India	77.7032404	29.5458155	78.3316706	30.2469455	Q2270438	en:Haridwar district	
Charente-Maritime	Charente Marítim,Приморская Шаранта	relation	7431	boundary	administrative	-0.7212876	45.7302267	12	0.626905875570472			Charente-Maritime	New Aquitaine	France	fr	Charente-Maritime, New Aquitaine, France	-1.5626912	45.0889797	0.0059949	46.3715026	Q3278	fr:Charente-Maritime	
Udmurtia	Udmurcja,Udmurtföld,Udmúrtia,Udmurtija,Удмуртия,ウドムルト共和国	relation	115134	boundary	administrative	52.7618344	57.1982875	8	0.62675229791074				Volga Federal District	Russia	ru	Udmurtia, Volga Federal District, Russia	51.1241645	55.8505777	54.4361310	58.5458421	Q5422	ru:Удмуртия	
Côtes-d'Armor	Aodoù-an-Arvor,Costes del Nord,Кот-д'Армор	relation	7398	boundary	administrative	-2.7505869	48.4584221	12	0.626728639360249			Côtes-d'Armor	Metropolitan France	France	fr	Côtes-d'Armor, Brittany, Metropolitan France, France	-3.6659132	48.0323845	-1.9091373	48.9086459	Q3349	fr:Côtes-d'Armor	
Seine-et-Marne	Sena ir Marna,Sena y Marne,Сена и Марна	relation	7383	boundary	administrative	3.0417016	48.6191861	12	0.626610221367664			Seine-et-Marne	Metropolitan France	France	fr	Seine-et-Marne, Ile-de-France, Metropolitan France, France	2.3923285	48.1201456	3.5592207	49.1178916	Q12753	fr:Seine-et-Marne	
Hunan Province	Hồ Nam,Hunan,Húnán,Hunanas,Hunano,Хунань,湖南省	node	244080670	place	state	112.0095380	27.9995878	8	0.626562795615139					China	cn	Hunan Province, China	112.0095380	27.9995878	112.0095380	27.9995878	Q45761	en:Hunan	
Hunan	Hồ Nam,Хунань,湖南省	relation	913073	boundary	administrative	111.3561421	27.3849288	8	0.626562795615139				Hunan	China	cn	Hunan, China	108.7860944	24.6402179	114.2555982	30.1284258	Q45761	zh:湖南省	
Marche	MAR,Marcas,Marches,Marke,Markė,Marken,Markio,Marky,Marques,Марке	relation	53060	boundary	administrative	13.2545182	43.3292168	8	0.626396541111109				Marche	Italy	it	Marche, Italy	12.1854535	42.6871560	13.9163594	43.9713089	Q1279	it:Marche	
Okayama Prefecture	Gubernio Okajamo,Prefektura Okayama,Окаяма,Префектура Окаяма,岡山県	node	4351323483	place	state	133.7037385	35.0030051	8	0.626348964093656					Japan	jp	Okayama Prefecture, Japan	133.7037385	35.0030051	133.7037385	35.0030051	Q132936	ja:岡山県	
Okayama Prefecture	Prefektura Okayama,Окаяма,Префектура Окаяма,岡山県	relation	3794962	boundary	administrative	133.8474295	34.8023720	8	0.626348964093656				Okayama Prefecture	Japan	jp	Okayama Prefecture, Japan	133.2667930	34.2518496	134.4131610	35.3528999	Q132936	ja:岡山県	
Drôme	드롬,โดรม,Droma,Dromas,Drona,دروم,Дром,Դրոմ,დრომი,द्रोम,德龙省,ドローム県	relation	7434	boundary	administrative	5.2044369	44.7296457	12	0.626331114014655			Drôme	Auvergne-Rhône-Alpes	France	fr	Drôme, Auvergne-Rhône-Alpes, France	4.6469076	44.1151805	5.8304369	45.3439766	Q3364	fr:Drôme (département)	
Shikoku Region	Region Shikoku,Sikoku,Сикоку,Сікоку,四国地方	relation	1847663	boundary	administrative	133.4457866	33.5079677	30	0.626259666193447					Japan	jp	Shikoku Region, Japan	131.8803602	32.3844553	134.9868536	34.6285997	Q13991	ja:四国	
Shikoku	Schikoku,Sikoku,Šikoku,Ŝikokuo,Сикоку,Сікоку,四国	relation	2906044	place	island	133.3718885	33.5608736	17	0.626259666193447		Shikoku			Japan	jp	Shikoku, Japan	132.0126660	32.7212949	134.7502690	34.4004013	Q13991	ja:四国	
Gers	Жер	relation	7422	boundary	administrative	0.4101019	43.6955276	12	0.626235833343317			Gers	Metropolitan France	France	fr	Gers, Occitania, Metropolitan France, France	-0.2824289	43.3108368	1.2032681	44.0800102	Q12517	fr:Gers (département)	
Poitiers	ポワチエ,Peitieus,Poatie,Puatjė,פואטייה,Πουατιέ,Поатје,Пуатье,Пуатьє	relation	132348	boundary	administrative	0.3679823	46.5845278	16	0.626194105483369		Poitiers	Poitiers	New Aquitaine	France	fr	Poitiers, Poitiers, Vienne, New Aquitaine, France	0.2911331	46.5422278	0.4516768	46.6270135	Q6616	fr:Poitiers	
Extremadura	Estremadura,Estrémadure,إكستريمادورا,Эстремадура,Эстрэмадура	relation	349050	boundary	administrative	-5.9729339	39.2139123	8	0.626134449221277				Extremadura	Spain	es	Extremadura, Spain	-7.5416802	37.9410260	-4.6475774	40.4866514	Q5777	es:Extremadura	
Extremadura	Ekstremaduro,Estremadura,Estremadūra,Estrémadure,אקסטרמדורה,Естремадура,Эстремадура,Эстрэмадура	node	1721119349	place	state	-6.1529891	39.1748426	8	0.626134449221277					Spain	es	Extremadura, Spain	-6.1529891	39.1748426	-6.1529891	39.1748426	Q5777	es:Extremadura	
Shaanxi	Ŝenŝjio,Xianxim,陕西省	relation	913100	boundary	administrative	109.5647156	35.6381144	8	0.626003018520946				Shaanxi	China	cn	Shaanxi, China	105.4873040	31.7066651	111.2424779	39.5867765	Q47974	zh:陕西省	
New Guinea	Naujoji Gvinėja,Neuguinea,Nouvelle-Guinée,Nova Guiné,Nová Guinea,Nueva Guinea,Pulau Papua,Нова Гвінея,Новая Гвинея,ニューギニア島,新畿內亞	relation	3986076	place	island	142.0735247	-5.5227500	17	0.625955161663602		New Guinea			Papua New Guinea	pg	New Guinea	130.9315539	-10.7017501	150.8762500	-0.3433007	Q40285	en:New Guinea	
Aude	Од	relation	7446	boundary	administrative	2.5124714	43.0542732	12	0.625889302724317			Aude	Metropolitan France	France	fr	Aude, Occitania, Metropolitan France, France	1.6887151	42.6485543	3.2403882	43.4600382	Q3207	fr:Aude (département)	
Erfurt	إرفورت	relation	62745	boundary	administrative	11.0268028	50.9855808	12	0.625823379105022			Erfurt	Thuringia	Germany	de	Erfurt, Thuringia, Germany	10.8546678	50.8904895	11.1751357	51.0799780	Q1729	de:Erfurt	
South Dakota	사우스다코타,รัฐเซาท์ดาโคตา,Cənubi Dakota,Dacota do Sur,Dacota Meridionalis,Dakota a Deas,Dakota Antsimo,Dakota del Sud,Dakota del Sur,Dakota de Sud,Dakota Dheghow,Dakota disid,Dakota do Sul,Dakota d'o Sur,Dakota du Sud,Dakota e jugut,Dakota Południowa,Dakota Selatan,Dakota Theas,Dakota Yiass,De Dakota,Dél-Dakota,Dienviddakota,Etelä-Dakota,Hego Dakota,Janubiy Dakota,Jižní Dakota,Južna Dakota,Južná Dakota,Lõuna-Dakota,Nam Dakota,Ñemby Dakota,Pietų Dakota,Shádiʼááhjí Dikóodah Hahoodzo,Sør-Dakota,Suda Dakoto,Súd Dakota,Süd-Dakota,Suður-Dakóta,Suid-Dakota,Syddakota,Timog Dakota,Zuid-Dakota,جنوبی ڈکوٹا,داكوتا الجنوبية,داکوتای جنوبی,דקוטה הדרומית,סאוט-דעקאטע,Νότια Ντακότα,Јужна Дакота,Кăнтăр Дакота,Өмнөд Дакота,Паўднёвая Дакота,Південна Дакота,Хуссар Дакотæ,Южна Дакота,Южная Дакота,Հարավային Դակոտա,სამხრეთი დაკოტა,साउथ डकोटा,ಸೌತ್ ಡಕೋಟ,தெற்கு டகோட்டா,തെക്കന്‍ ഡക്കോട്ട,সাউথ ডাকোটা,南达科他州,サウスダコタ州	relation	161652	boundary	administrative	-100.2538852	44.2193741	8	0.625811386033401				South Dakota	United States of America	us	South Dakota, United States of America	-104.0576981	42.4798924	-96.4363404	45.9454500	Q1211	en:South Dakota	
Liaoning	랴오닝 성,Liêu Ninh,Ляонин,辽宁省,遼寧省	relation	912942	boundary	administrative	122.3256739	40.9757026	8	0.625763392307743				Liaoning	China	cn	Liaoning, China	118.8332271	38.4600000	125.7874069	43.4906424	Q43934	zh:辽宁省	
Liaoning Province	Liaoning,Liáoníng,Liaoningas,Liêu Ninh,Ljaoning,Ljaŭningo,ליאונינג,Ляонин,Ляонін,辽宁省	node	244081110	place	state	122.9955469	40.9975197	8	0.625763392307743					China	cn	Liaoning Province, China	122.9955469	40.9975197	122.9955469	40.9975197	Q43934	en:Liaoning	
Solomon Islands	솔로몬 제도,ሰለሞን ደሴቶች,ސޮލޮމޮން ޖަޒީރާ,ସୋଲୋମନ ଆୟରଲ୍ୟାଣ୍ଡ,หมู่เกาะโซโลมอน,Àwọn Erékùsù Sólómọ́nì,Duni Solomon,Giravên Salomon,Gżejjer Solomon,Ibirwa bya Solomoni,Ilhas Salomão,Illas Salamon,Illas Salomón,Inizi Solomon,Insulae Salomonis,Insulele Solomon,Ishujt Solomon,Islas Salomón,Isole Salomone,Jasiiradaha Solomon,Kapuloan Solomon,Kapuluang Solomon,Kepulauan Solomon,Na h-Eileanan Sholaimh,Ny h-Ellanyn Holomon,Oileáin Sholamón,Quần đảo Solomon,Saalomoni Saared,Salamon-szigetek,Šalamúnove ostrovy,Saliamono Salos,Salomó,Salomon,Salomonen,Salomon Insuli,Salomonöarna,Salomonøerne,Salomonoj,Salomonovi otoki,Salomonøyane,Salomonøyene,Sálomonoyggjarnar,Salomonsaaret,Salomonseilanden,Salomonseilannen,Salomonseilen,Salómonseyjar,Salomonsullot,Salomon Uharteak,Šalomounovy ostrovy,Salumun wat'akuna,Solomon adaları,Solomon Adaları,Solomoneilande,Solomon Orollari,Solomonska Ostrva,Solomonski Otoci,Sólomon Tó Bináhaazyínígíí,Solomonuäns,Visiwa vya Solomon,Wyspy Salomona,Ynysoedd Solomon,Ynysow Salamon,Zālamana Salas,جزایر سلیمان,جزائر سلیمان,جزر سليمان,سولومون تاقىم ئاراللىرى,איי שלמה,Νήσοι Σολομώντα,Саламонавы Астравы,Соломонан гӀайреш,Соломон Аралдары,Соломони,Соломонови острови,Соломонові Острови,Соломоновы Острова,Соломонска Острва,Соломон Утравĕсем,Соломоны сакъадæхтæ,Ҷазираҳои Соломон,སོ་ལོ་མོན་གླིང་ཕྲན་ཚོ་ཁག,Սողոմոնյան Կղզիներ,სოლომონის კუნძულები,सॉलोमन द्वीपसमूह,सोलोमन द्धीप,सोलोमन-द्वीप,सोलोमन द्वीपसमूह,సోలమన్ దీవులు,ਸੋਲੋਮਨ ਟਾਪੂ,ಸಾಲೊಮನ್ ದ್ವೀಪಗಳು,சொலமன் தீவுகள்,സോളമൻ ദ്വീപുകൾ,সলোমন দ্বীপপুঞ্জ,ဆော်လမွန်အိုင်းလန်းနိုင်ငံ,සොලමන් දුපත්,所罗门群岛,ソロモン諸島	relation	1857436	boundary	administrative	159.1071097	-8.7053941	4	0.625715364242596					Solomon Islands	sb	Solomon Islands	155.3190555	-13.2424298	170.3964666	-4.8108500	Q685	en:Solomon Islands	
Madeira	Madère,Região Autónoma da Madeira,ماديرا,Мадейра	relation	1629145	boundary	administrative	-16.9817518	32.7517500	8	0.625685329242011				Madeira	Portugal	pt	Madeira, Portugal	-17.2659376	30.0287783	-15.8536715	33.1281602	Q26253	pt:Região Autónoma da Madeira	
Fukushima	Fukuŝimo,Prefektura Fukushima,Префектура Фукусіма,Фукусима,福島県	relation	1800608	boundary	administrative	140.2633877	37.3665245	8	0.625468679602555				Fukushima	Japan	jp	Fukushima, Japan	139.1647440	36.7443355	141.4376625	37.9885987	Q71707	ja:福島県	
Biscay	Biscaia,Biscaye,Biskaje,Bizkaia,Vizcaya,Біская	relation	349034	boundary	administrative	-2.8516865	43.2383969	12	0.625450593863071			Biscay	Basque Country	Spain	es	Biscay, Basque Country, Spain	-3.4503464	42.9816529	-2.4127206	43.4568550	Q93366	eu:Bizkaia	
Kanono		node	902979900	place	village	-2.5148432	12.5984178	19	0.625215034738368			Kordié	Central-West	Burkina Faso	bf	Kanono, Kordié, Sanguié, Central-West, Burkina Faso	-2.5148432	12.5984178	-2.5148432	12.5984178		fr:Kanono	
Manche	Mancha,Манш	relation	7404	boundary	administrative	-1.2454371	49.0918952	12	0.625051469747408			Manche	Metropolitan France	France	fr	Manche, Normandy, Metropolitan France, France	-1.9550553	48.4558010	-0.7348362	49.7280109	Q12589	fr:Manche (département)	
Gangotri		node	342110021	place	town	78.9398699	30.9943683	18	0.624643856236467			Uttarkashi	Uttarakhand	India	in	Gangotri, Uttarkashi, Uttarakhand, India	78.9398699	30.9943683	78.9398699	30.9943683	Q818612	en:Gangotri	
Styria	Estiria,Estíria,Stájerország,Štajerska,Štajersko,Steiermark,Stiermarken,Stiria,Štirija,Štīrija,Stirio,Styrie,Štýrsko,שטיריה,Στυρία,Штајерска,Штирия,Штирія,Щирия	node	240109398	place	state	15.1666664	47.2500001	8	0.624588913120746					Austria	at	Styria, Austria	15.1666664	47.2500001	15.1666664	47.2500001	Q41358	de:Steiermark	
Styria	Estiria,Estíria,Stájerország,Štajerska,Štajerska (zvezna dežela),Steiermark,Stiria,Stirio,Štýrsko,شتايرمارك,Штирия,Штырыя,சிடிரியா	relation	35183	boundary	administrative	14.9743403	47.2200161	8	0.624588913120746				Styria	Austria	at	Styria, Austria	13.5633480	46.6119889	16.1717759	47.8278900	Q41358	de:Steiermark	
Pakistan	파키스탄,ፓኪስታን,ᐸᑭᔅᑕᓐ,パキスタン,ޕާކިސްތާން,ପାକିସ୍ଥାନ,ប៉ាគីស្ថាន,ประเทศปากีสถาน,An Phacastáin,Bakistaan,Eʼeʼaahjí Naakaii Dootłʼizhí Bikéyah,IPakistani,IPhakhistani,Pagastàn,Pakisitani,Pakistaan,Päkistan,Pakistán,Pákistán,Pakístàn,Pakistän,Pakistāna,Pakistanas,Pakistani,Pakistáni,Pakistania,Pakistano,Pakisztán,Pakitāne,Paquistan,Paquistán,Paquistão,Pokiston,Yn Phakistaan,باكستان,پاڪستان,پاكىستان,پاکستان,‏پاکستان‎,پاکِستان,פאקיסטאן,פקיסטן,Πακιστάν,Пакистан,Пакістан,Пакъстан,Пәкістан,Покистон,པ་ཀི་སི་ཐན,Պակիստան,პაკისტანი,पाकिस्तान,पाकिस्तानम्,પાકિસ્તાન,పాకిస్తాన్,ਪਾਕਿਸਤਾਨ,ಪಾಕಿಸ್ತಾನ,பாக்கித்தான்,പാകിസ്താൻ,পাকিস্তান,ပါကစ္စတန်နိုင်ငံ,පාකිස්ථානය,巴基斯坦	relation	307573	boundary	administrative	70.1381972	30.3119120	4	0.624515585606831					Pakistan	pk	Pakistan	60.8728549	23.5393916	77.1203914	37.0841070	Q843	ur:پاکستان	
Ardèche	Ardecha,Ардеш	relation	7430	boundary	administrative	4.3986524	44.8151940	12	0.624497241205435			Ardèche	Auvergne-Rhône-Alpes	France	fr	Ardèche, Auvergne-Rhône-Alpes, France	3.8610958	44.2643356	4.8862374	45.3662212	Q3148	fr:Ardèche (département)	
Tours	Caesarodunum,Teurgn,Tors,Tūras,تور,Τουρ,Тур	relation	76306	boundary	administrative	0.6847656	47.3944426	16	0.624423813425985		Tours	Tours	Metropolitan France	France	fr	Tours, Tours, Indre-et-Loire, Centre-Loire Valley, Metropolitan France, France	0.6528317	47.3489170	0.7373427	47.4395936	Q288	fr:Tours	
Charente	Шаранта	relation	7428	boundary	administrative	0.0973050	45.6667902	12	0.62441769081717			Charente	New Aquitaine	France	fr	Charente, New Aquitaine, France	-0.4631403	45.1925465	0.9470360	46.1408958	Q3266	fr:Charente (département)	
Jersey	저지 섬,ޖާސޭ,ジャージー,เจอร์ซีย์,Caesarea Insula,Cersi,Džērsija,Džersis,Geirsí,Hersey,Illa de Jersey,Insula Jersey,Isola di Jersey,Jèrri,Jersee,Ĵersejo,Jersi,Jerzenez,Tōrehe,جرزی,جيرزي,ג'רזי,Τζέρσεϊ,Джерси,Джерсі,Джърси,Джэрсi,Җерси,Џерзи,Ջերսի,ჯერზი,जर्सी,జెర్సీ,ਜਰਸੀ,ಜರ್ಸಿ,யேர்சி,澤西島	relation	6956667	place	island	-2.1256000	49.2123065	17	0.624203046921419		Jersey			Jersey	je	Jersey, Jersey	-2.2545121	49.1625179	-2.0104194	49.2621287	Q785	en:Jersey	
Jersey	저지 섬,ޖާސޭ,ジャージー,เจอร์ซีย์,Bailiwick of Jersey,Caesarea Insula,Cersi,Džērsija,Džersis,Geirsí,Hersey,Illa de Jersey,Insula Jersey,Isola di Jersey,Jèrri,Jersee,Jersi,Ĵerzejo,Jerzenez,Tōrehe,جرزی,جيرزي,ג'רזי,Τζέρσεϊ,Джерси,Джерсі,Джърси,Джэрсi,Җерси,Џерзи,Ջերսի,ჯერზი,जर्सी,జెర్సీ,ਜਰਸੀ,ಜರ್ಸಿ,யேர்சி,澤西島	relation	367988	boundary	administrative	-2.1926160	49.1245833	4	0.624203046921419					Jersey	je	Jersey	-2.5591667	48.8721667	-1.8333333	49.4605000	Q785	fr:Jersey	
Salamanca	サラマンカ,Salamanka,Salamanque,Salmantica,سلامنكا,Саламанка	relation	344342	boundary	administrative	-5.6932637	40.9538347	16	0.624166181810183		Salamanca	Campo de Salamanca	Castile and León	Spain	es	Salamanca, Campo de Salamanca, Salamanca, Castile and León, Spain	-5.7358020	40.9146276	-5.6226215	40.9931932	Q15695	es:Salamanca	
York	Eabhrac,Eboracum,Efrog,Iorque,Jorka,Jorkas,Jorko,Jórvík,York City Centre,יורק,Йорк,Јорк	node	20913294	place	city	-1.0815361	53.9590554	16	0.624141593816616			York	England	United Kingdom	gb	York, York, Yorkshire and the Humber, England, United Kingdom	-1.0815361	53.9590554	-1.0815361	53.9590554	Q42462	en:York	
South Australia	Australia Południowa,Pietų Australija,Suda Aŭstralio,Südaustralien,Sulüda-Laustralän,Zuid-Australië,Южная Австралия,南オーストラリア,南澳大利亚州	relation	2316596	boundary	administrative	136.3925306	-32.1371209	8	0.624073930357181				South Australia	Australia	au	South Australia, Australia	128.9999711	-38.2743039	141.0029525	-25.9963915	Q35715	en:South Australia	
Suffolk	Суффолк	relation	28595	boundary	administrative	1.0466542	52.2411558	12	0.624000037802223			Suffolk	England	United Kingdom	gb	Suffolk, East of England, England, United Kingdom	0.3399747	51.9321178	1.7689120	52.5502218	Q23111	en:Suffolk	
Milwaukee		relation	251075	place	city	-87.9312272	43.0580291	16	0.623814949757507		Milwaukee		Wisconsin	United States of America	us	Milwaukee, Wisconsin, United States of America	-88.0710619	42.9208205	-87.8629671	43.1949435	Q37836	en:Milwaukee	
Gansu	Cam Túc,Ганьсу,甘粛省,甘肃省	relation	153314	boundary	administrative	102.8986676	37.7024508	8	0.62373458617265				Gansu	China	cn	Gansu, China	92.3386501	32.5987135	108.7076263	42.7949997	Q42392	zh:甘肃省	
Maine-et-Loire	멘에루아르,แมเนลัวร์,Maine-ak-Lwar,Maine-e-Léger,Maine-e-Loira,Maine-é-Loira,Maine-ha-Liger,Maine-i-Loara,Maine i Loira,Maine-y-Loira,Meduana-et-Liger,Menas-ir-Luara,Mēna-un-Luāra,ماين-ولوار,من-ا-لوآر,מן-ולואר,Мен-е-Лоар,Мен-және-Луара,Мен-и-Лоара,Мен-и-Луара,Мен-і-Луара,Мэн-ва-Луара,Мэн-тата-Луара,Մեն-և-Լուար,მენი-და-ლუარა,मेन-एत-लावार,曼恩-卢瓦尔省,メーヌ＝エ＝ロワール県	relation	7409	boundary	administrative	-0.3909098	47.3886304	12	0.623709839546862			Maine-et-Loire	Metropolitan France	France	fr	Maine-et-Loire, Pays de la Loire, Metropolitan France, France	-1.3542238	46.9689134	0.2344382	47.8097152	Q12584	fr:Maine-et-Loire	
Somme	Сомма	relation	7463	boundary	administrative	2.3738589	49.9689714	12	0.623654126259652			Somme	Metropolitan France	France	fr	Somme, Hauts-de-France, Metropolitan France, France	1.3798283	49.5717830	3.2027711	50.3663366	Q12770	fr:Somme (département)	
Vojvodina	Vajdaság,Voivodina,Wojwodina,Аутономна Покрајина Војводина,Воеводина,Војводина	relation	1279074	boundary	administrative	19.9766606	45.4101226	8	0.62362934994796				Vojvodina	Serbia	rs	Vojvodina, Serbia	18.8142875	44.6295954	21.5599999	46.1900524	Q44749	en:Vojvodina	
Málaga	Màlaga,مالقة,Малага	relation	340746	boundary	administrative	-4.4422006	36.7647912	16	0.623598366692535		Málaga	Malaga	Andalusia	Spain	es	Málaga, Malaga, Andalusia, Spain	-4.5878887	36.6345687	-4.2604897	36.8940411	Q8851	es:Málaga	
Greater Poland Voivodeship	Didžiosios Lenkijos vaivadija,Grande-Pologne,Grandpollanda Provinco,Velikopoljsko vojvodstvo,Velkopolské vojvodství,wielkopolskie,Woiwodschaft Großpolen,Woiwodschap Groot-Polen,województwo wielkopolskie,Великопольское воеводство,Великопольське воєводство,Вялікапольскае ваяводства,ヴィエルコポルスカ県	relation	130971	boundary	administrative	17.3139797	52.3798982	8	0.623585969384957				Greater Poland Voivodeship	Poland	pl	Greater Poland Voivodeship, Poland	15.7762869	51.1037825	19.1050149	53.6558709	Q54187	pl:Województwo wielkopolskie	
Deux-Sèvres	Дё-Севр	relation	7455	boundary	administrative	-0.2995334	46.5391400	12	0.623561167898738			Deux-Sèvres	New Aquitaine	France	fr	Deux-Sèvres, New Aquitaine, France	-0.9034928	45.9695819	0.2203998	47.1083966	Q12765	fr:Deux-Sèvres	
Kinki Region	Region Kansai,Кансай,Регіон Кінкі,近畿地方	relation	357113	boundary	administrative	135.5457338	34.6956119	30	0.623443235535696					Japan	jp	Kinki Region, Japan	134.2527380	33.2333215	137.3255764	36.1500280	Q164256	ja:近畿地方	
Busan	ปูซาน,부산광역시,Busanas,Pusan,Pusana,Pusano,Pusanum,بسان,بوسان,פוסן,Πουσάν,Бусан,Пусан,Пүсан,Պուսան,პუსანი,बुसान,ബുസാൻ,ဘူဆန်မြို့,釜山广域市,釜山広域市	relation	2396450	boundary	administrative	128.9893654	35.0641474	8	0.623206747397136				Busan	South Korea	kr	Busan, South Korea	128.7568071	34.7300471	129.5033723	35.3892235	Q16520	en:Busan	
Duisburg	デュースブルク,Duisbourg,Thuiscoburgum,دويسبورغ,Дуизбург,Дуйсбург,杜伊斯堡	node	240055326	place	city	6.7595620	51.4349989	16	0.623175568418598			Duisburg	North Rhine-Westphalia	Germany	de	Duisburg, Duisburg, Regierungsbezirk Düsseldorf, North Rhine-Westphalia, Germany	6.7595620	51.4349989	6.7595620	51.4349989	Q2100	de:Duisburg	
Duisburg	دويسبورغ	relation	62456	boundary	administrative	6.7420724	51.4462017	12	0.623175568418598			Duisburg	North Rhine-Westphalia	Germany	de	Duisburg, Regierungsbezirk Düsseldorf, North Rhine-Westphalia, Germany	6.6256311	51.3329385	6.8302507	51.5600691	Q2100	de:Duisburg	
Eure-et-Loir	외르에루아르,เออเรลัวร์,Ebura-et-Lidericus,Eras-ir-Luara,Ēra-un-Luāra,Eure-e-Loir,Eure-i-Loir,Eure-y-Loir,اور-ا-لوآر,أور-ولوار,אר-ולואר,Ер-и-Лоар,Ер-і-Луар,Йор-е-Лоар,Эр-ва-Луар,Эр-және-Луар,Эр-и-Луар,Эр-і-Луар,Эр-тата-Луар,Էր-և-Լուար,ერი-და-ლუარი,युर-ए-लुआर,厄尔-卢瓦尔省,ウール＝エ＝ロワール県	relation	7374	boundary	administrative	1.3998820	48.4474102	12	0.623131893504029			Eure-et-Loir	Metropolitan France	France	fr	Eure-et-Loir, Centre-Loire Valley, Metropolitan France, France	0.7556538	47.9540169	1.9945387	48.9410263	Q3377	fr:Eure-et-Loir	
Reykjavik	레이캬비크,ሬይኪያቪክ,เรคยาวิก,レイキャヴィーク,Réicivíc,Reikiavik,Reikjavīka,Reikjavikas,Reiquiavik - Reykjavík,Rejkjavik,Rejkjaviko,Rèkyavik,Reykiavica,Reykjavík,Reykjawik,Reykyavik,ریکیاوک,ریکیاویک,ريكيافيك,رېيكياۋىك,רייקיויק,רעקיאוויק,Ρέυκιαβικ,Рейкиявик,Рейкьявик,Рейкявик,Рейк'явік,Рејкјавик,Рэйк'явік,རེཀ་ཇ་བིཀ།,Ռեյկյավիկ,რეიკიავიკი,रेक्जाविक,रेक्याविक,రేకవిక్,ரெய்க்யவிக்,റെയിക്യാവിക്,রেইকিয়াভিক,雷克雅維克	relation	2580605	place	city	-21.7681063	64.2444267	16	0.623131893504029		Reykjavik	Capital Region		Iceland	is	Reykjavik, Capital Region, Iceland	-21.9838300	64.0404092	-21.4020541	64.3153384	Q1764	is:Reykjavík	
Ceará	세아라,セアラー,เซอารา,CE,Ceara,Cearao,Seara,Seera,سئارا,سيارا,סיארה,Сеара,Սեարա,სეარა,सियारा,塞阿腊	relation	302635	boundary	administrative	-39.3573624	-5.2168482	8	0.623050707479159				Northeast Region	Brazil	br	Ceará, Northeast Region, Brazil	-41.4231685	-7.8579908	-37.0787421	-2.5753049	Q40123	pt:Ceará	
Majorca	마요르카 섬,มาจอร์กา,Maiorca,Maiorica,Majorka,Majorque,Malhorca,Maljorka,Mallorca,Malorka,Maļorka,Mayorka,Vila,العربية,مایورکا,Μαγιόρκα,Майорка,Мајорка,Мальёрка,Мальорка,मायोर्का,マヨルカ島,馬略卡島	relation	6803636	place	island	2.8804305	39.6134017	17	0.622756366808875		Majorca	Balearic Islands	Balearic Islands	Spain	es	Majorca, Balearic Islands, Balearic Islands, Spain	2.3447251	39.2643359	3.4787521	39.9625084	Q8828	es:Mallorca	
Majorca	마요르카 섬,มาจอร์กา,Maiorca,Maiorica,Majorka,Majorque,Malhorca,Maljorka,Mallorca,Malorka,Maļorka,Mayorka,Vila,العربية,مایورکا,Μαγιόρκα,Майорка,Мајорка,Мальёрка,Мальорка,मायोर्का,マヨルカ島,馬略卡島	node	663358886	place	island	2.9862390	39.6594496	17	0.622756366808875		Sineu	Pla de Mallorca	Balearic Islands	Spain	es	Majorca, Sineu, Pla de Mallorca, Balearic Islands, Balearic Islands, Spain	2.9862390	39.6594496	2.9862390	39.6594496	Q8828	es:Mallorca	
Toulon	トゥーロン,Toló,Tolon,Tolón,Tolone,Tulon,Tulonas,Τουλόν,Тулон,तुलों	relation	35280	boundary	administrative	5.9314202	43.1367148	16	0.622737535213384		Toulon	Toulon	Metropolitan France	France	fr	Toulon, Toulon, Metropolitan France, France	5.8795028	43.1020409	5.9873841	43.1714940	Q44160	fr:Toulon	
Tatarstan	타타르 공화국,Tartaristão,Tataristan,Tatarstán,Tatarstanas,Ταταρστάν,ГӀезалойчоь,Республика Татарстан,Тæтæрстан,Татаристан,Татария,Татарстан,Татарстан Республикаһы,Татарстанъ,Тутарстан,Թաթարստան,თათრეთი,तातारस्तान,タタールスタン共和国	relation	79374	boundary	administrative	50.6800371	55.3253335	8	0.622693574267638				Volga Federal District	Russia	ru	Tatarstan, Volga Federal District, Russia	47.2370189	53.9742444	54.2656970	56.6781670	Q5481	ru:Татарстан	
Toledo	Tolède,Таледа,Толедо	relation	342999	boundary	administrative	-3.9945179	39.8683816	16	0.622605565910432		Toledo	Toledo	Castile-La Mancha	Spain	es	Toledo, Toledo, Castile-La Mancha, Spain	-4.1790592	39.8120404	-3.8146905	39.9254338	Q5836	es:Toledo	
Kaliningrad	Karaliaučiaus rajonas,городской округ Калининград	relation	331414	boundary	administrative	20.4576344	54.7055902	12	0.622530038226866			Kaliningrad	Northwestern Federal District	Russia	ru	Kaliningrad, Kaliningrad, Northwestern Federal District, Russia	20.2940302	54.6319403	20.6502012	54.7792148	Q1829	ru:Калининград	
Oklahoma City		relation	185048	place	city	-97.5762113	35.4825715	16	0.622353475775865		Oklahoma City		Oklahoma	United States of America	us	Oklahoma City, Oklahoma, United States of America	-97.8336751	35.2906949	-97.1247180	35.6747520	Q34863	en:Oklahoma City	
Catania	Catània,Katánie,قطانية	relation	39230	boundary	administrative	15.0494323	37.4603449	16	0.622271342217503		Catania	Catania	Sicily	Italy	it	Catania, Catania, Sicily, Italy	14.9358674	37.3582970	15.1257939	37.5623860	Q1903	it:Catania	
Ceuta	セウタ,세우타,เซวตา,Céuta,Ceŭto,Sebta,Septa,Seuta,سبتة,سبته,סאוטה,Θέουτα,Сеутæ,Сеута,Се́ута,Сеўта,სეუტა,सेउटा,सेउता,சியூடா,休达	relation	1822781	boundary	administrative	-5.3556676	35.8944135	16	0.622144786332188		Ceuta		Ceuta	Spain	es	Ceuta, Ceuta, Spain	-5.3821181	35.8708718	-5.2782210	35.9179496	Q5823	es:Ceuta	
Ceuta	セウタ,세우타,เซวตา,Céuta,Ceŭto,Septa,Seuta,سبتة,سبته,סאוטה,Θέουτα,Сеутæ,Сеута,Сеўта,სეუტა,सेउटा,सेउता,சியூடா,休达	relation	1154756	boundary	administrative	-5.3556676	35.8944135	8	0.622144786332188				Ceuta	Spain	es	Ceuta, Spain	-5.3821181	35.8708718	-5.2782210	35.9179496	Q5823	es:Ceuta	
Honshu	Honshū,Honšú,本州	relation	6677259	place	island	139.8356621	37.4900120	17	0.622094097093088		Honshu			Japan	jp	Honshu, Japan	130.8603410	33.4331160	142.0724920	41.5468305	Q13989	ja:本州	
Eindhoven		relation	296014	boundary	administrative	5.4501225	51.4485569	20	0.622087758245953		Eindhoven	Metropoolregio Eindhoven	Netherlands	The Netherlands	nl	Eindhoven, Eindhoven, Metropoolregio Eindhoven, North Brabant, Netherlands	5.3567184	51.4000475	5.5488527	51.4970778	Q9832	nl:Eindhoven	
Eindhoven		relation	47504	boundary	administrative	5.4501225	51.4485569	16	0.622087758245953		Eindhoven	Metropoolregio Eindhoven	Netherlands	The Netherlands	nl	Eindhoven, Metropoolregio Eindhoven, North Brabant, Netherlands	5.3567184	51.4000475	5.5488527	51.4970778	Q9832	nl:Eindhoven	
Aveyron	Avairon,Аверон	relation	7451	boundary	administrative	2.5065697	44.3158574	12	0.622030681668733			Aveyron	Metropolitan France	France	fr	Aveyron, Occitania, Metropolitan France, France	1.8396577	43.6907434	3.4520492	44.9412011	Q3216	fr:Aveyron (département)	
Nîmes	Nemausus,Nimes,Ним,Нім	relation	378685	boundary	administrative	4.3527164	43.8322603	16	0.622011645352959		Nîmes	Nimes	Metropolitan France	France	fr	Nîmes, Nimes, Gard, Occitania, Metropolitan France, France	4.2356708	43.7412658	4.4496605	43.9230177	Q42807	fr:Nîmes	
Tianjin	Tchien-ťin,Thiên Tân,Тяньцзинь,天津市	relation	912999	boundary	administrative	117.1988915	39.4034936	8	0.621973556517993				Tianjin	China	cn	Tianjin, China	116.7044830	38.4372833	118.0600003	40.2520111	Q11736	zh:天津市	
Morbihan	Mor-Bihan,Морбиан	relation	7447	boundary	administrative	-2.7633493	47.8259811	12	0.62172545088124			Morbihan	Metropolitan France	France	fr	Morbihan, Brittany, Metropolitan France, France	-3.7350768	47.2777958	-2.0354322	48.2107921	Q12642	fr:Morbihan	
Granada	그라나다,Grenade,Гранада	relation	344685	boundary	administrative	-3.5892586	37.1807839	16	0.621706327794357		Granada	Granada	Andalusia	Spain	es	Granada, Granada, Andalusia, Spain	-3.7003616	37.1367032	-3.4963241	37.2250172	Q8810	es:Granada	
Izmir	Esmirna,İzmir,Izmîr,Izmiras,Smyrna,إزمير,איזמיר,Σμύρνη,Измир,Ізмір,इज़मिर,ಈಝ್ನೀರ್	node	428039507	place	city	27.1444740	38.4153420	16	0.621661686060555				Aegean Region	Turkey	tr	Izmir, Izmir, Aegean Region, Turkey	27.1444740	38.4153420	27.1444740	38.4153420	Q35997	tr:İzmir	
Rostock	Hanse- und Universitätsstadt Rostock,روستوك,Росток	relation	62405	boundary	administrative	12.1090156	54.1473634	12	0.621610630555764			Rostock	Mecklenburg-Vorpommern	Germany	de	Rostock, Mecklenburg-Vorpommern, Germany	11.9983690	54.0508050	12.2954701	54.2445120	Q2861	de:Rostock	
Ceuta	Ceŭto,سبتة,Сеута,Сеўта	node	3513476360	place	state	-5.3180669	35.8800104	8	0.621578701134201					Morocco	ma	Ceuta, Morocco	-5.3180669	35.8800104	-5.3180669	35.8800104	Q5823	en:Ceuta	
Goiás	ゴイアス,고이아스,โกยาส,GO,Gojas,Gojasa,Gojasas,Gojaso,Goyas,غوياس,گوییاس,גויאס,Гаяс,Гојас,Гојаш,Гояс,Գոյաս,გოიასი,गोइयास,गोयाएस,戈亚斯	relation	334443	boundary	administrative	-50.2604587	-15.9481658	8	0.621565925111762				Central-West Region	Brazil	br	Goiás, Central-West Region, Brazil	-53.2510000	-19.4990000	-45.9066329	-12.3973844	Q41587	pt:Goiás	
Pyrénées-Atlantiques	피레네자틀랑티크,จังหวัดปีเรเน-อัตล็องติก,Atlantijas-Pireneji,Atlanto-Pirėnai,Atlantski-Pireneji,Pirenei-Atlantici,Pireneje-Atlantyckie,Pireneos-Atlánticos,Pireneoù-Atlantel,Pireneus-Atlanticos,Pirenéus-Atlânticos,Pirenèus-Atlantics,Pirineos-Atlánticos,Pirineus Atlàntics,Pirinio-Atlantikoak,Pyrenäen-Atlantik,Pyrenaeus-Atlanticus,البرانيس-الأطلسية,پیرنه-آتلانتیک,הפירנאים-האטלנטיים,Атлантика-енчи-Пиреней,Атлантикалық-Пиреней,Атлантические Пиренеи,Атлантичні-Піренеї,Атлантски-Пиринеји,Пирене-Атлантик,Пиренеи-Атлантикӣ,Пірэнеі-Атлантычныя,Ատլանտյան-Պիրենեյներ,ატლანტური-პირენეები,पिरेने-अतलांतिक,比利牛斯-大西洋省,ピレネー＝アトランティック県	relation	7450	boundary	administrative	-0.7282475	43.1871865	12	0.621540365769545			Pyrénées-Atlantiques	New Aquitaine	France	fr	Pyrénées-Atlantiques, New Aquitaine, France	-1.7910227	42.7775376	0.0302751	43.5967975	Q12703	fr:Pyrénées-Atlantiques	
Topeka		relation	130140	place	city	-95.6971817	39.0365535	16	0.621335539912704		Topeka	Shawnee County	Kansas	United States of America	us	Topeka, Shawnee County, Kansas, United States of America	-95.8122630	38.9171930	-95.6019399	39.1093999	Q41057	en:Topeka, Kansas	
Messina	Comune di Messina	relation	39514	boundary	administrative	15.5178058	38.1785560	16	0.621187934317702		Messina	Messina	Sicily	Italy	it	Messina, Messina, Sicily, Italy	15.4079341	38.0555079	15.6529113	38.3014882	Q13666	it:Messina	
Toruń	토룬,トルン,ทอรูน,Thorn,Thorunium,Torun,Toruň,Toruņa,Torunė,Toruni,Torunj,Toruno,ترونی,تورون,טורון,Τόρουν,Торунь,Торуњ,ტორუნი,托伦	relation	2633746	boundary	administrative	18.5965831	53.0145361	16	0.621175083696109		Toruń	Toruń	Kuyavian-Pomeranian Voivodeship	Poland	pl	Toruń, Toruń, Toruń, Kuyavian-Pomeranian Voivodeship, Poland	18.4606655	52.9630691	18.7422300	53.0658980	Q47554	pl:Toruń	
Toruń	Thorn,Торунь	relation	1937072	boundary	administrative	18.5965831	53.0145361	12	0.621175083696109			Toruń	Kuyavian-Pomeranian Voivodeship	Poland	pl	Toruń, Kuyavian-Pomeranian Voivodeship, Poland	18.4606655	52.9630691	18.7422300	53.0658980	Q47554	pl:Toruń	
Toruń	Thorn	relation	2723341	boundary	administrative	18.5965831	53.0145361	14	0.621175083696109			Toruń	Kuyavian-Pomeranian Voivodeship	Poland	pl	Toruń, Toruń, Kuyavian-Pomeranian Voivodeship, Poland	18.4606655	52.9630691	18.7422300	53.0658980	Q47554	pl:Toruń	
Indian Ocean	Ấn Độ Dương,Hinda Oceano,Hint Okyanusu,Indiahavet,Indiai-óceán,Indiana oceano,Indický oceán,Indijski ocean,Indische Oceaan,Indischer Ozean,Indiska oceanen,Intian valtameri,Lautan Hindi,Lindean,Océan Indien,Ocean Indyjski,Oceano Indian,Oceano Indiano,Oceano Índico,Océano Índico,Okyanûsa Hîndê,Ranomasimbe Indiana,اقیانوس هند,المحيط الهندي,Индийский океан,Індійський океан,Індыйскі акіян,हिन्द महासागर,印度洋,インド洋	node	305640074	place	ocean	69.9999998	-10.0000000	2	0.621142946374823							Indian Ocean	69.9999998	-10.0000000	69.9999998	-10.0000000	Q1239	en:Indian Ocean	
Gipuzkoa	Gipuskoa,Guipuscoa,Guipúscoa,Guipúzcoa,Гипускоа,Гіпускоа	relation	349015	boundary	administrative	-2.2041644	43.1445022	12	0.621091494635837			Gipuzkoa	Basque Country	Spain	es	Gipuzkoa, Basque Country, Spain	-2.6027119	42.8950743	-1.7292453	43.3959578	Q95010	eu:Gipuzkoa	
Buffalo		relation	175031	place	city	-78.8533219	42.8971799	16	0.620988472692641		Buffalo	Erie County	New York	United States of America	us	Buffalo, Erie County, New York, United States of America	-78.9194528	42.8260386	-78.7951677	42.9664685	Q40435	en:Buffalo, New York	
Gard	가르 주,การ์,Gāra,Gardon,Vardo,غارد,گار,Гар,Գար,ოდის,गार्द,加尔省,ガール県	relation	7461	boundary	administrative	4.2976370	43.9599500	12	0.620988472692641			Gard	Metropolitan France	France	fr	Gard, Occitania, Metropolitan France, France	3.2618960	43.4601970	4.8455334	44.4596601	Q12515	fr:Gard	
Wiltshire	Уилтшир,Ўілтшыр	relation	57533	boundary	administrative	-1.9032487	51.3241620	12	0.62097558382515			Wiltshire	South West England	United Kingdom	gb	Wiltshire, South West England, United Kingdom	-2.3655987	50.9449858	-1.4857262	51.7031416	Q23183	en:Wiltshire	
Orne	Орн	relation	7419	boundary	administrative	0.0446617	48.5760532	12	0.620833642703716			Orne	Metropolitan France	France	fr	Orne, Normandy, Metropolitan France, France	-0.8605524	48.1793863	0.9766110	48.9727048	Q12679	fr:Orne (département)	
Soissons	Suasonas,Суассон	relation	74004	boundary	administrative	3.3176783	49.3763075	16	0.620561827898157		Soissons	Soissons	Metropolitan France	France	fr	Soissons, Soissons, Aisne, Hauts-de-France, Metropolitan France, France	3.2895235	49.3550417	3.3576843	49.3979533	Q167152	fr:Soissons	
Dunkirk	Diunkerkas,Duinkerke,Dunkerque,Dunkierka,Dünkirchen,Dunquerca,Dunquerque,Δουνκέρκη,Денкерк,Дюнкерк	relation	139610	boundary	administrative	2.3408043	51.0276311	16	0.620451493933873		Dunkirk	Dunkirk	Metropolitan France	France	fr	Dunkirk, Dunkirk, Nord, Hauts-de-France, Metropolitan France, France	2.2396964	50.9759776	2.4464716	51.0581005	Q45797	fr:Dunkerque	
Lower Normandy	Alam-Normandia,Baixa Normandia,Baja Normandía,Bassa Normandia,Basse-Normandie,Dolna Normandia,Dolná Normandia,Dolní Normandie,Malsupra Normandio,Niedernormandie,Normandia Beherea,Normandia de Jos,Normandi-Izel,Normannia Inferior,Žemutinė Normandija,נורמנדי תחתית,Нижня Нормандія,Нижняя Нормандия,Ніжняя Нармандыя	relation	8646	boundary	administrative	-0.5733654	48.9536844	30	0.620373501800752				Metropolitan France	France	fr	Lower Normandy, Normandy, Metropolitan France, France	-1.9550553	48.1793863	0.9766110	49.7280109	Q16954	fr:Basse-Normandie	
Louisville		relation	1804307	boundary	administrative	-85.6552347	38.1886645	16	0.62029541894392		Louisville	Jefferson County	Kentucky	United States of America	us	Louisville, Jefferson County, Kentucky, United States of America	-85.9470645	37.9971000	-85.4051000	38.3801391	Q43668	en:Louisville, Kentucky	
Ille-et-Vilaine	Il-ha-Gwilen,Иль и Вилен	relation	7465	boundary	administrative	-1.6498093	48.1727680	12	0.620275884029385			Ille-et-Vilaine	Metropolitan France	France	fr	Ille-et-Vilaine, Brittany, Metropolitan France, France	-2.2889841	47.6313855	-1.0156901	48.7220079	Q12549	fr:Ille-et-Vilaine	
Chișinău	Кишинёв	relation	1748490	boundary	administrative	28.8563242	47.0000225	20	0.620269371127649		Chișinău	Municipiul Chisinau		Moldova	md	Chișinău, Chișinău, Municipiul Chisinau, Moldova	28.7437333	46.9203383	28.9719883	47.0796181	Q21197	ro:Chișinău	
Pavia	Pavía,Pavie,Pawia,Ticinum,פאביה,Павия,帕維亞	relation	44383	boundary	administrative	9.1679273	45.1942345	16	0.620080221565678		Pavia	Pavia	Lombardy	Italy	it	Pavia, Pavia, Lombardy, Italy	9.0903800	45.1557408	9.2405512	45.2333057	Q6259	it:Pavia	
Kumamoto	Prefektura Kumamoto,Кумамото,Префектура Кумамото,熊本県	relation	1842185	boundary	administrative	130.7027112	32.6022464	8	0.620008335520881				Kumamoto	Japan	jp	Kumamoto, Japan	129.3215934	32.0092372	131.3295059	33.1951740	Q130308	ja:熊本県	
Casablanca ⵜⵉⴳⵎⵉ ⵜⵓⵎⵍⵉⵍⵜ الدار البيضاء	Casablanca,الدار البيضاء	relation	4072985	boundary	administrative	-7.6188077	33.5673681	16	0.619949462350885		Casablanca ⵜⵉⴳⵎⵉ ⵜⵓⵎⵍⵉⵍⵜ الدار البيضاء	Pachalik de Casablanca	Casablanca-Settat	Morocco	ma	Casablanca ⵜⵉⴳⵎⵉ ⵜⵓⵎⵍⵉⵍⵜ الدار البيضاء, Pachalik de Casablanca, Prefecture of Casablanca, Casablanca-Settat, Morocco	-7.7464451	33.4937724	-7.4574165	33.6408746	Q7903	en:Casablanca	
Cannes	カンヌ,Канны	relation	91734	boundary	administrative	7.0027653	43.5548181	16	0.619929826480718		Cannes	Grasse	Metropolitan France	France	fr	Cannes, Grasse, Maritime Alps, Provence-Alpes-Côte d'Azur, Metropolitan France, France	6.9447512	43.5050259	7.0741849	43.5747260	Q39984	fr:Cannes	
Umbria	Ombrie,Úmbria,Umbría,Umbrie,Umbrien,Umbrija,Umbrio,Умбрия	relation	42004	boundary	administrative	12.4304586	42.9909815	8	0.619903636382185				Umbria	Italy	it	Umbria, Italy	11.8918873	42.3644488	13.2641895	43.6173443	Q1280	it:Umbria	
Sarthe	Сарта	relation	7443	boundary	administrative	0.2538217	48.0269287	12	0.619595134844753			Sarthe	Metropolitan France	France	fr	Sarthe, Pays de la Loire, Metropolitan France, France	-0.4480703	47.5683941	0.9165988	48.4849915	Q12740	fr:Sarthe (département)	
городское поселение Белозерск	городское поселение Город Белозерск	relation	1605981	boundary	administrative	37.7837621	60.0231546	16	0.619298426442009		городское поселение Белозерск	Belozersky District	Northwestern Federal District	Russia	ru	городское поселение Белозерск, Belozersky District, Vologda Oblast, Northwestern Federal District, Russia	37.6816342	60.0062179	37.8827032	60.0389795	Q1849719	ru:Муниципальное образование	
Haut-Rhin	Alto Rin,Oberelsass,Верхний Рейн	relation	7403	boundary	administrative	7.2315433	47.8654746	12	0.618947279537549			Haut-Rhin	Metropolitan France	France	fr	Haut-Rhin, Grand Est, Metropolitan France, France	6.8413178	47.4203421	7.6220057	48.3113427	Q12722	fr:Haut-Rhin	
Gunma	Prefektura Gunma,Гумма,Префектура Ґумма,群馬県	relation	1851649	boundary	administrative	138.9194273	36.5219919	8	0.618847563913833				Gunma	Japan	jp	Gunma, Japan	138.3970220	35.9853329	139.6699440	37.0586272	Q129499	ja:群馬県	
Memphis		relation	197239	place	city	-89.9161626	35.1290364	16	0.618840910935812		Memphis		Tennessee	United States of America	us	Memphis, Tennessee, United States of America	-90.3083660	34.9941880	-89.6370891	35.2638790	Q16563	en:Memphis, Tennessee	
Loiret	لواريت,Луаре	relation	7440	boundary	administrative	2.3073794	47.9140388	12	0.618701045860112			Loiret	Metropolitan France	France	fr	Loiret, Centre-Loire Valley, Metropolitan France, France	1.5122044	47.4830593	3.1286392	48.3449527	Q12574	fr:Loiret (département)	
Queens County	Queens	relation	369519	boundary	administrative	-73.7914215	40.6524927	12	0.618687710164888			Queens County	New York	United States of America	us	Queens County, New York, United States of America	-74.0444160	40.4932114	-73.7001809	40.8119497	Q18424	en:Queens	
South East	Südostengland,Юго-Восточная Англия	relation	151304	boundary	administrative	-0.9934915	51.4510191	10	0.618500731710597			South East	England	United Kingdom	gb	South East, England, United Kingdom	-1.9572806	50.5746775	1.4517689	52.1963233	Q48015	en:South East England	
Aceh	アチェ,Tỉnh Aceh,Ачех	relation	2390836	boundary	administrative	96.5423424	3.8667210	8	0.618433827268013				Aceh	Indonesia	id	Aceh, Indonesia	94.7717123	1.4586943	98.6861879	6.2744496	Q1823	en:Aceh	
Curitiba	ኩሪቲባ,クリチバ,쿠리치바,กูรีตีบา,Curityba,Kuritiba,Kùrìtíbà,Kuritibo,Kuritiwa,Kuritiyba,Kuri'ytýva,Kurytyba,كوريتيبا,کوریتیبا,קוריטיבא,קוריטיבה,Κουριτίμπα,Куритибæ,Куритиба,Курыціба,Կուրիտիբա,კურიტიბა,कुरितिबा,குரிடிபே,কুরিতিবা,库里蒂巴	relation	297514	boundary	administrative	-49.2843328	-25.4950853	16	0.618433827268013		Curitiba	Microrregião de Curitiba	South Region	Brazil	br	Curitiba, Microrregião de Curitiba, Região Metropolitana de Curitiba, Mesorregião Metropolitana de Curitiba, Paraná, South Region, Brazil	-49.3891401	-25.6432173	-49.1843182	-25.3467010	Q4361	pt:Curitiba	
Novosibirsk	городской округ Новосибирск,ノヴォシビルスク管区	relation	1751445	boundary	administrative	82.9515989	54.9678144	12	0.618185699386452			Novosibirsk	Siberian Federal District	Russia	ru	Novosibirsk, Novosibirsk Oblast, Siberian Federal District, Russia	82.7511321	54.8009038	83.1602273	55.1994565	Q883	ru:Новосибирск	
Cádiz	Кадыс	relation	346956	boundary	administrative	-6.2673708	36.4947079	16	0.618084845125448		Cádiz	Cádiz	Andalusia	Spain	es	Cádiz, Cádiz, Andalusia, Spain	-6.3175068	36.4436701	-6.2256637	36.5455041	Q15682	es:Cádiz	
Vladivostok	ウラジオストク,블라디보스토크,Vladivostokas,Wladiwostok,Władywostok,Владивосток,Уладзівасток,व्लादिवोस्तोक,ವ್ಲಾದಿವೋಸ್ತೊಕ	relation	1704857	place	city	131.9966070	43.1737548	16	0.617882680867562		Vladivostok	Владивостокский городской округ	Far Eastern Federal District	Russia	ru	Vladivostok, Владивостокский городской округ, Primorsky Krai, Far Eastern Federal District, Russia	131.8404543	43.0574833	132.2378627	43.2900297	Q959	ru:Владивосток	
Gyeonggi-do	경기,경기도,Gjŏnggi,Gyeonggi,Kiongi provincija,Kjonggi,Kyŏnggi provints,گیونگی-دو,Кёнги аймаг,Кёнгидо,Кьонги-до,Провінція Кьонгі,京畿道	node	1850580646	place	state	127.1033483	37.2700458	8	0.617855679571266					South Korea	kr	Gyeonggi-do, South Korea	127.1033483	37.2700458	127.1033483	37.2700458	Q20937	en:Gyeonggi Province	
Ariège	Arieja,Arièja,Арьеж	relation	7439	boundary	administrative	1.4065544	42.9455367	12	0.617713744296569			Ariège	Metropolitan France	France	fr	Ariège, Occitania, Metropolitan France, France	0.8267506	42.5732415	2.1758134	43.3162514	Q3184	fr:Ariège (département)	
Koblenz	Confluentibus,كوبلنتس	relation	62512	boundary	administrative	7.5840098	50.3462497	12	0.6176799059021			Koblenz	Rhineland-Palatinate	Germany	de	Koblenz, Rhineland-Palatinate, Germany	7.4782507	50.2829093	7.6964354	50.4096940	Q3104	de:Koblenz	
Koblenz	コブレンツ,Coblença,Coblence,Coblenza,Confluentes,Koblencja,Kowelenz,Kueblenz,كوبلنتس,Кобленц,科布伦茨	node	240102654	place	city	7.5943951	50.3533277	16	0.6176799059021			Koblenz	Rhineland-Palatinate	Germany	de	Koblenz, Koblenz, Rhineland-Palatinate, Germany	7.5943951	50.3533277	7.5943951	50.3533277	Q3104	de:Koblenz	
Casteddu/Cagliari	Cagliari,Càller,Casteddu,كالياري,کالیاری,Кальяри,Кальярі,卡利亚里	relation	39837	boundary	administrative	9.1079056	39.2203881	16	0.617618953772079		Casteddu/Cagliari	Cagliari	Sardinia	Italy	it	Casteddu/Cagliari, Cagliari, Sardinia, Italy	9.0063455	39.1580301	9.1818367	39.2827640	Q1897	it:Cagliari	
Oxfordshire	Oxon,Оксфордшир	relation	76155	boundary	administrative	-1.3974464	51.8139260	12	0.617544381483587			Oxfordshire	England	United Kingdom	gb	Oxfordshire, South East, England, United Kingdom	-1.7195009	51.4594132	-0.8700661	52.1684702	Q23169	en:Oxfordshire	
Boulogne-sur-Mer	Bolonha-sobre-o-Mar,Bulonjo-ĉe-Maro,Gesoriacum,Pajūrio Bulonė,בולון-סיר-מר,Булонь-сюр-Мер	relation	240377	boundary	administrative	1.6079190	50.7302859	16	0.61753759807479		Boulogne-sur-Mer	Boulogne-sur-Mer	Metropolitan France	France	fr	Boulogne-sur-Mer, Boulogne-sur-Mer, Pas-de-Calais, Hauts-de-France, Metropolitan France, France	1.5789037	50.7100271	1.6333873	50.7505186	Q81997	fr:Boulogne-sur-Mer	
Alicante/Alacant	Alacant,Alicante,أليكانتي,Аликанте	relation	342792	boundary	administrative	-0.5314367	38.3756491	16	0.617292937686414		Alicante/Alacant	Alacantí	Alicante/Alacant	Spain	es	Alicante/Alacant, Alacantí, Alicante/Alacant, Spain	-0.6566951	38.1603884	-0.3750869	38.5370661	Q11959	es:Alicante	
Limoges	リモージュ,Augustoritum,Limòtges,Limožas,Llemotges,ليموج,לימוז',Λιμόζ,Лимож,Лімож	relation	114172	boundary	administrative	1.2771228	45.8584988	16	0.617197550631829		Limoges	Limoges	New Aquitaine	France	fr	Limoges, Limoges, Haute-Vienne, New Aquitaine, France	1.1462757	45.7887393	1.3175336	45.9282898	Q45656	fr:Limoges	
Kagoshima Prefecture	Kagoshima,Kagoŝimo,Prefektura Kagoshima,Кагосима,Префектура Каґошіма,鹿児島県	relation	1842186	boundary	administrative	130.2277188	31.4555602	8	0.617170272272544				Kagoshima Prefecture	Japan	jp	Kagoshima Prefecture, Japan	128.2051589	26.8389395	131.3159068	32.3397017	Q15701	ja:鹿児島県	
Quito	San Francisco de Quito,Кито	relation	330794	place	city	-78.5070021	-0.2063752	16	0.617122508453318		Quito	Quito	Pichincha	Ecuador	ec	Quito, Quito, Pichincha, Ecuador	-78.6195450	-0.3658893	-78.4413154	-0.0472082	Q2466472	es:Quito	
Quito	ኪቶ,キト,키토,กีโต,Kitas,Kito,Kitu,Kuito,Quitum,San Francisco de Quito,كيتو,كىتو,کیتو,کیٹو,קיטא,קיטו,Κίτο,Кито,Кіта,Кіто,ཁེ་ཐོ།,Կիտո,კიტო,क्वितो,क्वीटो,ਕੀਤੋ,基多	node	58950371	place	city	-78.5123274	-0.2201641	16	0.617122508453318			Quito	Pichincha	Ecuador	ec	Quito, Quito, Pichincha, Ecuador	-78.5123274	-0.2201641	-78.5123274	-0.2201641	Q2900	en:Quito	
Haute-Saône	Alto Saona,Верхняя Сона	relation	7423	boundary	administrative	6.0951140	47.6384233	12	0.617095199575118			Haute-Saône	Metropolitan France	France	fr	Haute-Saône, Bourgogne-Franche-Comté, Metropolitan France, France	5.3669518	47.2525815	6.8255084	48.0241450	Q12730	fr:Haute-Saône	
Centre-Loire Valley	Centre,Centre-Val de Loire,Centre – Vall del Loira,Centru - Valea Loarei,Zentrum-Loiretal,مركز-وادي اللوار	relation	8640	boundary	administrative	1.7170881	47.6441069	8	0.617074710622926				Metropolitan France	France	fr	Centre-Loire Valley, Metropolitan France, France	0.0527209	46.3471571	3.1286392	48.9410263	Q13947	fr:Région Centre	
Jena	イェーナ,Jėna,ينا,Йена,Јена,耶拿	node	240090160	place	city	11.5879358	50.9281716	16	0.617013206215956			Jena	Thuringia	Germany	de	Jena, Jena, Thuringia, Germany	11.5879358	50.9281716	11.5879358	50.9281716	Q3150	de:Jena	
Jena	ينا	relation	62693	boundary	administrative	11.5888788	50.9221905	12	0.617013206215956			Jena	Thuringia	Germany	de	Jena, Thuringia, Germany	11.4989588	50.8560770	11.6729913	50.9888979	Q3150	de:Jena	
Paraná	パラナ,파라나,ปารานา,Parana,Paranà,Paranao,PR,بارانا,پارانا,פאראנא,פרנה,Παρανά,Парана,Պարանա,პარანა,पाराना,巴拉那	relation	297640	boundary	administrative	-51.8141067	-24.6185380	8	0.616979012734657				South Region	Brazil	br	Paraná, South Region, Brazil	-54.6198550	-26.7208982	-47.8651591	-22.5160000	Q15499	pt:Paraná	
Saarland	Posarje,Saara,Saarlän,Sarlando,Saro kraštas,Sarre,Sársko,Země Sársko,سارلاند,Саар,Саарланд,Сарланд,萨尔	relation	62372	boundary	administrative	6.9697596	49.3755697	8	0.616903725707793				Saarland	Germany	de	Saarland, Germany	6.3557910	49.1119512	7.4048306	49.6394270	Q1201	de:Saarland	
Burgos	Бургас	relation	344165	boundary	administrative	-3.6812477	42.3448497	16	0.616773485257226		Burgos	Alfoz de Burgos	Castile and León	Spain	es	Burgos, Alfoz de Burgos, Burgos, Castile and León, Spain	-3.7943724	42.2852754	-3.5853379	42.4042841	Q9580	es:Burgos	
Southampton	サウサンプトン,Soton,Саутгемптон,Саутхемптон	relation	127864	place	city	-1.3990405	50.9137977	16	0.616677356650001		Southampton	South East	England	United Kingdom	gb	Southampton, South East, England, United Kingdom	-1.4790050	50.8715095	-1.3219863	50.9561307	Q79848	en:Southampton	
Southampton	Саутгемптон	node	2478628079	place	city	-1.4041890	50.9025348	16	0.616677356650001			South East	England	United Kingdom	gb	Southampton, South East, England, United Kingdom	-1.4041890	50.9025348	-1.4041890	50.9025348	Q79848	en:Southampton	
Andhra Pradesh	ଆନ୍ଧ୍ର ପ୍ରଦେଶ,アーンドラ・プラデーシュ,Seemandhra,Андхра-Прадеш,आन्ध्र प्रदेश,आंध्र प्रदेश,ఆంధ్ర ప్రదేశ్,ಆಂಧ್ರ ಪ್ರದೇಶ,ஆந்திரப் பிரதேசம்,安得拉邦	relation	2022095	boundary	administrative	79.7709427	15.8849716	8	0.616677356650001				Andhra Pradesh	India	in	Andhra Pradesh, India	76.7636457	12.6116535	85.1548063	19.1568713	Q1159	en:Andhra Pradesh	
Vosges	Vogesen,Vosgos,Вогезы	relation	7384	boundary	administrative	6.3820712	48.1637860	12	0.616663612747068			Vosges	Metropolitan France	France	fr	Vosges, Grand Est, Metropolitan France, France	5.3936095	47.8136866	7.1983663	48.5136857	Q3105	fr:Vosges (département)	
Dnieper	Dnepr,Dniepr,Днепр,Дніпро	relation	2081686	natural	water	35.1329136	47.8203530	16	0.616656739740183			Zaporizhia Municipality	Zaporizhia Oblast	Ukraine	ua	Dnieper, Zaporizhia Municipality, Zaporizhia Oblast, Ukraine	35.0703237	47.7709857	35.1709387	47.8696392	Q40855	ru:Днепр	
Dnieper	Dnepr,Dniepr,Днепр,Дніпро	relation	7388499	natural	water	35.1801412	47.6862808	16	0.616656739740183				Zaporizhia Oblast	Ukraine	ua	Dnieper, Zaporizhia Oblast, Ukraine	35.0354069	47.5996278	35.2218247	47.7729329	Q40855	ru:Днепр	
Dnieper	Dinyeper,Dnepr,Dniepr,Dnjepr,Dnyeper,Nipru,Днепр,Дніпро,Дняпро,ドニエプル川	way	108393822	waterway	river	32.5812832	54.7663795	17	0.616656739740183		Доброминское сельское поселение	Glinkovsky District	Central Federal District	Russia	ru	Dnieper, Доброминское сельское поселение, Glinkovsky District, Smolensk Oblast, Central Federal District, Russia	32.3308069	54.6515725	32.7072012	54.9129857	Q40855	ru:Днепр	
Dnieper	Dniepr,Dniepras,Dnjepr,Nipru,Днепр,Дніпро,Дняпро	way	173016321	waterway	river	32.0575879	54.7921583	17	0.616656739740183		Smolensk	Smolensk	Central Federal District	Russia	ru	Dnieper, Заднепровский район, Smolensk, Smolensk, Smolensk Oblast, Central Federal District, Russia	31.9700887	54.7855548	32.1433569	54.8068802	Q40855	ru:Днепр	
Dnieper	Dnepr,Dnepro,Dniepr,Nipru,Днепр,Дніпро,Дняпро	way	173016325	waterway	river	31.8121069	54.7622646	17	0.616656739740183		Михновское сельское поселение	Smolensky District	Central Federal District	Russia	ru	Dnieper, Михновское сельское поселение, Smolensky District, Smolensk Oblast, Central Federal District, Russia	31.6688710	54.7387840	31.9700887	54.7866732	Q40855	ru:Днепр	
Dnipro	Dněpr,Dnieper,Dniepr,Dnjepr,Dnyeper,Nipru,Днепр,Дніпро,Дняпро	way	130206844	waterway	river	30.6830055	50.2470823	17	0.616656739740183			Obukhiv Raion	Kyiv Oblast	Ukraine	ua	Dnipro, Obukhiv Raion, Kyiv Oblast, Ukraine	30.6450596	50.2128584	30.7241472	50.2829906	Q40855	uk:Дніпро	
Dnieper	Dnepr,Dniepr,Nipru,Днепр,Дніпро,Дняпро	way	173016322	waterway	river	32.2110734	54.7530158	17	0.616656739740183		Козинское сельское поселение	Smolensky District	Central Federal District	Russia	ru	Dnieper, Козинское сельское поселение, Smolensky District, Smolensk Oblast, Central Federal District, Russia	32.1431932	54.7307617	32.2774856	54.7945733	Q40855	ru:Днепр	
Allier	Алье	relation	1450201	boundary	administrative	3.1638828	46.3674640	12	0.61662924067315			Allier	Auvergne-Rhône-Alpes	France	fr	Allier, Auvergne-Rhône-Alpes, France	2.2768414	45.9307086	4.0055790	46.8041547	Q3113	fr:Allier (département)	
Sevastopol	Sebastopol,Sébastopol,Sebastòpol,Sebastopoli,Sebastopolis,Sebastopolo,Sevastopoľ,Sevastopole,Sevastopolis,Sevastopolj,Sewastopol,Sivastopol,Szevasztopol,Σεβαστούπολη,Севастополь,Севастопољ,ಸೆವಸ್ತೋಪೊಲ್,塞瓦斯托波尔	relation	3030976	place	city	33.5427728	44.6169043	16	0.616594850989685		Sevastopol		South federal district	Russia	ru	Sevastopol, Sevastopol, South federal district, Russia	33.3779569	44.5120940	33.6103428	44.7221412	Q7525	uk:Севастополь	
Norfolk	Норфолк	relation	57397	boundary	administrative	0.9532019	52.6735890	12	0.61651913161145			Norfolk	England	United Kingdom	gb	Norfolk, East of England, England, United Kingdom	0.1536216	52.3553353	1.7457817	52.9916397	Q23109	en:Norfolk	
Livorno		relation	42481	boundary	administrative	10.3643030	43.5210488	16	0.616512243794329		Livorno	Livorno	Tuscany	Italy	it	Livorno, Livorno, Tuscany, Italy	9.8881378	43.4197863	10.4199375	43.5954875	Q6761	it:Livorno	
Gyeonggi	경기도,Кёнгидо,京畿道	node	4549670214	place	state	127.1772294	37.3934860	8	0.616498466039419					South Korea	kr	Gyeonggi, South Korea	127.1772294	37.3934860	127.1772294	37.3934860	Q20937	ko:경기도	
Paraíba	パライバ,파라이바,ปาราอีบา,Parahyba,Paraiba,Paraibo,Parayva,PB,بارايبا,پارائیبا,פאראיבה,Параибæ,Параиба,Параіба,Параїба,Պարաիբա,პარაიბა,परेबा,परैबा,帕拉伊巴	relation	301464	boundary	administrative	-36.6455028	-7.1639605	8	0.616436431122523				Northeast Region	Brazil	br	Paraíba, Northeast Region, Brazil	-38.7656034	-8.3029552	-34.5995314	-6.0259119	Q38088	pt:Paraíba	
Vicenza		relation	45159	boundary	administrative	11.5566471	45.5462543	16	0.616388142075498		Vicenza	Vicenza	Veneto	Italy	it	Vicenza, Vicenza, Veneto, Italy	11.4866513	45.4833902	11.6149608	45.6091069	Q6537	it:Vicenza	
Aomori	Prefektura Aomori,Аомори,Префектура Аоморі,青森県	relation	1834655	boundary	administrative	140.6262890	40.9111476	8	0.616229233031202				Aomori	Japan	jp	Aomori, Japan	139.2341118	40.2177149	141.9039677	41.6060556	Q71699	ja:青森県	
Marne	มาร์น,Marna,Matrona,المارن,مرن,Марн,Марна,Մարն,მარნა,मार्न,マルヌ県,马恩省	relation	7379	boundary	administrative	4.3122436	48.9612640	12	0.616160024630714			Marne	Metropolitan France	France	fr	Marne, Grand Est, Metropolitan France, France	3.3958932	48.5152692	5.0401047	49.4074180	Q12594	fr:Marne (département)	
Mie Prefecture	Prefektura Mie,Миэ,Префектура Міє,三重県	relation	812190	boundary	administrative	136.6112195	34.4355535	8	0.616118465313513				Mie Prefecture	Japan	jp	Mie Prefecture, Japan	135.8531839	33.6134639	137.3255764	35.2576490	Q128196	ja:三重県	
Haute-Marne	Alto Marne,Верхняя Марна	relation	7396	boundary	administrative	5.2529107	48.1329413	12	0.616097676001928			Haute-Marne	Metropolitan France	France	fr	Haute-Marne, Grand Est, Metropolitan France, France	4.6275056	47.5767133	5.8909943	48.6891535	Q12607	fr:Haute-Marne	
Dorset	Дорсет,Дорсэт	relation	74392	boundary	administrative	-2.4146294	50.7968346	12	0.615798986159205			Dorset	South West England	United Kingdom	gb	Dorset, South West England, United Kingdom	-2.9615946	50.5127244	-1.6816655	51.0809975	Q23159	de:Dorset	
Ulm	أولم,Ульм	relation	62495	boundary	administrative	9.9288975	48.3876960	12	0.615708422305299			Ulm	Baden-Württemberg	Germany	de	Ulm, Regierungsbezirk Tübingen, Baden-Württemberg, Germany	9.8420502	48.3066627	10.0428302	48.4685152	Q3012	de:Ulm	
Portsmouth		relation	127167	boundary	administrative	-1.0808711	50.8185413	12	0.61569447855334			Portsmouth	England	United Kingdom	gb	Portsmouth, South East, England, United Kingdom	-1.1749699	50.7498716	-1.0184910	50.8593110	Q72259	en:Portsmouth	
Portsmouth	포츠머스,Pompey,Portsmutas,Портсмут	node	17721995	place	city	-1.0756141	50.8036830	16	0.61569447855334			Portsmouth	England	United Kingdom	gb	Portsmouth, Portsmouth, South East, England, United Kingdom	-1.0756141	50.8036830	-1.0756141	50.8036830	Q72259	en:Portsmouth	
Boulder		relation	112298	place	city	-105.2646204	40.0221748	16	0.615589807985293		Boulder	Boulder County	Colorado	United States of America	us	Boulder, Boulder County, Colorado, United States of America	-105.3014510	39.9643513	-105.1780989	40.0944090	Q192517	en:Boulder, Colorado	
Vendée	Vandea,Вандея	relation	7402	boundary	administrative	-1.2914464	46.6757732	12	0.615302872857328			Vendée	Metropolitan France	France	fr	Vendée, Pays de la Loire, Metropolitan France, France	-2.3999056	46.2665367	-0.5381142	47.0849922	Q12798	fr:Vendée (département)	
Chubu Region	Chūbu,Region Chūbu,Регіон Тюбу,Тюбу,中部地方	relation	532759	boundary	administrative	137.3439223	36.5867660	30	0.615281829368461					Japan	jp	Chubu Region, Japan	135.4493390	34.2763034	139.8998870	38.8973083	Q134638	ja:中部地方	
Perugia	Perusa	relation	42278	boundary	administrative	12.4349162	43.1396969	16	0.615176512854486		Perugia	Perugia	Umbria	Italy	it	Perugia, Perugia, Umbria, Italy	12.1731207	42.9934485	12.5650226	43.2860718	Q3437	it:Perugia	
Svalbard	Esvalbarda,Špicberky,Spitsbergen,Spitzbergák,Spitzbergen,Svalbardas,Svalbardo,Шпицберген	relation	1337397	boundary	administrative	16.6055824	78.5124025	8	0.615169485874978				Svalbard	Norway	no	Svalbard, Norway	9.4208924	74.1354393	34.6891252	81.0280760	Q25231	en:Svalbard	
Иртыш	Irtysh,エルティシ川	way	35998895	waterway	river	68.9174408	61.0863095	17	0.61492307700222			Khanty-Mansiysky District	Ural Federal District	Russia	ru	Иртыш, Khanty-Mansiysky District, Khanty-Mansiysk Autonomous Okrug – Ugra, Ural Federal District, Russia	68.7686843	60.9741705	68.9849717	61.0898936	Q128102	ru:Иртыш	
Irtysh	Irtiș,Irtych,Irtysch,Irtysj,Irtysz,Ертіс,Иртеш,Иртыш,Іртиш,Эрчис,Իրտիշ,エルティシ川,额尔齐斯河	way	31585309	waterway	river	69.5023383	57.9878545	17	0.61492307700222		Дубровинское сельское поселение	Vagaysky District	Ural Federal District	Russia	ru	Irtysh, Дубровинское сельское поселение, Vagaysky District, Tyumen Oblast, Ural Federal District, Russia	69.2085916	57.9325618	69.8723491	58.0540408	Q128102	ru:Иртыш	
Bronx County	The Bronx	relation	2552450	boundary	administrative	-73.8366962	40.8570332	12	0.614626187374293			Bronx County	New York	United States of America	us	Bronx County, New York, United States of America	-73.9336520	40.7853321	-73.7480600	40.9161785	Q18426	en:The Bronx	
Pará	파라,パラー,ปารา,PA,Para,Parao,بارا,پارا,פארה,Пара,Պարա,პარა,पारा,帕拉	relation	185579	boundary	administrative	-51.9930378	-3.6241815	8	0.614612016966453				North Region	Brazil	br	Pará, North Region, Brazil	-58.8970000	-9.8390248	-45.9437937	2.5909298	Q39517	pt:Pará	
Trento	Trient	relation	46663	boundary	administrative	11.1094355	46.0648577	16	0.614583667173322		Trento	Territorio Val d'Adige	Trentino-Alto Adige/Südtirol	Italy	it	Trento, Territorio Val d'Adige, Trento, Trentino-Alto Adige/Südtirol, Italy	11.0224735	45.9775305	11.1948226	46.1530111	Q3376	it:Trento	
Cantal	Канталь	relation	7381	boundary	administrative	2.6997175	45.0497700	12	0.614327978790865			Cantal	Auvergne-Rhône-Alpes	France	fr	Cantal, Auvergne-Rhône-Alpes, France	2.0629028	44.6159340	3.3712870	45.4835641	Q3259	fr:Cantal (département)	
Donetsk	도네츠크,ドネツィク,โดเนตสค์,Doneck,Donec'k,Doněck,Doņecka,Doneckas,Donecko,Donețk,Donezk,Donieck,Donjeck,دونتسک,دونيتسك,דונצק,Ντονέτσκ,Данецк,Донецк,Донецьк,Доњецк,Դոնեցկ,დონეცკი,दोनेत्स्क,தோனெத்ஸ்க்,頓涅茨克	relation	1413957	place	city	37.7688293	47.9829569	16	0.614221153843879		Donetsk	Donetsk Municipality	Donetsk Oblast	Ukraine	ua	Donetsk, Donetsk Municipality, Donetsk Oblast, Ukraine	37.5241452	47.8757157	37.9987905	48.0895014	Q43070	uk:Донецьк	
Lower Austria	Alsó-Ausztria,An Ostair Íochtarach,Baixa Àustria,Dolna Austria,Dolní Rakousko,Donja Austrija,Neðra Austurríki,Niederösterreich,Spodnja Avstrija,النمسا السفلى,Нижняя Австрия,Ніжняя Аўстрыя,கீழ் ஆஸ்திரியா	relation	77189	boundary	administrative	15.5757899	48.2213826	8	0.614049879530192				Lower Austria	Austria	at	Lower Austria, Austria	14.4526383	47.4222061	17.0688389	49.0205263	Q42497	de:Niederösterreich	
Nièvre	니에브르,เนียฟวร์,Niver,Njevra,Njevras,نی‌یور,نيافر,Невр,Ниевър,Нијевр,Ньевр,Ньеўр,Ньєвр,Նյևր,ნიევრი,न्येव्र,涅夫勒省,ニエーヴル県	relation	7448	boundary	administrative	3.5448898	47.1196970	12	0.61384950558532			Nièvre	Metropolitan France	France	fr	Nièvre, Bourgogne-Franche-Comté, Metropolitan France, France	2.8444817	46.6510237	4.2317940	47.5883394	Q12657	fr:Nièvre (département)	
West Bengal	서벵골 주,ވެސްޓު ބެންގާލް,ପଶ୍ଚିମବଙ୍ଗ,รัฐเบงกอลตะวันตก,Batı Bengal,Bengala Occidental,Bengala Occidentale,Bengala Occidentalis,Bengala Ocidental,Bengala Rojava,Bengal Barat,Bengale-Occidental,Bengalul de Vest,Bengaly andrefana,Bengal Zachodni,Benggala Barat,Gorllewin Bengal,Ìwọòrùn Bẹ̀ngál,Kanlurang Bengal,Kornôg Bengal,Kunti Banla,Lääne-Bengali osariik,Länsi-Bengali,Mendebaldeko Bengala,Nyugat-Bengál,Okcident-Bengalo,Rietumbengāle,Tây Bengal,Vakarų Bengalija,Västbengalen,Vest-Bengal,Vestbengalen,Vestur-Bengal,Wes-Bengale,Westbengalen,West-Bengalen,Západné Bengálsko,Zapadni Bengal,Západní Bengálsko,بنغال الغربية,بنگال غربی,مغربی بنگال,מערב בנגל,Бенголи Ғарбӣ,Западен Бенгал,Западна Бенгалия,Западная Бенгалия,Западни Бенгал,Західний Бенгал,Заходняя Бенгалія,დასავლეთი ბენგალი,पश्चिम बङ्गाल,पश्चिमबङ्गालराज्यम्,पश्चिम बंगाल,પશ્ચિમ બંગાળ,పశ్చిమ బెంగాల్,ਪੱਛਮੀ ਬੰਗਾਲ,ಪಶ್ಚಿಮ ಬಂಗಾಳ,மேற்கு வங்காளம்,പശ്ചിമ ബംഗാൾ,পশ্চিমবঙ্গ,西孟加拉邦,西ベンガル州	relation	1960177	boundary	administrative	88.1997374	24.2402587	8	0.613835170246945				West Bengal	Bangladesh	bd	West Bengal	85.8264465	21.2585668	89.8775684	27.2212038	Q1356	en:West Bengal	
Recife	헤시피,レシフェ,เรซีฟี,Recifae,Recifo,Resifė,Resifi,ریسیف,ريسيفي,רסיפה,Ρεσίφε,Ресифе,Ресифи,Ресіфі,Рэсіфі,Ռեսիֆի,რესიფი,रेसिफे,হেসিফি,累西腓	relation	303585	boundary	administrative	-34.9295692	-8.0402091	16	0.613741915849692		Recife	Microrregião de Recife	Northeast Region	Brazil	br	Recife, Microrregião de Recife, Região Metropolitana de Recife, Mesorregião Metropolitana de Recife, Pernambuco, Northeast Region, Brazil	-35.0186479	-8.1551870	-34.8585525	-7.9263585	Q48344	pt:Recife	
Black Sea	흑해,ทะเลดำ,Biển Đen,Blägamel,Černé moře,Čierne more,Crno more,Črno morje,Dagat Itim,Deryaya Reş,Deti i Zi,Fekete-tenger,Juodoji jūra,Karadeniz,Laut Hitam,Marea Neagră,Mar Negra,Mar Nero,Mar Nigre,Melnā jūra,Morze Czarne,Mustameri,Must meri,Nigra Maro,Schwarzes Meer,Svartahaf,Svarta havet,Svartehavet,Swartsee,البحر الأسود,بحیرہ اسود,הים השחור,Црно море,Черно море,Чёрное море,Чорне море,काला सागर,கருங்கடல்,ပင်လယ်နက်,黑海,黒海	node	4347858678	place	sea	34.7373623	43.4055923	2	0.613590999919151							Black Sea	34.7373623	43.4055923	34.7373623	43.4055923	Q166	en:Black Sea	
Black Sea	흑해,ทะเลดำ,Biển Đen,Blägamel,Černé moře,Čierne more,Crno more,Črno morje,Dagat Itim,Deryaya Reş,Deti i Zi,Fekete-tenger,Juodoji jūra,Karadeniz,Laut Hitam,Marea Neagră,Mar Naira,Mar Negra,Mar Negro,Mar Nero,Mar Nigre,Melnā jūra,Mer Noire,Morze Czarne,Mustameri,Must meri,Nigra Maro,Pontus Euxinus,Schwarzes Meer,Sortehavet,Svartahaf,Svarta havet,Svartehavet,Swartsee,Zwarte Zee,البحر الأسود,بحیرہ اسود,הים השחור,Μαύρη Θάλασσα,Амшын Еиқәа,Кара диңгез,Ҡара диңгеҙ,Црно море,Черно море,Чёрное море,Чорнае мора,Чорне море,შავი ზღვა,काला सागर,கருங்கடல்,ပင်လယ်နက်,黑海,黒海	relation	7160849	natural	water	33.9729954	43.9081947	16	0.613590999919151					Ukraine	ua	Black Sea	27.4426142	40.9088944	41.7775183	46.9072800	Q166	en:Black Sea	
Timișoara	Temesvár,Temeswar,Темишвар,Тимишоара	relation	6927733	place	city	21.2214854	45.7588884	16	0.613540619114576		Timișoara		Timiș	Romania	ro	Timișoara, Timiș, Romania	21.1122521	45.6837989	21.2983618	45.8341592	Q83404	ro:Timișoara	
Tirana Municipally	Bashkia Tiranë,Tirana,Τίρανα,Тирана,டிரானா	relation	1250113	boundary	administrative	19.9009121	41.3158857	14	0.613475788182328			Tirana Municipally	Central Albania	Albania	al	Tirana Municipally, Tirana County, Central Albania, Albania	19.5937743	41.1160882	20.2399515	41.5154043	Q19689	en:Tirana	
Tiranë	Tirana,Тирана	relation	1250106	boundary	administrative	19.8301026	41.3314735	16	0.613475788182328		Tiranë	Tirana Municipally	Central Albania	Albania	al	Tiranë, Tirana Municipally, Tirana County, Central Albania, Albania	19.7547342	41.2953714	19.8764281	41.3671645	Q19689	en:Tirana	
Val-d'Oise	Valle del Oise,Валь-д’Уаз	relation	7433	boundary	administrative	2.2098114	49.0750704	12	0.613338716909799			Val-d'Oise	Metropolitan France	France	fr	Val-d'Oise, Ile-de-France, Metropolitan France, France	1.6089984	48.9086734	2.5950369	49.2414310	Q12784	fr:Val-d'Oise	
Bamberg		relation	62525	boundary	administrative	10.8914761	49.8856529	12	0.613085482143376			Bamberg	Bavaria	Germany	de	Bamberg, Upper Franconia, Bavaria, Germany	10.8265042	49.8426463	10.9607049	49.9286326	Q3936	de:Bamberg	
Troyes	トロワ,트루아,ทรัว,Trecae,Tròias,Trua,تروا,تروئے,טרואה,Τρουά,Троа,Труа,特鲁瓦	relation	414972	boundary	administrative	4.0851266	48.2925869	16	0.612743914208901		Troyes	Troyes	Metropolitan France	France	fr	Troyes, Troyes, Aube, Grand Est, Metropolitan France, France	4.0411628	48.2663184	4.1111417	48.3185905	Q5489	fr:Troyes	
Valenciennes		relation	53355	boundary	administrative	3.5092130	50.3620137	16	0.612619939077925		Valenciennes	Arrondissement de Valenciennes	Metropolitan France	France	fr	Valenciennes, Arrondissement de Valenciennes, Nord, Hauts-de-France, Metropolitan France, France	3.4762503	50.3366638	3.5522750	50.3874584	Q163795	fr:Valenciennes	
Ostrava	오스트라바,オストラヴァ,ออสตราวา,Ostrau,Ostravia,Ostrawa,استراوا,أوسترافا,اوستراوا,אוסטרבה,Οστράβα,Острава,ოსტრავა,ओस्त्राव्हा,俄斯特拉发	relation	437354	boundary	administrative	18.2511941	49.8196237	16	0.612503047064602		Ostrava	okres Ostrava-město	Moravia-Silesia	Czech Republic	cz	Ostrava, okres Ostrava-město, Moravskoslezský kraj, Moravia-Silesia, Czechia	18.0984110	49.7257570	18.3763002	49.9137759	Q8385	cs:Ostrava	
Hautes-Pyrénées	오트피레네,จังหวัดโอต-ปีเรเน,Altaj-Pireneoj,Alti-Pirenei,Altos-Pireneos,Altos-Pireneus,Altos-Pirineos,Altos-Pirineus,Alts Pirineus,Augšpireneji,Aukštutiniai-Pirėnai,Canal de l'Alaric,Hauts-Pirenèus,Pireneje-Wysokie,Pireneoù-Uhel,Pirinio-Garaiak,Pyrenaeus-Superior,البرانيس-العليا,اوت-پیرنه,Верхние Пиренеи,Верхні-Піренеї,Верхнія-Пірэнеі,Високи-Пиринеји,Жоғарғы-Пиреней,От-Пирене,Пиренеи-Верхние,Тури-Пиреней,Վերին-Պիրենեյներ,ზემო-პირენეები,ऑत-पिरेने,上比利牛斯省,オート＝ピレネー県	relation	7467	boundary	administrative	0.1564352	43.1433898	12	0.612495734550657			Hautes-Pyrénées	Metropolitan France	France	fr	Hautes-Pyrénées, Occitania, Metropolitan France, France	-0.3276532	42.6733841	0.6461444	43.6133583	Q12700	fr:Hautes-Pyrénées	
Buckinghamshire		relation	172710	boundary	administrative	-0.8946441	51.7834994	12	0.612400599306393			Buckinghamshire	England	United Kingdom	gb	Buckinghamshire, South East, England, United Kingdom	-1.1406964	51.4854689	-0.4766157	52.0815218	Q23229	en:Buckinghamshire	
Beauvais	ቦቬ,보베,ボーヴェ,Bellovacum,Bovė,بوفيه,بووه,בווה,Бове,博韦	relation	158311	boundary	administrative	2.0737630	49.4425725	16	0.61232732648863		Beauvais	Beauvais	Metropolitan France	France	fr	Beauvais, Beauvais, Oise, Hauts-de-France, Metropolitan France, France	2.0341473	49.4028134	2.1412077	49.4822587	Q174257	fr:Beauvais	
Debrecen	دبرتسن	relation	1444234	boundary	administrative	21.6572085	47.5315132	16	0.612129089430625		Debrecen	Debreceni járás	Great Plain and North	Hungary	hu	Debrecen, Debreceni járás, Hajdú-Bihar, Northern Great Plain, Great Plain and North, Hungary	21.4365307	47.4250466	21.8833085	47.6369817	Q79880	hu:Debrecen	
Cambrai	Kamerijk	relation	55938	boundary	administrative	3.2408142	50.1733041	16	0.612121736062409		Cambrai	Cambrai	Metropolitan France	France	fr	Cambrai, Cambrai, Nord, Hauts-de-France, Metropolitan France, France	3.2014632	50.1427829	3.2808727	50.2036584	Q181285	fr:Cambrai	
Moldavia	Moldova	node	2563285714	multiple	region	27.2407723	46.9110938	18	0.61209967112329				Iași	Romania	ro	Moldavia, Iași, Romania	27.2407723	46.9110938	27.2407723	46.9110938	Q10957559	en:Moldavia	
Haarlem		relation	2712154	boundary	administrative	4.6435597	52.3837057	20	0.612033432754317		Haarlem		Netherlands	The Netherlands	nl	Haarlem, Haarlem, North Holland, Netherlands	4.5995157	52.3389061	4.6869212	52.4285697	Q9920	nl:Haarlem	
Haarlem		relation	47534	boundary	administrative	4.6435597	52.3837057	16	0.612033432754317		Haarlem		Netherlands	The Netherlands	nl	Haarlem, North Holland, Netherlands	4.5995157	52.3389061	4.6869212	52.4285697	Q9920	nl:Haarlem	
Wuppertal	ヴッパータール,فوبرتال,Βούπερταλ,Вупертал,Вупперталь,伍珀塔尔	node	240090728	place	city	7.1780374	51.2640180	16	0.61189338117855			Wuppertal	North Rhine-Westphalia	Germany	de	Wuppertal, Wuppertal, Regierungsbezirk Düsseldorf, North Rhine-Westphalia, Germany	7.1780374	51.2640180	7.1780374	51.2640180	Q2107	de:Wuppertal	
Wuppertal	فوبرتال	relation	62478	boundary	administrative	7.1657944	51.2419586	12	0.61189338117855			Wuppertal	North Rhine-Westphalia	Germany	de	Wuppertal, Regierungsbezirk Düsseldorf, North Rhine-Westphalia, Germany	7.0140724	51.1658028	7.3134300	51.3180616	Q2107	de:Wuppertal	
Curacao	퀴라소,ኩራሳዎ,キュラソー,คูราเซา,កូរ៉ាកៅ,ເຄີເລັກຄາວ,Curaçao,Curazao,Cwracao,I-Curaçao,Kirasao,Kiurasao,Kulasao,Kuracao,Kurakao,Kurakao nutome,كوراساو,کیوراکاؤ,کوراکائو,קוראסאו,Κουρασάο,Курасао,Кюрасаа,Кюрасао,ཀྱཱུར་ར་ཀོ,कुराकाओ,कुरॅको,क्यूरासाओ,કુરાકાઓ,కురాకవో,ಕುರಾಕಾವ್,குராகவ்,കുറാകാവോ,কুরাসাও,කුරකාවෝ,库拉索	relation	1216719	boundary	administrative	-68.9640919	12.1844999	6	0.611760430651991				Curacao	The Netherlands	nl	Curacao, The Netherlands	-69.3673494	11.7770000	-68.4413474	12.5920000	Q25279	nl:Curaçao	
Loir-et-Cher	Loir y Cher,Луар и Шер	relation	7399	boundary	administrative	1.2971835	47.6597751	12	0.611716055228369			Loir-et-Cher	Metropolitan France	France	fr	Loir-et-Cher, Centre-Loire Valley, Metropolitan France, France	0.5805543	47.1862406	2.2480326	48.1333941	Q12564	fr:Loir-et-Cher	
Loire-Atlantique	루아르아틀랑티크,ลัวรัตล็องติก,Atlantijas-Luāra,Atlanto-Luara,Léger-Atlantic,Liger-Atlantel,Liger-Atlanticus,Loara-Atlantycka,Loira-Atlàntic,Loira-Atlantica,Loira-Atlántico,Luar-Atlantik,لوآر-آتلانتیک,لوار-الأطلسية,הלואר-האטלנטי,Атлантика-енчи-Луара,Атлантикалық-Луара,Атлантическая-Луара,Атлантична-Луара,Атлантска-Лоара,Лоар-Атлантик,Луара-Атлантычная,Луараи-Атлантикӣ,Ատլանտյան-Լուար,ატლანტიკის-ლუარა,लावार-अतलांतिक,大西洋卢瓦尔省,ロワール＝アトランティック県	relation	7432	boundary	administrative	-1.8727680	47.3480562	12	0.611679053286145			Loire-Atlantique	Metropolitan France	France	fr	Loire-Atlantique, Pays de la Loire, Metropolitan France, France	-2.6250616	46.8603369	-0.9467290	47.8359416	Q3068	fr:Loire-Atlantique	
Hauts-de-Seine	Altos del Sena,О-де-Сен	relation	7449	boundary	administrative	2.1986272	48.8401671	12	0.611671650449448			Hauts-de-Seine	Metropolitan France	France	fr	Hauts-de-Seine, Ile-de-France, Metropolitan France, France	2.1456536	48.7293024	2.3369636	48.9510806	Q12543	fr:Hauts-de-Seine	
Jiangxi	Giang Tây,Цзянси,江右:江南西路,江西,江西省	relation	913109	boundary	administrative	115.5125915	27.2844304	8	0.611575339204854				Jiangxi	China	cn	Jiangxi, China	113.5719846	24.4888474	118.4821629	30.0799868	Q57052	zh:江西省	
Brighton	Braitonas,ברייטון,Брайтон,Брайтън,Брајтон	node	1326762432	place	city	-0.1374062	50.8220398	16	0.611441756630047			Brighton and Hove	England	United Kingdom	gb	Brighton, Brighton and Hove, South East, England, United Kingdom	-0.1374062	50.8220398	-0.1374062	50.8220398	Q131491	en:Brighton	
New Delhi	ニューデリー,Neu-Delhi,Nova-Delhi,Nov-Delhio,Nove Delhi,Nowe Delhi,دلهي الجديد,نئی دلی,नई दिल्ली,ਨਵੀਂ ਦਿੱਲੀ	relation	2763541	boundary	administrative	77.1230822	28.5632653	12	0.611404603132841			New Delhi	Delhi	India	in	New Delhi, Delhi, India	77.0485146	28.4812633	77.2410748	28.6456841	Q987	en:New Delhi	
Leuven	Louvain,Lovaina,Löwen,Лёвен	relation	196311	boundary	administrative	4.7205550	50.8841773	16	0.611129026246206		Leuven	Leuven	Flanders	Belgium	be	Leuven, Leuven, Flemish Brabant, Flanders, Belgium	4.6402950	50.8242096	4.7705305	50.9440707	Q118958	nl:Leuven	
Guizhou	Quý Châu,Гуйчжоу,貴州省,贵州省	relation	286937	boundary	administrative	106.6297280	26.9257322	8	0.611016982785561				Guizhou	China	cn	Guizhou, China	103.5999855	24.6207172	109.5939990	29.2244462	Q47097	zh:贵州省	
Bayonne	Baiona,Bajonna,Bayona,באיון,Байонна	relation	166713	boundary	administrative	-1.4718678	43.4843715	16	0.610964631766049		Bayonne	Bayonne	New Aquitaine	France	fr	Bayonne, Bayonne, Pyrénées-Atlantiques, New Aquitaine, France	-1.5048439	43.4498733	-1.4172610	43.5188846	Q134674	fr:Bayonne	
Ehime Prefecture	Präfektur Ehime,Prefektura Ehime,Префектура Ехіме,Эхимэ,愛媛県	relation	3795063	boundary	administrative	132.5131006	33.5524020	8	0.610949666829706				Ehime Prefecture	Japan	jp	Ehime Prefecture, Japan	131.8803602	32.7860222	133.6927969	34.3182472	Q123376	ja:愛媛県	
Dominican Republic	도미니카 공화국,ዶሚኒካን ሪፐብሊክ,ޑޮމިނިކަން ޖުމްހޫރިއްޔާ,ଡୋମେନିକାନ ରିପବ୍ଲିକ,สาธารณรัฐโดมินิกัน,An Phoblacht Dhoiminiceach,Cộng hòa Dominica,Den dominikanske republikk,Den dominikanske republikken,Domingo,Domingo Bikéyah,Dominicaanse Republiek,Dominicaanse Rippubliek,Dominikaaninen tasavalta,Dominikaani Vabariik,Dominikaanse Republiek,Dominikaanske Republyk,Dominikai Köztársaság,Dominikana,Dominikāna,Dominikána dásseváldi,Dominikanalýðveldið,Dominikana Republiko,Dominikanesch Republik,Dominikani,Dominikanische Republik,Dominikan Respublikası,Dominikanska republika,Dominikanska Republika,Dominikánska republika,Dominikánská republika,Dominikanska Republiken,Dominikanske Republik,Dominikar Errepublika,Dominika Respublikasi,Dominik Cumhuriyeti,Dominikos Respublika,Dóminíska lýðveldið,Duminikana,Gweriniaeth Dominica,Jamhuri ya Dominika,Komara Domînîk,Orílẹ̀òmìnira Dómíníkì,Poblachd Dhoiminicia,R.D.,Réewum Dominik,Repoblek Dhominikanek,Repubblica Dominicana,Repubblika Dominikana,Republica Dominican,Republica Dominicana,República Dominicana,Republica Dominicană,Republika Dominikane,Republika Duminikana,Republikang Dominikano,Republik Dominika,Républik Dominika,Republik Dominikan,Republiki Dominikani,République dominicaine,Repubulika ya Dominikani,Respublica Dominicana,Ripubrikin Dominika,Sandominän,Tibuse weDomonokha,Yn Phobblaght Ghominicagh,جمهوری دومینیکن,جمهورية الدومينيكان,جمہوریہ ڈومینیکن,دومىنىكان جۇمھۇرىيەتى,ډومنيکان جمهوريت,דאמיניקאנישע רעפובליק,הרפובליקה הדומיניקנית,Δομινικανή Δημοκρατία,Дамініканская Рэспубліка,Доминиканæйы Республикæ,Доминикан Җөмһүрияте,Доминикан Пачхьалкх,Доминикан Республикасы,Доминиканска република,Доминиканска Република,Доминиканская Республика,Домініканська Республіка,Ҷумҳурии Доминикана,ཌོ་མི་ནི་ཀན་སྤྱི་མཐུན་རྒྱལ་ཁབ།,Դոմինիկյան Հանրապետություն,დომინიკელთა რესპუბლიკა,डॉमिनिकन प्रजासत्ताक,डोमिनिकन गणतन्त्र,डोमिनिकन गणराज्य,डोमोनिकन रिपब्लिक,డొమెనికన్ రిపబ్లిక్,ਡੋਮਿਨਿਕਾਈ ਗਣਰਾਜ,ಡೊಮಿನಿಕ ಗಣರಾಜ್ಯ,டொமினிக்கன் குடியரசு,ഡൊമനിക്കൻ റിപ്പബ്ലിക്,ডোমিনিকান প্রজাতন্ত্র,ဒိုမီနီကန်သမ္မတနိုင်ငံ,ドミニカ共和国,多明尼加共和國	relation	307828	boundary	administrative	-70.0358141	19.2866694	4	0.610829827080512					Dominican Republic	do	Dominican Republic	-72.0574706	17.2701707	-68.1101464	21.3034330	Q786	es:República Dominicana	
Euphrates	Eufrates,Euphrat,Euphrate,Firat,Fırat Nehri,Fırat الفرات,الفرات,Евфрат	way	83198578	waterway	river	38.2352785	36.4306319	17	0.610807333289175			Ayn al-Arab District	Aleppo	Syria	sy	Euphrates, Ayn al-Arab District, Aleppo, Syria	37.8907609	35.8569592	38.5582492	37.0571657	Q34589	ar:الفرات	
Euphrates	Euphrat,Fırat,فرات,نهر الفرات,Ευφράτης	relation	109294	natural	water	40.6368795	34.8152980	16	0.610807333289175				Deir ez-Zor	Syria	sy	Euphrates, Deir ez-Zor, Syria	40.5701600	34.7037320	40.7763662	34.9267916	Q34589	en:Euphrates	
Olsztyn	オルシュティン,Allenstein,Alnaštynas,Olština,Ольштин	relation	2720006	boundary	administrative	20.4778597	53.7769533	14	0.610694751127679			Olsztyn	Warmian-Masurian Voivodeship	Poland	pl	Olsztyn, Olsztyn, Warmian-Masurian Voivodeship, Poland	20.3664899	53.7242054	20.5666462	53.8290158	Q82765	pl:Olsztyn	
Olsztyn	オルシュティン,Allenstein,Alnaštynas,Olština,Ольштин,Ольштын	relation	1416560	boundary	administrative	20.4778597	53.7769533	12	0.610694751127679			Olsztyn	Warmian-Masurian Voivodeship	Poland	pl	Olsztyn, Warmian-Masurian Voivodeship, Poland	20.3664899	53.7242054	20.5666462	53.8290158	Q82765	pl:Olsztyn	
Olsztyn	Allenstein,Olŝtino	relation	2720007	boundary	administrative	20.4778597	53.7769533	16	0.610694751127679		Olsztyn	Olsztyn	Warmian-Masurian Voivodeship	Poland	pl	Olsztyn, Olsztyn, Olsztyn, Warmian-Masurian Voivodeship, Poland	20.3664899	53.7242054	20.5666462	53.8290158	Q82765	pl:Olsztyn	
Tochigi	Prefektura Tochigi,Префектура Тотіґі,Тотиги,栃木県	relation	1800742	boundary	administrative	139.7794853	36.6773965	8	0.610634630011534				Tochigi	Japan	jp	Tochigi, Japan	139.3265590	36.1996820	140.2922470	37.1550630	Q44843	ja:栃木県	
Maranhão	마라냥,マラニョン,มารันเยา,MA,Maragnanum,Maraņauna,Maranjanas,Maranjao,Maranjo,Marañón,Maranyan,مارانیائو,مارانهاو,מרניאו,Мараньян,Маранян,Мараняо,Марањао,Марањаоps a,Մարանյան,მარანიანი,मरान्याव,मरान्हाओ,马拉尼昂	relation	332924	boundary	administrative	-45.2554104	-5.5064112	8	0.610521757575846				Northeast Region	Brazil	br	Maranhão, Northeast Region, Brazil	-48.7560786	-10.2620379	-41.6891964	-0.7593829	Q42362	pt:Maranhão	
Lawrence		relation	129955	place	city	-95.2794177	38.9736524	16	0.610318107665656		Lawrence	Douglas County	Kansas	United States of America	us	Lawrence, Douglas County, Kansas, United States of America	-95.3446318	38.9044668	-95.1666171	39.0335024	Q493840	en:Lawrence, Kansas	
Iwate	Prefektura Iwate,Иватэ,Префектура Івате,岩手県	relation	3792412	boundary	administrative	141.5651594	39.6537040	8	0.610302997880182				Iwate	Japan	jp	Iwate, Japan	140.6531069	38.7476510	142.3315252	40.5603394	Q48326	ja:岩手県	
Chongqing	Ĉongĉingo,Trùng Khánh,Чунцин,Чунцін,重庆市,重慶市	relation	913069	boundary	administrative	107.8681944	30.1824841	8	0.610265208529587				Chongqing	China	cn	Chongqing, China	105.2868306	28.1617440	110.1944429	32.2026955	Q11725	zh:重庆市	
Maastricht	Mestreech	relation	2078291	boundary	administrative	5.6969881	50.8579854	16	0.6102425247034		Maastricht		Netherlands	The Netherlands	nl	Maastricht, Limburg, Netherlands	5.6388661	50.8038052	5.7629248	50.9120028	Q1309	nl:Maastricht	
Maastricht	Mestreech	relation	2078292	boundary	administrative	5.6969881	50.8579854	20	0.6102425247034		Maastricht		Netherlands	The Netherlands	nl	Maastricht, Maastricht, Limburg, Netherlands	5.6388661	50.8038052	5.7629248	50.9120028	Q1309	nl:Maastricht	
Staffordshire		relation	195444	boundary	administrative	-2.0074547	52.8246942	12	0.610166856538823			Staffordshire	England	United Kingdom	gb	Staffordshire, West Midlands, England, United Kingdom	-2.4708419	52.4232438	-1.5853561	53.2262240	Q23105	en:Staffordshire	
Chemnitz	كيمنتس	relation	62594	boundary	administrative	12.9049768	50.8236283	12	0.610136565373288			Chemnitz	Saxony	Germany	de	Chemnitz, Saxony, Germany	12.7275333	50.7428028	13.0530353	50.9038205	Q2795	de:Chemnitz	
Isle of Man	맨 섬,އައިޒަލް އޮފް މޭން,เกาะแมน,Đảo Man,Eiland Man,Eilean Mhanainn,Ellan Vannin,Erékùṣù ilẹ̀ Man,Ikirwa cya Man,Île de Man,Ilha de Man,Illa de Man,Insel Man,Insula de Man,Insula Man,Ishulli i Njeriut,Isla de Man,Isola di Man,Man,Man Adası,Manav,Mäneän,Man-Insulo,Manksinsulo,Mann,Mansaari,Man wat'a,Men adası,Menas Sala,Meno Sala,Mön,Monapia,Motu o Man,Oileán Mhanann,Ostrov Man,Ostrvo Man,Otok Man,Pulau Man,Pulo Man,Pulo ng Man,Wyspa Man,Ynys Manaw,Ynys Manow,آئل آف مین,جزیره من,جزيرة مان,האי מאן,Νήσος του Μαν,Востраў Мэн,Ман,Мэн,Мэн утравĕ,Мэн утравы,Острво Ман,Острів Мен,Остров Мэн,Մեն կղզի,მენი,आइल ऑफ़ मैन,आईल ऑफ मान,ਮੈਨ ਟਾਪੂ,மாண் தீவு,ഐൽ ഒഫ് മാൻ,আইল অফ ম্যান,マン島,马恩岛	relation	62269	boundary	administrative	-4.5438356	54.1995000	4	0.610113838025284					Isle of Man	im	Isle of Man	-5.1707286	53.8449999	-3.9654062	54.5534288	Q9676	en:Isle of Man	
Isle of Man	맨 섬,އައިޒަލް އޮފް މޭން,เกาะแมน,Đảo Man,Eiland Man,Eilean Mhanainn,Erékùṣù ilẹ̀ Man,Ikirwa cya Man,île de Man,Ilha de Man,Illa de Man,Insula de Man,Insula Man,Ishulli i Njeriut,isla de Man,Isla de Man,Isola di Man,ìsula de Man,Man,Man Adası,Manainn,Manav,Manksinsulo,Mann,Mannin,Manow,Mansaari,Man wat'a,Men adası,Menas Sala,Meno sala,Mön,Monapia,Motu o Man,Ostrov Man,Ostrvo Man,Otok Man,Pulau Man,Pulo Man,Pulo ng Man,Wyspa Man,Ynys Manaw,آئل آف مین,جزیرهٔ مَن,جزيرة مان,האי מאן,νησί του Μαν,Востраў Мэн,Ман,Мэн,Мэн аралы,Мэн утравĕ,Мэн утравы,Мэны сакъадах,Острво Мен,Острів Мен,О́стров Мэн,Островот Ман,Մեն կղզի,კუნძული მენი,आईल ऑफ मान,मनुष्य का टापू,ਆਇਲ ਆਫ਼ ਮੈਨ,மாண் தீவு,ഐൽ ഒഫ് മാൻ,আইল অফ ম্যান,マン島,马恩岛	relation	6041206	place	island	-4.5145988	54.2358167	17	0.610113838025284		Isle of Man			Isle of Man	im	Isle of Man, Isle of Man	-4.7946845	54.0539575	-4.3076853	54.4178704	Q9676	en:Isle of Man	
Tohoku	Region Tōhoku,Tōhoku,Регіон Тохоку,Тохоку,東北地方	relation	1835900	boundary	administrative	140.7319146	39.1736183	30	0.610098682183791					Japan	jp	Tohoku, Japan	139.1382156	36.7443355	142.3315252	41.6060556	Q129465	ja:東北地方	
Daegu	แทกู,대구광역시,Taegu,Taeguo,Tägu,Tegu,دائجو,ديغو,טגו,Νταεγού,Тегу,Тэгу,Тэгү,दैगू,ദേഗു,大邱广域市,大邱広域市	relation	2395674	boundary	administrative	128.5955560	35.8113216	8	0.610083522919569				Daegu	South Korea	kr	Daegu, South Korea	128.3511836	35.6067585	128.7623985	36.0164926	Q20927	ko:대구광역시	
North Dakota	노스다코타,รัฐนอร์ทดาโคตา,Bắc Dakota,Çурçĕр Дакота,Dacota do Norte,Dacota Septentrionalis,Dakota a Tuath,Dakôta Avaratra,Dakota del Nord,Dakota del Nòrd,Dakota del Norte,Dakota de Nord,Dakota dinò,Dakota d'o Norte,Dakota do Norte,Dakota du Nord,Dakota e veriut,Dakota Gledh,Dakota Hwoaie,Dakota Północna,Dakota Thuaidh,Dakota Utara,Észak-Dakota,Gogledd Dakota,Ipar Dakota,Kuzey Dakota,Náhookǫsjí Díkóodah Hahoodzo,Noard Dakota,Noord-Dakota,Norda Dakoto,Norddakota,Nord-Dakota,Norður-Dakóta,Põhja-Dakota,Pohjois-Dakota,Severna Dakota,Severná Dakota,Severní Dakota,Shimoliy Dakota,Šiaurės Dakota,Şimali Dakota,Sjeverna Dakota,Yvate Dakota,Ziemeļdakota,داكوتا الشمالية,داکوتای شمالی,شمالی ڈکوٹا,דקוטה הצפונית,צפון דעקאטע,Βόρεια Ντακότα,Північна Дакота,Северна Дакота,Северная Дакота,Хойд Дакота,Цæгат Дакотæ,Հյուսիսային Դակոտա,ჩრდილოეთი დაკოტა,उत्तर डेकोटा,नार्थ डेकोटा,नॉर्थ डकोटा,ನಾರ್ತ್ ಡಕೋಟ,வடக்கு டகோட்டா,വടക്കന്‍ ഡക്കോട്ട,নর্থ ডাকোটা,北达科他州,ノースダコタ州	relation	161653	boundary	administrative	-100.4523257	47.4677763	8	0.609893742692256				North Dakota	United States of America	us	North Dakota, United States of America	-104.0492650	45.9350359	-96.5543976	49.0004917	Q1207	en:North Dakota	
Gloucestershire		relation	85103	boundary	administrative	-2.1481837	51.8450648	12	0.609886140311401			Gloucestershire	South West England	United Kingdom	gb	Gloucestershire, South West England, United Kingdom	-2.6875373	51.5775306	-1.6152020	52.1125797	Q23165	de:Gloucestershire	
Doubs	두,ดู,Dobs,Du,Dū,Dubis,دو,دوبس,דו,Ду,Դու,დუ,दूब,杜省,ドゥー県	relation	7462	boundary	administrative	6.2356227	47.0669915	12	0.609848115486452			Doubs	Metropolitan France	France	fr	Doubs, Bourgogne-Franche-Comté, Metropolitan France, France	5.6987632	46.5539530	7.0623706	47.5799613	Q3361	fr:Doubs (département)	
Saint-Étienne	Sainté,Sant Estève,Сент Етјен,Сент-Этьен	relation	117905	boundary	administrative	4.4142122	45.4241858	16	0.609566060309945		Saint-Étienne	Saint-Étienne	Auvergne-Rhône-Alpes	France	fr	Saint-Étienne, Saint-Étienne, Loire, Auvergne-Rhône-Alpes, France	4.2442968	45.3715386	4.4888583	45.4767081	Q42716	fr:Saint-Étienne	
Distrito Capital de Paraguay		relation	3654543	boundary	administrative	-57.6098348	-25.3004114	8	0.609558420724016				Región Oriental	Paraguay	py	Distrito Capital de Paraguay, Región Oriental	-57.6736249	-25.3811855	-57.5249287	-25.2188299	Q2933	es:Asunción	
Essonne	Эсон	relation	7401	boundary	administrative	2.2392918	48.5303401	12	0.609543138943259			Essonne	Metropolitan France	France	fr	Essonne, Ile-de-France, Metropolitan France, France	1.9144582	48.2845850	2.5853029	48.7761285	Q3368	fr:Essonne (département)	
Corrèze	Corresa,Коррез	relation	7464	boundary	administrative	1.8176424	45.3429046	12	0.609466677809934			Corrèze	New Aquitaine	France	fr	Corrèze, New Aquitaine, France	1.2269601	44.9204855	2.5286590	45.7652767	Q3326	fr:Corrèze (département)	
Indre-et-Loire	Indre i Loira,Indre y Loira,Эндр и Луара	relation	7408	boundary	administrative	0.6866702	47.2232046	12	0.609405446132541			Indre-et-Loire	Metropolitan France	France	fr	Indre-et-Loire, Centre-Loire Valley, Metropolitan France, France	0.0527209	46.7366610	1.3659438	47.7097889	Q12556	fr:Indre-et-Loire	
Lozère	Losera,Лозер	relation	7421	boundary	administrative	3.5211146	44.5425706	12	0.609367147950588			Lozère	Metropolitan France	France	fr	Lozère, Occitania, Metropolitan France, France	2.9822622	44.1093447	3.9983616	44.9757769	Q12580	fr:Lozère (département)	
Lahti	Lahtis,Лахти	relation	345901	boundary	administrative	25.8303018	60.9947920	16	0.609198375875721		Lahti	Lahden seutukunta	Mainland Finland	Finland	fi	Lahti, Lahden seutukunta, Päijät-Häme, Southern Finland, Southern Finland, Mainland Finland, Finland	25.5403020	60.8866527	26.1689722	61.1026648	Q28911	en:Lahti	
Salerno	Salern	relation	40671	boundary	administrative	14.8083717	40.6763622	16	0.609144586558915		Salerno	Salerno	Campania	Italy	it	Salerno, Salerno, Campania, Italy	14.7339985	40.6257205	14.8741785	40.7269885	Q1083	it:Salerno	
Nicosia	ニコシア,니코시아,ሌፍኮዚያ,นิโคเซีย,An Leafcóis,Lefkoşa,Lefkosia,Nicósia,Nicòsia,Nicosie,Nikosia,Nikósía,Nikósie,Nikosija,Nikosiya,Nikozi,Nikozia,Nikózia,Nikozija,Nikozio,Nikozja,نیکوزیا,نیکوسیا,نيقوسيا,نىكوسىيە,ניקאסיע,ניקוסיה,Λευκωσία,Λευκωσία - Lefkoşa,Левкозија,Лефкоша,Никозија,Никозия,Никоси,Никосия,Нікасія,Нікосія,ནེ་ཁོ་ཤི་ཡ།,Նիկոսիա,ნიქოზია,निकोसिया,நிக்கோசியா,নিকোসিয়া,尼科西亚	relation	2628521	place	city	33.3736959	35.1802820	16	0.609106139211689		Nicosia	Nicosia	Nicosia	Cyprus	cy	Nicosia, Nicosia, Nicosia, Cyprus	33.3362334	35.1521258	33.4066573	35.2104919	Q3856	en:Nicosia	
Évreux		relation	543082	boundary	administrative	1.1438544	49.0179416	16	0.609083060228588		Évreux	Évreux	Metropolitan France	France	fr	Évreux, Évreux, Eure, Normandy, Metropolitan France, France	1.0893795	48.9892048	1.1915861	49.0469102	Q171800	fr:Évreux	
Black Sea Region	Černomořský region,Črno morje,Fekete-tengeri régió,Herêma Deryaya Reş,Kanda ya Bahari Nyeusi,Karadeniz Bölgesi,Nigra-Mara regiono,Qara dəniz bölgəsi,Região do Mar Negro,Regió de la Mar Negra,Région de la mer Noire,Región del Mar Negro,Regione del Mar Nero,Regiunea Mării Negre,Schwarzmeerregion,Zwarte Zee-regio,قارا دېڭىز رايونى,מחוז הים השחור,Διαμέρισμα Μαύρης Θάλασσας,Чарнаморскі рэгіён,Черноморский регион,Чорноморський регіон,Սևծովյան տարածաշրջան,შავი ზღვის რეგიონი,黑海地區,黒海地方	relation	1726294	boundary	administrative	38.1059941	41.0672306	6	0.609052275902578				Black Sea Region	Turkey	tr	Black Sea Region, Turkey	30.5647635	39.8361941	42.5916385	42.2970000	Q155533	tr:Karadeniz Bölgesi	
Yamaguchi	야마구치 현,Präfektur Yamaguchi,Prefektura Yamaguchi,Префектура Ямаґучі,Ямагути,山口県	relation	4016543	boundary	administrative	131.1375620	34.3156574	8	0.608928997223873				Yamaguchi	Japan	jp	Yamaguchi, Japan	130.3978627	33.5529080	132.5112425	35.0783106	Q127264	ja:山口県	
Orlando		relation	1128379	place	city	-81.4496364	28.4810432	16	0.608766849603135		Orlando	Orange County	Florida	United States of America	us	Orlando, Orange County, Florida, United States of America	-81.5075377	28.3480634	-81.2275863	28.6142829	Q49233	en:Orlando, Florida	
Aube	오브,โอบ,Alba,Auba,Oba,Obas,أوب,اوب,אוב,Об,Օբ,ობი,ऑब,奥布省,オーブ県	relation	7441	boundary	administrative	4.1905396	48.3201921	12	0.608743653650008			Aube	Metropolitan France	France	fr	Aube, Grand Est, Metropolitan France, France	3.3836390	47.9234999	4.8651291	48.7167222	Q3194	fr:Aube (département)	
Moscow Oblast	모스크바 주,Cúige Mhoscó,Maskavas apgabals,Maskvos sritis,Moskevská oblast,Moskou-oblast,Moskovan alue,Moskova Oblastı,Moskovska oblast,Moskovská oblasť,Moskuko oblasta,Moskva oblast,Moskva Provinco,Moskva (tỉnh),Moskva vilayəti,Moskva viloyati,Moszkvai terület,Oblast de Moscou,Óblast de Moscú,Oblast' di Mosca,Oblast Moscfa,Oblast Moskau,Oblast Moskou,Oblast Moskov,Oblast Moskwa,Obwód moskiewski,Província de Moscou,Regio Moscuensis,Regiunea Moscova,Wilayah Moscow,استان مسکو,ماسکو اوبلاست,محافظة موسكو,מוסקבה (מחוז),Περιφέρεια Μόσχας,Вилояти Маскав,Мæскуыйы облæст,Маскоўская вобласць,Мәскәү өлкәсе,Мәскәү өлкәһе,Москва муж,Москван область,Москва областы,Московска област,Московская область,Московська область,Мӧскуа обласьт,Москъвьска область,Мускав облаçĕ,Մոսկվայի մարզ,მოსკოვის ოლქი,मॉस्को ओब्लास्त,மாஸ்கோ ஓப்லஸ்து,モスクワ州,莫斯科州	node	658312593	place	state	38.0353929	55.5043158	8	0.60871271323845				Central Federal District	Russia	ru	Moscow Oblast, Central Federal District, Russia	38.0353929	55.5043158	38.0353929	55.5043158	Q1697	ru:Московская область	
Moscow Oblast	Cúige Mhoscó,Maskavas apgabals,Maskvos sritis,Moskevská oblast,Moskou-oblast,Moskovan alue,Moskovska oblast,Moskuko oblasta,Moskva oblast,Moskva provinco,Moskva vilayəti,Moskva viloyati,Moszkvai terület,Oblast de Moscou,Óblast de Moscú,Oblast' di Mosca,Oblast Moscfa,Oblast Moskau,Oblast Moskou,Oblast Moskwa,Obwód moskiewski,Província de Moscou,Regiunea Moscova,استان مسکو,محافظة موسكو,מחוז מוסקבה,Вилояти Москва,Мæскуыйы облæст,Маскоўская вобласць,Мәскәү өлкәсе,Мәскәү өлкәһе,Москва муж,Москван область,Москва областы,Московска област,Московская область,Московська область,Мӧскуа обласьт,Москъвьска область,Мускав облаçĕ,Մոսկվայի մարզ,მოსკოვის ოლქი,मॉस्को ओब्लास्त,モスクワ州,莫斯科州	relation	51490	boundary	administrative	38.9282811	55.6070951	8	0.60871271323845				Central Federal District	Russia	ru	Moscow Oblast, Central Federal District, Russia	35.1484954	54.2556958	40.2056881	56.9585118	Q1697	ru:Московская область	
City of Leicester		relation	162353	boundary	administrative	-1.1305973	52.6360833	12	0.608542285578851			City of Leicester	England	United Kingdom	gb	City of Leicester, East Midlands, England, United Kingdom	-1.2159884	52.5806526	-1.0462129	52.6915044	Q83065	en:Leicester	
Haute-Savoie	Alta Saboya,Alta Savoia,Верхняя Савойя	relation	7407	boundary	administrative	6.3445370	46.0688208	12	0.608487967726998			Haute-Savoie	Auvergne-Rhône-Alpes	France	fr	Haute-Savoie, Auvergne-Rhône-Alpes, France	5.8051344	45.6816666	7.0443824	46.4563726	Q12751	fr:Haute-Savoie	
Bochum	بوخم	relation	62644	boundary	administrative	7.2311923	51.4709336	12	0.60846467518555			Bochum	North Rhine-Westphalia	Germany	de	Bochum, Regierungsbezirk Arnsberg, North Rhine-Westphalia, Germany	7.1021061	51.4105042	7.3493346	51.5313751	Q2103	de:Bochum	
Carcassonne	카르카손,カルカソンヌ,การ์กาซอน,Carcaso,Carcasona,Carcassona,Karkasona,Karkasonas,Karkasuno,قرقشونه,کارکاسون,קרקסון,Καρκασσόν,Каркасон,Каркассонн,卡尔卡松	relation	37774	boundary	administrative	2.3353753	43.2078465	16	0.608363647336443		Carcassonne	Carcassonne	Metropolitan France	France	fr	Carcassonne, Carcassonne, Aude, Occitania, Metropolitan France, France	2.2615684	43.1713068	2.4362676	43.2443706	Q6582	fr:Carcassonne	
Compiègne	콩피에뉴,コンピエーニュ,Compendium,Compenha,كومبيين,کومپینی,Комп’єнь,Компјењ,Компьень,კომპიენი,贡比涅	relation	195340	boundary	administrative	2.8507244	49.3999761	16	0.608309184678942		Compiègne	Compiègne	Metropolitan France	France	fr	Compiègne, Compiègne, Oise, Hauts-de-France, Metropolitan France, France	2.7791800	49.3668383	2.9302756	49.4344057	Q180871	fr:Compiègne	
Châlons-en-Champagne	ชาลง-อ็อง-ช็องปาญ,샬롱앙샹파뉴,シャロン＝アン＝シャンパーニュ,Châlons-sur-Marne,Durocatalaunum,Šampanės Šalonas,شالون-آن-شامپاین,Шалон-ан-Шампань,Шалон ан Шампањ,Шалон-ан-Шампањ,შალონ-ან-შამპანი,शालो-आं-शाँपेन,香槟沙隆	relation	417365	boundary	administrative	4.3759968	48.9656443	16	0.608246887484969		Châlons-en-Champagne	Châlons-en-Champagne	Metropolitan France	France	fr	Châlons-en-Champagne, Châlons-en-Champagne, Marne, Grand Est, Metropolitan France, France	4.3295725	48.9300596	4.4304705	49.0011453	Q47135	fr:Châlons-en-Champagne	
Bouches-du-Rhône	Bocas del Ródano,Boques del Roine,Буш-дю-Рон	relation	7393	boundary	administrative	5.0343336	43.5424204	12	0.607934531306223			Bouches-du-Rhône	Metropolitan France	France	fr	Bouches-du-Rhône, Provence-Alpes-Côte d'Azur, Metropolitan France, France	4.2301364	43.1574101	5.8135204	43.9245884	Q3240	fr:Bouches-du-Rhône	
Nunavut	ᓄᓇᕗᑦ,누나부트 준주,นูนาวุต,ᓄᓇᕗᑦ Nunavut,Núnavút,Nûnavût,Nunavuta,Nunavutas,Nunavuto,نناوت,نونافوت,نوناووت,נונאווט,Νούναβουτ,Нунавут,Նունավուտ,ნუნავუტი,नुनाव्हुत,ਨੂਨਾਵੁਤ,நூனவுட்,努納武特地區,ヌナブト準州	relation	390840	boundary	administrative	-89.9604395	67.2478877	8	0.607840540315341				Nunavut	Canada	ca	Nunavut, Canada	-120.6830210	51.1566467	-59.6136767	83.3362128	Q2023	en:Nunavut	
Olomouc	Olmütz,Оломоуц	relation	437057	boundary	administrative	17.2340530	49.5983045	16	0.607738568004531		Olomouc	okres Olomouc	Central Moravia	Czech Republic	cz	Olomouc, okres Olomouc, Olomouc Region, Central Moravia, Czechia	17.1621221	49.5346988	17.3960679	49.6619655	Q81137	cs:Olomouc	
Perpignan	페르피냥,ペルピニャン,Perpignano,Perpiñán,Perpiņāna,Perpinhã,Perpinhan,Perpinia,Perpinianum,Perpinjanas,Perpinjano,Perpinyà,بيربينيا,پرپینیا,پرپینیان,פערפיניאן,פרפיניאן,Περπινιάν,Перпиньян,Перпинян,Перпињан,Перпіньян,पेर्पिञां,佩皮尼昂	relation	18000	boundary	administrative	2.9220980	42.6990916	16	0.607715013917493		Perpignan	Perpignan	Metropolitan France	France	fr	Perpignan, Perpignan, Pyrénées-Orientales, Occitania, Metropolitan France, France	2.8265888	42.6492605	2.9825668	42.7488722	Q6730	fr:Perpignan	
Federal Territory of Kuala Lumpur	쿠알라룸푸르연방직할구,ดินแดนสหพันธ์กัวลาลัมเปอร์,KUL,Wilayah Persekutuan Kuala Lumpur,Куала-Лумпур Столичная территория,கோலாலம்பூர்,吉隆坡联邦直辖区,クアラルンプール連邦直轄領	node	4165116689	place	state	101.7022392	3.1525222	8	0.607604985429723					Malaysia	my	Federal Territory of Kuala Lumpur, Malaysia	101.7022392	3.1525222	101.7022392	3.1525222	Q1865	en:Kuala Lumpur	
Girona	지로나,ジローナ,Cherona,Chirona,Gerona,Gérone,Gerunda,GRN,Xirona,Žirona,جرندة,خرنا,ז'ירונה,Ђирона,Жірона,Херона,赫罗纳	relation	343535	boundary	administrative	2.8485048	41.9839498	16	0.607573515564314		Girona	Gironès	Catalonia	Spain	es	Girona, Gironès, Girona, Catalonia, Spain	2.7831004	41.9383698	2.8982394	42.0297266	Q7038	ca:Girona	
Anguilla	앵귈라,アンギラ,އަންގީލާ,แองกวิลลา,Aingira,Anggilya,Angila,Angilija,Angilja,Angilya,Anguila,Àngúíllà,Angvila,Angvilla,Angvilo,Angwilla,Angwiya,أنجويلا,آنگویلا,اینگویلا,ئانگۋىللا,אנגווילה,Ανγκουίλα,Ангвила,Ангилја,Ангилья,Ангілья,Ангуила,Անգիլիա,ანგილია,अंगुइला,अँग्विला,एन्गुला,ਐਂਗੁਈਲਾ,அங்கியுலா,安圭拉	relation	2177161	boundary	administrative	-63.1753737	18.4365076	4	0.607565645792139					Anguilla	ai	Anguilla	-63.6391992	18.0615454	-62.7125450	18.7951194	Q25228	en:Anguilla	
Pays de la Loire	페이드라루아르,ペイ・ド・ラ・ロワール,แคว้นเปอีเดอลาลัวร์,Broioù al Liger,Kraj Loary,Lando di Loire,Loire-mente,Luāras Zeme,Luara Torpağı,Luarlandoj,Luaros Kraštas,Paesi della Loira,Pagi Ligeris,País del Loira,País do Loire,Países d'a Loira,Païses de Léger,Países del Loira,Países do Loira,Regija Loire,Ținuturile Loarei,Zemlja Loire,پیی دو لا لوآر,وادي اللوار,פיי דה לה לואר,Земли Луары,Землі Луары,Лоарски Крај,Луаран латтанаш,Пеи дьо ла Лоар,Пеї де ла Луар,Регион Лоара,Լուարայի երկիր,ლუარის რეგიონი,पेई दा ला लोआर,ਪੇ ਡ ਲਾ ਲੁਆਰ,卢瓦尔河地区	relation	8650	boundary	administrative	-1.1272166	47.4173992	8	0.607510531537467				Metropolitan France	France	fr	Pays de la Loire, Metropolitan France, France	-2.6250616	46.2665367	0.9165988	48.5682887	Q16994	fr:Pays de la Loire	
Coventry	コヴェントリー,Ковентри,Ковентрі,Ковентры,考文垂	node	17859918	place	city	-1.5104771	52.4081811	16	0.607368601026422			West Midlands Combined Authority	England	United Kingdom	gb	Coventry, West Midlands Combined Authority, West Midlands, England, United Kingdom	-1.5104771	52.4081811	-1.5104771	52.4081811	Q6225	en:Coventry	
Guangxi	광시 좡족 자치구,เขตปกครองตนเองกว่างซีจ้วง,Guangksi Zhuang Özerk Bölgesi,Guangsi,Gŭangŝjio,Guangsy,Guangxi Zhuang,Guansi-Chjuan muxtor rayoni,Guansji Džuanu autonomais reģions,Gvangjsih Bouxcuegh Swcigih,Kuanghszi-Csuang Autonóm Terület,Kuangsi,Kuang-si,Quancim,Quảng Tây,Quansia,Quansi-Çjuan Muxtar Rayonu,قوانغشي,گۇاڭشى جۇاڭزۇ ئاپتونۇم رايونى,گوانگشی,גואנגשי,Κουανγκσί,Гуангси,Гуанси-джуански автономен регион,Гуанси-Чжуанский автономный район,Гуансі-Чжуанскі аўтаномны раён,Ґуансі-Чжуанський автономний район,ཀོའོང་ཤི་ཀྲོང་རིགས་རང་སྐྱོང་ལྗོངས།,Գուանսի-Չժոունի ինքնավար շրջան,გუანსი-ჯუანი,क्वांग्शी,गुआंगशी,குவாங்ஷி,ഗുവാങ്ക്സി,কুয়াংশি,广西,广西壮族自治区,広西チワン族自治区	relation	286342	boundary	administrative	108.7918553	23.5489463	8	0.607163059025769				Guangxi	China	cn	Guangxi, China	104.4482385	20.7030000	112.0569000	26.3863907	Q15176	zh:广西壮族自治区	
Transnistria	Ĉednestrio,Dnestryanı,Dnyeszter Menti Köztársaság,Naddniestrze,Nistrenia,Padniestrė,Podnestersko,Podněstří,Pridnjestrovlje,Transdinyester,Transnístria,Transnistrie,Transnistrië,Transnistrien,Transnistrija,Transnîstriya,Transnistriyän,ترانسنيستريا,טראנסניסטריע,טרנסניסטריה,Υπερδνειστερία,Днестр буе Молдован Җөмһүрияте,Днестр буйы республикаһы,Днестрдор,Нистрянэ - Приднестровье - Придністров'я,Приднестровие,Приднестровская Молдавская Республика,Приднестровье,Придністров'я,Придњестровље,Придънѣстриѥ,Прыднястроўе,Република Молдовеняскэ Нистрянэ,Транснистрия,Մերձդնեստրի Մոլդովական Հանրապետություն,დნესტრისპირეთი,德涅斯特河沿岸	relation	65335	boundary	administrative	29.2747403	47.3645576	6	0.606933055678037				Transnistria	Moldova	md	Transnistria, Moldova	28.4927716	46.5466939	29.9798185	48.1824491	Q907112	ru:Приднестровская Молдавская Республика	
Ancona		relation	42499	boundary	administrative	13.4839159	43.5700531	16	0.606805819110264		Ancona	Ancona	Marche	Italy	it	Ancona, Ancona, Marche, Italy	13.3761772	43.5085486	13.6090671	43.6314568	Q3415	en:Ancona	
Kansas City		relation	141008	place	city	-94.5471548	39.0923220	16	0.606662389094821		Kansas City		Missouri	United States of America	us	Kansas City, Missouri, United States of America	-94.7659170	38.8271760	-94.3855220	39.3566620	Q41819	en:Kansas City, Missouri	
Lucerne	루체른,Lucerna,Luzern	relation	1682891	boundary	administrative	8.3009496	47.0548700	16	0.606662389094821		Lucerne		Luzern	Switzerland	ch	Lucerne, Luzern, Switzerland	8.2065100	46.9980063	8.4279749	47.0835227	Q4191	de:Luzern	
Freiburg im Breisgau	Fribourg-en-Brisgau,فرايبورغ,Фрайбург	relation	62768	boundary	administrative	7.8054138	47.9872946	12	0.606638454267794			Freiburg im Breisgau	Baden-Württemberg	Germany	de	Freiburg im Breisgau, Regierungsbezirk Freiburg, Baden-Württemberg, Germany	7.6620054	47.9035776	7.9308443	48.0710579	Q2833	de:Freiburg im Breisgau	
San Marino	Saint-Marin,Sanmarinän,San Marinas,San-Marino,Serenissima Repubblica di San Marino,Άγιος Μαρίνος,Сан Марино,Сан-Марино,Сан-Маріно,Сан-Марына,சான் மரீனோ	relation	54624	boundary	administrative	12.4604698	43.9431947	4	0.606622492973773					San Marino	sm	San Marino	12.4033245	43.8937001	12.5160665	43.9920930	Q238	en:San Marino	
Łódź Voivodeship	Łódź,Lodza Provinco,Lodzės vaivadija,łódzkie,Łódzkie,Lodžské vojvodství,Lodzsko vojvodstvo,Voivodato de Łódź,Vojvodstvo Lodz,Woiwodschaft Lodz,Woiwodschap Lodz,województwo łódzkie,Лодзинское воеводство,Лодзінскае ваяводства,Лодзьке воєводство,ウッチ県	relation	224458	boundary	administrative	19.3936482	51.6185115	8	0.606494665805055				Łódź Voivodeship	Poland	pl	Łódź Voivodeship, Poland	18.0745957	50.8432775	20.6592583	52.3940809	Q54158	pl:Województwo łódzkie	
Laon	ラン,Лан	relation	74127	boundary	administrative	3.6125142	49.5710075	16	0.606462670941872		Laon	Laon	Metropolitan France	France	fr	Laon, Laon, Aisne, Hauts-de-France, Metropolitan France, France	3.5556941	49.5285706	3.6698302	49.6137882	Q167141	fr:Laon	
Euphrates	Euphrat,Fırat,فرات,نهر الفرات,Ευφράτης	way	23021291	multiple	river,riverbank	42.1393407	34.2737905	17	0.606454669842669				Al Anbar	Iraq	iq	Euphrates, Al Anbar, Iraq	40.9117233	33.1812556	43.8638001	34.5300112	Q34589	de:Euphrat	
Basilicata	BAS,Basilicate,Basilikata,Basilikato,Bazilikata,Базиликата	relation	40137	boundary	administrative	16.1309451	40.5183188	8	0.606390626692491				Basilicata	Italy	it	Basilicata, Italy	15.3349712	39.8958078	16.8670356	41.1409017	Q1452	it:Basilicata	
Nagasaki Prefecture	Nagasaki,Nagasako,Prefektura Nagasaki,Нагасаки,Префектура Наґасакі,長崎県	relation	1842151	boundary	administrative	129.2170912	33.0862585	8	0.60636659474939				Nagasaki Prefecture	Japan	jp	Nagasaki Prefecture, Japan	127.8685002	31.7849262	130.4819539	34.8917397	Q169376	ja:長崎県	
Santa Catarina	サンタ カタリーナ,산타카타리나,ซันตากาตารีนา,Sancta Catharina,Sankta Katarino,Santakatarina,Santa Katarina,Santa-Katarina,SC,سانتا كاتارينا,سانتا کاتارینا,סנטה קטרינה,Сантæ-Катаринæ,Санта Катарина,Санта-Катарина,Санта-Катаріна,Санта-Катарына,Սանտա Կատարինա,სანტა-კატარინა,सांता कातारिना,सांता कातारीना,圣卡塔琳娜	relation	296584	boundary	administrative	-49.7455347	-27.6890863	8	0.606294447253917				South Region	Brazil	br	Santa Catarina, South Region, Brazil	-53.8373482	-29.4249416	-48.1107587	-25.9557195	Q41115	pt:Santa Catarina	
Melilla	멜리야,メリリャ,เมลียา,IMelilla,Melilja,Melilo,Mélilya,Rusadir,ملیلیه,مليلية,מלייה,Μελίγια,Мелилја,Мелилья,Мелиля,Мелиља,Мелілья,Մելիլյա,მელილია,मेलिया,மெலில்லா,梅利利亚	relation	1154757	boundary	administrative	-2.9507568	35.2928864	8	0.606222222129465				Melilla	Spain	es	Melilla, Spain	-2.9702024	35.2656282	-2.9231796	35.3201287	Q5831	es:Melilla	
Melilla	멜리야,メリリャ,เมลียา,IMelilla,Melilja,Melilo,Mélilya,Rusadir,ملیلیه,مليلية,מלייה,Μελίγια,Мелилја,Мелилья,Мелиля,Мелиља,Мелілья,Մելիլյա,მელილია,मेलिया,மெலில்லா,梅利利亚	relation	7523933	boundary	administrative	-2.9507568	35.2928864	16	0.606222222129465		Melilla		Melilla	Spain	es	Melilla, Melilla, Spain	-2.9702024	35.2656282	-2.9231796	35.3201287	Q5831	es:Melilla	
Tübingen		relation	2778914	boundary	administrative	9.0391932	48.5223046	16	0.605924477446305		Tübingen	Landkreis Tübingen	Baden-Württemberg	Germany	de	Tübingen, Landkreis Tübingen, Regierungsbezirk Tübingen, Baden-Württemberg, Germany	8.9645683	48.4505843	9.1310745	48.5937129	Q3806	de:Tübingen	
Tel Aviv-Yafo	ቴል አቪቭ-ያፎ,텔아비브,Tel Aviv,Tel Awiw-Jafa,Tellu,تل أبيب-يافا,تل آویو-یافا,תל אביב-יפו,Τελ Αβίβ-Γιάφα,Тель-Авив-Яффа,तेल अविव	relation	1382494	place	city	34.7831262	32.0887938	16	0.605746811933884		Tel Aviv-Yafo		Tel Aviv District	Israel	il	Tel Aviv-Yafo, Tel Aviv District, Israel	34.7390116	32.0292891	34.8518420	32.1468063	Q33935	en:Tel Aviv	
Miskolc	Mischkolz,Mișcolț	relation	1440895	boundary	administrative	20.6710056	48.0890631	16	0.605730637181592		Miskolc	Miskolci járás	Great Plain and North	Hungary	hu	Miskolc, Miskolci járás, Borsod-Abaúj-Zemplén, Észak-Magyarország, Great Plain and North, Hungary	20.4816772	48.0235628	20.8698350	48.1549192	Q102397	hu:Miskolc	
Aberdeen	アバディーン,Aberdonia,Aberdynas,Obar Dheathain,أبردين,Абердзін,Абердин	node	21063362	place	city	-2.0913746	57.1452451	16	0.605552457193147			Aberdeen City	Scotland	United Kingdom	gb	Aberdeen, Aberdeen City, Scotland, United Kingdom	-2.0913746	57.1452451	-2.0913746	57.1452451	Q36405	en:Aberdeen	
Durban	eThekwini,ديربان,Дурбан,डरबन,డర్బన్,ಡರ್ಬನ್	node	27564996	place	city	31.0099090	-29.8618250	16	0.605520009955445			eThekwini Metropolitan Municipality	KwaZulu-Natal	South Africa	za	Durban, eThekwini Metropolitan Municipality, KwaZulu-Natal, South Africa	31.0099090	-29.8618250	31.0099090	-29.8618250	Q5468	en:Durban	
Warwickshire	Уорикшир	relation	57516	boundary	administrative	-1.5536906	52.3213063	12	0.605471309671553			Warwickshire	England	United Kingdom	gb	Warwickshire, West Midlands, England, United Kingdom	-1.9620068	51.9553938	-1.1721265	52.6872437	Q23140	en:Warwickshire	
Oakland	奥克兰	relation	2833530	boundary	administrative	-122.1725560	37.7586914	16	0.605390063932165		Oakland	Alameda County	California	United States of America	us	Oakland, Alameda County, California, United States of America	-122.3558810	37.6322259	-122.1146721	37.8853680	Q17042	en:Oakland, California	
Cape Verde	Cabo Verde,Cap-Vert,Kaapverdië,Kaapverdje,Kabovärduäns,Kabo Verda,Kaboverdo,Kap Verde,Kapverdy,Republika Zielonego Przylądka,Zelenortski Otoci,Zöld-foki Köztársaság,الرأس الأخضر,Зеленортска Острва,Кабо-Верде,கேப் வர்டி	relation	535774	boundary	administrative	-23.5707856	16.0282825	4	0.605390063932165					Cape Verde	cv	Cape Verde	-25.5731073	14.6066229	-22.4547752	17.4071170	Q1011	pt:Cabo Verde	
Newfoundland	뉴펀들랜드 섬,เกาะนิวฟันด์แลนด์,An Talamh Ùr,Douar-Nevez,Erékùṣù Newfoundland,Isla de Terranova,Neifundland,Neufundland,Nijfûnlân,Niufaundlandas,Nova Fundlandija,Nov-Fundland,Novlando,Nowa Fundlandia,Ņūfaundlenda,Nýfundnaland,Nyufaundlend,Talamh an Éisc,Ternua,Terranova,Terra Nova,Tèrra Nòva,Terre-Neuve,Thalloo yn Eeast,Új-Fundland,نیوفاندلند,نیو فاؤنڈ لینڈ,نيوفاوندلاند,ניופאונדלנד,Νέα Γη,Востраў Ньюфаўндленд,Ньюфаундленд,Нюфаундленд,Њуфаундленд,Նյուֆաունդլենդ,ნიუფაუნდლენდი,न्यूफ़ाउण्डलैण्ड,न्यू फाउंडलंड,நியூபவுண்ட்லாந்து,ニューファンドランド島,纽芬兰岛	relation	7168979	place	island	-56.6962963	49.1212093	17	0.605341269244999		Newfoundland			Canada	ca	Newfoundland, Canada	-59.4125547	46.6112594	-52.6193664	51.6311624	Q48335	en:Newfoundland (island)	
Taranto	Tarent,Tàrent,Tarente,Tarento,Tarentum,تارانتو	relation	40452	boundary	administrative	17.2860147	40.4691428	16	0.605308719736936		Taranto	Taranto	Apulia	Italy	it	Taranto, Taranto, Apulia, Italy	17.1165464	40.3300020	17.4727156	40.5915166	Q13498	it:Taranto	
Incheon	인천,인천광역시,Inchon,Inčonas,אינצ'ון,Ίντσον,Инчхон,Інчхон,仁川广域市,仁川広域市	relation	2297419	boundary	administrative	125.9111350	37.4632934	8	0.605268010643756				Incheon	South Korea	kr	Incheon, South Korea	124.3548469	36.8585540	126.7936905	38.0681290	Q20934	en:Incheon	
Ingolstadt		relation	62381	boundary	administrative	11.3953247	48.7534271	12	0.60520282469866			Ingolstadt	Bavaria	Germany	de	Ingolstadt, Upper Bavaria, Bavaria, Germany	11.2559075	48.6838773	11.5034223	48.8228906	Q3004	de:Ingolstadt	
Ingolstadt	インゴルシュタット,Ingolstadium,إنغولشتات,אינגולשטאט,Ίνγκολστατ,Инголштат,Ингольштадт	node	2110382406	place	city	11.4250395	48.7630164	16	0.60520282469866			Ingolstadt	Bavaria	Germany	de	Ingolstadt, Ingolstadt, Upper Bavaria, Bavaria, Germany	11.4250395	48.7630164	11.4250395	48.7630164	Q3004	de:Ingolstadt	
Falkland Islands	포클랜드 제도 (말비나스 군도),ፎክላንድ ደሴቶች (ኢስላስ ማልቪናስ),የፎልክላንድ ደሴቶች,ଫଲ୍କଲ୍ୟାଣ୍ଡ ଦ୍ବୀପପୁଞ୍ଜ,ຫມູ່ເກາະຟອກແລນ (ອິສລາສ ມາວິລນາສ),หมู่เกาะฟอล์กแลนด์,Âzûâ tî Mälüîni,Bisanga bya Falkland,Bizinga by'eFalikalandi,Duuɗe Falkland,Falkland Adaları,Falklandeilande,Falklandeilanden,Falklandi,Falklandinsaaret,Falkland Inselen,Falklandinseln,Falklandi qeqertaq,Falklandi saared,Falkland Islands (Malvinas),Falklandoj,Falklandseyjar,Falklandski Otoci,Falklandsöarna,Falklandsøerne,Falklandsøyane,Falklandsøyene,Falklandsoyggjarnar,Falklandsullot,Falkland-szigetek,Falkland ƒudomekpowo (Islas Malvinas) nutome,Falkland uharteak (Malvina uharteak),Falklandy,Falklandy (Malvíny),Falklandy (Malwiny),Falklâneilannen,Folkland Adaları,Folklando (Malvinų) Salos,Folklandska ostrva (Malvinska ostrva),Folklenda salas,Fɔlkman Aeland,Giravên Malvîn,i-Falkland Islands (i-Islas Malvinas),Îles Malouines (Îles Falkland),Ilhas Malvinas,Illas Malvinas,Illes Malvines,Inizi Falkland (Inizi Maloù),Inslas dal Falkland,Insulae Malvinae,Insulele Falkland,កោះ​ហ្វក់ឡែន (Islas Malvinas),Islas Malvinas,Isole Falkland (Isole Malvine),Izinga rya Filikilandi,Jaziiradaha Fooklaan,Kapuluang Falkland (Kapuluang Malvinas),Kepulauan Falkland,Kepulauan Falkland (Islas Malvinas),Maluwini Gun,Na h-Eileanan Fàclainn,Nosy Falkand,Ny Malveenaghyn,Oileáin Fháclainne,Orílẹ́ède Etikun Fakalandi,ʻOtumotu Fokuleni,Quần đảo Falkland,Tsibiran Falkilan,Visiwa vya Falkland,Visiwa vya Falklandi (Islas Malvinas),Ynysoedd y Falklands,Zvitsuwa zveFalklands,جزایر فالکلند,جزر الفولكلاند,فاکلینڈ آئلینڈز (ازلاس مالوینس),فٕلاکلینٛڑ جٔزیٖرٕ,איי פוקלנד (מלווינס),Νήσοι Φώκλαντ,Фалклендскія астравы,Фокландска (Малвинска) Острва,Фолкландски острови (Малвини),Фолкландски Острови (малвински острови),Фолклендийн Арлууд,Фолклендские острова,Фолклендські острови,Фолкленд утраулары,ཕལྐ་ལནྜ་གླིང་ཕྲན།,ཕལྐ་ལནྜ་གླིང་ཚོམ (ཨིས་ལཱས་མལ་བི་ཎཱས),ფალკლენდის კუნძულები,फक्ल्याण्ड टापुहरू (इज्लास माल्भिनास),फ़ॉकलैंड आइलैंड (इज्लास माल्विनास),फॉकलंड बेटे (इस्लास मालविनास),ફૉકલેન્ડ આઇલેન્ડ્સ,ఫాక్ లేండ్ దీవులు (ఇస్లాస్ మాల్వినాస్),ಫಾಲ್ಕ್‌ಲ್ಯಾಂಡ್ ದ್ವೀಪಗಳು (ಇಸ್ಲಾಸ್ ಮಾಲ್ವಿನಸ್),ஃபாக்லாந்து தீவுகள் (இஸ்லாஸ் மால்வினஸ்),ഫോക്ൿലൻഡ് ദ്വീപുകൾ (മൽവിനാസ്),ফকল্যান্ড আইল্যান্ড (ইসল্যাস মাসভেনিস),ဖောက်ကလန် ကျွန်းစု,ෆෝක්ලන්ත දූපත් (අයිලස් මල්වියනාස්),福克兰群岛,フォークランド諸島 (マルビナス諸島)	relation	2185374	boundary	administrative	-59.5153027	-51.7157777	4	0.605121253146894					Falkland Islands	fk	Falkland Islands	-61.7726772	-53.1186767	-57.3662367	-50.7973007	Q9648	en:Falkland Islands	
Maritime Alps	알프마리팀,จังหวัดอาลป์-มารีตีม,Alpes Maritimae,Alpes-Maritimes,Alpes Marítimos,Alpi Marittime,Alps Marítims,Alpy Nadmorskie,Aups Maritims,Itsas Alpeak,Pajūrio Alpės,Piejūras Alpi,Seealpen,الألب البحرية,آلپ-ماریتیم,האלפים הימיים,Алп Маритим,Алп Приморские,Альпі-Маритим,Альпы Прыморскія,Приморски Алпи,Приморские Альпы,Приморські Альпи,Ծովափնյա Ալպեր,ზღვისპირა ალპები,आल्प-मरितीम,滨海阿尔卑斯省,アルプ＝マリティーム県	relation	7385	boundary	administrative	7.2418396	43.9213227	12	0.604974174087395			Maritime Alps	Metropolitan France	France	fr	Maritime Alps, Provence-Alpes-Côte d'Azur, Metropolitan France, France	6.6333035	43.4800526	7.7184776	44.3625080	Q3139	fr:Alpes-Maritimes	
Groningen	Groninga,Groningena,Groningue,خرونينغن	relation	409863	boundary	administrative	6.5582453	53.2217924	20	0.604785769534053		Groningen		Netherlands	The Netherlands	nl	Groningen, Groningen, Groningen, Netherlands	6.4627455	53.1786102	6.6668726	53.2649468	Q749	nl:Groningen (stad)	
Meuse	Mosa,Мёз	relation	7382	boundary	administrative	5.4286690	49.0129684	12	0.604728323897952			Meuse	Metropolitan France	France	fr	Meuse, Grand Est, Metropolitan France, France	4.8884560	48.4091029	5.8542187	49.6169111	Q12631	fr:Meuse (département)	
Udine		relation	179272	boundary	administrative	13.2395523	46.0594284	16	0.604596834685117		Udine	Udine	Friuli Venezia Giulia	Italy	it	Udine, Udine, Friuli Venezia Giulia, Italy	13.1844828	46.0017066	13.2944830	46.1171088	Q2790	it:Udine	
Heilongjiang	Hắc Long Giang,Heilongdziangas,Хэйлунцзян,黑龙江省,黒竜江省	relation	199073	boundary	administrative	127.5772631	48.4892797	8	0.604530993363813				Heilongjiang	China	cn	Heilongjiang, China	121.1843185	43.4187050	134.7754563	53.5608154	Q19206	zh:黑龙江省	
Uttar Pradesh	ウッタル・プラデーシュ,أتر برديش,Уттар-Прадеш,उत्तर प्रदेश,ಉತ್ತರ ಪ್ರದೇಶ,உத்தரப் பிரதேசம்,北方邦	relation	1942587	boundary	administrative	80.7740702	27.1444900	8	0.604432110132053				Uttar Pradesh	India	in	Uttar Pradesh, India	77.0850685	23.8725500	84.6306899	30.4124156	Q1498	en:Uttar Pradesh	
Salina		relation	129645	place	town	-97.6032478	38.8291235	18	0.60438261383755		Salina	Saline County	Kansas	United States of America	us	Salina, Saline County, Kansas, United States of America	-97.7059920	38.7546240	-97.5576240	38.8959709	Q1650620	en:Salina, Kansas	
Campinas	구아룰류스,カンピーナス,Campinae,Kampinasa,Kampinasas,كامبيناس,קמפינאס,Καμπίνας,Кампинас,Кампінас,კამპინასი,坎皮纳斯	relation	298227	boundary	administrative	-46.9901185	-22.8964807	16	0.60437436090563		Campinas	Microrregião de Campinas	Southeast Region	Brazil	br	Campinas, Microrregião de Campinas, Mesorregião de Campinas, São Paulo, Southeast Region, Brazil	-47.2461345	-23.0612162	-46.8152838	-22.7290464	Q171617	pt:Campinas	
Aix-en-Provence	엑상프로방스,エクス＝アン＝プロヴァンス,Ais de Provença,Aquae Sextiae,Provanso Eksas,אקס-אן-פרובאנס,Екс ан Прованс,Єкс-ан-Прованс,Экс-ан-Прованс,普罗旺斯地区艾克斯	relation	70279	boundary	administrative	5.4189243	43.5360115	16	0.604308300896177		Aix-en-Provence	Aix-en-Provence	Metropolitan France	France	fr	Aix-en-Provence, Aix-en-Provence, Bouches-du-Rhône, Provence-Alpes-Côte d'Azur, Metropolitan France, France	5.2694745	43.4461058	5.5063012	43.6259224	Q47465	fr:Aix-en-Provence	
Gelsenkirchen	ゲルゼンキルヒェン,غلزنكيرشن,Гелзенкирхен,Гельзенкирхен	relation	62522	place	city	7.0815112	51.5562284	16	0.604291775730734		Gelsenkirchen	Regierungsbezirk Münster	North Rhine-Westphalia	Germany	de	Gelsenkirchen, Regierungsbezirk Münster, North Rhine-Westphalia, Germany	6.9874994	51.4808012	7.1444641	51.6315931	Q2765	de:Gelsenkirchen	
Democratic Republic of the Congo	콩고 민주 공화국,ኮንጎ ዲሞክራሲያዊ ሪፐብሊክ,ކޮންގޯ (ދިމިޤްރާޠީ ޖުމްހޫރިއްޔާ),କଙ୍ଗୋ,สาธารณรัฐประชาธิปไตยคองโก,Cộng hòa Dân chủ Congo,Congo-Kinshasa,Democratic Republic de Congo,Demokratesch Republik Kongo,Demokratial Republiko Kongo,Demokratia Respubliko Kongo,Demokratická republika Kongo,Demokratična republika Kongo,Demokratiese Republiek van die Kongo,Demokratik Kongo Cumhuriyeti,Demokratikong Republika ng Konggo,Demokratische Republik Kongo,Demokratiska Republiken Kongo,Demokratiske Republik Congo,Demokratska Republika Kongo,Demokratyczna Republika Konga,Demokratyske Republyk Kongo,Den demokratiske republikken Kongo,Fólkaræðiliga Lýðveldið Kongo,Ganggoj Minzcuj Gunghozgoz,Gweriniaeth Ddemocrataidd Congo,IKhongo,IRiphabliki Labantu weKongo,Jamhuri ya Kidemokrasia ya Kongo,Jamhuriyar dimokuradiyya Kwango,Jamhuuriyada Dimuqaraadiga Kongo,Kéyah Káango Shádiʼááhjí Siʼánígíí,Kongoän (Repüblikän Demokratik),Kongo (býv. Zair),Kongo Demokraatlik Vabariik,Kongo demokráhtalaš dásseváldi,Kongo Demokratik Respublikasi,Kongo Demokratik Respublikasy,Kongo Demokratinė Respublika,Kongo Demokrātiskā Republika,Kongói Demokratikus Köztársaság,Kongo ka Bɛjɛfanga Fasojamana,Kongoko Errepublika Demokratikoa,Kongon demokraattinen tasavalta,Kongoya Demokratîk,Konqo Demokratik Respublikası,Kungu Runakamaq Republika,Kùodùorùosêse tî Ngunuhalëzo tî Kongö,Lýðræðislega Lýðveldið Kongó,Orílẹ̀-èdè Olómìnira Olóṣèlú ilẹ̀ Kóngò,Pobblaght Gheynlagh ny Congo,Poblachd Dheamocrach na Congo,Poblacht Dhaonlathach an Chongó,RD Congo,Repoblek Werinel Kongo,Repoblika Demokratikan'i Kongo,Repubblica Democratica del Congo,Repubilika ya Kongo ya Dimokalasi,Republica Democrată Congo,Republica Democratica de Còngo,República Democrática del Congo,República Democràtica del Congo,Republica Democratica d'o Congo,República Democrática do Congo,Republica Democratic del Congo,República Popular do Congo,Republika Demokratike e Kongos,Republik Demokaraatik bu Kongóo,Republik Demokratel Kongo,Republik Demokratik Congo,Republik Demokratik Kongo,Républik Démokratik Kongo,Republik Dhémokratis Kongo,Republike democratike do Congo,République démocratique du Congo,Repùbrica Democràtiga de su Congo,Repubulika Iharanira Demokarasi ya Kongo,Respublica Democratica Congensis,Ripubrikit Engame Kongo,Tetã Jekopytyjoja Kongo,Zaïre,جمهوری دموکراتیک کنگو,جمهورية الكونغو الديمقراطية,جمہوری جمہوریہ کانگو,كونگو دېموكراتىك جۇمھۇرىيىتى,דעמאקראטישע רעפובליק פון קאנגא,הרפובליקה הדמוקרטית של קונגו,Λαϊκή Δημοκρατία του Κονγκό,Бүгд Найрамдах Ардчилсан Конго Улс,Демократическая Республика Конго,Демократична република Конго,Демократична Республіка Конго,Демократска Република Конго,Дэмакратычная Рэспубліка Конга,Конго Демократик Җөмһүрияте,Конго Демократиллĕ Республики,Конго Демократиялық Республикасы,Конгойы Демократон Республикæ,Халкъа куьйгаллийца йолу Пачхьалкх Конго,ཀོང་གོ་མི་དམངས་དམངས་གཙོ།,Կոնգոյի Դեմոկրատական Հանրապետություն,კონგოს დემოკრატიული რესპუბლიკა,कांगो लोकतान्त्रिक गणराज्य,काँगोचे लोकशाही प्रजासत्ताक,प्रजातान्त्रिक गणतन्त्र कंगो,ਕਾਂਗੋ ਲੋਕਤੰਤਰੀ ਗਣਰਾਜ,ಕಾಂಗೋ ಪ್ರಜಾಸತ್ತಾತ್ಮಕ ಗಣರಾಜ್ಯ,காங்கோ மக்களாட்சிக் குடியரசு,ഡെമോക്രാറ്റിക് റിപബ്ലിക്ക് ഓഫ് കോംഗോ,গণতান্ত্রিক কঙ্গো প্রজাতন্ত্র,ကွန်ဂိုဒီမိုကရက်တစ်သမ္မတနိုင်ငံ,කොංගෝ ප්‍රජාතන්ත්‍රවාදී ජනරජය,刚果民主共和国,コンゴ民主共和国	relation	192795	boundary	administrative	22.4574787	-4.0324902	4	0.604283511622175					Democratic Republic of the Congo	cd	Democratic Republic of the Congo	12.0390739	-13.4590350	31.3056757	5.3920026	Q974	fr:République démocratique du Congo	
Leavenworth		relation	130250	place	town	-94.9324627	39.3256580	18	0.604200814529434		Leavenworth	Leavenworth County	Kansas	United States of America	us	Leavenworth, Leavenworth County, Kansas, United States of America	-94.9649970	39.2307099	-94.8807400	39.3924519	Q1762867	en:Leavenworth, Kansas	
Bolzano - Bozen	Bolzano,Bozen	relation	47207	boundary	administrative	11.3436360	46.4876315	16	0.604126299937115		Bolzano - Bozen	South Tyrol	Trentino-Alto Adige/Südtirol	Italy	it	Bolzano - Bozen, South Tyrol, Trentino-Alto Adige/Südtirol, Italy	11.2753898	46.4449131	11.4325768	46.5303844	Q6526	it:Bolzano	
Pécs	Cinquechiese,Fünfkirchen,Päťkostolie,Pečuh,Pecz,Pětikostelí,Quinque Ecclesiae,Печ,Печуј	relation	575380	boundary	administrative	18.2266033	46.0784260	16	0.604118015429645		Pécs	Pécsi járás	Transdanubia	Hungary	hu	Pécs, Pécsi járás, Baranya, Southern Transdanubia, Transdanubia, Hungary	18.1358056	45.9941673	18.3660004	46.1616082	Q45779	hu:Pécs	
Greater Manchester		relation	88084	boundary	administrative	-2.3374402	53.5065248	12	0.604101443346686			Greater Manchester	England	United Kingdom	gb	Greater Manchester, North West England, England, United Kingdom	-2.7305210	53.3273147	-1.9096225	53.6857187	Q23099	en:Greater Manchester	
Osnabrück	オスナブリュック,Osnabruga,أسنابروك,אוסנבריק,Оснабрик,Оснабрюк,奥斯纳布吕克	node	240056905	place	city	8.0497410	52.2668369	16	0.604059995230711			Osnabrück	Lower Saxony	Germany	de	Osnabrück, Osnabrück, Lower Saxony, Germany	8.0497410	52.2668369	8.0497410	52.2668369	Q2916	de:Osnabrück	
Osnabrück	Оснабрюк	relation	62631	boundary	administrative	8.0595801	52.2772317	12	0.604059995230711			Osnabrück	Lower Saxony	Germany	de	Osnabrück, Lower Saxony, Germany	7.9297120	52.2175487	8.1806602	52.3374348	Q2916	de:Osnabrück	
Jalisco	Халиско,Халіско	relation	2340910	boundary	administrative	-103.2173493	20.8380573	8	0.603860687238125				Jalisco	Mexico	mx	Jalisco, Mexico	-105.6954034	18.9258718	-101.5105417	22.7502459	Q13160	es:Jalisco	
Haute-Vienne	Alto Vienne,Верхняя Вьенна	relation	7418	boundary	administrative	1.2031767	45.9190192	12	0.603752481140921			Haute-Vienne	New Aquitaine	France	fr	Haute-Vienne, New Aquitaine, France	0.6293431	45.4365929	1.9104056	46.4014538	Q12808	fr:Haute-Vienne	
Garmisch-Partenkirchen	가르미슈파르텐키르헨,ガルミッシュ＝パルテンキルヒェン,غارميش-بارتنكيرشن,گارمیش-پارتنکیرشن,גרמיש-פרטנקירכן,Γκάρμις-Παρτενκίρχεν,Гармиш-Партенкирхен	node	27383264	place	town	11.1039920	47.4938359	18	0.603727485712709		Garmisch-Partenkirchen	Landkreis Garmisch-Partenkirchen	Bavaria	Germany	de	Garmisch-Partenkirchen, Garmisch-Partenkirchen, Landkreis Garmisch-Partenkirchen, Upper Bavaria, Bavaria, Germany	11.1039920	47.4938359	11.1039920	47.4938359	Q127043	de:Garmisch-Partenkirchen	
Garmisch-Partenkirchen		relation	939334	boundary	administrative	11.1213712	47.4711615	16	0.603727485712709		Garmisch-Partenkirchen	Landkreis Garmisch-Partenkirchen	Bavaria	Germany	de	Garmisch-Partenkirchen, Landkreis Garmisch-Partenkirchen, Upper Bavaria, Bavaria, Germany	10.8693854	47.3933481	11.2230506	47.5489455	Q127043	de:Garmisch-Partenkirchen	
Chartres	ሻርትረ,샤르트르,シャルトル,Carnotes,Chartrez,Šartra,Šartras,شارتر,שארטר,Σαρτρ,Шартр,Шартър,Շարտր,შარტრი,沙特尔	relation	276905	boundary	administrative	1.5112315	48.4480292	16	0.603710816921541		Chartres	Chartres	Metropolitan France	France	fr	Chartres, Chartres, Eure-et-Loir, Centre-Loire Valley, Metropolitan France, France	1.4598460	48.4271772	1.5496445	48.4689069	Q130272	fr:Chartres	
Plymouth	بليموث,Плимут,Плімут	relation	189924	boundary	administrative	-4.1116912	50.3925486	12	0.60367746691629			Plymouth	South West England	United Kingdom	gb	Plymouth, South West England, United Kingdom	-4.2055322	50.3327197	-4.0196057	50.4441737	Q43382	en:Plymouth	
Saarbrücken	Sarrebruck,Саарбрюкен	relation	1187159	boundary	administrative	6.9975128	49.2470850	16	0.60356896482466		Saarbrücken	Regionalverband Saarbrücken	Saarland	Germany	de	Saarbrücken, Regionalverband Saarbrücken, Saarland, Germany	6.8276387	49.1721519	7.1380202	49.3220676	Q1724	de:Saarbrücken	
Little Rock		relation	111147	place	city	-92.3104018	34.7240235	16	0.603518827721603		Little Rock		Arkansas	United States of America	us	Little Rock, Arkansas, United States of America	-92.5209110	34.6260610	-92.1549440	34.8219490	Q33405	en:Little Rock, Arkansas	
Vaucluse	Valclusa,Воклюз	relation	7445	boundary	administrative	5.1818898	43.9938643	12	0.603493745119946			Vaucluse	Metropolitan France	France	fr	Vaucluse, Provence-Alpes-Côte d'Azur, Metropolitan France, France	4.6485679	43.6586727	5.7583525	44.4315502	Q12792	fr:Vaucluse (département)	
West Pomeranian Voivodeship	Länsi-Pommerin voivodikunta,Okcidentpomeria Provinco,Poméranie occidentale,Vakarų Pamario vaivadija,Voivodato de Pomerania Occidental,Woiwodschaft Westpommern,Woiwodschap West-Pommeren,województwo zachodniopomorskie,zachodniopomorskie,Zachodniopomorskie,Zahodnopomorjansko vojvodstvo,Zapadnopomeransko vojvodstvo,Západopomořanské vojvodství,Западно-Поморское воеводство,Західнопоморське воєводство,Заходнепаморскае ваяводства,西ポモージェ県	relation	104401	boundary	administrative	15.5283707	53.5973375	8	0.603468653142199				West Pomeranian Voivodeship	Poland	pl	West Pomeranian Voivodeship, Poland	14.1229707	52.6243322	16.9820775	54.5700335	Q54188	pl:Województwo zachodniopomorskie	
Sarawak	サラワク,Саравак,砂拉越州	relation	3879784	boundary	administrative	113.1181794	2.9202520	8	0.603275969066202				Sarawak	Malaysia	my	Sarawak, Malaysia	109.5380030	0.8538209	115.6780309	4.9900891	Q170462	en:Sarawak	
Anbindung zum GP Kurs		way	27852583	highway	raceway	6.9504810	50.3373205	26	0.603267578937863	Anbindung zum GP Kurs	Nürburg	Adenau	Rhineland-Palatinate	Germany	de	Anbindung zum GP Kurs, Nürburg, Adenau, Landkreis Ahrweiler, Rhineland-Palatinate, Germany	6.9497366	50.3368937	6.9512378	50.3377232		de:Nürburgring	
Nürburgring GP Kurs;Nürburgring GP Kurs;Motorrad-Schikane;Nürburgring GP Kurs		way	27852990	highway	raceway	6.9411193	50.3358526	26	0.603267578937863	Nürburgring GP Kurs;Nürburgring GP Kurs;Motorrad-Schikane;Nürburgring GP Kurs	Nürburg	Adenau	Rhineland-Palatinate	Germany	de	Nürburgring GP Kurs;Nürburgring GP Kurs;Motorrad-Schikane;Nürburgring GP Kurs, Nürburg, Adenau, Landkreis Ahrweiler, Rhineland-Palatinate, Germany	6.9341548	50.3239404	6.9499642	50.3377169		de:Nürburgring	
Nürburgring Nordschleife		way	41395652	highway	raceway	6.9829699	50.3525985	26	0.603267578937863	Nürburgring Nordschleife	Herresbach	Vordereifel	Rhineland-Palatinate	Germany	de	Nürburgring Nordschleife, Herresbach, Vordereifel, Landkreis Mayen-Koblenz, Rhineland-Palatinate, Germany	6.9828741	50.3525620	6.9830658	50.3526350		de:Nürburgring	
Variante 24h-Rennen		way	31010602	highway	raceway	6.9404282	50.3321195	26	0.603267578937863	Variante 24h-Rennen	Nürburg	Adenau	Rhineland-Palatinate	Germany	de	Variante 24h-Rennen, Nürburg, Adenau, Landkreis Ahrweiler, Rhineland-Palatinate, Germany	6.9398648	50.3315702	6.9409640	50.3322286		de:Nürburgring	
Formel-1-Schikane		way	32894598	highway	raceway	6.9463543	50.3371749	26	0.603267578937863	Formel-1-Schikane	Nürburg	Adenau	Rhineland-Palatinate	Germany	de	Formel-1-Schikane, Nürburg, Adenau, Landkreis Ahrweiler, Rhineland-Palatinate, Germany	6.9459546	50.3366689	6.9471467	50.3373886		de:Nürburgring	
Anbindung zur Nordschleife		way	26543901	highway	raceway	6.9496525	50.3379370	26	0.603267578937863	Anbindung zur Nordschleife	Nürburg	Adenau	Rhineland-Palatinate	Germany	de	Anbindung zur Nordschleife, Nürburg, Adenau, Landkreis Ahrweiler, Rhineland-Palatinate, Germany	6.9491895	50.3377051	6.9497344	50.3384094		de:Nürburgring	
Pyongyang	평양,평양직할시,ፕዮንግያንግ,เปียงยาง,Bình Nhưỡng,Pchenjanas,Pchjongjang,Phenian,Phenjan,Phenjana,Piongiang,Pjongian,Pjongjang,Pjöngjang,Pjongjango,Pxenyan,Pyeongyang,Pyeongyangum,P'yŏngyang,Pyöngyang,بيونغيانغ,پیانگ یانگ,پیونگ‌یانگ,پيونګيانګ,פיאנגיאנג,פיונגיאנג,Πιονγιάνγκ,Пјонгјанг,Пхеньян,Пхенян,ཕོང་ཡང་།,Պխենյան,ფხენიანი,प्याँगयांग,प्योंगयांग,ಪ್ಯೊನ್ಗ್ಯಾಂಗ್,பியொங்யாங்,পিয়ং ইয়াং,平壌,平壤特别市	relation	356443	boundary	administrative	125.7357109	39.0376996	8	0.603015386199055				Pyongyang	North Korea	kp	Pyongyang, North Korea	125.5223086	38.7916735	126.4025849	39.2843733	Q18808	en:Pyongyang	
Pyongyang	평양,평양직할시,Bình Nhưỡng,Pjongjango,Пхеньян,平壌,平壤	relation	3864569	place	city	125.8024758	39.0822831	16	0.603015386199055		Pyongyang		Pyongyang	North Korea	kp	Pyongyang, Pyongyang, North Korea	125.5761988	38.8799385	126.0380892	39.2843733	Q18808	en:Pyongyang	
Nord	Norte,Нор	relation	7400	boundary	administrative	3.0883523	50.5289671	12	0.602947974471885			Nord	Metropolitan France	France	fr	Nord, Hauts-de-France, Metropolitan France, France	2.0798197	49.9689245	4.2311934	51.0889910	Q12661	fr:Nord (département)	
Yamagata	Prefektura Yamagata,Префектура Ямаґата,Ямагата,山形県	relation	3790869	boundary	administrative	139.9788131	38.6633205	8	0.602880494977197				Yamagata	Japan	jp	Yamagata, Japan	139.1382156	37.7338289	140.6464690	39.5928744	Q125863	ja:山形県	
Mulhouse	Miluza,Miulūzas,Mülhausen,Милуз,Мюлуз	relation	38246	boundary	administrative	7.3259494	47.7525342	16	0.602703037876872		Mulhouse	Mulhouse	Metropolitan France	France	fr	Mulhouse, Mulhouse, Haut-Rhin, Grand Est, Metropolitan France, France	7.2824940	47.7218790	7.3686272	47.7833720	Q79815	fr:Mulhouse	
Angoulême		relation	85809	boundary	administrative	0.1465317	45.6459439	16	0.602584471973773		Angoulême	Angoulême	New Aquitaine	France	fr	Angoulême, Angoulême, Charente, New Aquitaine, France	0.0996131	45.6200488	0.1904234	45.6715827	Q134346	fr:Angoulême	
Jacksonville		relation	119008	place	city	-81.6910085	30.3449140	16	0.602465696272456		Jacksonville	Duval County	Florida	United States of America	us	Jacksonville, Duval County, Florida, United States of America	-82.0495020	30.1037480	-81.3167121	30.5861970	Q16568	en:Jacksonville, Florida	
Hainan	Ainão,Chaj-nan,Hải Nam,Hajnano,Хайнань,海南,海南省	relation	2128285	boundary	administrative	109.6688076	19.0051709	8	0.602346710029141				Hainan	China	cn	Hainan, China	108.3882285	9.5216978	118.0498971	20.3439124	Q42200	en:Hainan	
Akita	Prefektura Akita,Акита,Префектура Акіта,秋田県	relation	3791413	boundary	administrative	140.0897880	39.6920120	8	0.602236033628656				Akita	Japan	jp	Akita, Japan	139.3431250	38.8730209	140.9954250	40.5111219	Q81863	ja:秋田県	
Château-Thierry	샤토티에리,シャトー＝ティエリ,Castrum Theodorici,چاتاو-تهیری,شاتو-تييري,טשאַטעאַו-טירי,Шато-Тиери,Шато-Тјери,Шато-Тьерри,Шато-Тьєррі,蒂耶里堡	relation	74171	boundary	administrative	3.3829951	49.0556236	16	0.602150773587106		Château-Thierry	Château-Thierry	Metropolitan France	France	fr	Château-Thierry, Château-Thierry, Aisne, Hauts-de-France, Metropolitan France, France	3.3396172	49.0303561	3.4159108	49.0808138	Q194145	fr:Château-Thierry	
Rabat	ラバト,라바트,Rabato,Rabat ⵔⴱⴰⵟ الرباط,Ribat,الرباط,ربات,رباط,רבאט,Рабат,रबात,রাবাত,拉巴特	relation	2799215	boundary	administrative	-6.8426628	33.9668935	16	0.602082487496082		Rabat	pachalik de Rabat	Rabat-Salé-Kenitra	Morocco	ma	Rabat, pachalik de Rabat, Prefecture of Rabat, Rabat-Salé-Kenitra, Morocco	-6.9174354	33.8956293	-6.7614636	34.0378454	Q3551	fr:Rabat	
Montserrat	몬트세랫,モントセラト,މޮންސެރާޓު,มอนต์เซอร์รัต,Enez Montserrat,Illa de Montserrat,Illa Montserrat,Isla de Montserrat,Moncerato,Monserat,Monserati,Montsarat,Montseratas,Montserrata,Montserrati,مانٹسریٹ,مونتسرات,مونتسەررات,מונטסראט,Μοντσερράτ,Мантсерат,Монсерат,Монтсерат,Монтсеррат,Մոնտսերատ,მონსერატი,माँटसेराट,मॉण्टसेराट,ਮਾਂਟਸਰਾਤ,மொன்செராட்,蒙塞拉特島	relation	537257	boundary	administrative	-62.1945522	16.7450000	4	0.602039773386026					Montserrat	ms	Montserrat	-62.4506671	16.4750000	-61.9353819	17.0152978	Q13353	en:Montserrat	
Narbonne	나르본,ナルボンヌ,Narbo,Narbona,Narbonas,أربونة,نربون,נרבון,Нарбон,Нарбона,Нарбонн,Нарбонна,纳博讷	relation	54737	boundary	administrative	3.0035480	43.1494538	16	0.601868644621096		Narbonne	Narbonne	Metropolitan France	France	fr	Narbonne, Narbonne, Aude, Occitania, Metropolitan France, France	2.8823262	43.0612232	3.1849916	43.2376902	Q6555	fr:Narbonne	
Cremona	Crémone,קרמונה,Кремона,克雷莫納	relation	44189	boundary	administrative	10.0327181	45.1365492	16	0.601842937636028		Cremona	Cremona	Lombardy	Italy	it	Cremona, Cremona, Lombardy, Italy	9.9422948	45.0893198	10.1098409	45.1836356	Q6231	it:Cremona	
Siracusa	Sirakūzai,Syrakus,Syrakusy,סירקוזה,Συρακούσες,Сиракуза	relation	39169	boundary	administrative	15.2124778	37.0312711	16	0.601757176513224		Siracusa	Siracusa	Sicily	Italy	it	Siracusa, Siracusa, Sicily, Italy	15.0829725	36.9477053	15.3367251	37.1156703	Q13670	it:Siracusa	
Erlangen		relation	62403	boundary	administrative	10.9812072	49.5891570	12	0.601757176513224			Erlangen	Bavaria	Germany	de	Erlangen, Middle Franconia, Bavaria, Germany	10.9153629	49.5327697	11.0536043	49.6455844	Q3126	de:Erlangen	
Shiga	Prefektura Shiga,Префектура Шіґа,Сига,滋賀県	relation	357800	boundary	administrative	136.1094916	35.2470274	8	0.601679897707735				Shiga	Japan	jp	Shiga, Japan	135.7637319	34.7905709	136.4550379	35.7037369	Q131358	ja:滋賀県	
Warmian-Masurian Voivodeship	Ermlandsk-Masuriske voivodskab,Varmia-Mazúriai vajdaság,Varmia-Mazuria Provinco,Varmie-Mazurie,Varmijos Mozūrų vaivadija,Varmijsko-mazurské vojvodství,Varminsko-mazursko vojvodstvo,Varminsko-Mazursko vojvodstvo,Voivodato de Varmia y Masuria,Voivodato di Varmia-Masuria,Voivodia da Vármia-Masúria,Warmia i Mazury,warmińsko-mazurskie,Woiwodschaft Ermland-Masuren,Woiwodschap Ermland-Mazurië,województwo warmińsko-mazurskie,Варминско-Мазурско войводство,Варминско-Мазурское воеводство,Вармінска-Мазурскае ваяводства,Вармінсько-Мазурське воєводство,ヴァルミア＝マズールィ県	relation	223408	boundary	administrative	21.1038514	53.7961156	8	0.601645522993534				Warmian-Masurian Voivodeship	Poland	pl	Warmian-Masurian Voivodeship, Poland	19.1276405	53.1391137	22.8058452	54.4532253	Q54184	pl:Województwo warmińsko-mazurskie	
Lucca	Lucques	relation	42659	boundary	administrative	10.4630284	43.8589034	16	0.60161973040083		Lucca	Lucca	Tuscany	Italy	it	Lucca, Lucca, Tuscany, Italy	10.3627442	43.7582934	10.5737640	43.9592325	Q13373	it:Lucca	
Tarragona	タラゴナ,타라고나,Tarraco,Tarragone,تاراگونا,טרגונה,Тарагона,Таррагона,塔拉戈纳	relation	339887	boundary	administrative	1.2367038	41.1221040	16	0.601611130667081		Tarragona	Tarragonès	Catalonia	Spain	es	Tarragona, Tarragonès, Tarragona, Catalonia, Spain	1.1870606	41.0786392	1.3752339	41.1655218	Q15088	ca:Tarragona	
Oita	Ōita,Prefektura Ōita,Оита,Префектура Ойта,大分県	relation	356911	boundary	administrative	131.6887266	33.1122664	8	0.601490618567049				Oita	Japan	jp	Oita, Japan	130.8247501	32.3788922	132.2760947	33.8456127	Q133924	ja:大分県	
Haute-Loire	Alto Loira,Верхняя Луара	relation	7452	boundary	administrative	3.8338261	45.0857248	12	0.601369889718519			Haute-Loire	Auvergne-Rhône-Alpes	France	fr	Haute-Loire, Auvergne-Rhône-Alpes, France	3.0820605	44.7438482	4.4904591	45.4276272	Q12572	fr:Haute-Loire	
Fontainebleau		relation	216359	boundary	administrative	2.6644707	48.4230917	16	0.600945620539204		Fontainebleau	Fontainebleau	Metropolitan France	France	fr	Fontainebleau, Fontainebleau, Seine-et-Marne, Ile-de-France, Metropolitan France, France	2.5613340	48.3448653	2.8021671	48.5022728	Q182872	fr:Fontainebleau	
Nijmegen	Nimego,Nimwegen,Noviomagus Batavorum,Nymwegen,نیمیخن,Неймеген	relation	1201020	boundary	administrative	5.8385196	51.8426019	16	0.600867401200362		Nijmegen	Stadsregio Arnhem Nijmegen	Netherlands	The Netherlands	nl	Nijmegen, Stadsregio Arnhem Nijmegen, Netherlands	5.7576205	51.7905890	5.9083468	51.8946208	Q47887	nl:Nijmegen	
Nijmegen	Nimego,Nimègue,Nimwegen,Noviomagus Batavorum,Nymwegen,نیمیخن,Неймеген	relation	1200994	boundary	administrative	5.8385196	51.8426019	20	0.600867401200362		Nijmegen	Stadsregio Arnhem Nijmegen	Netherlands	The Netherlands	nl	Nijmegen, Nijmegen, Stadsregio Arnhem Nijmegen, Netherlands	5.7576205	51.7905890	5.9083468	51.8946208	Q47887	nl:Nijmegen	
Nottinghamshire		relation	181040	boundary	administrative	-1.0214972	53.1459288	12	0.600823906595271			Nottinghamshire	England	United Kingdom	gb	Nottinghamshire, East Midlands, England, United Kingdom	-1.3445928	52.7893886	-0.6662631	53.5025035	Q21272736	en:Nottinghamshire	
Alpes-de-Haute-Provence	Alpes de Alta Provenza,Alps de l'Alta Provença,Альпы Верхнего Прованса	relation	7380	boundary	administrative	6.1878515	44.1640832	12	0.600448685009519			Alpes-de-Haute-Provence	Metropolitan France	France	fr	Alpes-de-Haute-Provence, Provence-Alpes-Côte d'Azur, Metropolitan France, France	5.4964231	43.6682254	6.9696769	44.6599147	Q3131	fr:Alpes-de-Haute-Provence	
Périgueux	ペリグー,เปรีเกอ,Perigė,Perigē,Periguers,Perigús,Petrocorium,پریگو,פריגו,Периге,Перигё,Періге,Перыгё,პერიგე,佩里格	relation	76351	boundary	administrative	0.7146051	45.1937962	16	0.600308530509038		Périgueux	Périgueux	New Aquitaine	France	fr	Périgueux, Périgueux, Dordogne, New Aquitaine, France	0.6742077	45.1738735	0.7467497	45.2137736	Q6588	fr:Périgueux	
Tenerife	Ténérife,Teneriffa,Τενερίφη,Тенерифе	relation	2108882	place	island	-16.6214471	28.2935785	17	0.6002471207744		Tenerife	Santa Cruz de Tenerife	Canary Islands	Spain	es	Tenerife, Santa Cruz de Tenerife, Canary Islands, Spain	-16.9259266	27.9980751	-16.1193834	28.6053951	Q40846	es:Tenerife	
Cork	Corc,Corcagia,Corcaigh,Korkas,كورك,Корк	node	1422314245	place	city	-8.4705806	51.8979282	16	0.600220785108717			County Cork		Ireland	ie	Cork, County Cork, Ireland	-8.4705806	51.8979282	-8.4705806	51.8979282	Q36647	en:Cork (city)	
Szeged	Partiscum,Segedas,Segedyn,Seghedin,Seghedino,Szegedin,زيجيد,Сегед,Сегедин	relation	1025105	boundary	administrative	20.1299022	46.2328051	16	0.600194439106539		Szeged	Szegedi járás	Great Plain and North	Hungary	hu	Szeged, Szegedi járás, Csongrád, Southern Great Plain, Great Plain and North, Hungary	19.9724302	46.1157963	20.3085506	46.4039520	Q81581	hu:Szeged	
Tucson		relation	253824	place	city	-110.8183524	32.1563015	16	0.600115338999815		Tucson	Pima County	Arizona	United States of America	us	Tucson, Pima County, Arizona, United States of America	-111.0582298	31.9916229	-110.7082061	32.3209499	Q18575	en:Tucson, Arizona	
Volgograd	thành phố trên sông Volga,Volgográd,Volgogradas,Volgogrado,Wolgograd,Волгоград,ವೋಲ್ಗೊಗ್ರಾಡ್	relation	3374767	place	city	44.3857638	48.6482099	16	0.600097748532816		Volgograd	Volgograd	South federal district	Russia	ru	Volgograd, Volgograd, Volgograd Oblast, South federal district, Russia	44.1095807	48.4070531	44.6898741	48.8890717	Q914	ru:Волгоград	
Volgograd	Stadtkreis Wolgograd,городской округ Волгоград,городской округ Город Волгоград	relation	1099982	boundary	administrative	44.3857638	48.6482099	12	0.600097748532816			Volgograd	South federal district	Russia	ru	Volgograd, Volgograd Oblast, South federal district, Russia	44.1095807	48.4070531	44.6898741	48.8890717	Q914	ru:Волгоград	
Mayenne	Mezven,Майен,Майєнн	relation	7438	boundary	administrative	-0.6491274	48.1507818	12	0.600062553763789			Mayenne	Metropolitan France	France	fr	Mayenne, Pays de la Loire, Metropolitan France, France	-1.2388500	47.7338221	-0.0490171	48.5682887	Q12620	fr:Mayenne (département)	
Keetmanshoop		way	59965309	boundary	administrative	18.1369734	-26.5812391	6	0.6				Keetmanshoop	Namibia	na	Keetmanshoop, Namibia	18.1158240	-26.6014058	18.1617333	-26.5622540			
Henties Bay	Hentiesbaai,Hentiesbucht	way	123552429	boundary	administrative	14.2924656	-22.1228289	6	0.6				Henties Bay	Namibia	na	Henties Bay, Namibia	14.2623170	-22.1463024	14.3085760	-22.0879439			
Karasburg		way	98279662	boundary	administrative	18.7475338	-28.0160688	6	0.6				Karasburg	Namibia	na	Karasburg, Namibia	18.7309967	-28.0293852	18.7595534	-28.0034748			
Grootfontein		way	122942464	boundary	administrative	18.1013395	-19.5654192	6	0.6				Grootfontein	Namibia	na	Grootfontein, Namibia	18.0781562	-19.5875552	18.1186984	-19.5454036			
Tsumeb		way	218896252	boundary	administrative	17.7125864	-19.2439802	6	0.6				Tsumeb	Namibia	na	Tsumeb, Namibia	17.6794096	-19.2750057	17.7437998	-19.2129412			
锡兰中国漢班托塔港 ශ්‍රී ලංකාව-මාගම්පුර මහින්ද රාජපක්‍ෂ වරාය Sri Lankan-Chinese Magampura Mahinda Rajapaksa Cooperative Port		way	469335290	boundary	administrative	81.0976494	6.1225094	6	0.6				锡兰中国漢班托塔港 ශ්‍රී ලංකාව-මාගම්පුර මහින්ද රාජපක්‍ෂ වරාය Sri Lankan-Chinese Magampura Mahinda Rajapaksa Cooperative Port	Sri Lanka	lk	锡兰中国漢班托塔港 ශ්‍රී ලංකාව-මාගම්පුර මහින්ද රාජපක්‍ෂ වරාය Sri Lankan-Chinese Magampura Mahinda Rajapaksa Cooperative Port, Sri Lanka	81.0807713	6.1086116	81.1068757	6.1353823			
Otjiwarongo		way	218896605	boundary	administrative	16.6621498	-20.4673819	6	0.6				Otjiwarongo	Namibia	na	Otjiwarongo, Namibia	16.6267779	-20.4855535	16.6952665	-20.4447073			
Omaruru		way	122899549	boundary	administrative	15.9431257	-21.4291918	6	0.6				Omaruru	Namibia	na	Omaruru, Namibia	15.9291459	-21.4485156	15.9808630	-21.4062695			
Caves Village		way	370131193	boundary	administrative	-77.4519490	25.0673503	6	0.6				Caves Village	Bahamas	bs	Caves Village, The Bahamas	-77.4536715	25.0659276	-77.4503148	25.0688041			
New Providence Community Centre		way	370134561	boundary	administrative	-77.4509774	25.0614310	6	0.6				New Providence Community Centre	Bahamas	bs	New Providence Community Centre, The Bahamas	-77.4520597	25.0605285	-77.4496119	25.0628882			
South Sandwich Islands	Islas Sandwich del Sur,Südliche Sandwichinseln,Sud-Sandviĉinsuloj	relation	910673	boundary	administrative	-27.2468667	-59.4540001	6	0.6				South Sandwich Islands	South Georgia and South Sandwich Islands	gs	South Sandwich Islands, South Georgia and the South Sandwich Islands	-28.5074614	-59.6840001	-25.8468304	-56.0750001			
Westminister College		way	370137712	boundary	administrative	-77.4549406	25.0636489	6	0.6				Westminister College	Bahamas	bs	Westminister College, The Bahamas	-77.4570556	25.0627312	-77.4528243	25.0645505			
Central Slovakia	Közép-Szlovákia,Mittelslowakei,Slovacchia centrale,Slovaquie centrale,Središnja Slovačka,Środkowa Słowacja,Stredné Slovensko,Střední Slovensko,Центральная Словакия	relation	946158	boundary	administrative	19.4725086	48.8335630	6	0.6				Central Slovakia	Slovakia	sk	Central Slovakia, Slovakia	18.3226049	48.0536460	20.4699480	49.6138161	Q1541057		
South Georgia	Südgeorgien,Sud-Georgio	relation	1983629	boundary	administrative	-36.6185932	-54.4315000	6	0.6				South Georgia	South Georgia and South Sandwich Islands	gs	South Georgia, South Georgia and the South Sandwich Islands	-42.1349054	-55.0930000	-35.4057580	-53.4531687			
Momase Region	モマセ地方	relation	3778629	boundary	administrative	146.2353366	-5.2088577	6	0.6				Momase Region	Papua New Guinea	pg	Momase Region, Papua New Guinea	141.0000000	-8.0323340	148.6099860	-2.3874149	Q1400599		
Dighalia		way	354480754	boundary	administrative	89.5263351	22.8923912	6	0.6				Dighalia	Bangladesh	bd	Dighalia, Bangladesh	89.4778290	22.8289794	89.5743483	22.9583492			
Abhaynagar		way	354481601	boundary	administrative	89.4203979	23.0162697	6	0.6				Abhaynagar	Bangladesh	bd	Abhaynagar, Bangladesh	89.3052596	22.9206294	89.5695800	23.1096953			
Islands Region	島嶼地方	relation	3778611	boundary	administrative	151.3364421	-3.9724884	6	0.6				Islands Region	Papua New Guinea	pg	Islands Region, Papua New Guinea	142.3704174	-7.0975160	159.6927240	-0.5573576	Q1400588		
Akkar Governorate	Gouvernement Akkar,محافظة عكار	relation	7231014	boundary	administrative	36.1950958	34.5549465	6	0.6				Akkar Governorate	Lebanon	lb	Akkar Governorate, Lebanon	35.9612542	34.4177097	36.4599999	34.6923543	Q556146	en:Akkar Governorate	
Chūmar		relation	2713482	boundary	administrative	78.6089319	32.6215035	6	0.6				Chūmar	India	in	Chūmar, India	78.5688971	32.5999739	78.7460302	32.7104667			
Lapthal	乌热、然冲、拉不底地区	relation	2713484	boundary	administrative	80.0266226	30.7817439	6	0.6				Lapthal	India	in	Lapthal, India	79.7005830	30.5581430	80.2493019	31.0058039			
Eastern Slovakia	Istočna Slovačka,Kelet-Szlovákia,Ostslowakei,Slovaquie orientale,Východné Slovensko,Východní Slovensko,Wschodnia Słowacja,Восточная Словакия	relation	946159	boundary	administrative	21.3099405	48.8967450	6	0.6				Eastern Slovakia	Slovakia	sk	Eastern Slovakia, Slovakia	19.8839279	48.3325820	22.5657100	49.4609398	Q363496		
Jadh	桑、葱莎、波林三多地区	relation	2713676	boundary	administrative	79.1259035	31.2044665	6	0.6				Jadh	India	in	Jadh, India	78.8825660	30.9493449	79.4172540	31.4590159			
Kaurik	巨哇、曲惹地区	relation	2713483	boundary	administrative	78.6082187	32.1122349	6	0.6				Kaurik	India	in	Kaurik, India	78.4283599	31.9476889	78.7791180	32.2759489			
Cagayan Valley	カガヤン・バレー,Lambak ng Cagayan,Valle del Cagayán	relation	1552192	boundary	administrative	121.8890298	17.6772290	6	0.6				Cagayan Valley	Philippines	ph	Cagayan Valley, Philippines	120.7396939	15.7579250	122.6692641	21.2594615	Q13615		
Love Estates		way	370329200	boundary	administrative	-77.4921003	25.0541841	6	0.6				Love Estates	Bahamas	bs	Love Estates, The Bahamas	-77.4988627	25.0511459	-77.4860191	25.0562898			
SuperClubs Breezes Resort & Spa Bahamas		way	302696627	boundary	administrative	-77.3923220	25.0705308	6	0.6				SuperClubs Breezes Resort & Spa Bahamas	Bahamas	bs	SuperClubs Breezes Resort & Spa Bahamas, The Bahamas	-77.3937088	25.0697612	-77.3909553	25.0716213			
Metro Manila	Gran Manila,Kalakháng Maynila	relation	147488	boundary	administrative	121.0396047	14.5664010	6	0.6				Metro Manila	Philippines	ph	Metro Manila, Philippines	120.9062212	14.3480301	121.1349646	14.7852805	Q13580		
Western Slovakia	Nyugat-Szlovákia,Slovacchia occidentale,Westslowakei,Zachodnia Słowacja,Zapadna Slovačka,Západné Slovensko,Západní Slovensko,Западная Словакия	relation	946157	boundary	administrative	17.9107213	48.5255355	6	0.6				Western Slovakia	Slovakia	sk	Western Slovakia, Slovakia	16.9335950	47.7314285	19.0721290	49.3197050	Q696333		
Hong Kong Port Area	港方口岸區,港方口岸區 Hong Kong Port Area	way	414794207	boundary	administrative	113.9463743	22.4890869	6	0.6				Hong Kong Port Area	China	cn	Hong Kong Port Area, China	113.9460328	22.4883277	113.9467393	22.4900606			
Provincia Leste		relation	3663542	boundary	administrative	-14.4558005	12.1184379	6	0.6				Provincia Leste	Guinea-Bissau	gw	Provincia Leste, Guinea-Bissau	-15.0725700	11.5567467	-13.6348777	12.6797540	Q13378473		
Bissau Autonomous Sector	Sector autónomo de Bissau	relation	1761580	boundary	administrative	-15.5926907	11.8465885	6	0.6				Bissau Autonomous Sector	Guinea-Bissau	gw	Bissau Autonomous Sector, Guinea-Bissau	-15.6615724	11.7534643	-15.5243771	11.9450632	Q1318549		
Parkgate		way	531423199	boundary	administrative	-77.3166562	25.0622052	6	0.6				Parkgate	Bahamas	bs	Parkgate, The Bahamas	-77.3185379	25.0605674	-77.3143665	25.0635678			
Light Industrial Park	Soldier Road Industrial Park	way	370476571	boundary	administrative	-77.3314680	25.0445691	6	0.6				Light Industrial Park	Bahamas	bs	Light Industrial Park, The Bahamas	-77.3338763	25.0430754	-77.3272450	25.0462114			
Provincia Sul		relation	3663636	boundary	administrative	-16.0013115	11.4184968	6	0.6				Provincia Sul	Guinea-Bissau	gw	Provincia Sul, Guinea-Bissau	-16.4885526	10.8604575	-14.4112974	11.9760887	Q13378476		
Palmdale		way	371403808	boundary	administrative	-77.3277567	25.0669342	6	0.6				Palmdale	Bahamas	bs	Palmdale, The Bahamas	-77.3311904	25.0638642	-77.3241354	25.0692139			
Provincia Norte		relation	3663587	boundary	administrative	-15.7150024	12.2106369	6	0.6				Provincia Norte	Guinea-Bissau	gw	Provincia Norte, Guinea-Bissau	-16.7173457	11.7343316	-14.8462100	12.6862384	Q13378475		
Little West		way	371816372	boundary	administrative	-77.4413540	25.0712821	6	0.6				Little West	Bahamas	bs	Little West, The Bahamas	-77.4427605	25.0707847	-77.4399566	25.0716874			
Outer islands of Mauritius	Äußere Inseln von Mauritius,Îles éparses de Maurice	relation	3691783	boundary	administrative	59.6108506	-16.5288155	6	0.6				Outer islands of Mauritius	Mauritius	mu	Outer islands of Mauritius, Mauritius	56.3825151	-17.0346053	59.9275902	-10.1380000	Q17484900		
Soccsksargen	ソクサージェン	relation	3851570	boundary	administrative	124.5381373	6.5940760	6	0.6				Soccsksargen	Philippines	ph	Soccsksargen, Philippines	123.8816447	5.4699969	125.5302509	7.7102239	Q13701		
Western Visayas	Bisayas Occidentales,Kanlurang Kabisayaan,西ビサヤ	relation	3589982	boundary	administrative	122.7229908	10.6729593	6	0.6				Western Visayas	Philippines	ph	Western Visayas, Philippines	121.1406636	9.3108202	123.7348474	12.2794760	Q13665		
Caraga	カラガ	relation	3870502	boundary	administrative	125.8557818	9.2471392	6	0.6				Caraga	Philippines	ph	Caraga, Philippines	125.1995920	7.8966329	126.6189270	10.6083716	Q13704		
Central Visayas	Bisayas Centrales,Gitnang Kabisayaan,中部ビサヤ	relation	3625910	boundary	administrative	123.8693959	10.2640540	6	0.6				Central Visayas	Philippines	ph	Central Visayas, Philippines	122.5286205	8.9027699	124.7339100	11.6261629	Q13669		
Zamboanga Peninsula	Península de Zamboanga,Tangway ng Zamboanga,サンボアンガ半島	relation	3777290	boundary	administrative	122.7560047	7.7730177	6	0.6				Zamboanga Peninsula	Philippines	ph	Zamboanga Peninsula, Philippines	121.7597043	6.5619626	123.6888614	8.9971790	Q13682		
Eastern Visayas	Bisayas Orientales,Silangang Kabisayaan,東ビサヤ	relation	3759193	boundary	administrative	124.9975561	11.3278272	6	0.6				Eastern Visayas	Philippines	ph	Eastern Visayas, Philippines	123.8991859	9.7619240	126.1050659	12.8944480	Q13675		
Cordillera Administrative Region	Región Administrativa de La Cordillera,Rehiyong Pampangasiwaan ng Cordillera,コルディリェラ行政地域	relation	1552190	boundary	administrative	121.0752676	17.3597480	6	0.6				Cordillera Administrative Region	Philippines	ph	Cordillera Administrative Region, Philippines	120.4597000	16.1810050	121.6653809	18.5338929	Q13606		
Ilocos Region	イロコス,Ilocos,Región de Ilocos,Rehiyon ng Ilocos	relation	1552186	boundary	administrative	120.4700085	17.2006619	6	0.6				Ilocos Region	Philippines	ph	Ilocos Region, Philippines	119.6077934	15.6115890	120.9793839	18.7902999	Q12933		
Bacardi Plant		way	370244025	boundary	administrative	-77.4198085	24.9888346	6	0.6				Bacardi Plant	Bahamas	bs	Bacardi Plant, The Bahamas	-77.4229576	24.9854415	-77.4181488	24.9930832			
Central		relation	3775063	boundary	administrative	33.8014950	-5.6752706	6	0.6				Central	Tanzania	tz	Central, Tanzania	31.0655308	-7.5609752	36.9997500	-3.8108540			
Northern		relation	3775058	boundary	administrative	36.5487291	-3.9371000	6	0.6				Northern	Tanzania	tz	Northern, Tanzania	34.7708828	-6.0308691	39.2203029	-1.6865484			
Nakhichevan	Autonome Republik Nachitschewan,Najicheván,Nakhitchevan,Nakhtxivan,Naxçıvan Muxtar Respublikası,Naxcivan;Naxçivan;Nachidsheuan;Nakhijevan;Nakhchawan;Nakhitchevan;Nakhjavan;Nakhdjevan,جمهورية نخجوان الذاتية,Нахичеванская Автономная Республика,ナヒチェヴァン自治共和国	relation	186430	boundary	administrative	45.5204072	39.3182618	6	0.6				Nakhichevan	Azerbaijan	az	Nakhichevan, Azerbaijan	44.7633700	38.8424329	46.1497082	39.7943810	Q131083	az:Naxçıvan Muxtar Respublikası	
Southern Highlands		relation	3775072	boundary	administrative	33.3681554	-8.4629309	6	0.6				Southern Highlands	Tanzania	tz	Southern Highlands, Tanzania	29.9581900	-11.7612541	38.0710900	-5.1825501			
Coastal		relation	3775060	boundary	administrative	37.5261347	-8.6163132	6	0.6				Coastal	Tanzania	tz	Coastal, Tanzania	35.3075714	-11.4194050	40.4455557	-5.8137200			
Kingdom of Vikesland		way	157927105	boundary	administrative	-99.5326642	50.6114264	6	0.6				Kingdom of Vikesland	Canada	ca	Kingdom of Vikesland, Canada	-99.5341264	50.6106962	-99.5312088	50.6121529			
Mariental		way	124328387	boundary	administrative	17.9686914	-24.6248596	6	0.6				Mariental	Namibia	na	Mariental, Namibia	17.9515723	-24.6443644	17.9861620	-24.6065965			
South Ossetia	Alania Meridiana,Cənubi Osetiya,Dél-Oszétia,Jižní Osetie,Južna Osetija,Južné Osetsko,Nam Ossetia,Osetia del Sur,Osetia de Sud,Osetia Południowa,Osetyaya Başûr,Ossetia del Sud,Ossètia del Sud,Ossétia do Sul,Ossétie du Sud,Ossezia del Sud,Sud-Osetia,Sud-Osetujo,Südossetien,Sulüda-Losetän,أوسيتيا الجنوبية,Республіка Південна Осетія,Хуссар Ирыстон,Хуссар Ирыстон - Южная Осетия,Южная Осетия,Հարավային Օսիա,ცხინვალის რეგიონი,南奥塞梯	relation	1152717	boundary	administrative	44.0884551	42.3862865	6	0.6				South Ossetia	Georgia	ge	South Ossetia, Georgia	43.5780760	42.0267080	44.6246231	42.7459410	Q23427	os:Хуссар Ирыстон	
Abkhazia	압하스,アブハジア,ଆବାଖାଜିଆ,อับฮาเซีย,Abascia,Abcasia,Abcazia,Abchasia,Abchasië,Abchasien,Abcházie,Abchazië,Abchazien,Abchazija,Abchazja,Abcházsko,Abecásia,Abhaasia,Abhasia,Abhazia,Abházia,Abhazija,Abhāzija,Abhaziýa,Abĥazujo,Abhazya,Abjasia,Abkasía,Abkasya,Abkhasia,Abkhasien,Abkhàzia,Abkhazie,Abukaziya,Abxaziya,Abxazya,An Abcáis,Labkasän,Yn Abcaaish,آبخاز,أبخازيا,ابخازيا,אבחזיה,Αμπχαζία,Абхаз,Абхази,Абхазија,Абхазия,Абхазия - Аҧсны,Абхазія,Абхаꙁїꙗ,Аҧсны,Апхазија,Республика Абхазия - Аҧсны Аҳәынҭқарра,Աբխազիա,აფხაზეთი,अबख़ाज़िया,अबखाझिया,అబ్‌ఖజియా,ਅਬਖ਼ਾਜ਼ੀਆ,அப்காசியா,അബ്ഖാസിയ,আবখাজিয়া,阿布哈茲	relation	1152720	boundary	administrative	41.0544740	42.9967186	6	0.6				Abkhazia	Georgia	ge	Abkhazia, Georgia	39.8844803	42.4071689	42.1403710	43.5864294	Q23334	ab:Аҧсны	
Lake		relation	3775052	boundary	administrative	31.8131402	-3.8952551	6	0.6				Lake	Tanzania	tz	Lake	29.3269773	-6.8050000	35.2668939	-0.9854813			
Región Insular	Região Insular,Région Insulaire,Salų regionas	relation	2793045	boundary	administrative	8.6635236	3.4984999	6	0.6				Región Insular	Equatorial Guinea	gq	Región Insular, Equatorial Guinea	5.4172942	-1.6732196	9.1403881	3.9890000			
Sovereign Military Hospitaller Order of Saint John of Jerusalem of Rhodes and of Malta	Ordem Soberana e Militar Hospitalária de São João de Jerusalém, de Rodes e de Malta,Ordre souverain militaire hospitalier de Saint-Jean de Jérusalem, de Rhodes et de Malte,SMOM,Soberana Orden militar y hospitalaria de San Juan de Jerusalén, de Rodas y de Malta,Souveräner Ritter- und Hospitalorden vom Heiligen Johannes zu Jerusalem, genannt von Rhodos, genannt von Malta,Sovrano militare ordine di Malta,Sovrano militare ordine ospedaliero di San Giovanni di Gerusalemme di Rodi e di Malta,Suveräna Militära Hospitaliära Orden av Sankt Johannes av Jerusalem av Rhodos och av Malta,Suverénní vojenský hospitální řád svatého Jana v Jeruzalémě, na Rhodu a na Maltě,Suverénny vojenský hospitálny rád svätého Jána v Jeruzaleme, na Rodose a na Malte,Suwerenny Rycerski Zakon Szpitalników Świętego Jana, z Jerozolimy, z Rodos i z Malty,Szuverén Jeruzsálemi, Rodoszi és Máltai Szent János Katonai és Ispotályos Rend,Κυρίαρχο Στρατιωτικό Τάγμα του Ξενώνα του Αγίου Ιωάννη της Ιερουσαλήμ, της Ρόδου και της Μάλτας,Суверенний військовий Орден Госпітальєрів Святого Івана Єрусалимського, лицарів Родосу і Мальти,Суверенный Иерусалимский Военно-монашеский Орден Госпитальеров им. Св. Иоанна, Родоса и Мальты,ロドス及びマルタにおけるエルサレムの聖ヨハネ病院独立騎士修道会	relation	2869330	boundary	administrative	14.5184439	35.8917997	6	0.6				Sovereign Military Hospitaller Order of Saint John of Jerusalem of Rhodes and of Malta	Malta	mt	Sovereign Military Hospitaller Order of Saint John of Jerusalem of Rhodes and of Malta	12.4773276	35.8906893	14.5196080	41.9056089			
Región Continental	Região Continental,Région Continentale,Žemyninis regionas	relation	2793044	boundary	administrative	10.3668965	1.6004628	6	0.6				Región Continental	Equatorial Guinea	gq	Región Continental, Equatorial Guinea	9.1021685	0.7534472	11.3598627	2.4498449			
Mainland Finland	Fasta Finland,Manner-Suomi,Материковая Финляндия	relation	2375172	boundary	administrative	26.9834853	64.7818844	6	0.6				Mainland Finland	Finland	fi	Mainland Finland, Finland	20.1658123	59.4756616	31.5867070	70.0922939			
Región Capital		relation	3763647	boundary	administrative	-66.4763988	10.3187649	6	0.6				Región Capital	Venezuela	ve	Región Capital, Venezuela	-67.4127341	9.9345889	-65.4174020	10.8736730			
Airport Industrial Park		way	370078954	boundary	administrative	-77.4851531	25.0549024	6	0.6				Airport Industrial Park	Bahamas	bs	Airport Industrial Park, The Bahamas	-77.4884549	25.0499470	-77.4815420	25.0599447			
Bahamas Academy		way	375216670	boundary	administrative	-77.3262232	25.0566039	6	0.6				Bahamas Academy	Bahamas	bs	Bahamas Academy, The Bahamas	-77.3267507	25.0556236	-77.3257089	25.0578573			
Saint Helena	Sainte-Hélène,Sancta Helena,Sankta-Heleno,Sankt Helena,Santa Elena,Santa Helena,Sant'Elena,Sfânta Elena,Sint-Helena,Svätá Helena,Šventoji Elena,Sveta Helena,سانت هيلانة,Αγία Ελένη,Остров Святой Елены	relation	155987	boundary	administrative	-5.7094628	-15.9670000	6	0.6				Saint Helena	Saint Helena	sh	Saint Helena, Saint Helena, Ascension and Tristan da Cunha	-5.9973425	-16.2300000	-5.4234154	-15.7040001	Q34497		
Bayside Executive Park		way	370133195	boundary	administrative	-77.4545169	25.0661430	6	0.6				Bayside Executive Park	Bahamas	bs	Bayside Executive Park, The Bahamas	-77.4555807	25.0652172	-77.4534327	25.0669562			
RT 07 RW 20		way	397230310	boundary	administrative	110.4277333	-7.7753835	6	0.6				RT 07 RW 20	Indonesia	id	RT 07 RW 20, Indonesia	110.4251462	-7.7772074	110.4303152	-7.7735767			
Autonomous Monastic State of the Holy Mountain	Autonome Mönchsrepublik Heiliger Berg,Estado Monástico Autónomo del Monte Athos,République monastique du mont Athos,Αυτόνομη Μοναστική Πολιτεία Αγίου Όρους,Автономное монашеское государство Святой Горы	relation	2135921	boundary	administrative	24.2089232	40.2299360	6	0.6				Autonomous Monastic State of the Holy Mountain	Greece	gr	Autonomous Monastic State of the Holy Mountain, Greece	23.9656679	40.0277833	24.4479781	40.5062910	Q130321		
Windhoek	Vindhuko,Vinduque,Windhuk,Виндхук	way	29989621	boundary	administrative	17.0543787	-22.5530386	6	0.6				Windhoek	Namibia	na	Windhoek, Namibia	17.0042870	-22.6385655	17.1301520	-22.4708292			
Gobabis		way	123435666	boundary	administrative	18.9766333	-22.4417814	6	0.6				Gobabis	Namibia	na	Gobabis, Namibia	18.9528737	-22.4637836	19.0044790	-22.4233339			
Centreville		way	372678217	boundary	administrative	-77.3350184	25.0680516	6	0.6				Centreville	Bahamas	bs	Centreville, The Bahamas	-77.3376168	25.0615975	-77.3320032	25.0756264			
Circle Palm		way	373748931	boundary	administrative	-77.3186512	25.0563766	6	0.6				Circle Palm	Bahamas	bs	Circle Palm, The Bahamas	-77.3195587	25.0552956	-77.3169114	25.0579787			
Papua Region	パプア地方	relation	3778630	boundary	administrative	142.5108420	-8.4257334	6	0.6				Papua Region	Papua New Guinea	pg	Papua Region, Papua New Guinea	140.8416553	-11.8555739	154.6034420	-4.9871495	Q1400582		
Dundas Centre for the Performing Arts		way	375668473	boundary	administrative	-77.3251046	25.0640060	6	0.6				Dundas Centre for the Performing Arts	Bahamas	bs	Dundas Centre for the Performing Arts, The Bahamas	-77.3257797	25.0633083	-77.3232239	25.0643262			
Demjok	देमचोक,巴里加斯	relation	2713466	boundary	administrative	79.3526033	32.8784804	6	0.6				Demjok	China	cn	Demjok	79.1400575	32.5190929	79.5612820	33.2378860	Q1057797	en:Demjok	
Highlands Region	Hochlandregion,山岳地方	relation	3778610	boundary	administrative	144.2586314	-6.0509840	6	0.6				Highlands Region	Papua New Guinea	pg	Highlands Region, Papua New Guinea	142.0669700	-7.1584360	146.1362140	-4.9411351	Q1400637		
Outjo		way	169085747	boundary	administrative	16.1606956	-20.1103836	6	0.6				Outjo	Namibia	na	Outjo, Namibia	16.1393793	-20.1281786	16.1800503	-20.0959081			
Tambearly School		way	370193443	boundary	administrative	-77.4250271	25.0720457	6	0.6				Tambearly School	Bahamas	bs	Tambearly School, The Bahamas	-77.4256884	25.0714953	-77.4243235	25.0726648			
Kelurahan Tappanjeng		way	110194036	boundary	administrative	119.9447988	-5.5446221	6	0.6				Kelurahan Tappanjeng	Indonesia	id	Kelurahan Tappanjeng, Indonesia	119.9419549	-5.5471075	119.9478074	-5.5420031			
Karibib		way	122805354	boundary	administrative	15.8517282	-21.9344963	6	0.6				Karibib	Namibia	na	Karibib, Namibia	15.8403111	-21.9455637	15.8811664	-21.9226737			
Farrington West		way	373171673	boundary	administrative	-77.3690600	25.0611165	6	0.6				Farrington West	Bahamas	bs	Farrington West, The Bahamas	-77.3719779	25.0596909	-77.3661320	25.0620237			
Oakes Field		way	377687879	boundary	administrative	-77.3644435	25.0574006	6	0.6				Oakes Field	Bahamas	bs	Oakes Field, The Bahamas	-77.3744231	25.0466576	-77.3505339	25.0685594			
Town Centre Mall		way	373725309	boundary	administrative	-77.3492723	25.0462536	6	0.6				Town Centre Mall	Bahamas	bs	Town Centre Mall, The Bahamas	-77.3501892	25.0444650	-77.3482920	25.0481237			
Extraterritorial area of the Holy See	Ekstrateritorijalni posjed Svete Stolice,Exteritoriálne územie Svätej stolice,Exterritoriales Gebiet des Heiligen Stuhls,Extraterritoriaal gebied van de Heilige Stoel,Terreno extraterritorial de la Santa Sede,Zona extraterritoriale della Santa Sede	relation	6474878	boundary	administrative	12.3319785	42.0493196	6	0.6				Extraterritorial area of the Holy See	Italy	it	Extraterritorial area of the Holy See, Italy	12.3152957	41.7310386	12.6656343	42.0606190	Q2636502	en:Properties of the Holy See#Extraterritorial property	
Bilney Estates		way	531409608	boundary	administrative	-77.3240549	25.0711629	6	0.6				Bilney Estates	Bahamas	bs	Bilney Estates, The Bahamas	-77.3249977	25.0688788	-77.3228536	25.0732560			
RBDF Base		way	370368642	boundary	administrative	-77.4724668	24.9831166	6	0.6				RBDF Base	Bahamas	bs	RBDF Base, The Bahamas	-77.4753878	24.9808996	-77.4693499	24.9851659			
Marathon		way	372366515	boundary	administrative	-77.3287399	25.0504813	6	0.6				Marathon	Bahamas	bs	Marathon, The Bahamas	-77.3311551	25.0488840	-77.3248548	25.0532219			
Lot-et-Garonne	Lot y Garona,Òlt i Garona,Ло и Гаронна	relation	1284995	boundary	administrative	0.4539157	44.3691703	12	0.599992108817864			Lot-et-Garonne	New Aquitaine	France	fr	Lot-et-Garonne, New Aquitaine, France	-0.1405840	43.9726698	1.0784817	44.7656756	Q12578	fr:Lot-et-Garonne	
Sakha Republic	Cộng hòa Sakha,Iacútia,Jakucja,Jakutija,República de Sajá,Republiek Sacha,Republik Sacha (Jakutien),République de Sakha,Sacha,Sacha-Jacuzia,Sacha (Jakutsko),Sakhà,Республика Саха (Якутия),Республіка Саха,Якутия,サハ共和国,萨哈共和国	relation	151234	boundary	administrative	130.4673882	65.9923572	8	0.599974486023936				Far Eastern Federal District	Russia	ru	Sakha Republic, Far Eastern Federal District, Russia	105.5083410	55.4876715	163.1059830	77.3102287	Q6605	ru:Якутия	
Piauí	피아우이,ピアウイー,ปีเอาอี,PI,Piauhy,Piaui,Piaŭio,Piaujis,Pjaui,بياوي,پیاوی,פיאאוי,Пиауи,Піауї,Піяўі,Пјауи,Пјауѝ,Պիաուի,პიაუი,पिआवी,पियाउई,皮奧伊	relation	302819	boundary	administrative	-41.7295418	-6.7521264	8	0.59993040878702				Northeast Region	Brazil	br	Piauí, Northeast Region, Brazil	-45.9945264	-10.9280563	-40.3705141	-2.5763366	Q42722	pt:Piauí	
Auxerre	오세르,オセール,โอแซร์,Antissiodorum,Aussèrra,Oksēra,Oseras,اگزر,أوكسار,אוסר,Οσέρ,Асер,Осер,欧塞尔	relation	282525	boundary	administrative	3.5764329	47.7935381	16	0.599789166816575		Auxerre	Auxerre	Metropolitan France	France	fr	Auxerre, Auxerre, Yonne, Bourgogne-Franche-Comté, Metropolitan France, France	3.5261079	47.7348564	3.6380173	47.8523810	Q167600	fr:Auxerre	
Colmar	콜마르,Kolmar	relation	61423	boundary	administrative	7.3636227	48.1110950	16	0.599771490655396		Colmar	Colmar-Ribeauvillé	Metropolitan France	France	fr	Colmar, Colmar-Ribeauvillé, Haut-Rhin, Grand Est, Metropolitan France, France	7.3154803	48.0407052	7.4691669	48.1820619	Q130994	fr:Colmar	
Tokushima Prefecture	Prefektura Tokushima,Tokuŝimo,Префектура Токушіма,Токусима,徳島県	relation	3795000	boundary	administrative	134.3405702	33.8486014	8	0.599736124362856				Tokushima Prefecture	Japan	jp	Tokushima Prefecture, Japan	133.6607480	33.3308120	134.9868536	34.3662786	Q160734	ja:徳島県	
Burkina Faso	ቡርኪና ፋሶ,ބުރުކީނާ ފާސޯ,부르키나파소,ブルキナファソ,ବୁରକିନା ଫାସୋ,ເບີກິນາຟາໂຊ,บูร์กินาฟาโซ,ប៊ូរគីណាហ្វាសូ,Boerkina Faso,Borkina Faso,Boukinafaso,Buircíne Fasó,Buirciona Faso,Buốc-ki-na Pha-xô,Burkina,Burkinaa Faaso,Burkinaa Faasoo,Burkinabato,Burkina Fasas,Burkinafaso,Burkina faso,Burkina-Faso,Burkîna Faso,Búrkína Fasó,Bùrkínà Fasò,Burkinän,Burkina Phasu,Burquina Faso,Burukina Faso,Bwrcina Ffaso,iBhukhina-Faso,iBukhina Faso,Pekano Faso,République de Haute-Volta,République Démocratique du Burkina Faso,بۇركىنا فاسو,برکینا فاسو,بُرکِنا فیسو,بوركينا فاسو,بورکینافاسو,بورکینا فاسو,בורקינה פאסו,בורקינע פֿאַסא,Μπουρκίνα Φάσο,Буркина Фасо,Буркина-Фасо,Буркина́ Фасо́,Буркина́-Фасо́,Буркіна́-Фасо́,བུར་ཀི་ན་ཕ་སོ།,བྷར་ཀི་ན་ ཕེ་སོ,Բուրկինա Ֆասո,ბურკინა-ფასო,बर्किना फासो,बुर्किना फासो,बुर्कीना-फासो,બુર્કિના ફાસો,బర్కీనా ఫాసో,ਬੁਰਕੀਨਾ ਫ਼ਾਸੋ,ಬುರ್ಕೀನ ಫಾಸೊ,புர்க்கினா பாசோ,ബർക്കിനാ ഫാസോ,বুর্কিনা ফাসো,ဘာကီးနားဖားဆိုနိုင်ငံ,බර්කිනා ෆාසෝ,布基纳法索	relation	192783	boundary	administrative	-1.1899384	12.2470470	4	0.599700739427041					Burkina Faso	bf	Burkina Faso	-5.5132416	9.4104718	2.4089717	15.0840000	Q965	fr:Burkina Faso	
Maribor	Marburg an der Drau,ماريبور	relation	1676328	boundary	administrative	15.6320879	46.5667935	16	0.599691890277771		Maribor	Podravska		Slovenia	si	Maribor, Podravska, Slovenia	15.5169924	46.4994068	15.7722676	46.6342915	Q3435104	sl:Mestna občina Maribor	
Arnhem		relation	272939	boundary	administrative	5.8762345	52.0056641	20	0.599603334563492		Arnhem	Stadsregio Arnhem Nijmegen	Netherlands	The Netherlands	nl	Arnhem, Arnhem, Stadsregio Arnhem Nijmegen, Netherlands	5.8029606	51.9334642	5.9903400	52.0778905	Q1310	nl:Arnhem	
Arnhem		relation	418700	boundary	administrative	5.8762345	52.0056641	16	0.599603334563492		Arnhem	Stadsregio Arnhem Nijmegen	Netherlands	The Netherlands	nl	Arnhem, Stadsregio Arnhem Nijmegen, Netherlands	5.8029606	51.9334642	5.9903400	52.0778905	Q1310	nl:Arnhem	
Detroit		relation	134591	place	city	-83.0949504	42.3529185	16	0.599594472563124		Detroit	Wayne County	Michigan	United States of America	us	Detroit, Wayne County, Michigan, United States of America	-83.2879590	42.2551920	-82.9104392	42.4502320	Q12439	en:Detroit, Michigan	
Rimini	Rímini	relation	42791	boundary	administrative	12.5485421	44.0422719	16	0.599585609392624		Rimini	Rimini	Emilia-Romagna	Italy	it	Rimini, Rimini, Emilia-Romagna, Italy	12.4384335	43.9692954	12.6328852	44.1156629	Q13369	it:Rimini	
Sabah	サバ,Sabahas,沙巴州	relation	3879783	boundary	administrative	117.1772383	5.7975337	8	0.599443639274004				Sabah	Malaysia	my	Sabah	115.3275100	4.0969618	119.4390875	7.5111988	Q179029	lt:Sabahas	
Kielce		relation	2898443	boundary	administrative	20.6099143	50.8540358	16	0.599425871878006		Kielce	Kielce	Świętokrzyskie Voivodeship	Poland	pl	Kielce, Kielce, Kielce, Świętokrzyskie Voivodeship, Poland	20.5105231	50.7932962	20.7206279	50.9150826	Q102317	pl:Kielce	
Kielce	Кельце	relation	1627497	boundary	administrative	20.6099143	50.8540358	12	0.599425871878006			Kielce	Świętokrzyskie Voivodeship	Poland	pl	Kielce, Świętokrzyskie Voivodeship, Poland	20.5105231	50.7932962	20.7206279	50.9150826	Q102317	pl:Kielce	
Kielce		relation	2904506	boundary	administrative	20.6099143	50.8540358	14	0.599425871878006			Kielce	Świętokrzyskie Voivodeship	Poland	pl	Kielce, Kielce, Świętokrzyskie Voivodeship, Poland	20.5105231	50.7932962	20.7206279	50.9150826	Q102317	pl:Kielce	
Baden-Baden	바덴바덴,バーデン・バーデン,بادن بادن,بادن-بادن,באדן-באדן,באדען-באדען,Μπάντεν-Μπάντεν,Баден-Баден,Բադեն-Բադեն,ბადენ-ბადენი,巴登-巴登	node	240099245	place	town	8.2415239	48.7580776	18	0.599363648930849			Baden-Baden	Baden-Württemberg	Germany	de	Baden-Baden, Baden-Baden, Regierungsbezirk Karlsruhe, Baden-Württemberg, Germany	8.2415239	48.7580776	8.2415239	48.7580776	Q4100	de:Baden-Baden	
Baden-Baden	Баден-Баден	relation	62340	boundary	administrative	8.2438118	48.7570988	12	0.599363648930849			Baden-Baden	Baden-Württemberg	Germany	de	Baden-Baden, Regierungsbezirk Karlsruhe, Baden-Württemberg, Germany	8.1077764	48.6667427	8.3209468	48.8479124	Q4100	de:Baden-Baden	
Indre	Эндр	relation	7417	boundary	administrative	1.5382051	46.8121056	12	0.599354755228062			Indre	Metropolitan France	France	fr	Indre, Centre-Loire Valley, Metropolitan France, France	0.8671135	46.3471571	2.2045337	47.2773350	Q12553	fr:Indre (département)	
Savoie	Saboya,Savoia,Савойя	relation	7425	boundary	administrative	6.3846604	45.4948951	12	0.599256846646284			Savoie	Auvergne-Rhône-Alpes	France	fr	Savoie, Auvergne-Rhône-Alpes, France	5.6218273	45.0516187	7.1859341	45.9385181	Q12745	fr:Savoie (département)	
Arles		relation	73911	boundary	administrative	4.7215612	43.5456393	16	0.599149874158804		Arles	Arles	Metropolitan France	France	fr	Arles, Arles, Bouches-du-Rhône, Provence-Alpes-Côte d'Azur, Metropolitan France, France	4.4260793	43.3301031	4.8763523	43.7604071	Q48292	fr:Arles	
Lublin Voivodeship	Liublino vaivadija,Lubelské,lubelskie,Lublina Provinco,Lublinské vojvodství,Lublinsko vojvodstvo,Voivodato de Lublin,Voïvodie de Lublin,Woiwodschaft Lublin,Woiwodschap Lublin,województwo lubelskie,محافظة لوبيلسكي,Люблинское воеводство,Люблінскае ваяводства,Люблінське воєводство,ლუბლინის სავოევოდო,卢布林省,ルブリン県	relation	130919	boundary	administrative	22.7786201	51.2697902	8	0.599132028825272				Lublin Voivodeship	Poland	pl	Lublin Voivodeship, Poland	21.6155462	50.2518153	24.1457830	52.2878413	Q54155	pl:Województwo lubelskie	
Broken Arrow		node	151327029	place	city	-95.7908195	36.0525993	16	0.59898015163681			Tulsa County	Oklahoma	United States of America	us	Broken Arrow, Tulsa County, Oklahoma, United States of America	-95.7908195	36.0525993	-95.7908195	36.0525993	Q835810	en:Broken Arrow, Oklahoma	
Broken Arrow		relation	184225	place	city	-95.7908821	36.0184990	16	0.59898015163681		Broken Arrow		Oklahoma	United States of America	us	Broken Arrow, Oklahoma, United States of America	-95.8685850	35.9179999	-95.5463580	36.1190120	Q835810	en:Broken Arrow, Oklahoma	
Gelderland	Geldern,Gueldre,Güeldres,Provincie Gelderland,خيلدرلند,Гелдерланд	relation	47554	boundary	administrative	6.0845104	52.1276017	8	0.598971206974036				Netherlands	The Netherlands	nl	Gelderland, Netherlands	4.9938546	51.7335807	6.8328017	52.5220250	Q775	nl:Gelderland	
Niue	ނީއު,ニウエ,니우에,นีอูเอ,Niûe,Niuē,Niué Arili,Niujė,Niuo,Niwe,Niyuwe,نیووی,نیووے,نييوي,ניואה,Νιούε,Нијуе,Ниуе,Ниуэ,Ніуе,Ніуэ,ნიუე,न्युए,நியுவே,നിയുവെ,紐埃	relation	1558556	boundary	administrative	-169.8615738	-19.0531286	4	0.598971206974036					Niue	nu	Niue	-170.1595029	-19.3548666	-169.5647229	-18.7534560	Q34020	en:Niue	
Newfoundland and Labrador	뉴펀들랜드 래브라도 주,รัฐนิวฟันด์แลนด์และแลบราดอร์,An Talamh Ùr is Labrador,Douar-Nevez ha Labrador,Neifundland a Labrador,Neufundland und Labrador,Newfoundland aamma Labrador,Newfoundland a Labrador,Newfoundland àti Labrador,Newfoundland at Labrador,Newfoundland dan Labrador,Newfoundland e Labrador,Newfoundland en Labrador,Newfoundland i Labrador,Newfoundland ja Labrador,Newfoundland och Labrador,Newfoundland og Labrador,Newfoundland și Labrador,Newfoundland và Labrador,Newfoundland ve Labrador,Newfoundland wan Labrador pruwinsya,Néwfundland Ölkisi,Nijfûnlân en Labrador,Niufaundlandas ir Labradoras,Nova Fundlandija in Labrador,Nov-Fundland e Labrador,Novlando kaj Labradoro,Nowa Fundlandia i Labrador,Ņūfaundlenda un Labradora,Nýfundland og Labrador,Nýfundnaland og Labrador,Nyufaundlend va Labrador,Nyufaundlend və Labrador,Talamh an Éisc agus Labradar,Ternua eta Labrador,Terranova e Labrador,Terra Nova e Labrador,Tèrranòva e Labrador,Terra Nova et Terra Laboratoria,Terranova i Labrador,Terranova y Labrador,Terre-Neuve et Labrador,Thalloo yn Eeast as Labrador,Tir Nowydh ha Labrador,Toka e Re dhe Labradori,Új-Fundland és Labrador,نیوفاندلند و لابرادور,نیو فاؤنڈ لینڈ اور لیبراڈور,نيوفاوندلاند واللابرادور,ניופאונדלנד ולברדור,נייפונדלאנד און לאבראדאר,Νέα Γη και Λαμπραντόρ,Ньюфаундленд æмæ Лабрадор,Ньюфаундленд ба Лабрадор,Ньюфаундленд и Лабрадор,Ньюфаундленд і Лабрадор,Нюфаундленд и Лабрадор,Њуфаундленд и Лабрадор,Правінцыя Ньюфаўндленд і Лабрадор,Նյուֆաունդլենդ և Լաբրադոր,ნიუფაუნდლენდი და ლაბრადორი,न्यूफाउंडलंड आणि लाब्राडोर,ਨਿਊਫ਼ੰਡਲੈਂਡ ਅਤੇ ਲਾਬਰਾਡੋਰ,நியூஃபவுன்லாந்து மற்றும் லாப்ரடோர்,ニューファンドランド・ラブラドール州,紐芬蘭與拉布拉多省	relation	391196	boundary	administrative	-55.9711637	49.1244794	8	0.59894436583205				Newfoundland and Labrador	Canada	ca	Newfoundland and Labrador, Canada	-67.8216853	46.6148345	-52.6127313	60.3777440	Q2003	en:Newfoundland and Labrador	
Bayreuth		relation	62640	boundary	administrative	11.5880509	49.9327066	12	0.59889960673078			Bayreuth	Bavaria	Germany	de	Bayreuth, Upper Franconia, Bavaria, Germany	11.4751181	49.8881941	11.6728262	49.9772589	Q3923	de:Bayreuth	
Plzeň	Pilsen,Pilzno,بلزن	relation	438344	boundary	administrative	13.3757283	49.7417386	16	0.598854817764224		Plzeň	okres Plzeň-město	Southwest	Czech Republic	cz	Plzeň, okres Plzeň-město, Plzeňský kraj, Southwest, Czechia	13.2679877	49.6776012	13.4758418	49.8057641	Q43453	cs:Plzeň	
Oviedo	Oviède,Uvieo,أوفييدو,Овьедо	relation	346397	boundary	administrative	-5.8795144	43.3533424	16	0.598774122236548		Oviedo	Asturias		Spain	es	Oviedo, Asturias, Spain	-6.0169359	43.2791498	-5.7423940	43.4273246	Q14317	es:Oviedo	
Oulu	Uleåborg,Оулу	relation	2711874	boundary	administrative	25.2189195	65.2046029	16	0.598522447302292		Oulu	Oulun seutukunta	Mainland Finland	Finland	fi	Oulu, Oulun seutukunta, Northern Ostrobothnia, Regional State Administrative Agency for Northern Finland, Mainland Finland, Finland	24.1149325	64.8445923	26.7697304	65.5643522	Q47048	fi:Oulu	
Bielefeld	بيلفلد	relation	62646	boundary	administrative	8.5591677	52.0147999	12	0.598423316259429			Bielefeld	North Rhine-Westphalia	Germany	de	Bielefeld, Regierungsbezirk Detmold, North Rhine-Westphalia, Germany	8.3778166	51.9148722	8.6633481	52.1147629	Q2112	de:Bielefeld	
Roubaix		relation	59043	boundary	administrative	3.1835454	50.6888027	16	0.598396255093295		Roubaix	Lille	Metropolitan France	France	fr	Roubaix, Lille, Nord, Hauts-de-France, Metropolitan France, France	3.1511381	50.6687414	3.2174443	50.7087385	Q34001	fr:Roubaix	
Vervins	ヴェルヴァン,Вервен,韦尔万	relation	153712	boundary	administrative	3.9267858	49.8370238	16	0.598369183013199		Vervins	Vervins	Metropolitan France	France	fr	Vervins, Vervins, Aisne, Hauts-de-France, Metropolitan France, France	3.8841553	49.8185461	3.9609725	49.8555278	Q209840	fr:Vervins	
Gdynia	Gdiņa,Gdingen,Гдиня,Гдыня	relation	2603248	boundary	administrative	18.4626495	54.5036632	12	0.598351128892141			Gdynia	Pomeranian Voivodeship	Poland	pl	Gdynia, Pomeranian Voivodeship, Poland	18.3579824	54.4227515	18.5690606	54.5845147	Q385	pl:Gdynia	
Gdynia	Gdiņa,Gdingen	relation	1553148	boundary	administrative	18.4626495	54.5036632	16	0.598351128892141		Gdynia	Gdynia	Pomeranian Voivodeship	Poland	pl	Gdynia, Gdynia, Gdynia, Pomeranian Voivodeship, Poland	18.3579824	54.4227515	18.5690606	54.5845147	Q385	pl:Gdynia	
Gdynia	Gdiņa,Gdingen	relation	2723260	boundary	administrative	18.4626495	54.5036632	14	0.598351128892141			Gdynia	Pomeranian Voivodeship	Poland	pl	Gdynia, Gdynia, Pomeranian Voivodeship, Poland	18.3579824	54.4227515	18.5690606	54.5845147	Q385	pl:Gdynia	
Passau	Pasov,Пассау	relation	62629	boundary	administrative	13.4316896	48.5769560	12	0.598305972333635			Passau	Bavaria	Germany	de	Passau, Lower Bavaria, Bavaria, Germany	13.3023402	48.5404501	13.5143930	48.6134154	Q4190	de:Passau	
Passau	Batavia,Pasawa,Pasov,Пассау	node	240057351	place	town	13.4606444	48.5740136	18	0.598305972333635			Passau	Bavaria	Germany	de	Passau, Passau, Lower Bavaria, Bavaria, Germany	13.4606444	48.5740136	13.4606444	48.5740136	Q4190	de:Passau	
Bourges	ቡርዥ,부르주,ブールジュ,Avaricum Biturigum,Borges,Buržas,بورژ,Μπουρζ,Бурж,布尔日	relation	50312	boundary	administrative	2.4002268	47.0782828	16	0.598197472490474		Bourges	Bourges	Metropolitan France	France	fr	Bourges, Bourges, Cher, Centre-Loire Valley, Metropolitan France, France	2.3239700	47.0259506	2.4719572	47.1300959	Q132404	fr:Bourges	
West Bank	Bờ Tây,Cisjordania,Cisjordanie,Ciszjordánia,Jordani Läänekallas,Juudea & Samaria,Urduna Rojava,Vakarų Krantas,Vestbredden,Westjordanland,Zachodni Brzeg,الضفة الغربية,יהודה ושומרון,Западный берег реки Иордан,Західний берег ріки Йордан,約旦河西岸地區	node	1472876649	multiple	region	35.2888074	32.0254687	18	0.59810692179323			Ramallah and al-Bireh Governorate		Palestinian Territory	ps	West Bank, Ramallah and al-Bireh Governorate, Palestinian Territories	35.2888074	32.0254687	35.2888074	32.0254687	Q36678	en:West Bank	
Friesland	Frise,Frisia,Frísia,Fryslân,فريزلند,Фрисландия	relation	47381	boundary	administrative	5.5985973	53.1524736	8	0.598061600596662				Netherlands	The Netherlands	nl	Friesland, Netherlands	4.8183757	52.7648051	6.4276146	53.5397133	Q770	nl:Friesland	
Bath	Batas,Caerfaddon,Бат	node	1947201	place	city	-2.3596963	51.3813863	16	0.598034393183594			Bath and North East Somerset	South West England	United Kingdom	gb	Bath, Bath and North East Somerset, South West England, United Kingdom	-2.3596963	51.3813863	-2.3596963	51.3813863	Q22889	en:Bath, Somerset	
Tarn	Тарн	relation	7442	boundary	administrative	2.1339647	43.7921741	12	0.597916366794636			Tarn	Metropolitan France	France	fr	Tarn, Occitania, Metropolitan France, France	1.5352966	43.3828240	2.9372627	44.2014794	Q12772	fr:Tarn (département)	
Long Island		relation	3955977	place	island	-73.7427966	40.6346624	17	0.597770818079662		Long Island		New York	United States of America	us	Long Island, New York, United States of America	-73.8304164	40.6313908	-73.7405018	40.6555565	Q18438	en:Long Island	
Nordland	Нурланн	relation	408105	boundary	administrative	13.8623606	67.2756404	8	0.597752602279906				Nordland	Norway	no	Nordland, Norway	10.5780604	64.9394973	18.1513549	69.5967005	Q50630	no:Nordland	
Banat		node	2563285683	multiple	region	21.4955376	45.7346665	18	0.597707041142144				Timiș	Romania	ro	Banat, Timiș, Romania	21.4955376	45.7346665	21.4955376	45.7346665	Q170143	en:Banat	
Lisieux	Noviomagus Lexoviorum,Лизьё	relation	281346	boundary	administrative	0.2381865	49.1477417	16	0.597670569953152		Lisieux	Lisieux	Metropolitan France	France	fr	Lisieux, Lisieux, Calvados, Normandy, Metropolitan France, France	0.2044123	49.1232176	0.2808961	49.1722504	Q188743	fr:Lisieux	
Carinthia	Carinthie,Karinthië,Kärnten,Koruška,Korutánsko,Каринтия	node	240050358	place	state	13.8333333	46.7500000	8	0.597588437253735					Austria	at	Carinthia, Austria	13.8333333	46.7500000	13.8333333	46.7500000	Q37985	de:Kärnten	
Carinthia	Carintia,Caríntia,Carinzia,Karintia,Karintio,Kärnten,Karyntia,Koroška,Koruška,Korutansko,كيرنتن,Каринтия,Карынтыя,கரின்தையா	relation	52345	boundary	administrative	13.9384854	46.7516176	8	0.597588437253735				Carinthia	Austria	at	Carinthia, Austria	12.6559074	46.3722760	15.0651507	47.1312974	Q37985	de:Kärnten	
Douai		relation	56243	boundary	administrative	3.0781718	50.3799863	16	0.597524486714456		Douai	Douai	Metropolitan France	France	fr	Douai, Douai, Nord, Hauts-de-France, Metropolitan France, France	3.0514828	50.3491934	3.1494840	50.4105745	Q193826	fr:Douai	
Burgenland	Burgenlando,Burgerlandsko,Felsőőrvidék,Gradiščansko,Gradišće,بورغنلاند,בורגנלאנד,בורגנלנד,Бургенланд,புர்கென்லான்ட்,ブルゲンラント州	relation	76909	boundary	administrative	16.4877398	47.4747686	8	0.597524486714456				Burgenland	Austria	at	Burgenland, Austria	15.9962508	46.8306415	17.1607759	48.1186596	Q43210	de:Burgenland	
городской округ Иркутск	イルクーツク管区	relation	1430613	boundary	administrative	104.3334212	52.3132260	12	0.597442174966941			городской округ Иркутск	Siberian Federal District	Russia	ru	городской округ Иркутск, Irkutsk Oblast, Siberian Federal District, Russia	104.0593331	52.2094352	104.4732615	52.4208526	Q6576	ru:Иркутск	
Irkutsk	이르쿠츠크,イルクーツク,Irkoutsk,Irkuck,Иркутск,Эрхүү хот	relation	1430614	place	city	104.3293641	52.3132775	16	0.597442174966941		Irkutsk	городской округ Иркутск	Siberian Federal District	Russia	ru	Irkutsk, городской округ Иркутск, Irkutsk Oblast, Siberian Federal District, Russia	104.0593331	52.2094352	104.4496520	52.4208526	Q6576	ru:Иркутск	
Kuyavian-Pomeranian Voivodeship	Cujavie-Poméranie,Kujavia-Pomeria Provinco,Kujavijos Pamario vaivadija,Kujavsko-pomeransko vojvodstvo,Kujavsko-Pomorjansko vojvodstvo,Kujavsko-pomořské vojvodství,kujawsko-pomorskie,Kujawsko-pomorskie,Voivodato de Cuyavia y Pomerania,Woiwodschaft Kujawien-Pommern,Woiwodschap Koejavië-Pommeren,województwo kujawsko-pomorskie,Куявско-Поморское воеводство,Куявсько-Поморське воєводство,Куяўска-Паморскае ваяводства,クヤヴィ＝ポモージェ県	relation	223407	boundary	administrative	18.4877489	53.0561240	8	0.597414715272679				Kuyavian-Pomeranian Voivodeship	Poland	pl	Kuyavian-Pomeranian Voivodeship, Poland	17.2472726	52.3306356	19.7615951	53.7810749	Q54153	pl:Województwo kujawsko-pomorskie	
Kagawa Prefecture	Prefektura Kagawa,Кагава,Префектура Каґава,うどん県,香川県	relation	3795064	boundary	administrative	134.0478275	34.3226164	8	0.597323101744485				Kagawa Prefecture	Japan	jp	Kagawa Prefecture, Japan	133.3574273	34.0122860	134.5956317	34.6285997	Q161454	ja:香川県	
Canary Islands	Canarias,Canárias,Canarie,Canàries,Canarische Eilanden,Îles Canaries,Kanari,Kanarieöarna,Kanarische Inseln,Kanarski otoki,Wyspy Kanaryjskie,جزر الكناري,Κανάρια Νησιά,Канарские острова,Канарскія астравы	relation	349048	boundary	administrative	-16.6214471	28.2935785	8	0.597295593286336				Canary Islands	Spain	es	Canary Islands, Spain	-18.1608733	27.6377389	-13.3320145	29.4160647	Q5813	es:Canarias	
Providence		relation	191210	place	city	-71.4282069	41.8170775	16	0.597240542527356		Providence	Providence County	Rhode Island	United States of America	us	Providence, Providence County, Rhode Island, United States of America	-71.4726670	41.7724140	-71.3736135	41.8615709	Q18383	en:Providence, Rhode Island	
Tergnier	Тернье,Терньє,泰尔尼耶	relation	153688	boundary	administrative	3.2990544	49.6562502	16	0.597121110773144		Tergnier	Laon	Metropolitan France	France	fr	Tergnier, Laon, Aisne, Hauts-de-France, Metropolitan France, France	3.2568862	49.6296650	3.3324932	49.6827161	Q378973	fr:Tergnier	
Smolensk Oblast	Oblast Smolensk,Obwód smoleński,Província de Smolensk,Regiunea Smolensk,Smolenska oblast,Smolenská oblast,Smolenska provinco,Smolenski oblast,Smolensk Oblastı,Smolensko sritis,Smolensk viloyati,Szmolenszki terület,Περιφέρεια Σμολένσκ,Смаленская вобласць,Смоленскан область,Смоленска област,Смоленская область,Смоленск обласьт,Смоленск өлкәсе,Смоленська область,Смулен облаçĕ,Սմոլենսկի մարզ,სმოლენსკის ოლქი	relation	81996	boundary	administrative	32.9104055	54.7378558	8	0.597102717781746				Central Federal District	Russia	ru	Smolensk Oblast, Central Federal District, Russia	30.7515697	53.4086905	35.3950027	56.0670540	Q2347	ru:Смоленская область	
Smolensk Oblast	Oblast de Smolensk,Óblast de Smolensk,Oblast Smolensk,Obwód smoleński,Smolenska Provinco,Smolensko sritis,Смаленская вобласць,Смоленская область,Смоленск өлкәсе,Смоленська область,スモレンスク州	node	778545155	place	state	33.0192065	55.0343496	8	0.597102717781746				Central Federal District	Russia	ru	Smolensk Oblast, Central Federal District, Russia	33.0192065	55.0343496	33.0192065	55.0343496	Q2347	ru:Смоленская область	
Yamanashi	Prefektura Yamanashi,Префектура Яманасі,Яманаси,山梨県	relation	3578391	boundary	administrative	138.6872741	35.5700289	8	0.5970843197491				Yamanashi	Japan	jp	Yamanashi, Japan	138.1800869	35.1683839	139.1344109	35.9717090	Q132720	ja:山梨県	
городской округ Омск	オムスク管区	relation	1558108	boundary	administrative	73.3745224	54.9830067	12	0.596863149131586			городской округ Омск	Siberian Federal District	Russia	ru	городской округ Омск, Omsk Oblast, Siberian Federal District, Russia	73.0975262	54.8240406	73.6599421	55.4265653	Q898	ru:Омск	
Amman	암만,አማን,アンマン,อัมมาน,Amã,Aman,Amàn,Amanas,Amano,Amán - عمان,Ammán,‘Ammān,Ammāna,امان,عمان,عمان‎,ئاممان,אמאן,עמאן,Αμμάν,Аман,Амман,Аммон,ཨམ་མན།,Ամման,ამანი,अम्मान,ಅಮ್ಮಾನ್,அம்மான்,അമ്മാൻ,আম্মান,安曼	relation	6064379	place	city	35.9269312	31.9866801	16	0.596835451494846		Amman		Amman	Jordan	jo	Amman, Amman, Jordan	35.7998215	31.8933889	36.0420632	32.0811646	Q3805	en:Amman	
Val-de-Marne	Valle del Marne,Валь-де-Марн	relation	7458	boundary	administrative	2.4543321	48.7744893	12	0.596807742424612			Val-de-Marne	Metropolitan France	France	fr	Val-de-Marne, Ile-de-France, Metropolitan France, France	2.3086570	48.6876381	2.6157682	48.8614131	Q12788	fr:Val-de-Marne	
Győr	Raab,Дьёр,Дьйор,Ђер,დიორი	relation	1440627	boundary	administrative	17.6687668	47.6696220	16	0.59679850352546		Győr	Győri járás	Transdanubia	Hungary	hu	Győr, Győri járás, Győr-Moson-Sopron, Western Transdanubia, Transdanubia, Hungary	17.5098749	47.5915534	17.8081732	47.7478297	Q134494	hu:Győr	
Nara Prefecture	Prefektura Nara,Нара,Префектура Нара,奈良県	relation	358631	boundary	administrative	135.8967422	34.3202024	8	0.596780021911442				Nara Prefecture	Japan	jp	Nara Prefecture, Japan	135.5396820	33.8589560	136.2298640	34.7813559	Q131287	ja:奈良県	
Nagano	長野市	relation	3648962	place	city	138.1342027	36.6483269	16	0.596733795601725		Nagano		Nagano	Japan	jp	Nagano, Nagano, Japan	137.9101010	36.4607019	138.3188990	36.8357343	Q128849	ja:長野市	
Pyrénées-Orientales	Ostpyrenäen,Pirenei Orientali,Pirenèus Orientals,Pirineos Orientales,Pirineus Orientals,Rytų Pirėnai,Восточные Пиренеи	relation	7466	boundary	administrative	2.5065089	42.6258940	12	0.596696791619703			Pyrénées-Orientales	Metropolitan France	France	fr	Pyrénées-Orientales, Occitania, Metropolitan France, France	1.7225307	42.3327551	3.1778737	42.9186456	Q12709	fr:Pyrénées-Orientales	
Annecy		relation	102480	boundary	administrative	6.1354651	45.8897504	18	0.596678281976214		Annecy	Annecy	Auvergne-Rhône-Alpes	France	fr	Annecy, Annecy, Annecy, Haute-Savoie, Auvergne-Rhône-Alpes, France	6.1010113	45.8494826	6.1559310	45.9303295	Q50189	fr:Annecy	
Annecy		relation	6791758	boundary	administrative	6.1276175	45.9022372	16	0.596678281976214		Annecy	Annecy	Auvergne-Rhône-Alpes	France	fr	Annecy, Annecy, Haute-Savoie, Auvergne-Rhône-Alpes, France	6.0484121	45.8280023	6.2043931	45.9766928	Q50189	fr:Annecy	
Béthune		relation	1016146	boundary	administrative	2.6418611	50.5298773	16	0.596659767227321		Béthune	Béthune	Metropolitan France	France	fr	Béthune, Béthune, Pas-de-Calais, Hauts-de-France, Metropolitan France, France	2.6158272	50.5092875	2.6717096	50.5506424	Q207145	fr:Béthune	
Tahiti		relation	3992237	place	island	-149.4450782	-17.6874931	17	0.596622722402049		Tahiti	Windward Islands	French Polynesia	France	fr	Tahiti, Windward Islands, French Polynesia, France	-149.6208735	-17.8804162	-149.1247070	-17.4941940	Q42000	en:Tahiti	
Seine-Saint-Denis	Sena-Saint Denis,Сена-Сен-Дени	relation	7389	boundary	administrative	2.4528634	48.9098125	12	0.596567116803104			Seine-Saint-Denis	Metropolitan France	France	fr	Seine-Saint-Denis, Ile-de-France, Metropolitan France, France	2.2882782	48.8072340	2.6033001	49.0123317	Q12761	fr:Seine-Saint-Denis	
Creuse	Cruesa,Крёз	relation	7459	boundary	administrative	2.0489010	46.0593485	12	0.596557844723293			Creuse	New Aquitaine	France	fr	Creuse, New Aquitaine, France	1.3725417	45.6633662	2.6114965	46.4553387	Q3353	fr:Creuse (département)	
Yaroslavl	Iaroslavl,Jaroslavl,Jaroslavl',Jaroslawl,Ярославль	relation	1701435	place	city	39.8717420	57.6489644	16	0.596530020796807		Yaroslavl	Yaroslavl	Central Federal District	Russia	ru	Yaroslavl, Yaroslavl, Yaroslavl Oblast, Central Federal District, Russia	39.7308513	57.5245920	40.0033332	57.7752752	Q2423	ru:Ярославль	
Yaroslavl	городской округ Ярославль,Ярославль	relation	1701436	boundary	administrative	39.8590242	57.6489838	12	0.596530020796807			Yaroslavl	Central Federal District	Russia	ru	Yaroslavl, Yaroslavl Oblast, Central Federal District, Russia	39.7308513	57.5245920	40.0033332	57.7752752	Q2423	ru:Ярославль	
Shenzhen City	Ŝenĵeno,Shenzhen,Shenzhen;深圳,Шэньчжэнь,深圳市,深圳市 / Shenzhen,深セン市	relation	3464353	boundary	administrative	114.1829744	22.6522227	10	0.59647433832021			Shenzhen City		China	cn	Shenzhen City, China	113.7463514	22.4003435	114.6237079	22.8644043	Q15174	en:Shenzhen	
Upper Austria	Alta Àustria,An Ostair Uachtarach,Efra Austurríki,Felső-Ausztria,Górna Austria,Gornja Austrija,Horní Rakousko,Oberösterreich,Zgornja Avstrija,النمسا العليا,Верхняя Австрия,Верхняя Аўстрыя,மேல் ஆஸ்திரியா	relation	102303	boundary	administrative	13.6228086	48.1168556	8	0.596409316997502				Upper Austria	Austria	at	Upper Austria, Austria	12.7492440	47.4611120	14.9921682	48.7725646	Q41967	de:Oberösterreich	
Monza	Монца,蒙扎	relation	45319	boundary	administrative	9.2792726	45.5927469	16	0.5962697731422		Monza	Monza and Brianza	Lombardy	Italy	it	Monza, Monza and Brianza, Lombardy, Italy	9.2270250	45.5532615	9.3243874	45.6321966	Q6252	it:Monza	
Alagoas	アラゴアス,알라고아스,อาลาโกอัส,AL,Alacunae,Alagoasa,Alagoasas,Alagoaso,ألاغواس,آلاگواس,אלגואס,Алагоас,Алагојас,Ալագոաս,ალაგოასი,अलागोआस,आलागोआस,阿拉戈斯	relation	303781	boundary	administrative	-36.5409083	-9.7347132	8	0.595980459955739				Northeast Region	Brazil	br	Alagoas, Northeast Region, Brazil	-38.2370000	-10.6568194	-34.9634364	-8.8131279	Q40885	pt:Alagoas	
Fukui Prefecture	Fukui,Prefektura Fukui,Префектура Фукуй,Фукуи,福井県	relation	357112	boundary	administrative	136.2392701	35.8974749	8	0.595952395616251				Fukui Prefecture	Japan	jp	Fukui Prefecture, Japan	135.4493390	35.3436780	136.8323620	36.4514569	Q133879	ja:福井県	
Porto Alegre	포르투알레그리,ポルト・アレグレ,PoA,Porto Alegrė,Porto-Alegro,Portualegri,Portu-Alegri,Portus Alacer,بورتو أليغري,پورتو الگره,پورتو الیگرے,פורטו אלגרה,Πόρτο Αλέγκρε,Порто Алегре,Порто Алегри,Порту-Алегре,Порту-Алегри,Порту-Алегрі,Порту-Алегры,Պորտու Ալեգրի,პორტუ-ალეგრი,पोर्तू अलेग्री,阿雷格里港	relation	242397	boundary	administrative	-51.1887882	-30.1009167	16	0.595952395616251		Porto Alegre	Microregion of Porto Alegre	South Region	Brazil	br	Porto Alegre, Microregion of Porto Alegre, Metropolitan Mesoregion of Porto Alegre, Rio Grande do Sul, South Region, Brazil	-51.3034404	-30.2694500	-51.0188523	-29.9324744	Q40269	pt:Porto Alegre	
Omaha		relation	169759	place	city	-96.0249651	41.2918233	16	0.595736844980932		Omaha	Douglas County	Nebraska	United States of America	us	Omaha, Douglas County, Nebraska, United States of America	-96.2682001	41.1905882	-95.8711410	41.3930618	Q43199	en:Omaha, Nebraska	
Como	Côme,Комо,科莫	relation	46085	boundary	administrative	9.0827753	45.8003654	16	0.59570867858216		Como	Como	Lombardy	Italy	it	Como, Como, Lombardy, Italy	9.0310790	45.7587543	9.1368710	45.8419781	Q1308	it:Como	
Worcestershire	Вустершир	relation	57581	boundary	administrative	-2.1569556	52.2109495	12	0.595652310303112			Worcestershire	England	United Kingdom	gb	Worcestershire, West Midlands, England, United Kingdom	-2.6632101	51.9665564	-1.7574091	52.4553027	Q23135	en:Worcestershire	
Buenos Aires	Bs. As.,Provincia de Buenos Aires,בואנוס איירס,Буенос-Айрес,Буэнос-Айрес	relation	1632167	boundary	administrative	-60.1316595	-37.1492311	8	0.595652310303112				Buenos Aires	Argentina	ar	Buenos Aires, Argentina	-63.3927932	-41.0372793	-56.6650498	-33.2616119	Q44754	es:Provincia de Buenos Aires	
Richmond City	Ричмонд	relation	3864712	place	city	-77.4608955	37.5243635	16	0.595614705135917		Richmond City		Virginia	United States of America	us	Richmond City, Virginia, United States of America	-77.6002847	37.4465530	-77.3853030	37.6024450	Q43421	en:Richmond, Virginia	
Tulsa	Тулса	relation	184985	place	city	-95.8846408	36.1522780	16	0.595511182165722		Tulsa		Oklahoma	United States of America	us	Tulsa, Oklahoma, United States of America	-96.0744780	35.9680970	-95.6815970	36.3365050	Q44989	en:Tulsa, Oklahoma	
Blérancourt		relation	2950484	boundary	administrative	3.1549593	49.5099401	16	0.59550176306493		Blérancourt	Laon	Metropolitan France	France	fr	Blérancourt, Laon, Aisne, Hauts-de-France, Metropolitan France, France	3.1063635	49.4908953	3.1914180	49.5290252	Q669867	fr:Blérancourt	
Liévin		relation	1175407	boundary	administrative	2.7744659	50.4229296	16	0.595464073439185		Liévin	Lens	Metropolitan France	France	fr	Liévin, Lens, Pas-de-Calais, Hauts-de-France, Metropolitan France, France	2.7353080	50.4041526	2.8050914	50.4417665	Q217841	fr:Liévin	
Chiapas	Estado de Chiapas,Чіапас,Чьяпас	relation	2556679	boundary	administrative	-92.2471387	16.2571239	8	0.595426362639492				Chiapas	Mexico	mx	Chiapas, Mexico	-94.1391560	14.5304956	-90.3714409	17.9852877	Q60123	es:Chiapas	
Corbeny		relation	2953076	boundary	administrative	3.8266682	49.4613174	16	0.595398065630001		Corbeny	Laon	Metropolitan France	France	fr	Corbeny, Laon, Aisne, Hauts-de-France, Metropolitan France, France	3.7889047	49.4406973	3.8622690	49.4819453	Q325469	fr:Corbeny	
Varna	Gemeinde Warna,Municipalité de Varna,Варна	relation	1404291	boundary	administrative	27.8589444	43.2009462	14	0.595313102958481			Varna	Varna	Bulgaria	bg	Varna, Varna, Bulgaria	27.7364152	43.0979284	28.0507670	43.3038187	Q6506	bg:Варна	
Krasnodar	ラスノダール,크라스노다르,Crasnodaria,Krasnodara,Krasnodaras,Krasznodar,كراسنودار,קרסנודאר,Κρασνοντάρ,Екатеринодар,Краснодар,კრასნოდარი,克拉斯诺达尔	relation	7373058	place	city	39.0635321	45.0938554	16	0.595294207751688		Krasnodar	Krasnodar Municipality	South federal district	Russia	ru	Krasnodar, Krasnodar Municipality, Krasnodar Krai, South federal district, Russia	38.6478637	44.9679582	39.3850758	45.2195943	Q3646	ru:Краснодар	
Vienne	Viena,Вьенна	relation	7377	boundary	administrative	0.4654070	46.6121165	12	0.595246946451638			Vienne	New Aquitaine	France	fr	Vienne, New Aquitaine, France	-0.1049763	46.0482926	1.2131908	47.1759223	Q12804	fr:Vienne (département)	
Hirson	Ирсон,Ірсон,伊尔松	relation	150399	boundary	administrative	4.0873509	49.9379348	16	0.595246946451638		Hirson	Vervins	Metropolitan France	France	fr	Hirson, Vervins, Aisne, Hauts-de-France, Metropolitan France, France	4.0525280	49.8968053	4.1737912	49.9790276	Q271090	fr:Hirson	
Molise	MOL,Molize,Молизе	relation	41256	boundary	administrative	14.6249424	41.7172271	8	0.595228032610519				Molise	Italy	it	Molise, Italy	13.9410152	41.3639622	15.1616820	42.0702848	Q1443	it:Molise	
Coucy-le-Château-Auffrique		relation	402695	boundary	administrative	3.3134458	49.5139927	16	0.595190188932737		Coucy-le-Château-Auffrique	Laon	Metropolitan France	France	fr	Coucy-le-Château-Auffrique, Laon, Aisne, Hauts-de-France, Metropolitan France, France	3.2859947	49.4963056	3.3497276	49.5316474	Q320260	fr:Coucy-le-Château-Auffrique	
Chambéry	Ciamberì	relation	74386	boundary	administrative	5.9019881	45.5821861	16	0.595152323907512		Chambéry	Chambéry	Auvergne-Rhône-Alpes	France	fr	Chambéry, Chambéry, Savoie, Auvergne-Rhône-Alpes, France	5.8712335	45.5480624	5.9414390	45.6164340	Q165090	fr:Chambéry	
Neufchâtel-sur-Aisne		relation	444902	boundary	administrative	4.0164882	49.4394418	16	0.595057567791145		Neufchâtel-sur-Aisne	Laon	Metropolitan France	France	fr	Neufchâtel-sur-Aisne, Laon, Aisne, Hauts-de-France, Metropolitan France, France	4.0074547	49.4248631	4.0437591	49.4538839	Q325831	fr:Neufchâtel-sur-Aisne	
Berry-au-Bac		relation	410422	boundary	administrative	3.8941170	49.4076589	16	0.594924684107529		Berry-au-Bac	Laon	Metropolitan France	France	fr	Berry-au-Bac, Laon, Aisne, Hauts-de-France, Metropolitan France, France	3.8623405	49.3929578	3.9267918	49.4223600	Q275022	fr:Berry-au-Bac	
Rozoy-sur-Serre	Розуа-сюр-Сер,Розуа-сюр-Серр,塞尔河畔罗祖瓦	relation	150381	boundary	administrative	4.1225873	49.7037305	16	0.594820090639442		Rozoy-sur-Serre	Vervins	Metropolitan France	France	fr	Rozoy-sur-Serre, Vervins, Aisne, Hauts-de-France, Metropolitan France, France	4.1013874	49.6760379	4.1682915	49.7313509	Q454555	fr:Rozoy-sur-Serre	
Prémontré		relation	2946612	boundary	administrative	3.4164274	49.5494996	16	0.594820090639442		Prémontré	Laon	Metropolitan France	France	fr	Prémontré, Laon, Aisne, Hauts-de-France, Metropolitan France, France	3.3894974	49.5279309	3.4400971	49.5707300	Q466669	fr:Prémontré	
Melun		relation	80071	boundary	administrative	2.6643610	48.5423466	16	0.594772494224141		Melun	Melun	Metropolitan France	France	fr	Melun, Melun, Seine-et-Marne, Ile-de-France, Metropolitan France, France	2.6284669	48.5235258	2.6820184	48.5607615	Q41139	fr:Melun	
Roucy		relation	1777905	boundary	administrative	3.8246569	49.3790415	16	0.59463904443528		Roucy	Laon	Metropolitan France	France	fr	Roucy, Laon, Aisne, Hauts-de-France, Metropolitan France, France	3.7927132	49.3567428	3.8395961	49.4011606	Q379174	fr:Roucy	
Voronezh	ГО Воронеж,городской округ Воронеж,городской округ Город Воронеж	relation	1144811	boundary	administrative	39.1860009	51.6787253	12	0.594572219918375			Voronezh	Central Federal District	Russia	ru	Voronezh, Voronezh Oblast, Central Federal District, Russia	39.0132338	51.4848656	39.6596479	51.9026192	Q3426	ru:Воронеж	
Voronezh	ヴォロネジ,Voronej,Voronež,Voroņeža,Voronežas,Vorónezh,Voronezj,Woronesch,Woroneż,Воронеж,沃罗涅日	relation	3536492	place	city	39.1860009	51.6787253	16	0.594572219918375		Voronezh	Voronezh	Central Federal District	Russia	ru	Voronezh, Voronezh, Voronezh Oblast, Central Federal District, Russia	39.0132338	51.4848656	39.6596479	51.9026192	Q3426	ru:Воронеж	
Fère-en-Tardenois	Фер-ан-Тарденуа	relation	2956632	boundary	administrative	3.5004612	49.1827889	16	0.594467075370203		Fère-en-Tardenois	Château-Thierry	Metropolitan France	France	fr	Fère-en-Tardenois, Château-Thierry, Aisne, Hauts-de-France, Metropolitan France, France	3.4777574	49.1262376	3.5504721	49.2387915	Q332026	fr:Fère-en-Tardenois	
Crécy-sur-Serre		relation	969359	boundary	administrative	3.6234054	49.6930004	16	0.59445750860304		Crécy-sur-Serre	Laon	Metropolitan France	France	fr	Crécy-sur-Serre, Laon, Aisne, Hauts-de-France, Metropolitan France, France	3.5787342	49.6628302	3.6588092	49.7231795	Q840977	fr:Crécy-sur-Serre	
Mâcon		relation	912201	boundary	administrative	4.8347483	46.3617461	16	0.594419227893883		Mâcon	Mâcon	Metropolitan France	France	fr	Mâcon, Mâcon, Saône-et-Loire, Bourgogne-Franche-Comté, Metropolitan France, France	4.7579668	46.2735288	4.8586299	46.3795653	Q174247	fr:Mâcon	
Tarbes	Tarba,Tarbas,Тарб	relation	159060	boundary	administrative	0.0637040	43.2388619	16	0.594419227893883		Tarbes	Tarbes	Metropolitan France	France	fr	Tarbes, Tarbes, Hautes-Pyrénées, Occitania, Metropolitan France, France	0.0375200	43.2125185	0.0931128	43.2649961	Q184023	fr:Tarbes	
Liesse-Notre-Dame		relation	2954021	boundary	administrative	3.8191500	49.6116133	16	0.59437134628711		Liesse-Notre-Dame	Laon	Metropolitan France	France	fr	Liesse-Notre-Dame, Laon, Aisne, Hauts-de-France, Metropolitan France, France	3.7961683	49.5910284	3.8570163	49.6321820	Q846716	fr:Liesse-Notre-Dame	
Anizy-le-Château		relation	969247	boundary	administrative	3.4431557	49.5052373	16	0.594352184076964		Anizy-le-Château	Laon	Metropolitan France	France	fr	Anizy-le-Château, Laon, Aisne, Hauts-de-France, Metropolitan France, France	3.3871802	49.4869762	3.4681514	49.5235093	Q840966	fr:Anizy-le-Château	
Treviso		relation	45511	boundary	administrative	12.2360518	45.6607816	16	0.594333016395027		Treviso	Treviso	Veneto	Italy	it	Treviso, Treviso, Veneto, Italy	12.1696756	45.6136502	12.2882486	45.7078497	Q5475	it:Treviso	
Northumberland		relation	88066	boundary	administrative	-2.0677894	55.2970562	12	0.594246694029027			Northumberland	England	United Kingdom	gb	Northumberland, North East England, England, United Kingdom	-2.6897851	54.7825099	-1.4602859	55.8116600	Q23079	en:Northumberland	
Ardennes	아르덴,アルデンヌ,อาร์แดน,Ardėnai,Ardenak,Ardenas,Ardenes,Årdenes,Ardēni,Ardensko,Ardeny,Arduenna,آردن,الأردين,ארדן,Арден,Ардени,Арденн,Арденне,Арденни,Арденны,Ардэны,Արդեններ,ლუარე,अ‍ॅर्देन,阿登省	relation	7395	boundary	administrative	4.6716005	49.6980117	12	0.594237095798985			Ardennes	Metropolitan France	France	fr	Ardennes, Grand Est, Metropolitan France, France	4.0246048	49.2268510	5.3940987	50.1693225	Q3164	fr:Ardennes (département)	
Bapaume		relation	1135472	boundary	administrative	2.8554257	50.1018426	16	0.594131424587385		Bapaume	Arras	Metropolitan France	France	fr	Bapaume, Arras, Pas-de-Calais, Hauts-de-France, Metropolitan France, France	2.8373306	50.0845909	2.8750915	50.1190894	Q317235	fr:Bapaume	
Colombo	콜롬보,โคลัมโบ,Kolombo,كولمبو,קולומבו,Коломбо,కొలంబో,கொழும்பு,කොළඹ,可倫坡	relation	16132	place	city	79.8654722	6.9219875	16	0.594112193754511		Colombo	Colombo District	Western Province	Sri Lanka	lk	Colombo, Colombo District, Western Province, Sri Lanka	79.8224500	6.8626355	79.8900031	6.9813595	Q35381	en:Colombo	
Folembray		relation	402056	boundary	administrative	3.2961117	49.5501671	16	0.59409295741058		Folembray	Laon	Metropolitan France	France	fr	Folembray, Laon, Aisne, Hauts-de-France, Metropolitan France, France	3.2689746	49.5252399	3.3102610	49.5748807	Q325677	fr:Folembray	
Ribemont	Рибмон,Рібмон,里布蒙	relation	153607	boundary	administrative	3.4581177	49.7853103	16	0.594054468176906		Ribemont	Saint-Quentin	Metropolitan France	France	fr	Ribemont, Saint-Quentin, Aisne, Hauts-de-France, Metropolitan France, France	3.4221502	49.7501137	3.5190898	49.8204872	Q326373	fr:Ribemont	
Samoussy		relation	153658	boundary	administrative	3.7461809	49.5906220	16	0.594025586761608		Samoussy	Laon	Metropolitan France	France	fr	Samoussy, Laon, Aisne, Hauts-de-France, Metropolitan France, France	3.6897974	49.5624829	3.7969913	49.6187718	Q325777	fr:Samoussy	
Albuquerque	ABQ	relation	171262	place	city	-106.6278791	35.0824375	16	0.593977423437673		Albuquerque		New Mexico	United States of America	us	Albuquerque, New Mexico, United States of America	-106.8821502	34.9467659	-106.4711289	35.2182030	Q34804	en:Albuquerque, New Mexico	
Coucy-la-Ville		relation	152237	boundary	administrative	3.3457183	49.5411724	16	0.593938867881365		Coucy-la-Ville	Laon	Metropolitan France	France	fr	Coucy-la-Ville, Laon, Aisne, Hauts-de-France, Metropolitan France, France	3.3143821	49.5273121	3.3681211	49.5554343	Q332042	fr:Coucy-la-Ville	
Salt Lake City		relation	198770	boundary	administrative	-111.9567776	40.7759249	16	0.593919581795415		Salt Lake City		Utah	United States of America	us	Salt Lake City, Utah, United States of America	-112.1016070	40.6998930	-111.7394760	40.8529700	Q23337	en:Salt Lake City	
Nizy-le-Comte		relation	2947114	boundary	administrative	4.0414206	49.5732709	16	0.593919581795415		Nizy-le-Comte	Laon	Metropolitan France	France	fr	Nizy-le-Comte, Laon, Aisne, Hauts-de-France, Metropolitan France, France	3.9929120	49.5324854	4.0767754	49.6140612	Q379101	fr:Nizy-le-Comte	
Braye-en-Laonnois		relation	150568	boundary	administrative	3.6105389	49.4368344	16	0.593909936674098		Braye-en-Laonnois	Laon	Metropolitan France	France	fr	Braye-en-Laonnois, Laon, Aisne, Hauts-de-France, Metropolitan France, France	3.5834538	49.4227817	3.6361207	49.4510315	Q332463	fr:Braye-en-Laonnois	
Lizy		relation	151097	boundary	administrative	3.4791119	49.5140968	16	0.593861690268163		Lizy	Laon	Metropolitan France	France	fr	Lizy, Laon, Aisne, Hauts-de-France, Metropolitan France, France	3.4626217	49.4997980	3.4914920	49.5283292	Q454562	fr:Lizy	
Camelin		relation	2949143	boundary	administrative	3.1378419	49.5241162	16	0.59384238199198		Camelin	Laon	Metropolitan France	France	fr	Camelin, Laon, Aisne, Hauts-de-France, Metropolitan France, France	3.0954706	49.5037529	3.1531113	49.5444730	Q322045	fr:Camelin	
Bruyères-et-Montbérault		relation	151074	boundary	administrative	3.6678728	49.5183334	16	0.593803748769798		Bruyères-et-Montbérault	Laon	Metropolitan France	France	fr	Bruyères-et-Montbérault, Laon, Aisne, Hauts-de-France, Metropolitan France, France	3.6445975	49.4816873	3.6949150	49.5549739	Q864652	fr:Bruyères-et-Montbérault	
Bourguignon-sous-Coucy		relation	1801076	boundary	administrative	3.1543445	49.5419227	16	0.593784423817401		Bourguignon-sous-Coucy	Laon	Metropolitan France	France	fr	Bourguignon-sous-Coucy, Laon, Aisne, Hauts-de-France, Metropolitan France, France	3.1392503	49.5317208	3.1764826	49.5517471	Q325433	fr:Bourguignon-sous-Coucy	
Murcia	Múrcia	relation	340611	boundary	administrative	-1.1131651	37.9347501	16	0.593745757213977		Murcia	Region of Murcia	Region of Murcia	Spain	es	Murcia, Region of Murcia, Region of Murcia, Spain	-1.3848335	37.7158719	-0.8508899	38.1179184	Q12225	es:Murcia	
Bourguignon-sous-Montbavin		relation	2947961	boundary	administrative	3.5364947	49.5282263	16	0.593697392616678		Bourguignon-sous-Montbavin	Laon	Metropolitan France	France	fr	Bourguignon-sous-Montbavin, Laon, Aisne, Hauts-de-France, Metropolitan France, France	3.5239800	49.5160197	3.5537447	49.5404002	Q854092	fr:Bourguignon-sous-Montbavin	
Cerny-en-Laonnois		relation	151090	boundary	administrative	3.6820330	49.4497187	16	0.593697392616678		Cerny-en-Laonnois	Laon	Metropolitan France	France	fr	Cerny-en-Laonnois, Laon, Aisne, Hauts-de-France, Metropolitan France, France	3.6557281	49.4346250	3.7038586	49.4639996	Q847903	fr:Cerny-en-Laonnois	
Bourg-et-Comin		relation	969268	boundary	administrative	3.6642700	49.4038315	16	0.593687715514133		Bourg-et-Comin	Laon	Metropolitan France	France	fr	Bourg-et-Comin, Laon, Aisne, Hauts-de-France, Metropolitan France, France	3.6335211	49.3886874	3.6794867	49.4188631	Q988664	fr:Bourg-et-Comin	
Guignicourt	Гиньикур,Гіньїкур,吉尼库尔	relation	416937	boundary	administrative	3.9618155	49.4441240	16	0.593687715514133		Guignicourt	Laon	Metropolitan France	France	fr	Guignicourt, Laon, Aisne, Hauts-de-France, Metropolitan France, France	3.9174560	49.4199957	3.9959539	49.4685594	Q379153	fr:Guignicourt	
Nouvion-et-Catillon		relation	447862	boundary	administrative	3.4977979	49.7068771	16	0.593678037016288		Nouvion-et-Catillon	Laon	Metropolitan France	France	fr	Nouvion-et-Catillon, Laon, Aisne, Hauts-de-France, Metropolitan France, France	3.4641426	49.6760389	3.5267338	49.7379556	Q871062	fr:Nouvion-et-Catillon	
Bohain-en-Vermandois	Боен-ан-Вермандоа,Боен-ан-Вермандуа,Боэн-ан-Вермандуа,博安昂韦尔芒多瓦	relation	150423	boundary	administrative	3.4611549	49.9887835	16	0.593678037016288		Bohain-en-Vermandois	Saint-Quentin	Metropolitan France	France	fr	Bohain-en-Vermandois, Saint-Quentin, Aisne, Hauts-de-France, Metropolitan France, France	3.4102234	49.9595977	3.5177668	50.0178805	Q271329	fr:Bohain-en-Vermandois	
Urcel		relation	2202429	boundary	administrative	3.5588934	49.4938700	16	0.593678037016288		Urcel	Laon	Metropolitan France	France	fr	Urcel, Laon, Aisne, Hauts-de-France, Metropolitan France, France	3.5377770	49.4767649	3.5772581	49.5104922	Q733028	fr:Urcel	
Pontavert		relation	969643	boundary	administrative	3.8155635	49.4187567	16	0.593668357122741		Pontavert	Laon	Metropolitan France	France	fr	Pontavert, Laon, Aisne, Hauts-de-France, Metropolitan France, France	3.7893938	49.3980095	3.8646418	49.4399816	Q869273	fr:Pontavert	
Cuiry-lès-Chaudardes		relation	969369	boundary	administrative	3.7616171	49.3919228	16	0.593668357122741		Cuiry-lès-Chaudardes	Laon	Metropolitan France	France	fr	Cuiry-lès-Chaudardes, Laon, Aisne, Hauts-de-France, Metropolitan France, France	3.7432820	49.3744150	3.7824285	49.4094609	Q847522	fr:Cuiry-lès-Chaudardes	
Piacenza		relation	43981	boundary	administrative	9.7266583	45.0528619	16	0.593658675833088		Piacenza	Piacenza	Emilia-Romagna	Italy	it	Piacenza, Piacenza, Emilia-Romagna, Italy	9.6005586	44.9923787	9.8252299	45.1132299	Q13329	it:Piacenza	
Guyencourt		relation	1777967	boundary	administrative	3.8396769	49.3579147	16	0.593658675833088		Guyencourt	Laon	Metropolitan France	France	fr	Guyencourt, Laon, Aisne, Hauts-de-France, Metropolitan France, France	3.8235918	49.3449751	3.8588054	49.3708036	Q989902	fr:Guyencourt	
Oulches-la-Vallée-Foulon		relation	2952135	boundary	administrative	3.7386088	49.4307733	16	0.593658675833088		Oulches-la-Vallée-Foulon	Laon	Metropolitan France	France	fr	Oulches-la-Vallée-Foulon, Laon, Aisne, Hauts-de-France, Metropolitan France, France	3.7182924	49.4192030	3.7627457	49.4419312	Q870241	fr:Oulches-la-Vallée-Foulon	
Villequier-Aumont		relation	153717	boundary	administrative	3.1992316	49.6600689	16	0.593648993146928		Villequier-Aumont	Laon	Metropolitan France	France	fr	Villequier-Aumont, Laon, Aisne, Hauts-de-France, Metropolitan France, France	3.1710449	49.6387830	3.2271162	49.6812759	Q868812	fr:Villequier-Aumont	
Saint-Erme-Outre-et-Ramecourt		relation	1029505	boundary	administrative	3.8604134	49.5218238	16	0.593648993146928		Saint-Erme-Outre-et-Ramecourt	Laon	Metropolitan France	France	fr	Saint-Erme-Outre-et-Ramecourt, Laon, Aisne, Hauts-de-France, Metropolitan France, France	3.8120786	49.4943536	3.9007598	49.5494415	Q371084	fr:Saint-Erme-Outre-et-Ramecourt	
Viry-Noureuil		relation	153723	boundary	administrative	3.2472831	49.6353783	16	0.593648993146928		Viry-Noureuil	Laon	Metropolitan France	France	fr	Viry-Noureuil, Laon, Aisne, Hauts-de-France, Metropolitan France, France	3.2176893	49.6018567	3.2785743	49.6691472	Q867323	fr:Viry-Noureuil	
Beautor		relation	150337	boundary	administrative	3.3449941	49.6470837	16	0.593648993146928		Beautor	Laon	Metropolitan France	France	fr	Beautor, Laon, Aisne, Hauts-de-France, Metropolitan France, France	3.3119534	49.6251776	3.3604427	49.6689993	Q843082	fr:Beautor	
Étouvelles		relation	416189	boundary	administrative	3.5850984	49.5171807	16	0.593639309063858		Étouvelles	Laon	Metropolitan France	France	fr	Étouvelles, Laon, Aisne, Hauts-de-France, Metropolitan France, France	3.5642372	49.5076690	3.5967794	49.5265686	Q849238	fr:Étouvelles	
Bouconville-Vauclair		relation	2953357	boundary	administrative	3.7600523	49.4605615	16	0.593639309063858		Bouconville-Vauclair	Laon	Metropolitan France	France	fr	Bouconville-Vauclair, Laon, Aisne, Hauts-de-France, Metropolitan France, France	3.7307495	49.4334336	3.7907287	49.4878279	Q864341	fr:Bouconville-Vauclair	
Royaucourt-et-Chailvet		relation	2202428	boundary	administrative	3.5358346	49.5122119	16	0.593639309063858		Royaucourt-et-Chailvet	Laon	Metropolitan France	France	fr	Royaucourt-et-Chailvet, Laon, Aisne, Hauts-de-France, Metropolitan France, France	3.5246187	49.4989900	3.5531399	49.5254420	Q869107	fr:Royaucourt-et-Chailvet	
Colligis-Crandelain		relation	413141	boundary	administrative	3.6322829	49.4697171	16	0.593629623583473		Colligis-Crandelain	Laon	Metropolitan France	France	fr	Colligis-Crandelain, Laon, Aisne, Hauts-de-France, Metropolitan France, France	3.6083121	49.4468024	3.6475699	49.4925958	Q847932	fr:Colligis-Crandelain	
Barenton-sur-Serre		relation	410256	boundary	administrative	3.6935255	49.6682493	16	0.593629623583473		Barenton-sur-Serre	Laon	Metropolitan France	France	fr	Barenton-sur-Serre, Laon, Aisne, Hauts-de-France, Metropolitan France, France	3.6616498	49.6523198	3.7242478	49.6841069	Q428084	fr:Barenton-sur-Serre	
Vaucelles-et-Beffecourt		relation	444869	boundary	administrative	3.5603989	49.5214517	16	0.593629623583473		Vaucelles-et-Beffecourt	Laon	Metropolitan France	France	fr	Vaucelles-et-Beffecourt, Laon, Aisne, Hauts-de-France, Metropolitan France, France	3.5422987	49.5094992	3.5745155	49.5332754	Q868285	fr:Vaucelles-et-Beffecourt	
Goudelancourt-lès-Pierrepont		relation	1628164	boundary	administrative	3.8424172	49.6788864	16	0.593629623583473		Goudelancourt-lès-Pierrepont	Laon	Metropolitan France	France	fr	Goudelancourt-lès-Pierrepont, Laon, Aisne, Hauts-de-France, Metropolitan France, France	3.8284040	49.6542030	3.8768650	49.7052980	Q846930	fr:Goudelancourt-lès-Pierrepont	
Neuville-sur-Ailette		relation	2953281	boundary	administrative	3.7005557	49.4702738	16	0.593629623583473		Neuville-sur-Ailette	Laon	Metropolitan France	France	fr	Neuville-sur-Ailette, Laon, Aisne, Hauts-de-France, Metropolitan France, France	3.6795654	49.4594170	3.7188745	49.4813398	Q871564	fr:Neuville-sur-Ailette	
Sons-et-Ronchères		relation	418077	boundary	administrative	3.6692767	49.7669460	16	0.593629623583473		Sons-et-Ronchères	Laon	Metropolitan France	France	fr	Sons-et-Ronchères, Laon, Aisne, Hauts-de-France, Metropolitan France, France	3.6445129	49.7472936	3.6916109	49.7864142	Q850117	fr:Sons-et-Ronchères	
Halle (Saale)	هاله	relation	62638	boundary	administrative	11.9693451	51.4741104	12	0.593629623583473			Halle (Saale)	Saxony-Anhalt	Germany	de	Halle (Saale), Saxony-Anhalt, Germany	11.8555117	51.4030728	12.0883744	51.5437203	Q2814	de:Halle (Saale)	
Vincy-Reuil-et-Magny		relation	153722	boundary	administrative	4.0472223	49.7150244	16	0.593629623583473		Vincy-Reuil-et-Magny	Vervins	Metropolitan France	France	fr	Vincy-Reuil-et-Magny, Vervins, Aisne, Hauts-de-France, Metropolitan France, France	4.0158693	49.6945257	4.0774852	49.7354987	Q749916	fr:Vincy-Reuil-et-Magny	
Vauxaillon	Воксайон,沃克赛永	relation	74046	boundary	administrative	3.4068083	49.4768161	16	0.593629623583473		Vauxaillon	Laon	Metropolitan France	France	fr	Vauxaillon, Laon, Aisne, Hauts-de-France, Metropolitan France, France	3.3737607	49.4581809	3.4431141	49.4953332	Q868218	fr:Vauxaillon	
Clacy-et-Thierret		relation	74126	boundary	administrative	3.5638426	49.5546513	16	0.593629623583473		Clacy-et-Thierret	Laon	Metropolitan France	France	fr	Clacy-et-Thierret, Laon, Aisne, Hauts-de-France, Metropolitan France, France	3.5467173	49.5425281	3.5834288	49.5669377	Q847885	fr:Clacy-et-Thierret	
Bois-lès-Pargny		relation	410437	boundary	administrative	3.6541398	49.7374312	16	0.593619936705372		Bois-lès-Pargny	Laon	Metropolitan France	France	fr	Bois-lès-Pargny, Laon, Aisne, Hauts-de-France, Metropolitan France, France	3.6291835	49.7152350	3.6841192	49.7613235	Q851431	fr:Bois-lès-Pargny	
Aubigny-en-Laonnois		relation	2952813	boundary	administrative	3.7914807	49.4945071	16	0.593619936705372		Aubigny-en-Laonnois	Laon	Metropolitan France	France	fr	Aubigny-en-Laonnois, Laon, Aisne, Hauts-de-France, Metropolitan France, France	3.7745912	49.4811341	3.8092807	49.5085913	Q864448	fr:Aubigny-en-Laonnois	
Béthancourt-en-Vaux		relation	2946473	boundary	administrative	3.1434849	49.6272665	16	0.59361024842915		Béthancourt-en-Vaux	Laon	Metropolitan France	France	fr	Béthancourt-en-Vaux, Laon, Aisne, Hauts-de-France, Metropolitan France, France	3.1163831	49.6145620	3.1588167	49.6402386	Q853632	fr:Béthancourt-en-Vaux	
Athies-sous-Laon		relation	406872	boundary	administrative	3.6870906	49.5752613	16	0.59361024842915		Athies-sous-Laon	Laon	Metropolitan France	France	fr	Athies-sous-Laon, Laon, Aisne, Hauts-de-France, Metropolitan France, France	3.6586166	49.5462162	3.7242364	49.6046099	Q383977	fr:Athies-sous-Laon	
Nouvion-le-Comte		relation	153466	boundary	administrative	3.4581764	49.7084135	16	0.593600558754404		Nouvion-le-Comte	Laon	Metropolitan France	France	fr	Nouvion-le-Comte, Laon, Aisne, Hauts-de-France, Metropolitan France, France	3.4397778	49.6897083	3.4778942	49.7270720	Q871672	fr:Nouvion-le-Comte	
Nouvion-le-Vineux		relation	74123	boundary	administrative	3.6024723	49.5106693	16	0.593600558754404		Nouvion-le-Vineux	Laon	Metropolitan France	France	fr	Nouvion-le-Vineux, Laon, Aisne, Hauts-de-France, Metropolitan France, France	3.5909970	49.4916112	3.6212939	49.5295456	Q870595	fr:Nouvion-le-Vineux	
Presles-et-Thierny		relation	448660	boundary	administrative	3.6259377	49.5126731	16	0.593600558754404		Presles-et-Thierny	Laon	Metropolitan France	France	fr	Presles-et-Thierny, Laon, Aisne, Hauts-de-France, Metropolitan France, France	3.5988443	49.4931610	3.6466303	49.5325150	Q869291	fr:Presles-et-Thierny	
Dizy-le-Gros		relation	150406	boundary	administrative	4.0105466	49.6350840	16	0.593600558754404		Dizy-le-Gros	Vervins	Metropolitan France	France	fr	Dizy-le-Gros, Vervins, Aisne, Hauts-de-France, Metropolitan France, France	3.9764755	49.6084477	4.0577433	49.6615849	Q427651	fr:Dizy-le-Gros	
Saint-Paul-aux-Bois		relation	969651	boundary	administrative	3.2071754	49.5463115	16	0.593600558754404		Saint-Paul-aux-Bois	Laon	Metropolitan France	France	fr	Saint-Paul-aux-Bois, Laon, Aisne, Hauts-de-France, Metropolitan France, France	3.1712946	49.5236057	3.2294471	49.5689694	Q846675	fr:Saint-Paul-aux-Bois	
Évergnicourt		relation	969375	boundary	administrative	4.0358995	49.4573044	16	0.593600558754404		Évergnicourt	Laon	Metropolitan France	France	fr	Évergnicourt, Laon, Aisne, Hauts-de-France, Metropolitan France, France	4.0096600	49.4339638	4.0684392	49.4808401	Q873567	fr:Évergnicourt	
Dercy		relation	969360	boundary	administrative	3.6883304	49.7124902	16	0.593590867680729		Dercy	Laon	Metropolitan France	France	fr	Dercy, Laon, Aisne, Hauts-de-France, Metropolitan France, France	3.6609994	49.6827165	3.7084449	49.7424054	Q919438	fr:Dercy	
Cuissy-et-Geny		relation	415693	boundary	administrative	3.7156520	49.4013916	16	0.593590867680729		Cuissy-et-Geny	Laon	Metropolitan France	France	fr	Cuissy-et-Geny, Laon, Aisne, Hauts-de-France, Metropolitan France, France	3.6765948	49.3858425	3.7317651	49.4168494	Q762437	fr:Cuissy-et-Geny	
Juvincourt-et-Damary		relation	969449	boundary	administrative	3.8910153	49.4504887	16	0.593590867680729		Juvincourt-et-Damary	Laon	Metropolitan France	France	fr	Juvincourt-et-Damary, Laon, Aisne, Hauts-de-France, Metropolitan France, France	3.8462661	49.4155903	3.9373862	49.4852932	Q840655	fr:Juvincourt-et-Damary	
Agnicourt-et-Séchelles		relation	1835596	boundary	administrative	3.9504383	49.7167883	16	0.593581175207723		Agnicourt-et-Séchelles	Laon	Metropolitan France	France	fr	Agnicourt-et-Séchelles, Laon, Aisne, Hauts-de-France, Metropolitan France, France	3.9306893	49.6921371	3.9970488	49.7413506	Q676741	fr:Agnicourt-et-Séchelles	
Servais		relation	153672	boundary	administrative	3.3434148	49.6190161	16	0.593581175207723		Servais	Laon	Metropolitan France	France	fr	Servais, Laon, Aisne, Hauts-de-France, Metropolitan France, France	3.3204915	49.6053785	3.3637124	49.6330695	Q846223	fr:Servais	
Quincy-Basse		relation	2066363	boundary	administrative	3.3854981	49.5091814	16	0.593581175207723		Quincy-Basse	Laon	Metropolitan France	France	fr	Quincy-Basse, Laon, Aisne, Hauts-de-France, Metropolitan France, France	3.3665635	49.4952213	3.3981470	49.5227879	Q867384	fr:Quincy-Basse	
Vorges		relation	153725	boundary	administrative	3.6524320	49.5182062	16	0.593581175207723		Vorges	Laon	Metropolitan France	France	fr	Vorges, Laon, Aisne, Hauts-de-France, Metropolitan France, France	3.6357653	49.5021186	3.6694715	49.5343896	Q868146	fr:Vorges	
Beaumont-en-Beine		relation	2952588	boundary	administrative	3.1327144	49.6878015	16	0.593581175207723		Beaumont-en-Beine	Laon	Metropolitan France	France	fr	Beaumont-en-Beine, Laon, Aisne, Hauts-de-France, Metropolitan France, France	3.1144615	49.6687841	3.1490888	49.7064855	Q853816	fr:Beaumont-en-Beine	
Vivaise		relation	420679	boundary	administrative	3.5658272	49.6238493	16	0.593571481334981		Vivaise	Laon	Metropolitan France	France	fr	Vivaise, Laon, Aisne, Hauts-de-France, Metropolitan France, France	3.5388873	49.6036218	3.5876933	49.6440866	Q868721	fr:Vivaise	
Vigneux-Hocquet		relation	153714	boundary	administrative	3.9918538	49.7423774	16	0.593571481334981		Vigneux-Hocquet	Vervins	Metropolitan France	France	fr	Vigneux-Hocquet, Vervins, Aisne, Hauts-de-France, Metropolitan France, France	3.9608452	49.7227032	4.0248357	49.7620995	Q867445	fr:Vigneux-Hocquet	
Tavaux-et-Pontséricourt		relation	1814965	boundary	administrative	3.9183130	49.7288792	16	0.593571481334981		Tavaux-et-Pontséricourt	Laon	Metropolitan France	France	fr	Tavaux-et-Pontséricourt, Laon, Aisne, Hauts-de-France, Metropolitan France, France	3.8843819	49.6967311	3.9636989	49.7610033	Q850201	fr:Tavaux-et-Pontséricourt	
Laval-en-Laonnois		relation	153048	boundary	administrative	3.5875072	49.5029046	16	0.593571481334981		Laval-en-Laonnois	Laon	Metropolitan France	France	fr	Laval-en-Laonnois, Laon, Aisne, Hauts-de-France, Metropolitan France, France	3.5622222	49.4920216	3.6099354	49.5141993	Q846358	fr:Laval-en-Laonnois	
Caillouël-Crépigny		relation	2946644	boundary	administrative	3.1226987	49.6172554	16	0.593571481334981		Caillouël-Crépigny	Laon	Metropolitan France	France	fr	Caillouël-Crépigny, Laon, Aisne, Hauts-de-France, Metropolitan France, France	3.0934742	49.6020728	3.1512921	49.6325524	Q848598	fr:Caillouël-Crépigny	
Guny		relation	153002	boundary	administrative	3.2661254	49.5116330	16	0.593571481334981		Guny	Laon	Metropolitan France	France	fr	Guny, Laon, Aisne, Hauts-de-France, Metropolitan France, France	3.2424163	49.4832035	3.2857467	49.5400368	Q1016704	fr:Guny	
Aguilcourt		relation	1778010	boundary	administrative	3.9669915	49.3954920	16	0.593571481334981		Aguilcourt	Laon	Metropolitan France	France	fr	Aguilcourt, Laon, Aisne, Hauts-de-France, Metropolitan France, France	3.9342851	49.3774998	3.9982030	49.4134410	Q369171	fr:Aguilcourt	
Autremencourt		relation	149352	boundary	administrative	3.7941939	49.7045595	16	0.593571481334981		Autremencourt	Laon	Metropolitan France	France	fr	Autremencourt, Laon, Aisne, Hauts-de-France, Metropolitan France, France	3.7665791	49.6862914	3.8199243	49.7230979	Q849848	fr:Autremencourt	
Aulnois-sous-Laon		relation	149348	boundary	administrative	3.6064712	49.6212701	16	0.593571481334981		Aulnois-sous-Laon	Laon	Metropolitan France	France	fr	Aulnois-sous-Laon, Laon, Aisne, Hauts-de-France, Metropolitan France, France	3.5804782	49.6019568	3.6414170	49.6405365	Q851559	fr:Aulnois-sous-Laon	
Bucy-lès-Pierrepont		relation	2953069	boundary	administrative	3.9004439	49.6495327	16	0.593561786062098		Bucy-lès-Pierrepont	Laon	Metropolitan France	France	fr	Bucy-lès-Pierrepont, Laon, Aisne, Hauts-de-France, Metropolitan France, France	3.8629702	49.6257681	3.9450273	49.6733266	Q849283	fr:Bucy-lès-Pierrepont	
Festieux		relation	152744	boundary	administrative	3.7603526	49.5255270	16	0.593561786062098		Festieux	Laon	Metropolitan France	France	fr	Festieux, Laon, Aisne, Hauts-de-France, Metropolitan France, France	3.7414378	49.5101644	3.7802898	49.5409453	Q839795	fr:Festieux	
Bucy-lès-Cerny		relation	412072	boundary	administrative	3.5026383	49.5799173	16	0.593561786062098		Bucy-lès-Cerny	Laon	Metropolitan France	France	fr	Bucy-lès-Cerny, Laon, Aisne, Hauts-de-France, Metropolitan France, France	3.4486611	49.5687061	3.5376242	49.5909133	Q599531	fr:Bucy-lès-Cerny	
Vesles-et-Caumont		relation	2144520	boundary	administrative	3.7849186	49.6767661	16	0.593561786062098		Vesles-et-Caumont	Laon	Metropolitan France	France	fr	Vesles-et-Caumont, Laon, Aisne, Hauts-de-France, Metropolitan France, France	3.7556567	49.6571229	3.8285310	49.6963257	Q868121	fr:Vesles-et-Caumont	
Résigny		relation	150389	boundary	administrative	4.2093257	49.7410731	16	0.593561786062098		Résigny	Vervins	Metropolitan France	France	fr	Résigny, Vervins, Aisne, Hauts-de-France, Metropolitan France, France	4.1869876	49.7224785	4.2324571	49.7597440	Q867476	fr:Résigny	
Saint-Nicolas-aux-Bois		relation	153626	boundary	administrative	3.4378935	49.6004318	16	0.59355208938867		Saint-Nicolas-aux-Bois	Laon	Metropolitan France	France	fr	Saint-Nicolas-aux-Bois, Laon, Aisne, Hauts-de-France, Metropolitan France, France	3.4169192	49.5779541	3.4609421	49.6226597	Q849932	fr:Saint-Nicolas-aux-Bois	
Pancy-Courtecon		relation	2951593	boundary	administrative	3.6521314	49.4629837	16	0.59355208938867		Pancy-Courtecon	Laon	Metropolitan France	France	fr	Pancy-Courtecon, Laon, Aisne, Hauts-de-France, Metropolitan France, France	3.6335650	49.4429251	3.6655035	49.4836345	Q870197	fr:Pancy-Courtecon	
Paissy		relation	2952095	boundary	administrative	3.7024384	49.4255746	16	0.59355208938867		Paissy	Laon	Metropolitan France	France	fr	Paissy, Laon, Aisne, Hauts-de-France, Metropolitan France, France	3.6759967	49.4070714	3.7239325	49.4442318	Q870785	fr:Paissy	
Clermont-les-Fermes		relation	2953012	boundary	administrative	3.9365090	49.6600247	16	0.59355208938867		Clermont-les-Fermes	Vervins	Metropolitan France	France	fr	Clermont-les-Fermes, Vervins, Aisne, Hauts-de-France, Metropolitan France, France	3.9215045	49.6381877	3.9685408	49.6822323	Q847631	fr:Clermont-les-Fermes	
Toulis-et-Attencourt		relation	2132505	boundary	administrative	3.7465650	49.6948826	16	0.59355208938867		Toulis-et-Attencourt	Laon	Metropolitan France	France	fr	Toulis-et-Attencourt, Laon, Aisne, Hauts-de-France, Metropolitan France, France	3.7170174	49.6805985	3.7750957	49.7094320	Q776271	fr:Toulis-et-Attencourt	
Frières-Faillouël		relation	945587	boundary	administrative	3.2366654	49.6839102	16	0.59355208938867		Frières-Faillouël	Laon	Metropolitan France	France	fr	Frières-Faillouël, Laon, Aisne, Hauts-de-France, Metropolitan France, France	3.2014315	49.6595056	3.2719754	49.7088072	Q1000211	fr:Frières-Faillouël	
Trucy		relation	74121	boundary	administrative	3.6117815	49.4720244	16	0.593542391314292		Trucy	Laon	Metropolitan France	France	fr	Trucy, Laon, Aisne, Hauts-de-France, Metropolitan France, France	3.5983372	49.4609652	3.6237016	49.4831486	Q868798	fr:Trucy	
Courtrizy-et-Fussigny		relation	2952556	boundary	administrative	3.7948384	49.5149912	16	0.593542391314292		Courtrizy-et-Fussigny	Laon	Metropolitan France	France	fr	Courtrizy-et-Fussigny, Laon, Aisne, Hauts-de-France, Metropolitan France, France	3.7747713	49.5061032	3.8155216	49.5243262	Q847561	fr:Courtrizy-et-Fussigny	
Pouilly-sur-Serre		relation	153493	boundary	administrative	3.5882766	49.6784158	16	0.593542391314292		Pouilly-sur-Serre	Laon	Metropolitan France	France	fr	Pouilly-sur-Serre, Laon, Aisne, Hauts-de-France, Metropolitan France, France	3.5585375	49.6598873	3.6113413	49.6968804	Q593179	fr:Pouilly-sur-Serre	
Amigny-Rouy		relation	149335	boundary	administrative	3.3071484	49.6106238	16	0.593542391314292		Amigny-Rouy	Laon	Metropolitan France	France	fr	Amigny-Rouy, Laon, Aisne, Hauts-de-France, Metropolitan France, France	3.2782345	49.5863626	3.3332566	49.6357885	Q853973	fr:Amigny-Rouy	
Variscourt		relation	420676	boundary	administrative	3.9799703	49.4157183	16	0.59353269183856		Variscourt	Laon	Metropolitan France	France	fr	Variscourt, Laon, Aisne, Hauts-de-France, Metropolitan France, France	3.9612960	49.3992442	4.0039587	49.4310957	Q867676	fr:Variscourt	
Ployart-et-Vaurseine		relation	2952326	boundary	administrative	3.7392476	49.4951838	16	0.59353269183856		Ployart-et-Vaurseine	Laon	Metropolitan France	France	fr	Ployart-et-Vaurseine, Laon, Aisne, Hauts-de-France, Metropolitan France, France	3.7165372	49.4792029	3.7548260	49.5111834	Q869486	fr:Ployart-et-Vaurseine	
Verneuil-sur-Serre		relation	422688	boundary	administrative	3.6773460	49.6452614	16	0.59353269183856		Verneuil-sur-Serre	Laon	Metropolitan France	France	fr	Verneuil-sur-Serre, Laon, Aisne, Hauts-de-France, Metropolitan France, France	3.6539016	49.6293309	3.7072610	49.6611656	Q637656	fr:Verneuil-sur-Serre	
Bassoles-Aulers		relation	2946418	boundary	administrative	3.3828780	49.5325826	16	0.59353269183856		Bassoles-Aulers	Laon	Metropolitan France	France	fr	Bassoles-Aulers, Laon, Aisne, Hauts-de-France, Metropolitan France, France	3.3592176	49.5171409	3.4055309	49.5479660	Q853775	fr:Bassoles-Aulers	
Bertaucourt-Epourdon		relation	150413	boundary	administrative	3.3943253	49.6280880	16	0.59353269183856		Bertaucourt-Epourdon	Laon	Metropolitan France	France	fr	Bertaucourt-Epourdon, Laon, Aisne, Hauts-de-France, Metropolitan France, France	3.3744117	49.6129205	3.4231407	49.6438295	Q853688	fr:Bertaucourt-Epourdon	
Andelain		relation	149340	boundary	administrative	3.3672764	49.6427650	16	0.593522990961069		Andelain	Laon	Metropolitan France	France	fr	Andelain, Laon, Aisne, Hauts-de-France, Metropolitan France, France	3.3513370	49.6318532	3.3859068	49.6535221	Q844190	fr:Andelain	
Trosly-Loire		relation	969676	boundary	administrative	3.2298452	49.5166231	16	0.593522990961069		Trosly-Loire	Laon	Metropolitan France	France	fr	Trosly-Loire, Laon, Aisne, Hauts-de-France, Metropolitan France, France	3.2074078	49.4785946	3.2522143	49.5547835	Q845780	fr:Trosly-Loire	
Bosmont-sur-Serre		relation	1530644	boundary	administrative	3.8637470	49.7377207	16	0.593522990961069		Bosmont-sur-Serre	Laon	Metropolitan France	France	fr	Bosmont-sur-Serre, Laon, Aisne, Hauts-de-France, Metropolitan France, France	3.8391614	49.7175625	3.8941889	49.7579058	Q849646	fr:Bosmont-sur-Serre	
Renneval		relation	153603	boundary	administrative	4.0412244	49.7378827	16	0.593522990961069		Renneval	Vervins	Metropolitan France	France	fr	Renneval, Vervins, Aisne, Hauts-de-France, Metropolitan France, France	4.0163107	49.7196752	4.0662406	49.7560170	Q735838	fr:Renneval	
Bayeux	Augustodurum	relation	145776	boundary	administrative	-0.7096027	49.2771233	16	0.593522990961069		Bayeux	Bayeux	Metropolitan France	France	fr	Bayeux, Bayeux, Calvados, Normandy, Metropolitan France, France	-0.7275672	49.2608124	-0.6757378	49.2934735	Q183910	fr:Bayeux	
Grandlup-et-Fay		relation	74135	boundary	administrative	3.7248493	49.6541944	16	0.593522990961069		Grandlup-et-Fay	Laon	Metropolitan France	France	fr	Grandlup-et-Fay, Laon, Aisne, Hauts-de-France, Metropolitan France, France	3.6934678	49.6230385	3.7823744	49.6848596	Q989856	fr:Grandlup-et-Fay	
Goudelancourt-lès-Berrieux		relation	2952759	boundary	administrative	3.8657499	49.4923091	16	0.593522990961069		Goudelancourt-lès-Berrieux	Laon	Metropolitan France	France	fr	Goudelancourt-lès-Berrieux, Laon, Aisne, Hauts-de-France, Metropolitan France, France	3.8271132	49.4800410	3.8871625	49.5046271	Q769196	fr:Goudelancourt-lès-Berrieux	
Gernicourt		relation	416216	boundary	administrative	3.8669365	49.3937179	18	0.593522990961069		Cormicy	Reims	Metropolitan France	France	fr	Gernicourt, Cormicy, Reims, Marne, Grand Est, Metropolitan France, France	3.8217900	49.3816901	3.8957502	49.4066990	Q847058	fr:Gernicourt	
Dohis		relation	152297	boundary	administrative	4.1427897	49.7659780	16	0.593513288681412		Dohis	Vervins	Metropolitan France	France	fr	Dohis, Vervins, Aisne, Hauts-de-France, Metropolitan France, France	4.1152488	49.7522438	4.1688807	49.7796875	Q847187	fr:Dohis	
Dagny-Lambercy		relation	152292	boundary	administrative	4.0419685	49.7682499	16	0.593513288681412		Dagny-Lambercy	Vervins	Metropolitan France	France	fr	Dagny-Lambercy, Vervins, Aisne, Hauts-de-France, Metropolitan France, France	4.0196371	49.7450149	4.0678107	49.7917611	Q847248	fr:Dagny-Lambercy	
Barenton-Bugny		relation	969262	boundary	administrative	3.6665112	49.6217991	16	0.593513288681412		Barenton-Bugny	Laon	Metropolitan France	France	fr	Barenton-Bugny, Laon, Aisne, Hauts-de-France, Metropolitan France, France	3.6175683	49.6027188	3.7048638	49.6407661	Q854163	fr:Barenton-Bugny	
Rouvroy-sur-Serre		relation	150387	boundary	administrative	4.1733006	49.7163274	16	0.593513288681412		Rouvroy-sur-Serre	Vervins	Metropolitan France	France	fr	Rouvroy-sur-Serre, Vervins, Aisne, Hauts-de-France, Metropolitan France, France	4.1611349	49.7012768	4.1931401	49.7313759	Q18203	fr:Rouvroy-sur-Serre	
Barenton-Cel		relation	410246	boundary	administrative	3.6440751	49.6471379	16	0.593513288681412		Barenton-Cel	Laon	Metropolitan France	France	fr	Barenton-Cel, Laon, Aisne, Hauts-de-France, Metropolitan France, France	3.6228297	49.6294512	3.6666369	49.6637528	Q853796	fr:Barenton-Cel	
Verneuil-sous-Coucy		relation	153710	boundary	administrative	3.3191004	49.5445654	16	0.593503584999185		Verneuil-sous-Coucy	Laon	Metropolitan France	France	fr	Verneuil-sous-Coucy, Laon, Aisne, Hauts-de-France, Metropolitan France, France	3.2994740	49.5307361	3.3379735	49.5583853	Q867260	fr:Verneuil-sous-Coucy	
Assis-sur-Serre		relation	149344	boundary	administrative	3.5526372	49.6787810	16	0.593503584999185		Assis-sur-Serre	Laon	Metropolitan France	France	fr	Assis-sur-Serre, Laon, Aisne, Hauts-de-France, Metropolitan France, France	3.5327788	49.6568066	3.5766301	49.7003990	Q991803	fr:Assis-sur-Serre	
Brancourt-en-Laonnois		relation	2946389	boundary	administrative	3.4141576	49.5168924	16	0.593503584999185		Brancourt-en-Laonnois	Laon	Metropolitan France	France	fr	Brancourt-en-Laonnois, Laon, Aisne, Hauts-de-France, Metropolitan France, France	3.3935659	49.5012756	3.4322490	49.5329885	Q864273	fr:Brancourt-en-Laonnois	
Anguilcourt-le-Sart		relation	149341	boundary	administrative	3.4323142	49.6968426	16	0.593503584999185		Anguilcourt-le-Sart	Laon	Metropolitan France	France	fr	Anguilcourt-le-Sart, Laon, Aisne, Hauts-de-France, Metropolitan France, France	3.3959793	49.6732821	3.4517693	49.7207692	Q854233	fr:Anguilcourt-le-Sart	
Froidmont-Cohartille		relation	969358	boundary	administrative	3.7188164	49.6793163	16	0.593503584999185		Froidmont-Cohartille	Laon	Metropolitan France	France	fr	Froidmont-Cohartille, Laon, Aisne, Hauts-de-France, Metropolitan France, France	3.6892174	49.6636935	3.7503931	49.6948918	Q1021450	fr:Froidmont-Cohartille	
Sinceny		relation	153677	boundary	administrative	3.2592977	49.5932088	16	0.593503584999185		Sinceny	Laon	Metropolitan France	France	fr	Sinceny, Laon, Aisne, Hauts-de-France, Metropolitan France, France	3.2257286	49.5704705	3.3078565	49.6156498	Q846247	fr:Sinceny	
Cuiry-lès-Iviers		relation	152250	boundary	administrative	4.1048589	49.7660952	16	0.593503584999185		Cuiry-lès-Iviers	Vervins	Metropolitan France	France	fr	Cuiry-lès-Iviers, Vervins, Aisne, Hauts-de-France, Metropolitan France, France	4.0866591	49.7530457	4.1232025	49.7791518	Q847183	fr:Cuiry-lès-Iviers	
Thiernu		relation	153692	boundary	administrative	3.7788808	49.7649319	16	0.593493879913982		Thiernu	Laon	Metropolitan France	France	fr	Thiernu, Laon, Aisne, Hauts-de-France, Metropolitan France, France	3.7593389	49.7494570	3.7995468	49.7803567	Q845788	fr:Thiernu	
Pargny-les-Bois		relation	153479	boundary	administrative	3.6167288	49.7313534	16	0.593493879913982		Pargny-les-Bois	Laon	Metropolitan France	France	fr	Pargny-les-Bois, Laon, Aisne, Hauts-de-France, Metropolitan France, France	3.5954887	49.7162690	3.6410192	49.7464931	Q518060	fr:Pargny-les-Bois	
Jumencourt		relation	969397	boundary	administrative	3.3506621	49.5150096	16	0.593493879913982		Jumencourt	Laon	Metropolitan France	France	fr	Jumencourt, Laon, Aisne, Hauts-de-France, Metropolitan France, France	3.3330627	49.4940708	3.3637708	49.5359576	Q846387	fr:Jumencourt	
Danizy		relation	152293	boundary	administrative	3.4021844	49.6656433	16	0.593493879913982		Danizy	Laon	Metropolitan France	France	fr	Danizy, Laon, Aisne, Hauts-de-France, Metropolitan France, France	3.3811175	49.6512203	3.4264340	49.6802144	Q847171	fr:Danizy	
Guivry		relation	196161	boundary	administrative	3.1207560	49.6504410	16	0.593493879913982		Guivry	Laon	Metropolitan France	France	fr	Guivry, Laon, Aisne, Hauts-de-France, Metropolitan France, France	3.0964125	49.6313348	3.1426962	49.6695472	Q872679	fr:Guivry	
Bertricourt		relation	1778024	boundary	administrative	4.0130294	49.3977038	16	0.593493879913982		Bertricourt	Laon	Metropolitan France	France	fr	Bertricourt, Laon, Aisne, Hauts-de-France, Metropolitan France, France	3.9908225	49.3853797	4.0323681	49.4097823	Q851531	fr:Bertricourt	
Chalandry		relation	151101	boundary	administrative	3.6466960	49.6697145	16	0.593484173425398		Chalandry	Laon	Metropolitan France	France	fr	Chalandry, Laon, Aisne, Hauts-de-France, Metropolitan France, France	3.6237206	49.6537090	3.6710376	49.6845456	Q844168	fr:Chalandry	
Besny-et-Loizy		relation	150416	boundary	administrative	3.5803152	49.5916208	16	0.593484173425398		Besny-et-Loizy	Laon	Metropolitan France	France	fr	Besny-et-Loizy, Laon, Aisne, Hauts-de-France, Metropolitan France, France	3.5518070	49.5702955	3.6039711	49.6125748	Q258321	fr:Besny-et-Loizy	
Couvron-et-Aumencourt		relation	152242	boundary	administrative	3.5226069	49.6465310	16	0.593484173425398		Couvron-et-Aumencourt	Laon	Metropolitan France	France	fr	Couvron-et-Aumencourt, Laon, Aisne, Hauts-de-France, Metropolitan France, France	3.4683754	49.6260882	3.5609151	49.6667059	Q841484	fr:Couvron-et-Aumencourt	
Brunehamel		relation	150394	boundary	administrative	4.1873985	49.7684052	16	0.593484173425398		Brunehamel	Vervins	Metropolitan France	France	fr	Brunehamel, Vervins, Aisne, Hauts-de-France, Metropolitan France, France	4.1619011	49.7513772	4.2139584	49.7858420	Q840138	fr:Brunehamel	
Erlon		relation	152306	boundary	administrative	3.7077680	49.7330281	16	0.593474465533026		Erlon	Laon	Metropolitan France	France	fr	Erlon, Laon, Aisne, Hauts-de-France, Metropolitan France, France	3.6816182	49.7141432	3.7334739	49.7518718	Q989844	fr:Erlon	
Commenchon		relation	152232	boundary	administrative	3.1494709	49.6416282	16	0.593474465533026		Commenchon	Laon	Metropolitan France	France	fr	Commenchon, Laon, Aisne, Hauts-de-France, Metropolitan France, France	3.1296092	49.6317240	3.1674455	49.6515458	Q766467	fr:Commenchon	
Bouffignereux		relation	1777964	boundary	administrative	3.8453434	49.3780390	16	0.593474465533026		Bouffignereux	Laon	Metropolitan France	France	fr	Bouffignereux, Laon, Aisne, Hauts-de-France, Metropolitan France, France	3.8329516	49.3635946	3.8610739	49.3916243	Q653254	fr:Bouffignereux	
Jumigny		relation	2952105	boundary	administrative	3.7243634	49.4079456	16	0.593474465533026		Jumigny	Laon	Metropolitan France	France	fr	Jumigny, Laon, Aisne, Hauts-de-France, Metropolitan France, France	3.7108620	49.3976582	3.7400337	49.4182301	Q636130	fr:Jumigny	
Gizy		relation	152986	boundary	administrative	3.7734320	49.6116900	16	0.593474465533026		Gizy	Laon	Metropolitan France	France	fr	Gizy, Laon, Aisne, Hauts-de-France, Metropolitan France, France	3.7325933	49.5933568	3.7995774	49.6300446	Q616120	fr:Gizy	
Concevreux		relation	152233	boundary	administrative	3.7920870	49.3780781	16	0.593474465533026		Concevreux	Laon	Metropolitan France	France	fr	Concevreux, Laon, Aisne, Hauts-de-France, Metropolitan France, France	3.7425702	49.3519180	3.8236948	49.4042557	Q369212	fr:Concevreux	
Leuilly-sous-Coucy		relation	74045	boundary	administrative	3.3509811	49.4753520	16	0.593474465533026		Leuilly-sous-Coucy	Laon	Metropolitan France	France	fr	Leuilly-sous-Coucy, Laon, Aisne, Hauts-de-France, Metropolitan France, France	3.3228423	49.4548255	3.3772966	49.4961479	Q846160	fr:Leuilly-sous-Coucy	
Selens		relation	2066368	boundary	administrative	3.2060191	49.4978135	16	0.593464756236461		Selens	Laon	Metropolitan France	France	fr	Selens, Laon, Aisne, Hauts-de-France, Metropolitan France, France	3.1788950	49.4791459	3.2246014	49.5158408	Q871251	fr:Selens	
Amifontaine		relation	2952094	boundary	administrative	3.9255574	49.4977293	16	0.593464756236461		Amifontaine	Laon	Metropolitan France	France	fr	Amifontaine, Laon, Aisne, Hauts-de-France, Metropolitan France, France	3.8796657	49.4627266	3.9638108	49.5328506	Q990689	fr:Amifontaine	
Laniscourt		relation	418042	boundary	administrative	3.5350644	49.5464150	16	0.593464756236461		Laniscourt	Laon	Metropolitan France	France	fr	Laniscourt, Laon, Aisne, Hauts-de-France, Metropolitan France, France	3.5113544	49.5375840	3.5556599	49.5546126	Q841623	fr:Laniscourt	
Fourdrain		relation	152759	boundary	administrative	3.4567531	49.6171412	16	0.593464756236461		Fourdrain	Laon	Metropolitan France	France	fr	Fourdrain, Laon, Aisne, Hauts-de-France, Metropolitan France, France	3.4280508	49.5961901	3.4855047	49.6377498	Q840566	fr:Fourdrain	
Bichancourt		relation	150417	boundary	administrative	3.2109452	49.5777783	16	0.593464756236461		Bichancourt	Laon	Metropolitan France	France	fr	Bichancourt, Laon, Aisne, Hauts-de-France, Metropolitan France, France	3.1905639	49.5625179	3.2365896	49.5946709	Q864630	fr:Bichancourt	
Noircourt		relation	153465	boundary	administrative	4.0945925	49.6691354	16	0.593464756236461		Noircourt	Vervins	Metropolitan France	France	fr	Noircourt, Vervins, Aisne, Hauts-de-France, Metropolitan France, France	4.0743076	49.6515649	4.1151729	49.6867650	Q872102	fr:Noircourt	
Ébouleau		relation	1589521	boundary	administrative	3.8716667	49.6783093	16	0.593464756236461		Ébouleau	Laon	Metropolitan France	France	fr	Ébouleau, Laon, Aisne, Hauts-de-France, Metropolitan France, France	3.8506499	49.6557971	3.9240778	49.7007572	Q1000137	fr:Ébouleau	
Orainville		relation	1778053	boundary	administrative	4.0164979	49.3759386	16	0.593464756236461		Orainville	Laon	Metropolitan France	France	fr	Orainville, Laon, Aisne, Hauts-de-France, Metropolitan France, France	3.9867888	49.3584915	4.0379966	49.3934900	Q869712	fr:Orainville	
Vassogne		relation	2952117	boundary	administrative	3.7276777	49.4203669	16	0.593455045535296		Vassogne	Laon	Metropolitan France	France	fr	Vassogne, Laon, Aisne, Hauts-de-France, Metropolitan France, France	3.7123506	49.4107892	3.7461437	49.4292278	Q739772	fr:Vassogne	
Vendresse-Beaulne		relation	2951676	boundary	administrative	3.6570870	49.4313378	16	0.593455045535296		Vendresse-Beaulne	Laon	Metropolitan France	France	fr	Vendresse-Beaulne, Laon, Aisne, Hauts-de-France, Metropolitan France, France	3.6273728	49.4181348	3.6989731	49.4447693	Q867571	fr:Vendresse-Beaulne	
Lierval		relation	74122	boundary	administrative	3.6217213	49.4879301	16	0.593455045535296		Lierval	Laon	Metropolitan France	France	fr	Lierval, Laon, Aisne, Hauts-de-France, Metropolitan France, France	3.6026068	49.4764253	3.6413026	49.4993835	Q784551	fr:Lierval	
Deuillet		relation	152295	boundary	administrative	3.3637281	49.6273665	16	0.593455045535296		Deuillet	Laon	Metropolitan France	France	fr	Deuillet, Laon, Aisne, Hauts-de-France, Metropolitan France, France	3.3368188	49.6149219	3.3768852	49.6392877	Q849360	fr:Deuillet	
Ugny-le-Gay		relation	153697	boundary	administrative	3.1564295	49.6623361	16	0.593445333429124		Ugny-le-Gay	Laon	Metropolitan France	France	fr	Ugny-le-Gay, Laon, Aisne, Hauts-de-France, Metropolitan France, France	3.1342899	49.6494893	3.1794048	49.6751648	Q867712	fr:Ugny-le-Gay	
Cuirieux		relation	2132500	boundary	administrative	3.8170215	49.6835200	16	0.593445333429124		Cuirieux	Laon	Metropolitan France	France	fr	Cuirieux, Laon, Aisne, Hauts-de-France, Metropolitan France, France	3.7995638	49.6665439	3.8412630	49.7004670	Q849729	fr:Cuirieux	
Seraucourt-le-Grand		relation	2949526	boundary	administrative	3.2184740	49.7823318	16	0.593445333429124		Seraucourt-le-Grand	Saint-Quentin	Metropolitan France	France	fr	Seraucourt-le-Grand, Saint-Quentin, Aisne, Hauts-de-France, Metropolitan France, France	3.1782876	49.7627538	3.2536459	49.8018155	Q457056	fr:Seraucourt-le-Grand	
Berlise		relation	150378	boundary	administrative	4.1117526	49.6632661	16	0.593445333429124		Berlise	Vervins	Metropolitan France	France	fr	Berlise, Vervins, Aisne, Hauts-de-France, Metropolitan France, France	4.0934398	49.6412923	4.1272635	49.6844011	Q851514	fr:Berlise	
Parfondru		relation	422726	boundary	administrative	3.7050682	49.5401654	16	0.593445333429124		Parfondru	Laon	Metropolitan France	France	fr	Parfondru, Laon, Aisne, Hauts-de-France, Metropolitan France, France	3.6820386	49.5177069	3.7301288	49.5624203	Q549975	fr:Parfondru	
Proviseux-et-Plesnoy		relation	2952044	boundary	administrative	4.0112665	49.4768056	16	0.593435619917539		Proviseux-et-Plesnoy	Laon	Metropolitan France	France	fr	Proviseux-et-Plesnoy, Laon, Aisne, Hauts-de-France, Metropolitan France, France	3.9941501	49.4517171	4.0415538	49.5012342	Q868131	fr:Proviseux-et-Plesnoy	
Raillimont		relation	150385	boundary	administrative	4.1566283	49.7028149	16	0.593435619917539		Raillimont	Vervins	Metropolitan France	France	fr	Raillimont, Vervins, Aisne, Hauts-de-France, Metropolitan France, France	4.1371898	49.6907732	4.1851365	49.7148002	Q869058	fr:Raillimont	
Dolignon		relation	152298	boundary	administrative	4.0853439	49.7291519	16	0.593435619917539		Dolignon	Vervins	Metropolitan France	France	fr	Dolignon, Vervins, Aisne, Hauts-de-France, Metropolitan France, France	4.0730101	49.7137774	4.1016564	49.7450762	Q847069	fr:Dolignon	
Travecy		relation	153695	boundary	administrative	3.3419825	49.6853229	16	0.593425905000135		Travecy	Laon	Metropolitan France	France	fr	Travecy, Laon, Aisne, Hauts-de-France, Metropolitan France, France	3.3107633	49.6653328	3.3801207	49.7046182	Q988675	fr:Travecy	
Berrieux		relation	2952951	boundary	administrative	3.8528080	49.4824689	16	0.593425905000135		Berrieux	Laon	Metropolitan France	France	fr	Berrieux, Laon, Aisne, Hauts-de-France, Metropolitan France, France	3.8300532	49.4696392	3.8775331	49.4960710	Q853648	fr:Berrieux	
Grandrieux		relation	150388	boundary	administrative	4.1843979	49.7314261	16	0.593425905000135		Grandrieux	Vervins	Metropolitan France	France	fr	Grandrieux, Vervins, Aisne, Hauts-de-France, Metropolitan France, France	4.1676462	49.7156273	4.2046249	49.7468022	Q1020274	fr:Grandrieux	
Wissignicourt		relation	2947170	boundary	administrative	3.4365113	49.5287060	16	0.593425905000135		Wissignicourt	Laon	Metropolitan France	France	fr	Wissignicourt, Laon, Aisne, Hauts-de-France, Metropolitan France, France	3.4182241	49.5095796	3.4723129	49.5476523	Q868270	fr:Wissignicourt	
Biarritz	Biàrrits,Биарриц,Біарріц	relation	166717	boundary	administrative	-1.5527266	43.4711437	16	0.593416188676504		Biarritz	Bayonne	New Aquitaine	France	fr	Biarritz, Bayonne, Pyrénées-Atlantiques, New Aquitaine, France	-1.5773907	43.4475697	-1.5343916	43.4945381	Q132790	fr:Biarritz	
Pargnan		relation	447167	boundary	administrative	3.7047337	49.3928221	16	0.593416188676504		Pargnan	Laon	Metropolitan France	France	fr	Pargnan, Laon, Aisne, Hauts-de-France, Metropolitan France, France	3.6837881	49.3835818	3.7183922	49.4025560	Q869664	fr:Pargnan	
Vassens		relation	2950481	boundary	administrative	3.1550172	49.4746513	16	0.593406470946239		Vassens	Soissons	Metropolitan France	France	fr	Vassens, Soissons, Aisne, Hauts-de-France, Metropolitan France, France	3.1298283	49.4541106	3.1816187	49.4948305	Q1021547	fr:Vassens	
Courbes		relation	152239	boundary	administrative	3.4594690	49.6801263	16	0.593396751808933		Courbes	Laon	Metropolitan France	France	fr	Courbes, Laon, Aisne, Hauts-de-France, Metropolitan France, France	3.4397940	49.6681341	3.4732456	49.6927883	Q1020225	fr:Courbes	
Audignicourt		relation	2950430	boundary	administrative	3.1252910	49.4779235	16	0.593396751808933		Audignicourt	Soissons	Metropolitan France	France	fr	Audignicourt, Soissons, Aisne, Hauts-de-France, Metropolitan France, France	3.1053252	49.4618856	3.1481118	49.4938156	Q745179	fr:Audignicourt	
Rogécourt		relation	153614	boundary	administrative	3.4143147	49.6491618	16	0.593396751808933		Rogécourt	Laon	Metropolitan France	France	fr	Rogécourt, Laon, Aisne, Hauts-de-France, Metropolitan France, France	3.3964983	49.6346872	3.4318246	49.6638402	Q868156	fr:Rogécourt	
Sainte-Preuve		relation	2953995	boundary	administrative	3.9018146	49.6192837	16	0.593396751808933		Sainte-Preuve	Laon	Metropolitan France	France	fr	Sainte-Preuve, Laon, Aisne, Hauts-de-France, Metropolitan France, France	3.8765859	49.6006808	3.9461377	49.6373161	Q846733	fr:Sainte-Preuve	
Fressancourt		relation	152766	boundary	administrative	3.4271498	49.6288454	16	0.593396751808933		Fressancourt	Laon	Metropolitan France	France	fr	Fressancourt, Laon, Aisne, Hauts-de-France, Metropolitan France, France	3.4120959	49.6196820	3.4451989	49.6382133	Q875456	fr:Fressancourt	
Faucoucourt		relation	2947577	boundary	administrative	3.4630334	49.5310858	16	0.593396751808933		Faucoucourt	Laon	Metropolitan France	France	fr	Faucoucourt, Laon, Aisne, Hauts-de-France, Metropolitan France, France	3.4408181	49.5168027	3.4980909	49.5451616	Q873542	fr:Faucoucourt	
Vic-sur-Aisne	Вик-сюр-Эн,Вік-сюр-Ен,埃纳河畔维克	relation	1809448	boundary	administrative	3.1099135	49.4125237	16	0.593387031264178		Vic-sur-Aisne	Soissons	Metropolitan France	France	fr	Vic-sur-Aisne, Soissons, Aisne, Hauts-de-France, Metropolitan France, France	3.0934192	49.3980664	3.1279376	49.4269455	Q990682	fr:Vic-sur-Aisne	
Lislet		relation	153120	boundary	administrative	4.0199242	49.6744878	16	0.593387031264178		Lislet	Vervins	Metropolitan France	France	fr	Lislet, Vervins, Aisne, Hauts-de-France, Metropolitan France, France	3.9968346	49.6586120	4.0427312	49.6938802	Q869787	fr:Lislet	
Septvaux		relation	1694459	boundary	administrative	3.3873384	49.5701950	16	0.593387031264178		Septvaux	Laon	Metropolitan France	France	fr	Septvaux, Laon, Aisne, Hauts-de-France, Metropolitan France, France	3.3537356	49.5557285	3.4175414	49.5851684	Q850367	fr:Septvaux	
Oulchy-le-Château		relation	447983	boundary	administrative	3.3888840	49.2082425	16	0.593387031264178		Oulchy-le-Château	Soissons	Metropolitan France	France	fr	Oulchy-le-Château, Soissons, Aisne, Hauts-de-France, Metropolitan France, France	3.3418931	49.1854981	3.4234864	49.2312704	Q840984	fr:Oulchy-le-Château	
Prouvais		relation	2952086	boundary	administrative	3.9727647	49.4794770	16	0.593377309311567		Prouvais	Laon	Metropolitan France	France	fr	Prouvais, Laon, Aisne, Hauts-de-France, Metropolitan France, France	3.9364040	49.4526647	4.0032557	49.5073091	Q868843	fr:Prouvais	
Neuflieux		relation	2946393	boundary	administrative	3.1613471	49.6169420	16	0.593377309311567		Neuflieux	Laon	Metropolitan France	France	fr	Neuflieux, Laon, Aisne, Hauts-de-France, Metropolitan France, France	3.1456690	49.6095336	3.1733452	49.6243142	Q869811	fr:Neuflieux	
Lappion		relation	2952361	boundary	administrative	3.9654331	49.5926451	16	0.593348135002515		Lappion	Laon	Metropolitan France	France	fr	Lappion, Laon, Aisne, Hauts-de-France, Metropolitan France, France	3.9288395	49.5623190	4.0090342	49.6233034	Q783599	fr:Lappion	
Vailly-sur-Aisne		relation	444877	boundary	administrative	3.5222735	49.4127709	16	0.593348135002515		Vailly-sur-Aisne	Soissons	Metropolitan France	France	fr	Vailly-sur-Aisne, Soissons, Aisne, Hauts-de-France, Metropolitan France, France	3.4859972	49.3932586	3.5490983	49.4312316	Q589513	fr:Vailly-sur-Aisne	
Chivy-lès-Étouvelles		relation	412160	boundary	administrative	3.5874842	49.5336279	16	0.593299482958863		Chivy-lès-Étouvelles	Laon	Metropolitan France	France	fr	Chivy-lès-Étouvelles, Laon, Aisne, Hauts-de-France, Metropolitan France, France	3.5664703	49.5220598	3.6017483	49.5450221	Q847256	fr:Chivy-lès-Étouvelles	
Pont-Saint-Mard		relation	969576	boundary	administrative	3.2786157	49.4966337	16	0.59327027479754		Pont-Saint-Mard	Laon	Metropolitan France	France	fr	Pont-Saint-Mard, Laon, Aisne, Hauts-de-France, Metropolitan France, France	3.2565799	49.4782156	3.3004160	49.5151518	Q870527	fr:Pont-Saint-Mard	
Landes	Landas,Ланды	relation	7376	boundary	administrative	-0.6433873	44.0099694	12	0.593250795626861			Landes	New Aquitaine	France	fr	Landes, New Aquitaine, France	-1.5333764	43.4874507	0.1366210	44.5323827	Q12563	fr:Landes (département)	
Coucy-lès-Eppes		relation	415675	boundary	administrative	3.7739823	49.5560642	16	0.593241053921353		Coucy-lès-Eppes	Laon	Metropolitan France	France	fr	Coucy-lès-Eppes, Laon, Aisne, Hauts-de-France, Metropolitan France, France	3.7540354	49.5427099	3.8079405	49.5692520	Q991750	fr:Coucy-lès-Eppes	
Chéry-lès-Pouilly		relation	151117	boundary	administrative	3.5887858	49.6483684	16	0.593231310801852		Chéry-lès-Pouilly	Laon	Metropolitan France	France	fr	Chéry-lès-Pouilly, Laon, Aisne, Hauts-de-France, Metropolitan France, France	3.5492692	49.6245053	3.6275628	49.6717177	Q840721	fr:Chéry-lès-Pouilly	
Arrancy		relation	406831	boundary	administrative	3.7649414	49.4984949	16	0.593202072955282		Arrancy	Laon	Metropolitan France	France	fr	Arrancy, Laon, Aisne, Hauts-de-France, Metropolitan France, France	3.7479575	49.4825394	3.7814048	49.5146686	Q853850	fr:Arrancy	
Condé-sur-Suippe		relation	415673	boundary	administrative	3.9432316	49.4148153	16	0.593192324175701		Condé-sur-Suippe	Laon	Metropolitan France	France	fr	Condé-sur-Suippe, Laon, Aisne, Hauts-de-France, Metropolitan France, France	3.9231807	49.3984677	3.9655503	49.4310622	Q847165	fr:Condé-sur-Suippe	
Chivres-en-Laonnois		relation	2954012	boundary	administrative	3.8602181	49.6255342	16	0.593182573980072		Chivres-en-Laonnois	Laon	Metropolitan France	France	fr	Chivres-en-Laonnois, Laon, Aisne, Hauts-de-France, Metropolitan France, France	3.8190818	49.6067471	3.8958936	49.6443756	Q847360	fr:Chivres-en-Laonnois	
Aubenton		relation	149346	boundary	administrative	4.1857321	49.8251498	16	0.593182573980072		Aubenton	Vervins	Metropolitan France	France	fr	Aubenton, Vervins, Aisne, Hauts-de-France, Metropolitan France, France	4.1532798	49.7839440	4.2321773	49.8669141	Q274692	fr:Aubenton	
Châtillon-lès-Sons		relation	151108	boundary	administrative	3.7051791	49.7631396	16	0.593172822367985		Châtillon-lès-Sons	Laon	Metropolitan France	France	fr	Châtillon-lès-Sons, Laon, Aisne, Hauts-de-France, Metropolitan France, France	3.6675827	49.7431103	3.7297905	49.7826577	Q847474	fr:Châtillon-lès-Sons	
Chamouille		relation	151103	boundary	administrative	3.6714258	49.4723294	16	0.593172822367985		Chamouille	Laon	Metropolitan France	France	fr	Chamouille, Laon, Aisne, Hauts-de-France, Metropolitan France, France	3.6565729	49.4610688	3.6856315	49.4836004	Q784241	fr:Chamouille	
Chevregny		relation	448668	boundary	administrative	3.5909198	49.4707442	16	0.593153314892785		Chevregny	Laon	Metropolitan France	France	fr	Chevregny, Laon, Aisne, Hauts-de-France, Metropolitan France, France	3.5740109	49.4447795	3.6162178	49.4953853	Q546702	fr:Chevregny	
Condé-en-Brie		relation	2743135	boundary	administrative	3.5684484	48.9998025	16	0.593153314892785		Condé-en-Brie	Château-Thierry	Metropolitan France	France	fr	Condé-en-Brie, Château-Thierry, Aisne, Hauts-de-France, Metropolitan France, France	3.5355939	48.9848919	3.5848059	49.0146270	Q244584	fr:Condé-en-Brie	
Tyrol	Tirol,Tirolis,Tirolo,Tirolsko,Τιρόλο,Тирол,Тироль,Тіроль,Ціроль	node	240122485	place	state	11.5261028	47.2231929	8	0.59314355902885					Austria	at	Tyrol, Austria	11.5261028	47.2231929	11.5261028	47.2231929	Q153809	de:Tirol	
Cerny-lès-Bucy		relation	151091	boundary	administrative	3.5473437	49.5791581	16	0.59314355902885		Cerny-lès-Bucy	Laon	Metropolitan France	France	fr	Cerny-lès-Bucy, Laon, Aisne, Hauts-de-France, Metropolitan France, France	3.5296367	49.5698111	3.5637398	49.5884709	Q848588	fr:Cerny-lès-Bucy	
Craonnelle		relation	152244	boundary	administrative	3.7814878	49.4247449	16	0.59314355902885		Craonnelle	Laon	Metropolitan France	France	fr	Craonnelle, Laon, Aisne, Hauts-de-France, Metropolitan France, France	3.7521420	49.4105737	3.8004020	49.4389683	Q847144	fr:Craonnelle	
Longpont		relation	73962	boundary	administrative	3.2164507	49.2856986	16	0.593133801746809		Longpont	Soissons	Metropolitan France	France	fr	Longpont, Soissons, Aisne, Hauts-de-France, Metropolitan France, France	3.1892134	49.2614895	3.2510461	49.3098940	Q473977	fr:Longpont	
Chaillevois		relation	151093	boundary	administrative	3.5215976	49.5086544	16	0.593133801746809		Chaillevois	Laon	Metropolitan France	France	fr	Chaillevois, Laon, Aisne, Hauts-de-France, Metropolitan France, France	3.5122194	49.4977130	3.5339588	49.5194844	Q847241	fr:Chaillevois	
Crécy-au-Mont		relation	152245	boundary	administrative	3.3131200	49.4841520	16	0.593114282926756		Crécy-au-Mont	Laon	Metropolitan France	France	fr	Crécy-au-Mont, Laon, Aisne, Hauts-de-France, Metropolitan France, France	3.2876774	49.4637015	3.3405323	49.5054508	Q847513	fr:Crécy-au-Mont	
Pignicourt		relation	153486	boundary	administrative	4.0282680	49.4064124	16	0.593094758429327		Pignicourt	Laon	Metropolitan France	France	fr	Pignicourt, Laon, Aisne, Hauts-de-France, Metropolitan France, France	3.9958673	49.3842237	4.0501174	49.4286866	Q660625	fr:Pignicourt	
Cessières		relation	151092	boundary	administrative	3.5038564	49.5563182	16	0.593084994050564		Cessières	Laon	Metropolitan France	France	fr	Cessières, Laon, Aisne, Hauts-de-France, Metropolitan France, France	3.4645020	49.5381759	3.5322210	49.5746172	Q849565	fr:Cessières	
Chérêt		relation	448664	boundary	administrative	3.6886474	49.5145426	16	0.593065461030875		Chérêt	Laon	Metropolitan France	France	fr	Chérêt, Laon, Aisne, Hauts-de-France, Metropolitan France, France	3.6692857	49.5022029	3.7062836	49.5270190	Q849307	fr:Chérêt	
Chaudardes		relation	969289	boundary	administrative	3.7861262	49.3965542	16	0.593065461030875		Chaudardes	Laon	Metropolitan France	France	fr	Chaudardes, Laon, Aisne, Hauts-de-France, Metropolitan France, France	3.7689723	49.3817961	3.8066020	49.4117311	Q849202	fr:Chaudardes	
Charly-sur-Marne		relation	2952988	boundary	administrative	3.2918528	48.9875581	16	0.593055692389122		Charly-sur-Marne	Château-Thierry	Metropolitan France	France	fr	Charly-sur-Marne, Château-Thierry, Aisne, Hauts-de-France, Metropolitan France, France	3.2555674	48.9375499	3.3316859	49.0269817	Q840923	fr:Charly-sur-Marne	
Chermizy-Ailles		relation	2953347	boundary	administrative	3.7301449	49.4643772	16	0.593045922325545		Chermizy-Ailles	Laon	Metropolitan France	France	fr	Chermizy-Ailles, Laon, Aisne, Hauts-de-France, Metropolitan France, France	3.6943431	49.4412137	3.7443989	49.4865861	Q847193	fr:Chermizy-Ailles	
Pierremande		relation	153483	boundary	administrative	3.2588279	49.5663397	16	0.593045922325545		Pierremande	Laon	Metropolitan France	France	fr	Pierremande, Laon, Aisne, Hauts-de-France, Metropolitan France, France	3.2222133	49.5513245	3.2848127	49.5811934	Q869164	fr:Pierremande	
Chaourse		relation	151104	boundary	administrative	3.9854824	49.7032988	16	0.59303615083973		Chaourse	Vervins	Metropolitan France	France	fr	Chaourse, Vervins, Aisne, Hauts-de-France, Metropolitan France, France	3.9433370	49.6739144	4.0263538	49.7324414	Q849752	fr:Chaourse	
Condren		relation	152234	boundary	administrative	3.2787557	49.6331278	16	0.593026377931263		Condren	Laon	Metropolitan France	France	fr	Condren, Laon, Aisne, Hauts-de-France, Metropolitan France, France	3.2606214	49.6118372	3.2930428	49.6544141	Q847459	fr:Condren	
Delft		relation	271202	boundary	administrative	4.3627245	51.9994572	20	0.593026377931263		Delft	Metropoolregio Rotterdam Den Haag	Netherlands	The Netherlands	nl	Delft, Delft, Metropoolregio Rotterdam Den Haag, South Holland, Netherlands	4.3202178	51.9663163	4.4079108	52.0325988	Q690	nl:Delft	
Delft		relation	324269	boundary	administrative	4.3627245	51.9994572	16	0.593026377931263		Delft	Metropoolregio Rotterdam Den Haag	Netherlands	The Netherlands	nl	Delft, Metropoolregio Rotterdam Den Haag, South Holland, Netherlands	4.3202178	51.9663163	4.4079108	52.0325988	Q690	nl:Delft	
Wassigny		relation	153729	boundary	administrative	3.5995625	50.0168559	16	0.593016603599729		Wassigny	Vervins	Metropolitan France	France	fr	Wassigny, Vervins, Aisne, Hauts-de-France, Metropolitan France, France	3.5756684	50.0038393	3.6279509	50.0313527	Q457078	fr:Wassigny	
Cappadocia	카파도키아,カッパドキア,Capadocia,Capadócia,Cappadoce,Cappadocië,Kapadócia,Kapadocija,Kapadocja,Kapadokija,Kapadokya,Kapadookia,Kappadokia,Kappadókia,Kappadokie,Kappadokien,کاپادوکیه,/קפדוקיה,Καππαδοκία,Кападокија,Кападокия,Кападокія,Каппадокия,卡帕多奇亞	node	417761133	multiple	locality	34.8491554	38.6468060	20	0.592977492034639		Göreme	Nevşehir merkez	Central Anatolia Region	Turkey	tr	Cappadocia, Göreme, Nevşehir merkez, Nevşehir, Central Anatolia Region, Turkey	34.8491554	38.6468060	34.8491554	38.6468060	Q217265	de:Kappadokien	
Cœuvres-et-Valsery		relation	413138	boundary	administrative	3.1525741	49.3238778	16	0.592977492034639		Cœuvres-et-Valsery	Soissons	Metropolitan France	France	fr	Cœuvres-et-Valsery, Soissons, Aisne, Hauts-de-France, Metropolitan France, France	3.1174639	49.2988143	3.1820494	49.3492001	Q325672	fr:Cœuvres-et-Valsery	
Hautes-Alpes	Altos Alpes,Alts Alps,Département des Hautes-Alpes,Hochalpen,Верхние Альпы	relation	7436	boundary	administrative	6.3525493	44.6564665	12	0.592967710581552			Hautes-Alpes	Metropolitan France	France	fr	Hautes-Alpes, Provence-Alpes-Côte d'Azur, Metropolitan France, France	5.4183896	44.1863784	7.0771436	45.1266002	Q3125	fr:Hautes-Alpes	
Macedonia	መቄዶኒያ,마케도니아 공화국,މެސެޑޯނިއާ,ମାସିଡୋନିଆ,ประเทศมาซิโดเนีย,Cộng hòa Macedonia,Former Yugoslav Republic Of Macedonia,Gweriniaeth Macedonia,IMakhedoniya,Jamhuri ya Masedonia,Komara Makedonyayê,Lýðveldið Makedónia,Lýðveldið Makedónía,Macédoine (pays),Macedónia,Macedonië (land),Macedónsko,Makedonia,Makédonia,Makedonie,Makedonien,Makedonija,Maķedonija,Makedoniya,Makedoniyän,Makedoniya Respublikasi,Makedoniýa Respublikasy,Makedonujo,Makedonya Cumhuriyeti,Makedoonia,Makerōnia,Makidunya,Maqedonia,Masadoinia,Masedoanje (lân),Masedonië,Masedoniya,Masendoña,Matedoniya,Matzedònia,Mazedonien,Orílẹ̀-èdè Olómìnira ilẹ̀ Makẹdóníà,Pobblaght ny Massadoan,Poblacht na Macadóine,Réewum Maseduwaan,Repiblik d Masedoni,Repoblek Makedoni,Repubblica di Macedonia,Repubblika tal-Maċedonja,Republica de Macedonia,República de Macedonia,Republica de Macedònia,República de Macedònia,República de Macedonia - Република Македонија,Republic of Macedonia,Republika ng Masedonya,Republikken Makedonia,Republik Macedonia,Republik Makedonia,Républik Makedonia,Republik Mazedonien,Republiko Macedonia,Respublica Macedonica,جمهوری مقدونیه,د مقدونيې ولسمشريزه,ماكېدونىيە,مقدونیہ,مقدونيا,מקדוניה,רעפובליק פון מאקעדאניע,Πρώην Γιουγκοσλαβική Δημοκρατία της Μακεδονίας,Бүгд Найрамдах Македон Улс,Македони,Македонија,Македони Республики,Македония,Македония Җөмһүрияте,Македония Республика,Македония Республикасы,Македония Республикаһы,Македонія,Макєдонїꙗ,Република Македонија,Република Македония,Республикæ Македони,Рэспубліка Македонія,Ҷумҳурии Мақдуния,མ་སེ་ཌོ་ནིཡ། (རྒྱལ་ཁབ།),Մակեդոնիայի Հանրապետություն,მაკედონია,मॅसिडोनिया,मेसेडोनिया,मैसिडोनिया,म्यासेडोनिया,મેસેડોનિયા,మేసిడోనియా,ਮਕਦੂਨੀਆ ਗਣਰਾਜ,ಮ್ಯಾಸೆಡೊನಿಯ ಗಣರಾಜ್ಯ,மாக்கடோனியக் குடியரசு,റിപ്പബ്ലിക് ഓഫ് മാസിഡോണിയ,ম্যাসেডোনিয়া প্রজাতন্ত্র,မက်စီဒိုးနီးယားနိုင်ငံ,マケドニア共和国,馬其頓共和國	relation	53293	boundary	administrative	21.7502621	41.6135715	4	0.592928570509488					Macedonia	mk	Macedonia	20.4529023	40.8536596	23.0340510	42.3735359	Q221	mk:Македонија	
Neuilly-Saint-Front		relation	2956553	boundary	administrative	3.2657366	49.1649768	16	0.592928570509488		Neuilly-Saint-Front	Château-Thierry	Metropolitan France	France	fr	Neuilly-Saint-Front, Château-Thierry, Aisne, Hauts-de-France, Metropolitan France, France	3.2372396	49.1355072	3.2959265	49.1946051	Q988669	fr:Neuilly-Saint-Front	
Beaurevoir		relation	149377	boundary	administrative	3.3363266	49.9958169	16	0.592908991911803		Beaurevoir	Saint-Quentin	Metropolitan France	France	fr	Beaurevoir, Saint-Quentin, Aisne, Hauts-de-France, Metropolitan France, France	3.2857468	49.9731442	3.3782534	50.0199342	Q274740	fr:Beaurevoir	
Saint-Lô	Saint-Lo,Σαιν Λο,Сен-Ло	relation	404816	boundary	administrative	-1.0730268	49.1122609	16	0.59286981757647		Saint-Lô	Saint-Lô	Metropolitan France	France	fr	Saint-Lô, Saint-Lô, Manche, Normandy, Metropolitan France, France	-1.1267219	49.0854511	-1.0357279	49.1390605	Q181704	fr:Saint-Lô	
Laffaux		relation	74039	boundary	administrative	3.4330544	49.4507187	16	0.592840421814368		Laffaux	Soissons	Metropolitan France	France	fr	Laffaux, Soissons, Aisne, Hauts-de-France, Metropolitan France, France	3.4073406	49.4336055	3.4640213	49.4677356	Q842559	fr:Laffaux	
Bazoches-sur-Vesles		relation	74152	boundary	administrative	3.6060983	49.2987514	16	0.592761970121946		Bazoches-sur-Vesles	Soissons	Metropolitan France	France	fr	Bazoches-sur-Vesles, Soissons, Aisne, Hauts-de-France, Metropolitan France, France	3.5892563	49.2747703	3.6480189	49.3236808	Q325713	fr:Bazoches-sur-Vesles	
Ambleny		relation	406470	boundary	administrative	3.1927567	49.3739167	16	0.592761970121946		Ambleny	Soissons	Metropolitan France	France	fr	Ambleny, Soissons, Aisne, Hauts-de-France, Metropolitan France, France	3.1119044	49.3503220	3.2248578	49.3975324	Q528325	fr:Ambleny	
Sochi	ソチ,Sóchi,Soci,Soĉi,Soči,Soçi,Soçî,Sočis,Soczi,Sotchi,Sotji,Sotschi,Sotši,Sotsji,Sotxi,Sotzium,Szocsi,Сочи,Сочі,Шәача,სოჭი	relation	1430508	place	city	39.5883734	43.7078012	16	0.592742342864003		Sochi	Resort Town of Sochi (municipal formation)	South federal district	Russia	ru	Sochi, Resort Town of Sochi (municipal formation), Krasnodar Krai, South federal district, Russia	39.1493697	43.3848439	40.0090588	44.0309469	Q39420	ru:Сочи	
Berny-Rivière		relation	2951128	boundary	administrative	3.1466834	49.4116821	16	0.5927325270825		Berny-Rivière	Soissons	Metropolitan France	France	fr	Berny-Rivière, Soissons, Aisne, Hauts-de-France, Metropolitan France, France	3.1206206	49.3982785	3.1833424	49.4251658	Q334226	fr:Berny-Rivière	
Sains-Richaumont		relation	153621	boundary	administrative	3.7055048	49.8304733	16	0.5927325270825		Sains-Richaumont	Vervins	Metropolitan France	France	fr	Sains-Richaumont, Vervins, Aisne, Hauts-de-France, Metropolitan France, France	3.6671917	49.8077049	3.7363164	49.8531776	Q856142	fr:Sains-Richaumont	
Marshall Islands	Îles Marshall,Insulas Marshall,Insuli Marshall,Islas Marshall,M̧ajeļ,Marjaluäns,Marŝaloj,Maršalovi Otoci,Marshallinseln,Marshall-szigetek,Mashallove ostrovy,Wyspy Marshalla,Маршаллові Острови,Маршалловы Острова,மார்சல் தீவுகள்,馬紹爾群島	relation	571771	boundary	administrative	166.9173974	11.2990000	4	0.592712891212333					Marshall Islands	mh	Marshall Islands	160.5949339	4.3740000	172.3737007	14.8730000	Q709	en:Marshall Islands	
Miyazaki Prefecture	Mijazako,Miyazaki,Préfecture de Miyazaki,Prefektura Miyazaki,Миядзаки,Префектура Міядзакі,宮崎県	relation	1842184	boundary	administrative	131.2472458	32.0453154	8	0.592693249596483				Miyazaki Prefecture	Japan	jp	Miyazaki Prefecture, Japan	130.7033771	31.2516004	132.2061822	32.8389800	Q130300	ja:宮崎県	
Bellicourt		relation	150374	boundary	administrative	3.2247429	49.9580941	16	0.592644120397417		Bellicourt	Saint-Quentin	Metropolitan France	France	fr	Bellicourt, Saint-Quentin, Aisne, Hauts-de-France, Metropolitan France, France	3.2041864	49.9352683	3.2523370	49.9808712	Q274699	fr:Bellicourt	
Wakayama Prefecture	Prefektura Wakayama,Vakajamo,Вакаяма,Префектура Вакаяма,和歌山県	relation	908959	boundary	administrative	135.4047967	33.8134920	8	0.592634290241188				Wakayama Prefecture	Japan	jp	Wakayama Prefecture, Japan	134.8804237	33.2333215	136.3223029	34.3940376	Q131314	ja:和歌山県	
Shimane	Prefektura Shimane,Префектура Шімане,Симанэ,島根県	relation	3346137	boundary	administrative	132.8370972	35.4297710	8	0.592624458645171				Shimane	Japan	jp	Shimane, Japan	131.4619354	34.3024390	133.6384349	36.5557657	Q132751	ja:島根県	
Nouvron-Vingré		relation	2952127	boundary	administrative	3.1881553	49.4343702	16	0.592604791132083		Nouvron-Vingré	Soissons	Metropolitan France	France	fr	Nouvron-Vingré, Soissons, Aisne, Hauts-de-France, Metropolitan France, France	3.1588340	49.4201067	3.2205328	49.4495359	Q283344	fr:Nouvron-Vingré	
Septmonts		relation	153665	boundary	administrative	3.3630475	49.3374671	16	0.592575279053486		Septmonts	Soissons	Metropolitan France	France	fr	Septmonts, Soissons, Aisne, Hauts-de-France, Metropolitan France, France	3.3424398	49.3246261	3.3859231	49.3504163	Q871223	fr:Septmonts	
Berzy-le-Sec		relation	74008	boundary	administrative	3.3013793	49.3164328	16	0.592565438809873		Berzy-le-Sec	Soissons	Metropolitan France	France	fr	Berzy-le-Sec, Soissons, Aisne, Hauts-de-France, Metropolitan France, France	3.2608780	49.2901633	3.3334378	49.3425045	Q481097	fr:Berzy-le-Sec	
Villers-en-Prayères		relation	74143	boundary	administrative	3.6674379	49.3799865	18	0.592555597123515		Les Septvallons	Soissons	Metropolitan France	France	fr	Villers-en-Prayères, Les Septvallons, Soissons, Aisne, Hauts-de-France, Metropolitan France, France	3.6511857	49.3637498	3.6915231	49.3950858	Q849421	fr:Villers-en-Prayères	
Vierzy		relation	73972	boundary	administrative	3.2767678	49.2871328	16	0.592535909420869		Vierzy	Soissons	Metropolitan France	France	fr	Vierzy, Soissons, Aisne, Hauts-de-France, Metropolitan France, France	3.2366301	49.2704771	3.3155032	49.3039985	Q868917	fr:Vierzy	
Origny-en-Thiérache		relation	153473	boundary	administrative	4.0122971	49.8845462	16	0.592535909420869		Origny-en-Thiérache	Vervins	Metropolitan France	France	fr	Origny-en-Thiérache, Vervins, Aisne, Hauts-de-France, Metropolitan France, France	3.9834133	49.8580485	4.0431879	49.9110471	Q870835	fr:Origny-en-Thiérache	
Villeneuve-Saint-Germain		relation	73984	boundary	administrative	3.3659949	49.3813039	16	0.592526063403736		Villeneuve-Saint-Germain	Soissons	Metropolitan France	France	fr	Villeneuve-Saint-Germain, Soissons, Aisne, Hauts-de-France, Metropolitan France, France	3.3375430	49.3664994	3.3816439	49.3953091	Q1020361	fr:Villeneuve-Saint-Germain	
Saint-Pierre-Aigle		relation	73971	boundary	administrative	3.2010814	49.3135627	16	0.592526063403736		Saint-Pierre-Aigle	Soissons	Metropolitan France	France	fr	Saint-Pierre-Aigle, Soissons, Aisne, Hauts-de-France, Metropolitan France, France	3.1674788	49.2920386	3.2311985	49.3353971	Q871359	fr:Saint-Pierre-Aigle	
Saint-Christophe-à-Berry		relation	2950736	boundary	administrative	3.1272362	49.4295239	16	0.592496516684007		Saint-Christophe-à-Berry	Soissons	Metropolitan France	France	fr	Saint-Christophe-à-Berry, Soissons, Aisne, Hauts-de-France, Metropolitan France, France	3.0931395	49.4181338	3.1673672	49.4408272	Q536432	fr:Saint-Christophe-à-Berry	
Blanzy-lès-Fismes		relation	74144	boundary	administrative	3.6711668	49.3382996	16	0.592486664886574		Blanzy-lès-Fismes	Soissons	Metropolitan France	France	fr	Blanzy-lès-Fismes, Soissons, Aisne, Hauts-de-France, Metropolitan France, France	3.6503474	49.3243733	3.6905040	49.3511403	Q851456	fr:Blanzy-lès-Fismes	
Grand-Rozoy		relation	416921	boundary	administrative	3.3819854	49.2408390	16	0.592476811643006		Grand-Rozoy	Soissons	Metropolitan France	France	fr	Grand-Rozoy, Soissons, Aisne, Hauts-de-France, Metropolitan France, France	3.3535272	49.2189303	3.4092522	49.2639909	Q962997	fr:Grand-Rozoy	
Roupy		relation	153619	boundary	administrative	3.1813749	49.8120521	16	0.592476811643006		Roupy	Saint-Quentin	Metropolitan France	France	fr	Roupy, Saint-Quentin, Aisne, Hauts-de-France, Metropolitan France, France	3.1627383	49.7970762	3.2018529	49.8271671	Q379145	fr:Roupy	
Bucy-le-Long		relation	73986	boundary	administrative	3.3924560	49.3899840	16	0.592476811643006		Bucy-le-Long	Soissons	Metropolitan France	France	fr	Bucy-le-Long, Soissons, Aisne, Hauts-de-France, Metropolitan France, France	3.3564684	49.3681886	3.4280492	49.4118315	Q631502	fr:Bucy-le-Long	
Oigny-en-Valois		relation	73956	boundary	administrative	3.1312564	49.2125839	16	0.592476811643006		Oigny-en-Valois	Soissons	Metropolitan France	France	fr	Oigny-en-Valois, Soissons, Aisne, Hauts-de-France, Metropolitan France, France	3.0935339	49.1942316	3.1634096	49.2315691	Q870549	fr:Oigny-en-Valois	
Rozières-sur-Crise		relation	413153	boundary	administrative	3.3634306	49.3226953	16	0.592466956952877		Rozières-sur-Crise	Soissons	Metropolitan France	France	fr	Rozières-sur-Crise, Soissons, Aisne, Hauts-de-France, Metropolitan France, France	3.3345303	49.3045704	3.3940984	49.3410344	Q727284	fr:Rozières-sur-Crise	
Villers-Hélon		relation	73973	boundary	administrative	3.2704465	49.2645661	16	0.592466956952877		Villers-Hélon	Soissons	Metropolitan France	France	fr	Villers-Hélon, Soissons, Aisne, Hauts-de-France, Metropolitan France, France	3.2425202	49.2463294	3.2932118	49.2830393	Q736273	fr:Villers-Hélon	
Ressons-le-Long		relation	416648	boundary	administrative	3.1335624	49.3812740	16	0.592457100815764		Ressons-le-Long	Soissons	Metropolitan France	France	fr	Ressons-le-Long, Soissons, Aisne, Hauts-de-France, Metropolitan France, France	3.1119044	49.3652039	3.1915580	49.4005781	Q867356	fr:Ressons-le-Long	
Bellenglise		relation	150372	boundary	administrative	3.2448892	49.9241210	16	0.592457100815764		Bellenglise	Saint-Quentin	Metropolitan France	France	fr	Bellenglise, Saint-Quentin, Aisne, Hauts-de-France, Metropolitan France, France	3.2225436	49.9070812	3.2636394	49.9410922	Q291244	fr:Bellenglise	
Arcy-Sainte-Restitue		relation	406830	boundary	administrative	3.4816422	49.2556450	16	0.592447243231242		Arcy-Sainte-Restitue	Soissons	Metropolitan France	France	fr	Arcy-Sainte-Restitue, Soissons, Aisne, Hauts-de-France, Metropolitan France, France	3.4206774	49.2285016	3.5346458	49.2829894	Q853869	fr:Arcy-Sainte-Restitue	
Vivières		relation	73947	boundary	administrative	3.0933105	49.3090418	16	0.592437384198884		Vivières	Soissons	Metropolitan France	France	fr	Vivières, Soissons, Aisne, Hauts-de-France, Metropolitan France, France	3.0612325	49.2825631	3.1134949	49.3358212	Q868782	fr:Vivières	
Largny-sur-Automne		relation	73943	boundary	administrative	3.0532366	49.2628740	16	0.592437384198884		Largny-sur-Automne	Soissons	Metropolitan France	France	fr	Largny-sur-Automne, Soissons, Aisne, Hauts-de-France, Metropolitan France, France	3.0257467	49.2385506	3.0861591	49.2866792	Q845825	fr:Largny-sur-Automne	
Greater Wallachia	Muntenia	node	2563285702	multiple	region	25.8896435	44.7085379	18	0.592427523718266				Dâmbovița	Romania	ro	Greater Wallachia, Dâmbovița, Romania	25.8896435	44.7085379	25.8896435	44.7085379	Q207388	en:Muntenia	
Neuville-sur-Margival		relation	74040	boundary	administrative	3.3993528	49.4540945	16	0.592417661788961		Neuville-sur-Margival	Soissons	Metropolitan France	France	fr	Neuville-sur-Margival, Soissons, Aisne, Hauts-de-France, Metropolitan France, France	3.3786752	49.4432230	3.4184470	49.4651389	Q846152	fr:Neuville-sur-Margival	
Parcy-et-Tigny		relation	73977	boundary	administrative	3.3263309	49.2693745	16	0.592417661788961		Parcy-et-Tigny	Soissons	Metropolitan France	France	fr	Parcy-et-Tigny, Soissons, Aisne, Hauts-de-France, Metropolitan France, France	3.3034171	49.2496876	3.3547710	49.2892381	Q869519	fr:Parcy-et-Tigny	
Épinal		relation	78828	boundary	administrative	6.4910099	48.1637432	16	0.592417661788961		Épinal	Épinal	Metropolitan France	France	fr	Épinal, Épinal, Vosges, Grand Est, Metropolitan France, France	6.3937579	48.1194832	6.5796938	48.2080514	Q173695	fr:Épinal	
Saint-Rémy-Blanzy		relation	73975	boundary	administrative	3.3039098	49.2474728	16	0.592417661788961		Saint-Rémy-Blanzy	Soissons	Metropolitan France	France	fr	Saint-Rémy-Blanzy, Soissons, Aisne, Hauts-de-France, Metropolitan France, France	3.2644042	49.2229259	3.3419347	49.2719362	Q858401	fr:Saint-Rémy-Blanzy	
Longueval-Barbonval		relation	418066	boundary	administrative	3.6608368	49.3615885	18	0.592407798410546		Les Septvallons	Soissons	Metropolitan France	France	fr	Longueval-Barbonval, Les Septvallons, Soissons, Aisne, Hauts-de-France, Metropolitan France, France	3.6283976	49.3444141	3.6873458	49.3790872	Q870425	fr:Longueval-Barbonval	
Ambrief		relation	406474	boundary	administrative	3.4064479	49.3229955	16	0.592407798410546		Ambrief	Soissons	Metropolitan France	France	fr	Ambrief, Soissons, Aisne, Hauts-de-France, Metropolitan France, France	3.3857640	49.3094275	3.4256361	49.3358748	Q840135	fr:Ambrief	
Billy-sur-Aisne		relation	73981	boundary	administrative	3.3770546	49.3554944	16	0.592407798410546		Billy-sur-Aisne	Soissons	Metropolitan France	France	fr	Billy-sur-Aisne, Soissons, Aisne, Hauts-de-France, Metropolitan France, France	3.3455069	49.3386931	3.4052796	49.3723468	Q851779	fr:Billy-sur-Aisne	
Breny		relation	412070	boundary	administrative	3.3538653	49.1826399	16	0.592407798410546		Breny	Soissons	Metropolitan France	France	fr	Breny, Soissons, Aisne, Hauts-de-France, Metropolitan France, France	3.3307285	49.1690118	3.3718571	49.1965410	Q864481	fr:Breny	
Noyant-et-Aconin		relation	74108	boundary	administrative	3.3328514	49.3299095	16	0.592397933582592		Noyant-et-Aconin	Soissons	Metropolitan France	France	fr	Noyant-et-Aconin, Soissons, Aisne, Hauts-de-France, Metropolitan France, France	3.3154042	49.3100575	3.3523954	49.3496387	Q734283	fr:Noyant-et-Aconin	
Hartennes-et-Taux		relation	73979	boundary	administrative	3.3564124	49.2793497	16	0.592397933582592		Hartennes-et-Taux	Soissons	Metropolitan France	France	fr	Hartennes-et-Taux, Soissons, Aisne, Hauts-de-France, Metropolitan France, France	3.3416454	49.2578869	3.3757383	49.3007820	Q846083	fr:Hartennes-et-Taux	
Vauxrezis		relation	74022	boundary	administrative	3.2791204	49.4215313	16	0.592388067304675		Vauxrezis	Soissons	Metropolitan France	France	fr	Vauxrezis, Soissons, Aisne, Hauts-de-France, Metropolitan France, France	3.2585802	49.4019592	3.2906532	49.4407339	Q868125	fr:Vauxrezis	
Révillon		relation	416643	boundary	administrative	3.7016857	49.3688486	18	0.592388067304675		Les Septvallons	Soissons	Metropolitan France	France	fr	Révillon, Les Septvallons, Soissons, Aisne, Hauts-de-France, Metropolitan France, France	3.6860259	49.3606614	3.7163461	49.3783427	Q867392	fr:Révillon	
Vauxbuin		relation	74005	boundary	administrative	3.2965005	49.3578869	16	0.592378199576368		Vauxbuin	Soissons	Metropolitan France	France	fr	Vauxbuin, Soissons, Aisne, Hauts-de-France, Metropolitan France, France	3.2750596	49.3454237	3.3161315	49.3700322	Q1062155	fr:Vauxbuin	
Aizy-Jouy		relation	384536	boundary	administrative	3.5140748	49.4371782	16	0.592378199576368		Aizy-Jouy	Soissons	Metropolitan France	France	fr	Aizy-Jouy, Soissons, Aisne, Hauts-de-France, Metropolitan France, France	3.4824654	49.4159395	3.5430008	49.4585265	Q677331	fr:Aizy-Jouy	
Pargny-Filain		relation	422728	boundary	administrative	3.5391860	49.4639590	16	0.592378199576368		Pargny-Filain	Soissons	Metropolitan France	France	fr	Pargny-Filain, Soissons, Aisne, Hauts-de-France, Metropolitan France, France	3.5225112	49.4471576	3.5535789	49.4808564	Q846650	fr:Pargny-Filain	
Ciry-Salsogne		relation	413134	boundary	administrative	3.4685939	49.3694652	16	0.592378199576368		Ciry-Salsogne	Soissons	Metropolitan France	France	fr	Ciry-Salsogne, Soissons, Aisne, Hauts-de-France, Metropolitan France, France	3.4414511	49.3450378	3.4912806	49.3937344	Q875438	fr:Ciry-Salsogne	
Flavy-le-Martel		relation	2952303	boundary	administrative	3.1943289	49.7086793	16	0.592368330397245		Flavy-le-Martel	Saint-Quentin	Metropolitan France	France	fr	Flavy-le-Martel, Saint-Quentin, Aisne, Hauts-de-France, Metropolitan France, France	3.1707629	49.6783912	3.2146550	49.7388078	Q325587	fr:Flavy-le-Martel	
Billy-sur-Ourcq		relation	73976	boundary	administrative	3.3071072	49.2234657	16	0.592368330397245		Billy-sur-Ourcq	Soissons	Metropolitan France	France	fr	Billy-sur-Ourcq, Soissons, Aisne, Hauts-de-France, Metropolitan France, France	3.2677831	49.2053651	3.3342341	49.2415012	Q849556	fr:Billy-sur-Ourcq	
Séry-lès-Mézières		relation	153673	boundary	administrative	3.4222559	49.7656469	16	0.592368330397245		Séry-lès-Mézières	Saint-Quentin	Metropolitan France	France	fr	Séry-lès-Mézières, Saint-Quentin, Aisne, Hauts-de-France, Metropolitan France, France	3.3911815	49.7441464	3.4571247	49.7871688	Q845906	fr:Séry-lès-Mézières	
Sancy-les-Cheminots		relation	74048	boundary	administrative	3.4781492	49.4387542	16	0.592368330397245		Sancy-les-Cheminots	Soissons	Metropolitan France	France	fr	Sancy-les-Cheminots, Soissons, Aisne, Hauts-de-France, Metropolitan France, France	3.4623632	49.4221151	3.4911978	49.4554491	Q871207	fr:Sancy-les-Cheminots	
Courmelles		relation	74007	boundary	administrative	3.3128760	49.3455554	16	0.592368330397245		Courmelles	Soissons	Metropolitan France	France	fr	Courmelles, Soissons, Aisne, Hauts-de-France, Metropolitan France, France	3.2648408	49.3323600	3.3334211	49.3588308	Q847122	fr:Courmelles	
Vuillery		relation	419479	boundary	administrative	3.3856816	49.4296250	16	0.592368330397245		Vuillery	Soissons	Metropolitan France	France	fr	Vuillery, Soissons, Aisne, Hauts-de-France, Metropolitan France, France	3.3788449	49.4213012	3.3954819	49.4371261	Q867277	fr:Vuillery	
Quincy-sous-le-Mont		relation	445970	boundary	administrative	3.5584055	49.3081596	16	0.592368330397245		Quincy-sous-le-Mont	Soissons	Metropolitan France	France	fr	Quincy-sous-le-Mont, Soissons, Aisne, Hauts-de-France, Metropolitan France, France	3.5319940	49.2941387	3.5831011	49.3222729	Q378937	fr:Quincy-sous-le-Mont	
Tannières		relation	153687	boundary	administrative	3.5516299	49.2872947	16	0.592358459766878		Tannières	Soissons	Metropolitan France	France	fr	Tannières, Soissons, Aisne, Hauts-de-France, Metropolitan France, France	3.5309823	49.2762353	3.5659165	49.2983022	Q849860	fr:Tannières	
Lleida	레리다,リェイダ,Ilerda,Leida,Lerida,Lérida,Lhèida,لاردة,لریدا,Λιέιδα,Льейда,Льєйда,Љеида,莱里达	relation	346345	boundary	administrative	0.6254316	41.6250180	16	0.592358459766878		Lleida	Segrià	Catalonia	Spain	es	Lleida, Segrià, Lleida, Catalonia, Spain	0.3635957	41.5103479	0.7419769	41.7395668	Q15090	ca:Lleida	
Cuisy-en-Almont		relation	74023	boundary	administrative	3.2476840	49.4220775	16	0.592358459766878		Cuisy-en-Almont	Soissons	Metropolitan France	France	fr	Cuisy-en-Almont, Soissons, Aisne, Hauts-de-France, Metropolitan France, France	3.2184478	49.4019592	3.2714877	49.4422062	Q847881	fr:Cuisy-en-Almont	
Villemontoire		relation	73980	boundary	administrative	3.3192907	49.3005607	16	0.592358459766878		Villemontoire	Soissons	Metropolitan France	France	fr	Villemontoire, Soissons, Aisne, Hauts-de-France, Metropolitan France, France	3.2941505	49.2860547	3.3469423	49.3150417	Q1058444	fr:Villemontoire	
Saconin-et-Breuil		relation	1808721	boundary	administrative	3.2443515	49.3519026	16	0.592358459766878		Saconin-et-Breuil	Soissons	Metropolitan France	France	fr	Saconin-et-Breuil, Soissons, Aisne, Hauts-de-France, Metropolitan France, France	3.2146426	49.3367430	3.2771095	49.3652107	Q1020163	fr:Saconin-et-Breuil	
Fesmy-le-Sart		relation	152743	boundary	administrative	3.6944811	50.0476655	16	0.592338714150707		Fesmy-le-Sart	Vervins	Metropolitan France	France	fr	Fesmy-le-Sart, Vervins, Aisne, Hauts-de-France, Metropolitan France, France	3.6485971	50.0258949	3.7458060	50.0693877	Q322103	fr:Fesmy-le-Sart	
Terny-Sorny		relation	74047	boundary	administrative	3.3672799	49.4495025	16	0.592338714150707		Terny-Sorny	Soissons	Metropolitan France	France	fr	Terny-Sorny, Soissons, Aisne, Hauts-de-France, Metropolitan France, France	3.3437203	49.4355222	3.3911273	49.4633342	Q770806	fr:Terny-Sorny	
Seringes-et-Nesles		relation	2956077	boundary	administrative	3.5566692	49.2115393	16	0.592338714150707		Seringes-et-Nesles	Château-Thierry	Metropolitan France	France	fr	Seringes-et-Nesles, Château-Thierry, Aisne, Hauts-de-France, Metropolitan France, France	3.5255126	49.1917385	3.5957420	49.2312995	Q378932	fr:Seringes-et-Nesles	
Osly-Courtil		relation	74034	boundary	administrative	3.2360044	49.4000328	16	0.592338714150707		Osly-Courtil	Soissons	Metropolitan France	France	fr	Osly-Courtil, Soissons, Aisne, Hauts-de-France, Metropolitan France, France	3.2122821	49.3858409	3.2599517	49.4144335	Q509872	fr:Osly-Courtil	
Noroy-sur-Ourcq		relation	73966	boundary	administrative	3.2074967	49.2041945	16	0.592338714150707		Noroy-sur-Ourcq	Soissons	Metropolitan France	France	fr	Noroy-sur-Ourcq, Soissons, Aisne, Hauts-de-France, Metropolitan France, France	3.1805113	49.1930331	3.2341045	49.2134289	Q869309	fr:Noroy-sur-Ourcq	
Jouaignes		relation	418039	boundary	administrative	3.5308495	49.2944467	16	0.592338714150707		Jouaignes	Soissons	Metropolitan France	France	fr	Jouaignes, Soissons, Aisne, Hauts-de-France, Metropolitan France, France	3.5082970	49.2722020	3.5506702	49.3172896	Q846060	fr:Jouaignes	
Ville-Savoye		relation	420685	boundary	administrative	3.6371376	49.2942839	16	0.592328839164049		Ville-Savoye	Soissons	Metropolitan France	France	fr	Ville-Savoye, Soissons, Aisne, Hauts-de-France, Metropolitan France, France	3.6250815	49.2840110	3.6553823	49.3046194	Q846658	fr:Ville-Savoye	
Tartiers		relation	2952177	boundary	administrative	3.2299410	49.4360164	16	0.592328839164049		Tartiers	Soissons	Metropolitan France	France	fr	Tartiers, Soissons, Aisne, Hauts-de-France, Metropolitan France, France	3.2077515	49.4165891	3.2587739	49.4572402	Q871168	fr:Tartiers	
Sermoise		relation	73999	boundary	administrative	3.4448249	49.3721581	16	0.592328839164049		Sermoise	Soissons	Metropolitan France	France	fr	Sermoise, Soissons, Aisne, Hauts-de-France, Metropolitan France, France	3.4263936	49.3549651	3.4662000	49.3885941	Q845805	fr:Sermoise	
Coyolles		relation	1248073	boundary	administrative	2.9847759	49.2081444	16	0.592328839164049		Coyolles	Soissons	Metropolitan France	France	fr	Coyolles, Soissons, Aisne, Hauts-de-France, Metropolitan France, France	2.9579506	49.1690675	3.0760493	49.2473385	Q849618	fr:Coyolles	
Viel-Arcy		relation	422689	boundary	administrative	3.6255501	49.3793233	16	0.592328839164049		Viel-Arcy	Soissons	Metropolitan France	France	fr	Viel-Arcy, Soissons, Aisne, Hauts-de-France, Metropolitan France, France	3.5950145	49.3676233	3.6534974	49.3912319	Q869036	fr:Viel-Arcy	
Vauxcéré		relation	74149	boundary	administrative	3.6311893	49.3354285	18	0.592318962724439		Les Septvallons	Soissons	Metropolitan France	France	fr	Vauxcéré, Les Septvallons, Soissons, Aisne, Hauts-de-France, Metropolitan France, France	3.6131025	49.3184497	3.6545056	49.3525444	Q868281	fr:Vauxcéré	
Puiseux-en-Retz		relation	73948	boundary	administrative	3.1332577	49.2938019	16	0.592318962724439		Puiseux-en-Retz	Soissons	Metropolitan France	France	fr	Puiseux-en-Retz, Soissons, Aisne, Hauts-de-France, Metropolitan France, France	3.1057289	49.2783073	3.1659915	49.3092859	Q282995	fr:Puiseux-en-Retz	
Ancienville		relation	149339	boundary	administrative	3.2107407	49.2194529	16	0.592318962724439		Ancienville	Soissons	Metropolitan France	France	fr	Ancienville, Soissons, Aisne, Hauts-de-France, Metropolitan France, France	3.1868620	49.2072591	3.2262538	49.2319420	Q864373	fr:Ancienville	
Gercy		relation	152967	boundary	administrative	3.8735369	49.8144157	16	0.592318962724439		Gercy	Vervins	Metropolitan France	France	fr	Gercy, Vervins, Aisne, Hauts-de-France, Metropolitan France, France	3.8489401	49.8001225	3.8961412	49.8287088	Q378898	fr:Gercy	
Oulchy-la-Ville		relation	447972	boundary	administrative	3.3411823	49.2087915	16	0.592318962724439		Oulchy-la-Ville	Soissons	Metropolitan France	France	fr	Oulchy-la-Ville, Soissons, Aisne, Hauts-de-France, Metropolitan France, France	3.3213572	49.1904580	3.3626453	49.2263710	Q869933	fr:Oulchy-la-Ville	
Serches		relation	73998	boundary	administrative	3.4470107	49.3320826	16	0.592318962724439		Serches	Soissons	Metropolitan France	France	fr	Serches, Soissons, Aisne, Hauts-de-France, Metropolitan France, France	3.4277145	49.3119793	3.4708399	49.3523252	Q871384	fr:Serches	
Chézy-sur-Marne		relation	1740406	boundary	administrative	3.3880340	48.9857804	16	0.592318962724439		Chézy-sur-Marne	Château-Thierry	Metropolitan France	France	fr	Chézy-sur-Marne, Château-Thierry, Aisne, Hauts-de-France, Metropolitan France, France	3.3431090	48.9599800	3.4330692	49.0116236	Q847616	fr:Chézy-sur-Marne	
Paars		relation	153474	boundary	administrative	3.6031368	49.3312318	16	0.592318962724439		Paars	Soissons	Metropolitan France	France	fr	Paars, Soissons, Aisne, Hauts-de-France, Metropolitan France, France	3.5818614	49.3173807	3.6223838	49.3466167	Q872267	fr:Paars	
Dommiers		relation	416184	boundary	administrative	3.2168123	49.3315604	16	0.59230908483145		Dommiers	Soissons	Metropolitan France	France	fr	Dommiers, Soissons, Aisne, Hauts-de-France, Metropolitan France, France	3.1942490	49.3124493	3.2387093	49.3503396	Q849351	fr:Dommiers	
Louâtre		relation	73970	boundary	administrative	3.2395470	49.2566534	16	0.59230908483145		Louâtre	Soissons	Metropolitan France	France	fr	Louâtre, Soissons, Aisne, Hauts-de-France, Metropolitan France, France	3.2134656	49.2348756	3.2710155	49.2784094	Q869512	fr:Louâtre	
Taillefontaine		relation	74051	boundary	administrative	3.0513625	49.3108432	16	0.59230908483145		Taillefontaine	Soissons	Metropolitan France	France	fr	Taillefontaine, Soissons, Aisne, Hauts-de-France, Metropolitan France, France	3.0244672	49.2907940	3.0754648	49.3308286	Q871399	fr:Taillefontaine	
Retheuil		relation	74050	boundary	administrative	2.9993127	49.3187147	16	0.59230908483145		Retheuil	Soissons	Metropolitan France	France	fr	Retheuil, Soissons, Aisne, Hauts-de-France, Metropolitan France, France	2.9645047	49.2968998	3.0374565	49.3402636	Q427546	fr:Retheuil	
Vregny		relation	74002	boundary	administrative	3.4185922	49.4138148	16	0.592299205484654		Vregny	Soissons	Metropolitan France	France	fr	Vregny, Soissons, Aisne, Hauts-de-France, Metropolitan France, France	3.4029495	49.4014393	3.4348450	49.4269433	Q867653	fr:Vregny	
Origny-Sainte-Benoite		relation	447871	boundary	administrative	3.5328232	49.8269598	16	0.592299205484654		Origny-Sainte-Benoite	Saint-Quentin	Metropolitan France	France	fr	Origny-Sainte-Benoite, Saint-Quentin, Aisne, Hauts-de-France, Metropolitan France, France	3.4730290	49.8059341	3.5947987	49.8480554	Q869426	fr:Origny-Sainte-Benoite	
Aubencheul-aux-Bois		relation	149345	boundary	administrative	3.2664951	50.0251742	16	0.592299205484654		Aubencheul-aux-Bois	Saint-Quentin	Metropolitan France	France	fr	Aubencheul-aux-Bois, Saint-Quentin, Aisne, Hauts-de-France, Metropolitan France, France	3.2445952	50.0175161	3.2781737	50.0319917	Q332057	fr:Aubencheul-aux-Bois	
Vézaponin		relation	2952385	boundary	administrative	3.2236358	49.4665547	16	0.592289324683622		Vézaponin	Soissons	Metropolitan France	France	fr	Vézaponin, Soissons, Aisne, Hauts-de-France, Metropolitan France, France	3.2115661	49.4536952	3.2354583	49.4793530	Q1074439	fr:Vézaponin	
Bieuxy		relation	2952178	boundary	administrative	3.2700636	49.4463396	16	0.592279442427927		Bieuxy	Soissons	Metropolitan France	France	fr	Bieuxy, Soissons, Aisne, Hauts-de-France, Metropolitan France, France	3.2465104	49.4372638	3.2895443	49.4565346	Q864733	fr:Bieuxy	
Étréaupont		relation	152314	boundary	administrative	3.9195770	49.9013414	16	0.592279442427927		Étréaupont	Vervins	Metropolitan France	France	fr	Étréaupont, Vervins, Aisne, Hauts-de-France, Metropolitan France, France	3.8876484	49.8693951	3.9921403	49.9332814	Q849218	fr:Étréaupont	
Fontaine-lès-Vervins		relation	152753	boundary	administrative	3.9023506	49.8509908	16	0.592279442427927		Fontaine-lès-Vervins	Vervins	Metropolitan France	France	fr	Fontaine-lès-Vervins, Vervins, Aisne, Hauts-de-France, Metropolitan France, France	3.8610915	49.8251959	3.9556670	49.8770693	Q841394	fr:Fontaine-lès-Vervins	
Vasseny		relation	153701	boundary	administrative	3.4890807	49.3571231	16	0.592279442427927		Vasseny	Soissons	Metropolitan France	France	fr	Vasseny, Soissons, Aisne, Hauts-de-France, Metropolitan France, France	3.4762324	49.3457738	3.5055386	49.3688621	Q680730	fr:Vasseny	
Nogent-l'Artaud		relation	2953123	boundary	administrative	3.3330070	48.9426411	16	0.592279442427927		Nogent-l'Artaud	Château-Thierry	Metropolitan France	France	fr	Nogent-l'Artaud, Château-Thierry, Aisne, Hauts-de-France, Metropolitan France, France	3.2923074	48.9087009	3.3701199	48.9766410	Q872235	fr:Nogent-l'Artaud	
Condé-sur-Aisne		relation	413137	boundary	administrative	3.4666310	49.4013605	16	0.592279442427927		Condé-sur-Aisne	Soissons	Metropolitan France	France	fr	Condé-sur-Aisne, Soissons, Aisne, Hauts-de-France, Metropolitan France, France	3.4532467	49.3879036	3.4838397	49.4148913	Q873525	fr:Condé-sur-Aisne	
Cierges		relation	2955721	boundary	administrative	3.5990749	49.1657098	16	0.59226955871714		Cierges	Château-Thierry	Metropolitan France	France	fr	Cierges, Château-Thierry, Aisne, Hauts-de-France, Metropolitan France, France	3.5735402	49.1497537	3.6313589	49.1818876	Q325745	fr:Cierges	
Chassemy		relation	74111	boundary	administrative	3.5099506	49.3777222	16	0.59226955871714		Chassemy	Soissons	Metropolitan France	France	fr	Chassemy, Soissons, Aisne, Hauts-de-France, Metropolitan France, France	3.4747680	49.3523130	3.5343810	49.4031819	Q286586	fr:Chassemy	
Venizel		relation	73985	boundary	administrative	3.3807558	49.3695226	16	0.59226955871714		Venizel	Soissons	Metropolitan France	France	fr	Venizel, Soissons, Aisne, Hauts-de-France, Metropolitan France, France	3.3722512	49.3567691	3.4175076	49.3823952	Q736863	fr:Venizel	
Lesges		relation	74155	boundary	administrative	3.4971521	49.3079384	16	0.59226955871714		Lesges	Soissons	Metropolitan France	France	fr	Lesges, Soissons, Aisne, Hauts-de-France, Metropolitan France, France	3.4708399	49.2960439	3.5253387	49.3201208	Q850100	fr:Lesges	
Vaudesson		relation	422686	boundary	administrative	3.4855851	49.4785868	16	0.59226955871714		Vaudesson	Soissons	Metropolitan France	France	fr	Vaudesson, Soissons, Aisne, Hauts-de-France, Metropolitan France, France	3.4634301	49.4551755	3.5109245	49.4997233	Q869049	fr:Vaudesson	
Dampleux		relation	73953	boundary	administrative	3.1453152	49.2408702	16	0.592259673550833		Dampleux	Soissons	Metropolitan France	France	fr	Dampleux, Soissons, Aisne, Hauts-de-France, Metropolitan France, France	3.1191260	49.2261269	3.1750261	49.2553792	Q847328	fr:Dampleux	
Dhuizel		relation	74150	boundary	administrative	3.6143430	49.3598019	16	0.592259673550833		Dhuizel	Soissons	Metropolitan France	France	fr	Dhuizel, Soissons, Aisne, Hauts-de-France, Metropolitan France, France	3.5894596	49.3455620	3.6402230	49.3725943	Q847074	fr:Dhuizel	
Cys-la-Commune		relation	415695	boundary	administrative	3.5706363	49.3837432	16	0.592259673550833		Cys-la-Commune	Soissons	Metropolitan France	France	fr	Cys-la-Commune, Soissons, Aisne, Hauts-de-France, Metropolitan France, France	3.5606908	49.3648359	3.5827400	49.4026409	Q847375	fr:Cys-la-Commune	
Gauchy		relation	152966	boundary	administrative	3.2836378	49.8230916	16	0.592259673550833		Gauchy	Saint-Quentin	Metropolitan France	France	fr	Gauchy, Saint-Quentin, Aisne, Hauts-de-France, Metropolitan France, France	3.2548996	49.8096741	3.3142684	49.8365048	Q1021455	fr:Gauchy	
Flavigny-le-Grand-et-Beaurain		relation	152749	boundary	administrative	3.6748945	49.8870335	16	0.592249786928577		Flavigny-le-Grand-et-Beaurain	Vervins	Metropolitan France	France	fr	Flavigny-le-Grand-et-Beaurain, Vervins, Aisne, Hauts-de-France, Metropolitan France, France	3.6443042	49.8600962	3.7035771	49.9137278	Q849899	fr:Flavigny-le-Grand-et-Beaurain	
Maast-et-Violaine		relation	418082	boundary	administrative	3.4514809	49.2934597	16	0.592249786928577		Maast-et-Violaine	Soissons	Metropolitan France	France	fr	Maast-et-Violaine, Soissons, Aisne, Hauts-de-France, Metropolitan France, France	3.4309428	49.2666183	3.4766339	49.3203536	Q670359	fr:Maast-et-Violaine	
Gandelu		relation	2954140	boundary	administrative	3.1790302	49.0795938	16	0.592249786928577		Gandelu	Château-Thierry	Metropolitan France	France	fr	Gandelu, Château-Thierry, Aisne, Hauts-de-France, Metropolitan France, France	3.1534778	49.0562369	3.2029027	49.1029974	Q379023	fr:Gandelu	
Cuiry-Housse		relation	415692	boundary	administrative	3.4897440	49.2887983	16	0.592249786928577		Cuiry-Housse	Soissons	Metropolitan France	France	fr	Cuiry-Housse, Soissons, Aisne, Hauts-de-France, Metropolitan France, France	3.4672216	49.2692322	3.5128692	49.3079508	Q847586	fr:Cuiry-Housse	
Beugneux		relation	410430	boundary	administrative	3.4119770	49.2242048	16	0.592249786928577		Beugneux	Soissons	Metropolitan France	France	fr	Beugneux, Soissons, Aisne, Hauts-de-France, Metropolitan France, France	3.3958457	49.2020541	3.4414525	49.2465734	Q849672	fr:Beugneux	
Fresnoy-le-Grand		relation	152765	boundary	administrative	3.4167518	49.9553156	16	0.592239898849942		Fresnoy-le-Grand	Saint-Quentin	Metropolitan France	France	fr	Fresnoy-le-Grand, Saint-Quentin, Aisne, Hauts-de-France, Metropolitan France, France	3.3782467	49.9325781	3.4556674	49.9780646	Q852904	fr:Fresnoy-le-Grand	
Attilly		relation	364656	boundary	administrative	3.1567007	49.8557850	16	0.592230009314501		Attilly	Saint-Quentin	Metropolitan France	France	fr	Attilly, Saint-Quentin, Aisne, Hauts-de-France, Metropolitan France, France	3.1153478	49.8389588	3.1909222	49.8724543	Q41475	fr:Attilly	
Saint Lucia	Sainte-Lucie,Sankta Lucio,Sanlusiyän,Santa Lucía,Sent Lusija,St. Lucia,Svätá Lucia,Svatá Lucie,Sveta Lucija,Αγία Λουκία,Сент-Люсия,Сент-Люсія,செயிண்ட் லூசியா	relation	550728	boundary	administrative	-60.9789442	13.8910000	4	0.592230009314501					Saint Lucia	lc	Saint Lucia	-61.2853867	13.5079999	-60.6669363	14.2725000	Q760	en:Saint Lucia	
Plomion		relation	153490	boundary	administrative	4.0142712	49.8144968	16	0.592220118321823		Plomion	Vervins	Metropolitan France	France	fr	Plomion, Vervins, Aisne, Hauts-de-France, Metropolitan France, France	3.9921175	49.7831639	4.0627564	49.8455651	Q870671	fr:Plomion	
Wiège-Faty		relation	153730	boundary	administrative	3.7120107	49.8847519	16	0.592220118321823		Wiège-Faty	Vervins	Metropolitan France	France	fr	Wiège-Faty, Vervins, Aisne, Hauts-de-France, Metropolitan France, France	3.6919090	49.8653601	3.7465984	49.9048766	Q1020290	fr:Wiège-Faty	
Brenelle		relation	74112	boundary	administrative	3.5435447	49.3692243	16	0.592220118321823		Brenelle	Soissons	Metropolitan France	France	fr	Brenelle, Soissons, Aisne, Hauts-de-France, Metropolitan France, France	3.5295691	49.3571722	3.5621330	49.3816153	Q851374	fr:Brenelle	
Autreppes		relation	149363	boundary	administrative	3.8542564	49.8965140	16	0.592220118321823		Autreppes	Vervins	Metropolitan France	France	fr	Autreppes, Vervins, Aisne, Hauts-de-France, Metropolitan France, France	3.8376385	49.8810103	3.8767019	49.9119262	Q853994	fr:Autreppes	
Thenelles		relation	444897	boundary	administrative	3.4584795	49.8321844	16	0.592220118321823		Thenelles	Saint-Quentin	Metropolitan France	France	fr	Thenelles, Saint-Quentin, Aisne, Hauts-de-France, Metropolitan France, France	3.4383202	49.8157165	3.4796331	49.8499798	Q322109	fr:Thenelles	
Vauxtin		relation	422683	boundary	administrative	3.6015373	49.3449699	16	0.592220118321823		Vauxtin	Soissons	Metropolitan France	France	fr	Vauxtin, Soissons, Aisne, Hauts-de-France, Metropolitan France, France	3.5868141	49.3372604	3.6202262	49.3525935	Q868302	fr:Vauxtin	
Essigny-le-Grand		relation	152310	boundary	administrative	3.2719445	49.7744942	16	0.592210225871479		Essigny-le-Grand	Saint-Quentin	Metropolitan France	France	fr	Essigny-le-Grand, Saint-Quentin, Aisne, Hauts-de-France, Metropolitan France, France	3.2451088	49.7500292	3.3015422	49.7984502	Q847495	fr:Essigny-le-Grand	
Saint-Gobert		relation	153627	boundary	administrative	3.8324868	49.8049634	16	0.592200331963039		Saint-Gobert	Vervins	Metropolitan France	France	fr	Saint-Gobert, Vervins, Aisne, Hauts-de-France, Metropolitan France, France	3.7998253	49.7902955	3.8623446	49.8195244	Q846199	fr:Saint-Gobert	
Crouy		relation	74035	boundary	administrative	3.3630967	49.4063024	16	0.592190436596074		Crouy	Soissons	Metropolitan France	France	fr	Crouy, Soissons, Aisne, Hauts-de-France, Metropolitan France, France	3.3325026	49.3922301	3.4042475	49.4222917	Q847293	fr:Crouy	
Barzy-en-Thiérache		relation	149370	boundary	administrative	3.7466740	50.0377551	16	0.592190436596074		Barzy-en-Thiérache	Vervins	Metropolitan France	France	fr	Barzy-en-Thiérache, Vervins, Aisne, Hauts-de-France, Metropolitan France, France	3.7266197	50.0221218	3.7778997	50.0534323	Q851401	fr:Barzy-en-Thiérache	
Any-Martin-Rieux		relation	149342	boundary	administrative	4.2264777	49.8852299	16	0.592190436596074		Any-Martin-Rieux	Vervins	Metropolitan France	France	fr	Any-Martin-Rieux, Vervins, Aisne, Hauts-de-France, Metropolitan France, France	4.1822048	49.8599154	4.2557495	49.9103670	Q677001	fr:Any-Martin-Rieux	
Passy-sur-Marne		relation	2955300	boundary	administrative	3.5725370	49.0681169	16	0.592180539770153		Passy-sur-Marne	Château-Thierry	Metropolitan France	France	fr	Passy-sur-Marne, Château-Thierry, Aisne, Hauts-de-France, Metropolitan France, France	3.5591578	49.0558215	3.5904743	49.0803233	Q379236	fr:Passy-sur-Marne	
Beauvois-en-Vermandois		relation	150367	boundary	administrative	3.1057941	49.8330977	16	0.592180539770153		Beauvois-en-Vermandois	Saint-Quentin	Metropolitan France	France	fr	Beauvois-en-Vermandois, Saint-Quentin, Aisne, Hauts-de-France, Metropolitan France, France	3.0773220	49.8159042	3.1272474	49.8503199	Q853731	fr:Beauvois-en-Vermandois	
Saint-Pierre-lès-Franqueville		relation	153649	boundary	administrative	3.8092159	49.8245420	16	0.592180539770153		Saint-Pierre-lès-Franqueville	Vervins	Metropolitan France	France	fr	Saint-Pierre-lès-Franqueville, Vervins, Aisne, Hauts-de-France, Metropolitan France, France	3.7823902	49.8108887	3.8553617	49.8382021	Q846703	fr:Saint-Pierre-lès-Franqueville	
Villiers-Saint-Denis		relation	2951328	boundary	administrative	3.2602041	48.9977204	16	0.592180539770153		Villiers-Saint-Denis	Château-Thierry	Metropolitan France	France	fr	Villiers-Saint-Denis, Château-Thierry, Aisne, Hauts-de-France, Metropolitan France, France	3.2360937	48.9818812	3.2880870	49.0136001	Q868136	fr:Villiers-Saint-Denis	
Buire		relation	151079	boundary	administrative	4.0567747	49.9078256	16	0.592180539770153		Buire	Vervins	Metropolitan France	France	fr	Buire, Vervins, Aisne, Hauts-de-France, Metropolitan France, France	4.0371681	49.8966343	4.0749961	49.9193771	Q847872	fr:Buire	
Tugny-et-Pont		relation	2950567	boundary	administrative	3.1605963	49.7676397	16	0.592170641484846		Tugny-et-Pont	Saint-Quentin	Metropolitan France	France	fr	Tugny-et-Pont, Saint-Quentin, Aisne, Hauts-de-France, Metropolitan France, France	3.1454059	49.7478344	3.1829802	49.7874348	Q867551	fr:Tugny-et-Pont	
Landouzy-la-Ville		relation	153038	boundary	administrative	4.0497289	49.8575973	16	0.592160741739722		Landouzy-la-Ville	Vervins	Metropolitan France	France	fr	Landouzy-la-Ville, Vervins, Aisne, Hauts-de-France, Metropolitan France, France	4.0070928	49.8385842	4.0908031	49.8767760	Q1002030	fr:Landouzy-la-Ville	
Puisieux-et-Clanlieu		relation	153499	boundary	administrative	3.6590843	49.8484477	16	0.592160741739722		Puisieux-et-Clanlieu	Vervins	Metropolitan France	France	fr	Puisieux-et-Clanlieu, Vervins, Aisne, Hauts-de-France, Metropolitan France, France	3.6068759	49.8291148	3.7097626	49.8676990	Q868771	fr:Puisieux-et-Clanlieu	
Viels-Maisons		relation	2952826	boundary	administrative	3.3956791	48.9037961	16	0.592160741739722		Viels-Maisons	Château-Thierry	Metropolitan France	France	fr	Viels-Maisons, Château-Thierry, Aisne, Hauts-de-France, Metropolitan France, France	3.3654491	48.8708425	3.4283223	48.9361107	Q868924	fr:Viels-Maisons	
Proisy		relation	153496	boundary	administrative	3.7516817	49.8891615	16	0.592150840534352		Proisy	Vervins	Metropolitan France	France	fr	Proisy, Vervins, Aisne, Hauts-de-France, Metropolitan France, France	3.7294350	49.8692627	3.7800980	49.9090436	Q869253	fr:Proisy	
Saint-Martin-Rivière		relation	364654	boundary	administrative	3.5533408	50.0431813	16	0.592150840534352		Saint-Martin-Rivière	Vervins	Metropolitan France	France	fr	Saint-Martin-Rivière, Vervins, Aisne, Hauts-de-France, Metropolitan France, France	3.5281614	50.0323245	3.5800143	50.0551975	Q845970	fr:Saint-Martin-Rivière	
Épaux-Bézu		relation	74169	boundary	administrative	3.3574004	49.1023095	16	0.592150840534352		Épaux-Bézu	Château-Thierry	Metropolitan France	France	fr	Épaux-Bézu, Château-Thierry, Aisne, Hauts-de-France, Metropolitan France, France	3.3105003	49.0777993	3.4021523	49.1265567	Q514135	fr:Épaux-Bézu	
Braye-en-Thiérache		relation	150570	boundary	administrative	3.9640425	49.7663422	16	0.592150840534352		Braye-en-Thiérache	Vervins	Metropolitan France	France	fr	Braye-en-Thiérache, Vervins, Aisne, Hauts-de-France, Metropolitan France, France	3.9372137	49.7437262	3.9871032	49.7889853	Q749301	fr:Braye-en-Thiérache	
Vaux-Andigny		relation	153702	boundary	administrative	3.5286307	50.0089477	16	0.592150840534352		Vaux-Andigny	Vervins	Metropolitan France	France	fr	Vaux-Andigny, Vervins, Aisne, Hauts-de-France, Metropolitan France, France	3.4881620	49.9835970	3.5615227	50.0343960	Q868194	fr:Vaux-Andigny	
Bruyères-sur-Fère		relation	2952103	boundary	administrative	3.4492263	49.1994926	16	0.592140937868303		Bruyères-sur-Fère	Château-Thierry	Metropolitan France	France	fr	Bruyères-sur-Fère, Château-Thierry, Aisne, Hauts-de-France, Metropolitan France, France	3.4199003	49.1825617	3.4701523	49.2164328	Q864280	fr:Bruyères-sur-Fère	
Sommette-Eaucourt		relation	2952574	boundary	administrative	3.1210013	49.7266231	16	0.592140937868303		Sommette-Eaucourt	Saint-Quentin	Metropolitan France	France	fr	Sommette-Eaucourt, Saint-Quentin, Aisne, Hauts-de-France, Metropolitan France, France	3.0963594	49.7055459	3.1391585	49.7481072	Q743890	fr:Sommette-Eaucourt	
Fontaine-lès-Clercs		relation	2949504	boundary	administrative	3.2163346	49.8091483	16	0.592140937868303		Fontaine-lès-Clercs	Saint-Quentin	Metropolitan France	France	fr	Fontaine-lès-Clercs, Saint-Quentin, Aisne, Hauts-de-France, Metropolitan France, France	3.1897134	49.7963762	3.2354695	49.8219695	Q840754	fr:Fontaine-lès-Clercs	
Pomeranian Voivodeship	Pamario vaivadija,Poméranie,Pomeransko vojvodstvo,Pomeria Provinco,Pomorjansko vojvodstvo,Pomořské vojvodství,pomorskie,Pomorze,Voivodato de Pomerania,Woiwodschaft Pommern,Woiwodschap Pommeren,województwo pomorskie,Паморскае ваяводства,Поморское воеводство,Поморське воєводство,ポモージェ県	relation	130975	boundary	administrative	18.0009576	54.1634689	8	0.592140937868303				Pomeranian Voivodeship	Poland	pl	Pomeranian Voivodeship, Poland	16.6990765	53.4909643	19.6486358	54.8357887	Q54180	pl:Województwo pomorskie	
Dallon		relation	2949161	boundary	administrative	3.2303719	49.8252815	16	0.592140937868303		Dallon	Saint-Quentin	Metropolitan France	France	fr	Dallon, Saint-Quentin, Aisne, Hauts-de-France, Metropolitan France, France	3.2119163	49.8085676	3.2534850	49.8412167	Q847338	fr:Dallon	
Lesquielles-Saint-Germain		relation	153113	boundary	administrative	3.6282906	49.9309961	16	0.592140937868303		Lesquielles-Saint-Germain	Vervins	Metropolitan France	France	fr	Lesquielles-Saint-Germain, Vervins, Aisne, Hauts-de-France, Metropolitan France, France	3.5845339	49.9098355	3.6708846	49.9522393	Q846176	fr:Lesquielles-Saint-Germain	
Bézu-Saint-Germain		relation	74166	boundary	administrative	3.4118628	49.1043224	16	0.592131033741146		Bézu-Saint-Germain	Château-Thierry	Metropolitan France	France	fr	Bézu-Saint-Germain, Château-Thierry, Aisne, Hauts-de-France, Metropolitan France, France	3.3880104	49.0766921	3.4286915	49.1323409	Q851489	fr:Bézu-Saint-Germain	
Aubigny-aux-Kaisnes		relation	2950603	boundary	administrative	3.1180773	49.7724346	16	0.592131033741146		Aubigny-aux-Kaisnes	Saint-Quentin	Metropolitan France	France	fr	Aubigny-aux-Kaisnes, Saint-Quentin, Aisne, Hauts-de-France, Metropolitan France, France	3.1011135	49.7595647	3.1325539	49.7852501	Q782684	fr:Aubigny-aux-Kaisnes	
Buironfosse		relation	151081	boundary	administrative	3.8339904	49.9579178	16	0.592131033741146		Buironfosse	Vervins	Metropolitan France	France	fr	Buironfosse, Vervins, Aisne, Hauts-de-France, Metropolitan France, France	3.7996390	49.9333926	3.8744390	49.9825304	Q967499	fr:Buironfosse	
Crouttes-sur-Marne		relation	2952748	boundary	administrative	3.2516895	48.9769692	16	0.592131033741146		Crouttes-sur-Marne	Château-Thierry	Metropolitan France	France	fr	Crouttes-sur-Marne, Château-Thierry, Aisne, Hauts-de-France, Metropolitan France, France	3.2267302	48.9610219	3.2673982	48.9929094	Q847568	fr:Crouttes-sur-Marne	
Fresno		relation	112443	place	city	-119.7602586	36.7897082	16	0.592131033741146		Fresno		California	United States of America	us	Fresno, California, United States of America	-119.9343971	36.6621620	-119.6549971	36.9089050	Q43301	en:Fresno, California	
Bucilly		relation	151077	boundary	administrative	4.0969930	49.8636354	16	0.592131033741146		Bucilly	Vervins	Metropolitan France	France	fr	Bucilly, Vervins, Aisne, Hauts-de-France, Metropolitan France, France	4.0664944	49.8250104	4.1214506	49.9021970	Q847271	fr:Bucilly	
Fresno		way	33120283	place	city	-119.7088613	36.7295295	16	0.592131033741146		Fresno	Fresno County	California	United States of America	us	Fresno, Fresno County, California, United States of America	-119.7093500	36.7284490	-119.7083600	36.7304420	Q43301	en:Fresno, California	
Logny-lès-Aubenton		relation	150397	boundary	administrative	4.2158872	49.8319967	16	0.592121128152448		Logny-lès-Aubenton	Vervins	Metropolitan France	France	fr	Logny-lès-Aubenton, Vervins, Aisne, Hauts-de-France, Metropolitan France, France	4.1985891	49.7998322	4.2498113	49.8640126	Q872573	fr:Logny-lès-Aubenton	
Chartèves		relation	1919982	boundary	administrative	3.5103166	49.0893851	16	0.592121128152448		Chartèves	Château-Thierry	Metropolitan France	France	fr	Chartèves, Château-Thierry, Aisne, Hauts-de-France, Metropolitan France, France	3.4763831	49.0687929	3.5297760	49.1099430	Q847576	fr:Chartèves	
Aisonville-et-Bernoville		relation	149331	boundary	administrative	3.5152238	49.9312616	16	0.592121128152448		Aisonville-et-Bernoville	Vervins	Metropolitan France	France	fr	Aisonville-et-Bernoville, Vervins, Aisne, Hauts-de-France, Metropolitan France, France	3.4808226	49.9094556	3.5441068	49.9531469	Q676922	fr:Aisonville-et-Bernoville	
Étampes-sur-Marne		relation	74178	boundary	administrative	3.4199758	49.0321119	16	0.592121128152448		Étampes-sur-Marne	Château-Thierry	Metropolitan France	France	fr	Étampes-sur-Marne, Château-Thierry, Aisne, Hauts-de-France, Metropolitan France, France	3.3968216	49.0249931	3.4382888	49.0389794	Q847620	fr:Étampes-sur-Marne	
Grand-Verly		relation	152991	boundary	administrative	3.5789403	49.9445208	16	0.592121128152448		Grand-Verly	Vervins	Metropolitan France	France	fr	Grand-Verly, Vervins, Aisne, Hauts-de-France, Metropolitan France, France	3.5629064	49.9329345	3.5999876	49.9561531	Q1020230	fr:Grand-Verly	
Pont-Arcy		relation	448653	boundary	administrative	3.6234197	49.3918182	16	0.592121128152448		Pont-Arcy	Soissons	Metropolitan France	France	fr	Pont-Arcy, Soissons, Aisne, Hauts-de-France, Metropolitan France, France	3.6004443	49.3845811	3.6429859	49.3990595	Q457038	fr:Pont-Arcy	
Saponay		relation	2955270	boundary	administrative	3.4813212	49.2119408	16	0.592121128152448		Saponay	Château-Thierry	Metropolitan France	France	fr	Saponay, Château-Thierry, Aisne, Hauts-de-France, Metropolitan France, France	3.4576960	49.1908194	3.5218339	49.2330941	Q185320	fr:Saponay	
Independence		relation	129910	place	town	-95.7800621	37.1556340	18	0.592121128152448		Independence	Montgomery County	Kansas	United States of America	us	Independence, Montgomery County, Kansas, United States of America	-95.7923295	37.1431460	-95.6872060	37.2630830	Q1904322	en:Independence, Kansas	
Villers-sur-Fère		relation	2956612	boundary	administrative	3.5335191	49.1682467	16	0.592111221101779		Villers-sur-Fère	Château-Thierry	Metropolitan France	France	fr	Villers-sur-Fère, Château-Thierry, Aisne, Hauts-de-France, Metropolitan France, France	3.5075912	49.1405174	3.5525477	49.1952961	Q868168	fr:Villers-sur-Fère	
Bray-Saint-Christophe		relation	2950581	boundary	administrative	3.1397972	49.7738330	16	0.592111221101779		Bray-Saint-Christophe	Saint-Quentin	Metropolitan France	France	fr	Bray-Saint-Christophe, Saint-Quentin, Aisne, Hauts-de-France, Metropolitan France, France	3.1308838	49.7607324	3.1547497	49.7869220	Q864562	fr:Bray-Saint-Christophe	
Torcy-en-Valois		relation	1792587	boundary	administrative	3.2752520	49.0835325	16	0.592111221101779		Torcy-en-Valois	Château-Thierry	Metropolitan France	France	fr	Torcy-en-Valois, Château-Thierry, Aisne, Hauts-de-France, Metropolitan France, France	3.2632945	49.0696493	3.2846894	49.0975630	Q384712	fr:Torcy-en-Valois	
Homblières		relation	153011	boundary	administrative	3.3702589	49.8566503	16	0.592111221101779		Homblières	Saint-Quentin	Metropolitan France	France	fr	Homblières, Saint-Quentin, Aisne, Hauts-de-France, Metropolitan France, France	3.3388266	49.8290083	3.4023524	49.8847782	Q850345	fr:Homblières	
Saint-Algis		relation	153622	boundary	administrative	3.8240305	49.8946104	16	0.592111221101779		Saint-Algis	Vervins	Metropolitan France	France	fr	Saint-Algis, Vervins, Aisne, Hauts-de-France, Metropolitan France, France	3.8032906	49.8784113	3.8484336	49.9107819	Q1020147	fr:Saint-Algis	
Tupigny		relation	153696	boundary	administrative	3.5857885	49.9775021	16	0.592101312588706		Tupigny	Vervins	Metropolitan France	France	fr	Tupigny, Vervins, Aisne, Hauts-de-France, Metropolitan France, France	3.5624048	49.9447494	3.6341783	50.0102574	Q57748	fr:Tupigny	
Azy-sur-Marne		relation	74316	boundary	administrative	3.3634738	49.0066711	16	0.592101312588706		Azy-sur-Marne	Château-Thierry	Metropolitan France	France	fr	Azy-sur-Marne, Château-Thierry, Aisne, Hauts-de-France, Metropolitan France, France	3.3366628	48.9946621	3.3783058	49.0179000	Q849825	fr:Azy-sur-Marne	
Villers-lès-Guise		relation	153719	boundary	administrative	3.6833585	49.9251851	16	0.592101312588706		Villers-lès-Guise	Vervins	Metropolitan France	France	fr	Villers-lès-Guise, Vervins, Aisne, Hauts-de-France, Metropolitan France, France	3.6539449	49.9095009	3.7111184	49.9406486	Q868380	fr:Villers-lès-Guise	
Urvillers		relation	153699	boundary	administrative	3.3222262	49.7894652	16	0.592101312588706		Urvillers	Saint-Quentin	Metropolitan France	France	fr	Urvillers, Saint-Quentin, Aisne, Hauts-de-France, Metropolitan France, France	3.2844035	49.7665384	3.3557028	49.8125039	Q745820	fr:Urvillers	
Trélou-sur-Marne		relation	2955293	boundary	administrative	3.6028272	49.0903691	16	0.592101312588706		Trélou-sur-Marne	Château-Thierry	Metropolitan France	France	fr	Trélou-sur-Marne, Château-Thierry, Aisne, Hauts-de-France, Metropolitan France, France	3.5719617	49.0600028	3.6392232	49.1206821	Q845910	fr:Trélou-sur-Marne	
Thenailles		relation	153691	boundary	administrative	3.9454265	49.8120302	16	0.592091402612799		Thenailles	Vervins	Metropolitan France	France	fr	Thenailles, Vervins, Aisne, Hauts-de-France, Metropolitan France, France	3.9067216	49.7840932	3.9880388	49.8399197	Q845776	fr:Thenailles	
Froidestrées		relation	152767	boundary	administrative	3.9108143	49.9427664	16	0.592091402612799		Froidestrées	Vervins	Metropolitan France	France	fr	Froidestrées, Vervins, Aisne, Hauts-de-France, Metropolitan France, France	3.8959863	49.9257419	3.9233937	49.9603223	Q539778	fr:Froidestrées	
Villers-Saint-Christophe		relation	2950675	boundary	administrative	3.0890729	49.7798981	16	0.592091402612799		Villers-Saint-Christophe	Saint-Quentin	Metropolitan France	France	fr	Villers-Saint-Christophe, Saint-Quentin, Aisne, Hauts-de-France, Metropolitan France, France	3.0613059	49.7650155	3.1225912	49.7947403	Q868178	fr:Villers-Saint-Christophe	
Vaux-en-Vermandois		relation	153703	boundary	administrative	3.1337639	49.8258658	16	0.592091402612799		Vaux-en-Vermandois	Saint-Quentin	Metropolitan France	France	fr	Vaux-en-Vermandois, Saint-Quentin, Aisne, Hauts-de-France, Metropolitan France, France	3.1202430	49.8118310	3.1558038	49.8399373	Q867746	fr:Vaux-en-Vermandois	
Ly-Fontaine		relation	153126	boundary	administrative	3.3102116	49.7329449	16	0.592081491173624		Ly-Fontaine	Saint-Quentin	Metropolitan France	France	fr	Ly-Fontaine, Saint-Quentin, Aisne, Hauts-de-France, Metropolitan France, France	3.2958329	49.7231746	3.3260468	49.7426030	Q870644	fr:Ly-Fontaine	
Noyales		relation	153467	boundary	administrative	3.5435912	49.9055803	16	0.592081491173624		Noyales	Vervins	Metropolitan France	France	fr	Noyales, Vervins, Aisne, Hauts-de-France, Metropolitan France, France	3.5106919	49.8888032	3.5629312	49.9221978	Q869882	fr:Noyales	
L'Épine-aux-Bois		relation	2954207	boundary	administrative	3.4442050	48.8984935	16	0.592081491173624		L'Épine-aux-Bois	Château-Thierry	Metropolitan France	France	fr	L'Épine-aux-Bois, Château-Thierry, Aisne, Hauts-de-France, Metropolitan France, France	3.4152529	48.8784940	3.4750079	48.9184597	Q871594	fr:L'Épine-aux-Bois	
Francilly-Selency		relation	152760	boundary	administrative	3.2341186	49.8558016	16	0.592081491173624		Francilly-Selency	Saint-Quentin	Metropolitan France	France	fr	Francilly-Selency, Saint-Quentin, Aisne, Hauts-de-France, Metropolitan France, France	3.2095804	49.8393631	3.2496124	49.8722545	Q842564	fr:Francilly-Selency	
Chavignon		relation	151115	boundary	administrative	3.5186641	49.4781464	16	0.592081491173624		Chavignon	Soissons	Metropolitan France	France	fr	Chavignon, Soissons, Aisne, Hauts-de-France, Metropolitan France, France	3.4870421	49.4554491	3.5441485	49.5011421	Q687460	fr:Chavignon	
Rougeries		relation	153618	boundary	administrative	3.7866060	49.8057049	16	0.592081491173624		Rougeries	Vervins	Metropolitan France	France	fr	Rougeries, Vervins, Aisne, Hauts-de-France, Metropolitan France, France	3.7738135	49.7880690	3.8048850	49.8229676	Q867527	fr:Rougeries	
Grugies		relation	152997	boundary	administrative	3.2749000	49.8105150	16	0.592081491173624		Grugies	Saint-Quentin	Metropolitan France	France	fr	Grugies, Saint-Quentin, Aisne, Hauts-de-France, Metropolitan France, France	3.2522370	49.7980609	3.3051047	49.8231091	Q872765	fr:Grugies	
Armentières-sur-Ourcq		relation	2947221	boundary	administrative	3.3852931	49.1732737	16	0.592081491173624		Armentières-sur-Ourcq	Château-Thierry	Metropolitan France	France	fr	Armentières-sur-Ourcq, Château-Thierry, Aisne, Hauts-de-France, Metropolitan France, France	3.3713710	49.1530838	3.4119924	49.1932876	Q79201	fr:Armentières-sur-Ourcq	
Bézu-le-Guéry		relation	2951183	boundary	administrative	3.2263378	49.0097597	16	0.592071578270751		Bézu-le-Guéry	Château-Thierry	Metropolitan France	France	fr	Bézu-le-Guéry, Château-Thierry, Aisne, Hauts-de-France, Metropolitan France, France	3.1992961	48.9875176	3.2563216	49.0325591	Q864726	fr:Bézu-le-Guéry	
Vénérolles		relation	153707	boundary	administrative	3.6320375	49.9898646	16	0.592071578270751		Vénérolles	Vervins	Metropolitan France	France	fr	Vénérolles, Vervins, Aisne, Hauts-de-France, Metropolitan France, France	3.6024920	49.9664997	3.6548778	50.0130833	Q673606	fr:Vénérolles	
Brissy-Hamégicourt		relation	150579	boundary	administrative	3.3987852	49.7458800	16	0.592071578270751		Brissy-Hamégicourt	Saint-Quentin	Metropolitan France	France	fr	Brissy-Hamégicourt, Saint-Quentin, Aisne, Hauts-de-France, Metropolitan France, France	3.3662102	49.7262527	3.4355689	49.7654213	Q842579	fr:Brissy-Hamégicourt	
Troësnes	Троен,Троэн,特罗埃讷	relation	73965	boundary	administrative	3.1769696	49.1973798	16	0.592071578270751		Troësnes	Soissons	Metropolitan France	France	fr	Troësnes, Soissons, Aisne, Hauts-de-France, Metropolitan France, France	3.1629270	49.1872339	3.1912994	49.2091716	Q612732	fr:Troësnes	
Brumetz		relation	2953367	boundary	administrative	3.1536192	49.1124512	16	0.592071578270751		Brumetz	Château-Thierry	Metropolitan France	France	fr	Brumetz, Château-Thierry, Aisne, Hauts-de-France, Metropolitan France, France	3.1236000	49.0982708	3.1819348	49.1265521	Q840091	fr:Brumetz	
Tuva	투바 공화국,Tëvaja,Tiva,Tıva,Tiwa,Toeva,Touva,Tõva,Túva,Tuvá,Tuvà,Tuva Cumhuriyeti,Tuva (republikk),Tuviansko,Tuvio,Tuwa,Tyva,تۇۋا,توفا,تووا,טובה (רפובליקה),Δημοκρατία της Τιβά,Бүгд Найрамдах Тува Улс,Республика Тыва,Тива,Тува,Тыва,Тыва Республикасы,Тыва Республикаһы,Тыуа,Ҷумҳурии Тува,ტუვა,तुवा प्रजासत्ताक,तूवा,トゥヴァ共和国,图瓦共和国	relation	145195	boundary	administrative	94.2283607	51.7358386	8	0.592071578270751				Siberian Federal District	Russia	ru	Tuva, Siberian Federal District, Russia	88.7915311	49.7429299	99.2737020	53.7289299	Q960	ru:Тыва	
Neuville-Saint-Amand		relation	153458	boundary	administrative	3.3301181	49.8200501	16	0.592071578270751		Neuville-Saint-Amand	Saint-Quentin	Metropolitan France	France	fr	Neuville-Saint-Amand, Saint-Quentin, Aisne, Hauts-de-France, Metropolitan France, France	3.2986555	49.8059026	3.3805720	49.8341911	Q762683	fr:Neuville-Saint-Amand	
Artemps		relation	2950867	boundary	administrative	3.1960137	49.7621547	16	0.592071578270751		Artemps	Saint-Quentin	Metropolitan France	France	fr	Artemps, Saint-Quentin, Aisne, Hauts-de-France, Metropolitan France, France	3.1650356	49.7503381	3.2268856	49.7744234	Q677435	fr:Artemps	
Sommeron		relation	153683	boundary	administrative	3.9436183	49.9574075	16	0.592071578270751		Sommeron	Vervins	Metropolitan France	France	fr	Sommeron, Vervins, Aisne, Hauts-de-France, Metropolitan France, France	3.9233765	49.9419972	3.9629680	49.9728241	Q846690	fr:Sommeron	
Jeantes		relation	153018	boundary	administrative	4.0686189	49.8141397	16	0.592071578270751		Jeantes	Vervins	Metropolitan France	France	fr	Jeantes, Vervins, Aisne, Hauts-de-France, Metropolitan France, France	4.0288070	49.7885938	4.1054793	49.8397786	Q841661	fr:Jeantes	
Rogny		relation	153617	boundary	administrative	3.8194771	49.7680132	16	0.592071578270751		Rogny	Vervins	Metropolitan France	France	fr	Rogny, Vervins, Aisne, Hauts-de-France, Metropolitan France, France	3.7973162	49.7563655	3.8541664	49.7798251	Q867318	fr:Rogny	
Voharies		relation	153724	boundary	administrative	3.7906416	49.7870920	16	0.592071578270751		Voharies	Vervins	Metropolitan France	France	fr	Voharies, Vervins, Aisne, Hauts-de-France, Metropolitan France, France	3.7759913	49.7763548	3.8070528	49.7993490	Q867685	fr:Voharies	
Joncourt		relation	153019	boundary	administrative	3.3036868	49.9603927	16	0.592061663903745		Joncourt	Saint-Quentin	Metropolitan France	France	fr	Joncourt, Saint-Quentin, Aisne, Hauts-de-France, Metropolitan France, France	3.2757169	49.9413263	3.3327417	49.9794824	Q274659	fr:Joncourt	
Landifay-et-Bertaignemont		relation	153036	boundary	administrative	3.6092497	49.8292332	16	0.592061663903745		Landifay-et-Bertaignemont	Vervins	Metropolitan France	France	fr	Landifay-et-Bertaignemont, Vervins, Aisne, Hauts-de-France, Metropolitan France, France	3.5709698	49.7935542	3.6370440	49.8647190	Q849966	fr:Landifay-et-Bertaignemont	
Reuilly-Sauvigny		relation	2955196	boundary	administrative	3.5615905	49.0524053	16	0.592061663903745		Reuilly-Sauvigny	Château-Thierry	Metropolitan France	France	fr	Reuilly-Sauvigny, Château-Thierry, Aisne, Hauts-de-France, Metropolitan France, France	3.5355757	49.0372838	3.5887794	49.0677191	Q868822	fr:Reuilly-Sauvigny	
Bergues-sur-Sambre		relation	150376	boundary	administrative	3.7087263	50.0300830	16	0.592061663903745		Bergues-sur-Sambre	Vervins	Metropolitan France	France	fr	Bergues-sur-Sambre, Vervins, Aisne, Hauts-de-France, Metropolitan France, France	3.6818844	50.0221540	3.7408260	50.0380754	Q842841	fr:Bergues-sur-Sambre	
Pernant		relation	1808720	boundary	administrative	3.2300853	49.3748162	16	0.592061663903745		Pernant	Soissons	Metropolitan France	France	fr	Pernant, Soissons, Aisne, Hauts-de-France, Metropolitan France, France	3.2086435	49.3503396	3.2585588	49.3987143	Q871618	fr:Pernant	
Bancigny		relation	149368	boundary	administrative	4.0359068	49.7992535	16	0.592051748072176		Bancigny	Vervins	Metropolitan France	France	fr	Bancigny, Vervins, Aisne, Hauts-de-France, Metropolitan France, France	4.0251127	49.7845651	4.0512970	49.8147821	Q864736	fr:Bancigny	
Barzy-sur-Marne		relation	2956062	boundary	administrative	3.5567898	49.0900349	16	0.592051748072176		Barzy-sur-Marne	Château-Thierry	Metropolitan France	France	fr	Barzy-sur-Marne, Château-Thierry, Aisne, Hauts-de-France, Metropolitan France, France	3.5375887	49.0700119	3.5789082	49.1101765	Q864409	fr:Barzy-sur-Marne	
Englancourt		relation	152303	boundary	administrative	3.8056547	49.9251404	16	0.592051748072176		Englancourt	Vervins	Metropolitan France	France	fr	Englancourt, Vervins, Aisne, Hauts-de-France, Metropolitan France, France	3.7837431	49.9047901	3.8323224	49.9454211	Q653316	fr:Englancourt	
Holnon		relation	2947054	boundary	administrative	3.2055765	49.8609657	16	0.592051748072176		Holnon	Saint-Quentin	Metropolitan France	France	fr	Holnon, Saint-Quentin, Aisne, Hauts-de-France, Metropolitan France, France	3.1790697	49.8455395	3.2223413	49.8763551	Q846749	fr:Holnon	
Rocourt-Saint-Martin		relation	74165	boundary	administrative	3.3901774	49.1426400	16	0.592051748072176		Rocourt-Saint-Martin	Château-Thierry	Metropolitan France	France	fr	Rocourt-Saint-Martin, Château-Thierry, Aisne, Hauts-de-France, Metropolitan France, France	3.3736266	49.1223645	3.4093728	49.1631034	Q868997	fr:Rocourt-Saint-Martin	
Villers-Agron-Aiguizy		relation	1775691	boundary	administrative	3.7141618	49.1607192	16	0.592051748072176		Villers-Agron-Aiguizy	Château-Thierry	Metropolitan France	France	fr	Villers-Agron-Aiguizy, Château-Thierry, Aisne, Hauts-de-France, Metropolitan France, France	3.6759898	49.1414682	3.7525367	49.1802721	Q849467	fr:Villers-Agron-Aiguizy	
Jeancourt		relation	150505	boundary	administrative	3.1453419	49.9307703	16	0.592041830775609		Jeancourt	Saint-Quentin	Metropolitan France	France	fr	Jeancourt, Saint-Quentin, Aisne, Hauts-de-France, Metropolitan France, France	3.1226720	49.9140312	3.1689635	49.9474518	Q1002109	fr:Jeancourt	
Watigny	Ватиньи	relation	150403	boundary	administrative	4.2015851	49.9191267	16	0.592041830775609		Watigny	Vervins	Metropolitan France	France	fr	Watigny, Vervins, Aisne, Hauts-de-France, Metropolitan France, France	4.1647828	49.8792507	4.2330119	49.9592781	Q868343	fr:Watigny	
Jaulgonne		relation	2955687	boundary	administrative	3.5301804	49.0884578	16	0.592041830775609		Jaulgonne	Château-Thierry	Metropolitan France	France	fr	Jaulgonne, Château-Thierry, Aisne, Hauts-de-France, Metropolitan France, France	3.5171970	49.0779969	3.5458197	49.0988573	Q592365	fr:Jaulgonne	
Fluquières		relation	152750	boundary	administrative	3.1583902	49.7994779	16	0.592041830775609		Fluquières	Saint-Quentin	Metropolitan France	France	fr	Fluquières, Saint-Quentin, Aisne, Hauts-de-France, Metropolitan France, France	3.1364941	49.7859669	3.1772592	49.8128961	Q849892	fr:Fluquières	
Passy-en-Valois		relation	2956754	boundary	administrative	3.1923686	49.1643943	16	0.592041830775609		Passy-en-Valois	Soissons	Metropolitan France	France	fr	Passy-en-Valois, Soissons, Aisne, Hauts-de-France, Metropolitan France, France	3.1592388	49.1544459	3.2051133	49.1734988	Q869564	fr:Passy-en-Valois	
Coulonges-Cohan		relation	1775913	boundary	administrative	3.6282935	49.1957880	16	0.592041830775609		Coulonges-Cohan	Château-Thierry	Metropolitan France	France	fr	Coulonges-Cohan, Château-Thierry, Aisne, Hauts-de-France, Metropolitan France, France	3.5789086	49.1606319	3.6685954	49.2309425	Q1074446	fr:Coulonges-Cohan	
Burelles		relation	151083	boundary	administrative	3.9074684	49.7700287	16	0.592041830775609		Burelles	Vervins	Metropolitan France	France	fr	Burelles, Vervins, Aisne, Hauts-de-France, Metropolitan France, France	3.8766962	49.7510193	3.9545802	49.7890526	Q530829	fr:Burelles	
Pontruet		relation	153492	boundary	administrative	3.2211398	49.9191526	16	0.592041830775609		Pontruet	Saint-Quentin	Metropolitan France	France	fr	Pontruet, Saint-Quentin, Aisne, Hauts-de-France, Metropolitan France, France	3.2057762	49.8972265	3.2594753	49.9407468	Q595896	fr:Pontruet	
Éparcy		relation	152304	boundary	administrative	4.0712555	49.8854483	16	0.592041830775609		Éparcy	Vervins	Metropolitan France	France	fr	Éparcy, Vervins, Aisne, Hauts-de-France, Metropolitan France, France	4.0500247	49.8645077	4.0919806	49.9060350	Q1016724	fr:Éparcy	
Baulne-en-Brie		relation	2743050	boundary	administrative	3.6062547	48.9881045	18	0.592031912013613		Vallées-en-Champagne	Château-Thierry	Metropolitan France	France	fr	Baulne-en-Brie, Vallées-en-Champagne, Château-Thierry, Aisne, Hauts-de-France, Metropolitan France, France	3.5740969	48.9592140	3.6397324	49.0170629	Q849600	fr:Baulne-en-Brie	
Fonsomme	Fonsommes	relation	152752	boundary	administrative	3.3992605	49.8998145	16	0.592031912013613		Fonsomme	Saint-Quentin	Metropolitan France	France	fr	Fonsomme, Saint-Quentin, Aisne, Hauts-de-France, Metropolitan France, France	3.3670239	49.8814650	3.4246079	49.9180229	Q842430	fr:Fonsomme	
Cugny		relation	2952564	boundary	administrative	3.1493123	49.7097286	16	0.592031912013613		Cugny	Saint-Quentin	Metropolitan France	France	fr	Cugny, Saint-Quentin, Aisne, Hauts-de-France, Metropolitan France, France	3.1294438	49.6816180	3.1741927	49.7378495	Q849291	fr:Cugny	
Croix-Fonsomme	Croix-Fonsommes	relation	152248	boundary	administrative	3.3987995	49.9329047	16	0.592031912013613		Croix-Fonsomme	Saint-Quentin	Metropolitan France	France	fr	Croix-Fonsomme, Saint-Quentin, Aisne, Hauts-de-France, Metropolitan France, France	3.3628685	49.9110133	3.4245620	49.9547382	Q849346	fr:Croix-Fonsomme	
Vendhuile		relation	150496	boundary	administrative	3.2079652	50.0124281	16	0.592031912013613		Vendhuile	Saint-Quentin	Metropolitan France	France	fr	Vendhuile, Saint-Quentin, Aisne, Hauts-de-France, Metropolitan France, France	3.1694162	49.9921763	3.2457264	50.0326573	Q867402	fr:Vendhuile	
Omissy		relation	153472	boundary	administrative	3.2956758	49.8799328	16	0.592031912013613		Omissy	Saint-Quentin	Metropolitan France	France	fr	Omissy, Saint-Quentin, Aisne, Hauts-de-France, Metropolitan France, France	3.2744701	49.8623571	3.3192302	49.8976674	Q870115	fr:Omissy	
Norwich	노리치,Noridžas,Норвіч,Норидж,Норич,Норыдж	node	11235057	place	city	1.2922700	52.6286060	16	0.592031912013613			Norfolk	England	United Kingdom	gb	Norwich, Norfolk, East of England, England, United Kingdom	1.2922700	52.6286060	1.2922700	52.6286060	Q130191	en:Norwich	
Celles-sur-Aisne		relation	74113	boundary	administrative	3.4817566	49.4135519	16	0.592031912013613		Celles-sur-Aisne	Soissons	Metropolitan France	France	fr	Celles-sur-Aisne, Soissons, Aisne, Hauts-de-France, Metropolitan France, France	3.4429616	49.3994173	3.4973302	49.4276428	Q847912	fr:Celles-sur-Aisne	
Connigis		relation	2954314	boundary	administrative	3.5361013	49.0356739	16	0.592021991785754		Connigis	Château-Thierry	Metropolitan France	France	fr	Connigis, Château-Thierry, Aisne, Hauts-de-France, Metropolitan France, France	3.5077579	49.0230141	3.5559286	49.0482315	Q847152	fr:Connigis	
Chéry-Chartreuve		relation	412148	boundary	administrative	3.6041377	49.2530076	16	0.592021991785754		Chéry-Chartreuve	Soissons	Metropolitan France	France	fr	Chéry-Chartreuve, Soissons, Aisne, Hauts-de-France, Metropolitan France, France	3.5798439	49.2286368	3.6362701	49.2774463	Q849196	fr:Chéry-Chartreuve	
Bouresches		relation	74172	boundary	administrative	3.3184568	49.0660728	16	0.592021991785754		Bouresches	Château-Thierry	Metropolitan France	France	fr	Bouresches, Château-Thierry, Aisne, Hauts-de-France, Metropolitan France, France	3.2892183	49.0514492	3.3492998	49.0812397	Q864467	fr:Bouresches	
Gricourt		relation	152993	boundary	administrative	3.2401477	49.8875908	16	0.592021991785754		Gricourt	Saint-Quentin	Metropolitan France	France	fr	Gricourt, Saint-Quentin, Aisne, Hauts-de-France, Metropolitan France, France	3.2077970	49.8707009	3.2709616	49.9044972	Q991755	fr:Gricourt	
Harly		relation	153006	boundary	administrative	3.3354483	49.8403243	16	0.592021991785754		Harly	Saint-Quentin	Metropolitan France	France	fr	Harly, Saint-Quentin, Aisne, Hauts-de-France, Metropolitan France, France	3.3140985	49.8314108	3.3552843	49.8492132	Q839092	fr:Harly	
Grougis		relation	152995	boundary	administrative	3.5244309	49.9496145	16	0.592021991785754		Grougis	Vervins	Metropolitan France	France	fr	Grougis, Vervins, Aisne, Hauts-de-France, Metropolitan France, France	3.4994636	49.9284973	3.5565710	49.9716280	Q990749	fr:Grougis	
Sequehart		relation	153667	boundary	administrative	3.3398919	49.9299233	16	0.592021991785754		Sequehart	Saint-Quentin	Metropolitan France	France	fr	Sequehart, Saint-Quentin, Aisne, Hauts-de-France, Metropolitan France, France	3.3242867	49.9124597	3.3594495	49.9477414	Q850266	fr:Sequehart	
Landouzy-la-Cour		relation	153037	boundary	administrative	3.9933409	49.8450525	16	0.592021991785754		Landouzy-la-Cour	Vervins	Metropolitan France	France	fr	Landouzy-la-Cour, Vervins, Aisne, Hauts-de-France, Metropolitan France, France	3.9588260	49.8278221	4.0281959	49.8613263	Q846053	fr:Landouzy-la-Cour	
Chugoku Region	중국지역,Region Chūgoku,Регіон Тюґоку,Тюгоку,中国地方	relation	1842114	boundary	administrative	132.8335949	35.0543394	30	0.592021991785754					Japan	jp	Chugoku Region, Japan	130.3978627	33.5529080	134.5154080	36.5557657	Q127864	ja:中国地方	
Fontenelle-en-Brie		relation	2954148	boundary	administrative	3.4932434	48.9224546	18	0.592012070091598		Dhuys-et-Morin-en-Brie	Château-Thierry	Metropolitan France	France	fr	Fontenelle-en-Brie, Dhuys-et-Morin-en-Brie, Château-Thierry, Aisne, Hauts-de-France, Metropolitan France, France	3.4666109	48.9029990	3.5291407	48.9421909	Q850398	fr:Fontenelle-en-Brie	
Vichel-Nanteuil		relation	2954980	boundary	administrative	3.2982517	49.1821992	16	0.592012070091598		Vichel-Nanteuil	Château-Thierry	Metropolitan France	France	fr	Vichel-Nanteuil, Château-Thierry, Aisne, Hauts-de-France, Metropolitan France, France	3.2692278	49.1716583	3.3238639	49.1928359	Q868292	fr:Vichel-Nanteuil	
Lugano		relation	2888417	boundary	administrative	8.9888994	46.0289206	16	0.592012070091598		Lugano	Distretto di Lugano	Ticino	Switzerland	ch	Lugano, Distretto di Lugano, Ticino, Switzerland	8.8998475	45.9396811	9.0895508	46.1191527	Q7024	it:Lugano	
Berthenicourt		relation	150414	boundary	administrative	3.3720085	49.7788688	16	0.592012070091598		Berthenicourt	Saint-Quentin	Metropolitan France	France	fr	Berthenicourt, Saint-Quentin, Aisne, Hauts-de-France, Metropolitan France, France	3.3517798	49.7658774	3.3941574	49.7917867	Q849788	fr:Berthenicourt	
Fossoy		relation	74318	boundary	administrative	3.4790514	49.0423987	16	0.592012070091598		Fossoy	Château-Thierry	Metropolitan France	France	fr	Fossoy, Château-Thierry, Aisne, Hauts-de-France, Metropolitan France, France	3.4630076	49.0141713	3.5007886	49.0708339	Q843101	fr:Fossoy	
Lucy-le-Bocage		relation	1741406	boundary	administrative	3.2747630	49.0551840	16	0.592012070091598		Lucy-le-Bocage	Château-Thierry	Metropolitan France	France	fr	Lucy-le-Bocage, Château-Thierry, Aisne, Hauts-de-France, Metropolitan France, France	3.2548810	49.0394384	3.2961598	49.0721460	Q872192	fr:Lucy-le-Bocage	
Petit-Verly		relation	153482	boundary	administrative	3.5645202	49.9608699	16	0.592012070091598		Petit-Verly	Vervins	Metropolitan France	France	fr	Petit-Verly, Vervins, Aisne, Hauts-de-France, Metropolitan France, France	3.5483165	49.9419833	3.5807689	49.9798109	Q870565	fr:Petit-Verly	
Gergny		relation	152970	boundary	administrative	3.9288007	49.9339591	16	0.592012070091598		Gergny	Vervins	Metropolitan France	France	fr	Gergny, Vervins, Aisne, Hauts-de-France, Metropolitan France, France	3.9176739	49.9076843	3.9431015	49.9601368	Q430223	fr:Gergny	
Luzoir		relation	153125	boundary	administrative	3.9584855	49.9315110	16	0.592012070091598		Luzoir	Vervins	Metropolitan France	France	fr	Luzoir, Vervins, Aisne, Hauts-de-France, Metropolitan France, France	3.9358000	49.9094334	3.9834725	49.9536216	Q872357	fr:Luzoir	
Contescourt		relation	152236	boundary	administrative	3.2294958	49.7920485	16	0.592002146930713		Contescourt	Saint-Quentin	Metropolitan France	France	fr	Contescourt, Saint-Quentin, Aisne, Hauts-de-France, Metropolitan France, France	3.2135667	49.7794534	3.2550241	49.8047681	Q849333	fr:Contescourt	
Effry		relation	152302	boundary	administrative	3.9883205	49.9190442	16	0.592002146930713		Effry	Vervins	Metropolitan France	France	fr	Effry, Vervins, Aisne, Hauts-de-France, Metropolitan France, France	3.9762540	49.9073015	3.9999196	49.9308414	Q990720	fr:Effry	
Lerzy		relation	153106	boundary	administrative	3.8799623	49.9504206	16	0.592002146930713		Lerzy	Vervins	Metropolitan France	France	fr	Lerzy, Vervins, Aisne, Hauts-de-France, Metropolitan France, France	3.8553987	49.9291914	3.9107085	49.9715531	Q846108	fr:Lerzy	
Ramicourt		relation	153501	boundary	administrative	3.3274996	49.9614102	16	0.592002146930713		Ramicourt	Saint-Quentin	Metropolitan France	France	fr	Ramicourt, Saint-Quentin, Aisne, Hauts-de-France, Metropolitan France, France	3.3148998	49.9451077	3.3531158	49.9771813	Q868224	fr:Ramicourt	
Montbéliard	몽벨리아르,モンベリアル,มงเบลียาร์,Monbeljaras,مونتبلیر,مونتبليار,Манбэльяр,Монбелијар,Монбельяр,蒙贝利亚尔	relation	115177	boundary	administrative	6.7921424	47.5173514	16	0.592002146930713		Montbéliard	Montbéliard	Metropolitan France	France	fr	Montbéliard, Montbéliard, Doubs, Bourgogne-Franche-Comté, Metropolitan France, France	6.7418939	47.4906340	6.8247303	47.5430530	Q154715	fr:Montbéliard	
Goussancourt		relation	1775645	boundary	administrative	3.6577938	49.1638896	16	0.591992222302664		Goussancourt	Château-Thierry	Metropolitan France	France	fr	Goussancourt, Château-Thierry, Aisne, Hauts-de-France, Metropolitan France, France	3.6248464	49.1484389	3.6838881	49.1792948	Q875470	fr:Goussancourt	
Gronard		relation	152994	boundary	administrative	3.8790161	49.7964198	16	0.591992222302664		Gronard	Vervins	Metropolitan France	France	fr	Gronard, Vervins, Aisne, Hauts-de-France, Metropolitan France, France	3.8464729	49.7845096	3.9084061	49.8097980	Q1062132	fr:Gronard	
Vézilly		relation	1775848	boundary	administrative	3.6838255	49.1878513	16	0.591992222302664		Vézilly	Château-Thierry	Metropolitan France	France	fr	Vézilly, Château-Thierry, Aisne, Hauts-de-France, Metropolitan France, France	3.6562347	49.1647556	3.7069882	49.2109183	Q868141	fr:Vézilly	
Courtemont-Varennes		relation	2955236	boundary	administrative	3.5422540	49.0721414	16	0.591992222302664		Courtemont-Varennes	Château-Thierry	Metropolitan France	France	fr	Courtemont-Varennes, Château-Thierry, Aisne, Hauts-de-France, Metropolitan France, France	3.5230210	49.0570955	3.5595465	49.0866582	Q525151	fr:Courtemont-Varennes	
Cramaille		relation	415676	boundary	administrative	3.4517909	49.2256526	16	0.591992222302664		Cramaille	Soissons	Metropolitan France	France	fr	Cramaille, Soissons, Aisne, Hauts-de-France, Metropolitan France, France	3.4268260	49.2119204	3.4839709	49.2416792	Q322122	fr:Cramaille	
Fontaine-Uterte		relation	152756	boundary	administrative	3.3672558	49.9266140	16	0.591982296207017		Fontaine-Uterte	Saint-Quentin	Metropolitan France	France	fr	Fontaine-Uterte, Saint-Quentin, Aisne, Hauts-de-France, Metropolitan France, France	3.3500337	49.9102425	3.3873554	49.9429725	Q850111	fr:Fontaine-Uterte	
Hautevesnes		relation	2955025	boundary	administrative	3.2394452	49.1140294	16	0.591982296207017		Hautevesnes	Château-Thierry	Metropolitan France	France	fr	Hautevesnes, Château-Thierry, Aisne, Hauts-de-France, Metropolitan France, France	3.2095475	49.0912210	3.2539062	49.1367241	Q844834	fr:Hautevesnes	
Brasles		relation	74174	boundary	administrative	3.4269466	49.0581947	16	0.591982296207017		Brasles	Château-Thierry	Metropolitan France	France	fr	Brasles, Château-Thierry, Aisne, Hauts-de-France, Metropolitan France, France	3.3936907	49.0423607	3.4458061	49.0734261	Q849741	fr:Brasles	
Haution		relation	153009	boundary	administrative	3.8252084	49.8712400	16	0.591982296207017		Haution	Vervins	Metropolitan France	France	fr	Haution, Vervins, Aisne, Hauts-de-France, Metropolitan France, France	3.7950251	49.8530352	3.8760797	49.8887331	Q846405	fr:Haution	
Erloy		relation	152308	boundary	administrative	3.8336941	49.9203150	16	0.591982296207017		Erloy	Vervins	Metropolitan France	France	fr	Erloy, Vervins, Aisne, Hauts-de-France, Metropolitan France, France	3.8116048	49.9057266	3.8669333	49.9351629	Q940408	fr:Erloy	
Gibercourt		relation	152983	boundary	administrative	3.2793231	49.7424868	16	0.591982296207017		Gibercourt	Saint-Quentin	Metropolitan France	France	fr	Gibercourt, Saint-Quentin, Aisne, Hauts-de-France, Metropolitan France, France	3.2737019	49.7284252	3.2962398	49.7567051	Q847065	fr:Gibercourt	
Licy-Clignon		relation	2954646	boundary	administrative	3.2657931	49.1025347	16	0.591982296207017		Licy-Clignon	Château-Thierry	Metropolitan France	France	fr	Licy-Clignon, Château-Thierry, Aisne, Hauts-de-France, Metropolitan France, France	3.2476899	49.0911119	3.2830228	49.1140333	Q845914	fr:Licy-Clignon	
Romeny-sur-Marne		relation	2953118	boundary	administrative	3.3342094	48.9846545	16	0.591982296207017		Romeny-sur-Marne	Château-Thierry	Metropolitan France	France	fr	Romeny-sur-Marne, Château-Thierry, Aisne, Hauts-de-France, Metropolitan France, France	3.3203088	48.9700722	3.3491830	48.9995485	Q869139	fr:Romeny-sur-Marne	
Beuvardes		relation	2773267	boundary	administrative	3.4987169	49.1275923	16	0.591972368643339		Beuvardes	Château-Thierry	Metropolitan France	France	fr	Beuvardes, Château-Thierry, Aisne, Hauts-de-France, Metropolitan France, France	3.4581150	49.1005410	3.5190009	49.1552063	Q864500	fr:Beuvardes	
Lempire		relation	150488	boundary	administrative	3.1706654	49.9979426	16	0.591972368643339		Lempire	Saint-Quentin	Metropolitan France	France	fr	Lempire, Saint-Quentin, Aisne, Hauts-de-France, Metropolitan France, France	3.1556778	49.9851951	3.1947625	50.0100387	Q846293	fr:Lempire	
Hinacourt		relation	153010	boundary	administrative	3.2950598	49.7462960	16	0.591972368643339		Hinacourt	Saint-Quentin	Metropolitan France	France	fr	Hinacourt, Saint-Quentin, Aisne, Hauts-de-France, Metropolitan France, France	3.2788409	49.7357244	3.3097378	49.7567626	Q849954	fr:Hinacourt	
Harcigny		relation	153005	boundary	administrative	3.9816730	49.8086269	16	0.591972368643339		Harcigny	Vervins	Metropolitan France	France	fr	Harcigny, Vervins, Aisne, Hauts-de-France, Metropolitan France, France	3.9536851	49.7866708	4.0003418	49.8297978	Q846985	fr:Harcigny	
Cambridgeshire		relation	180837	boundary	administrative	-0.0449414	52.3729654	12	0.591972368643339			Cambridgeshire	England	United Kingdom	gb	Cambridgeshire, East of England, England, United Kingdom	-0.4998962	52.0057790	0.5144549	52.7399783	Q23112	en:Cambridgeshire	
Proix		relation	153497	boundary	administrative	3.5763497	49.9015263	16	0.591972368643339		Proix	Vervins	Metropolitan France	France	fr	Proix, Vervins, Aisne, Hauts-de-France, Metropolitan France, France	3.5591719	49.8925719	3.5944480	49.9114087	Q869244	fr:Proix	
Bussiares		relation	1764573	boundary	administrative	3.2483954	49.0749490	16	0.591962439611195		Bussiares	Château-Thierry	Metropolitan France	France	fr	Bussiares, Château-Thierry, Aisne, Hauts-de-France, Metropolitan France, France	3.2328640	49.0560030	3.2674429	49.0940429	Q849172	fr:Bussiares	
Macquigny		relation	153127	boundary	administrative	3.5680320	49.8716097	16	0.591962439611195		Macquigny	Vervins	Metropolitan France	France	fr	Macquigny, Vervins, Aisne, Hauts-de-France, Metropolitan France, France	3.5306518	49.8448521	3.6074110	49.8980320	Q1020191	fr:Macquigny	
Saint-Gengoulph		relation	2955019	boundary	administrative	3.2179359	49.1151695	16	0.591962439611195		Saint-Gengoulph	Château-Thierry	Metropolitan France	France	fr	Saint-Gengoulph, Château-Thierry, Aisne, Hauts-de-France, Metropolitan France, France	3.1892298	49.0932927	3.2365470	49.1375583	Q846328	fr:Saint-Gengoulph	
Trefcon		relation	150533	boundary	administrative	3.0891475	49.8621415	16	0.591962439611195		Trefcon	Saint-Quentin	Metropolitan France	France	fr	Trefcon, Saint-Quentin, Aisne, Hauts-de-France, Metropolitan France, France	3.0702671	49.8457003	3.1073084	49.8785796	Q850128	fr:Trefcon	
Fresnes-en-Tardenois		relation	2955951	boundary	administrative	3.5503007	49.1448583	16	0.59195250911015		Fresnes-en-Tardenois	Château-Thierry	Metropolitan France	France	fr	Fresnes-en-Tardenois, Château-Thierry, Aisne, Hauts-de-France, Metropolitan France, France	3.5243170	49.1212825	3.5781365	49.1681332	Q849937	fr:Fresnes-en-Tardenois	
Villeneuve-sur-Fère		relation	153715	boundary	administrative	3.4740092	49.1708883	16	0.59195250911015		Villeneuve-sur-Fère	Château-Thierry	Metropolitan France	France	fr	Villeneuve-sur-Fère, Château-Thierry, Aisne, Hauts-de-France, Metropolitan France, France	3.4501932	49.1492782	3.5043009	49.1926334	Q995372	fr:Villeneuve-sur-Fère	
Veuilly-la-Poterie		relation	2954181	boundary	administrative	3.2168777	49.0816401	16	0.59195250911015		Veuilly-la-Poterie	Château-Thierry	Metropolitan France	France	fr	Veuilly-la-Poterie, Château-Thierry, Aisne, Hauts-de-France, Metropolitan France, France	3.1996825	49.0642130	3.2373200	49.0988143	Q682408	fr:Veuilly-la-Poterie	
Saint-Bandry		relation	445954	boundary	administrative	3.1510531	49.3644065	16	0.59195250911015		Saint-Bandry	Soissons	Metropolitan France	France	fr	Saint-Bandry, Soissons, Aisne, Hauts-de-France, Metropolitan France, France	3.1149640	49.3522862	3.1789709	49.3765534	Q1020209	fr:Saint-Bandry	
Audigny		relation	149347	boundary	administrative	3.6357663	49.8651017	16	0.59195250911015		Audigny	Vervins	Metropolitan France	France	fr	Audigny, Vervins, Aisne, Hauts-de-France, Metropolitan France, France	3.5945444	49.8481712	3.6681726	49.8818111	Q853989	fr:Audigny	
Chivres-Val		relation	74001	boundary	administrative	3.4442252	49.4045241	16	0.59195250911015		Chivres-Val	Soissons	Metropolitan France	France	fr	Chivres-Val, Soissons, Aisne, Hauts-de-France, Metropolitan France, France	3.4162425	49.3894002	3.4578770	49.4204690	Q849206	fr:Chivres-Val	
Happencourt		relation	2950160	boundary	administrative	3.1843011	49.7811292	16	0.59195250911015		Happencourt	Saint-Quentin	Metropolitan France	France	fr	Happencourt, Saint-Quentin, Aisne, Hauts-de-France, Metropolitan France, France	3.1656833	49.7654511	3.2017540	49.7972885	Q846302	fr:Happencourt	
Chaudun		relation	74009	boundary	administrative	3.2488772	49.3139509	16	0.59195250911015		Chaudun	Soissons	Metropolitan France	France	fr	Chaudun, Soissons, Aisne, Hauts-de-France, Metropolitan France, France	3.2213640	49.2999849	3.2798914	49.3281298	Q847302	fr:Chaudun	
Telluride		relation	112653	place	town	-107.8161232	37.9387440	18	0.59195250911015		Telluride	San Miguel County	Colorado	United States of America	us	Telluride, San Miguel County, Colorado, United States of America	-107.8712291	37.9322530	-107.7999360	37.9516960	Q1641728	en:Telluride, Colorado	
Rozet-Saint-Albin		relation	2952240	boundary	administrative	3.2983384	49.1979453	16	0.591942577139771		Rozet-Saint-Albin	Château-Thierry	Metropolitan France	France	fr	Rozet-Saint-Albin, Château-Thierry, Aisne, Hauts-de-France, Metropolitan France, France	3.2601886	49.1846680	3.3288974	49.2113151	Q869071	fr:Rozet-Saint-Albin	
Nogentel		relation	74314	boundary	administrative	3.3989479	49.0153857	16	0.591942577139771		Nogentel	Château-Thierry	Metropolitan France	France	fr	Nogentel, Château-Thierry, Aisne, Hauts-de-France, Metropolitan France, France	3.3806460	48.9950448	3.4275165	49.0347551	Q869341	fr:Nogentel	
Papleux		relation	153475	boundary	administrative	3.8789964	50.0165992	16	0.591942577139771		Papleux	Vervins	Metropolitan France	France	fr	Papleux, Vervins, Aisne, Hauts-de-France, Metropolitan France, France	3.8702092	50.0059164	3.8895842	50.0273775	Q870847	fr:Papleux	
Brissay-Choigny		relation	150576	boundary	administrative	3.4048545	49.7223032	16	0.591942577139771		Brissay-Choigny	Saint-Quentin	Metropolitan France	France	fr	Brissay-Choigny, Saint-Quentin, Aisne, Hauts-de-France, Metropolitan France, France	3.3641009	49.7082684	3.4446514	49.7362361	Q843139	fr:Brissay-Choigny	
Bonnesvalyn		relation	2954439	boundary	administrative	3.3123809	49.1225224	16	0.591942577139771		Bonnesvalyn	Château-Thierry	Metropolitan France	France	fr	Bonnesvalyn, Château-Thierry, Aisne, Hauts-de-France, Metropolitan France, France	3.2976579	49.1088487	3.3598647	49.1376147	Q840319	fr:Bonnesvalyn	
Brancourt-le-Grand		relation	150548	boundary	administrative	3.3960119	49.9797495	16	0.591942577139771		Brancourt-le-Grand	Saint-Quentin	Metropolitan France	France	fr	Brancourt-le-Grand, Saint-Quentin, Aisne, Hauts-de-France, Metropolitan France, France	3.3656792	49.9573668	3.4253369	50.0022397	Q875061	fr:Brancourt-le-Grand	
Rozoy-Bellevalle		relation	2954508	boundary	administrative	3.4479456	48.9269330	16	0.591942577139771		Rozoy-Bellevalle	Château-Thierry	Metropolitan France	France	fr	Rozoy-Bellevalle, Château-Thierry, Aisne, Hauts-de-France, Metropolitan France, France	3.4206433	48.9139829	3.4757412	48.9398517	Q867498	fr:Rozoy-Bellevalle	
Itancourt		relation	153016	boundary	administrative	3.3510831	49.8030503	16	0.591942577139771		Itancourt	Saint-Quentin	Metropolitan France	France	fr	Itancourt, Saint-Quentin, Aisne, Hauts-de-France, Metropolitan France, France	3.3230107	49.7889387	3.3769564	49.8169226	Q846415	fr:Itancourt	
Levergies		relation	153115	boundary	administrative	3.3104057	49.9342079	16	0.591942577139771		Levergies	Saint-Quentin	Metropolitan France	France	fr	Levergies, Saint-Quentin, Aisne, Hauts-de-France, Metropolitan France, France	3.2903145	49.9145173	3.3340066	49.9539202	Q846211	fr:Levergies	
Essômes-sur-Marne	Эссом-сюр-Марн	relation	74315	boundary	administrative	3.3416725	49.0333812	16	0.591932643699621		Essômes-sur-Marne	Château-Thierry	Metropolitan France	France	fr	Essômes-sur-Marne, Château-Thierry, Aisne, Hauts-de-France, Metropolitan France, France	3.2926600	48.9995485	3.3928146	49.0660427	Q989956	fr:Essômes-sur-Marne	
Honfleur		relation	126415	boundary	administrative	0.2357654	49.4085824	16	0.591932643699621		Honfleur	Lisieux	Metropolitan France	France	fr	Honfleur, Lisieux, Calvados, Normandy, Metropolitan France, France	0.1837465	49.3884574	0.2754477	49.4286685	Q231720	fr:Honfleur	
Saulchery		relation	2953089	boundary	administrative	3.3081584	48.9820591	16	0.591932643699621		Saulchery	Château-Thierry	Metropolitan France	France	fr	Saulchery, Château-Thierry, Aisne, Hauts-de-France, Metropolitan France, France	3.2969301	48.9687869	3.3277107	48.9953382	Q591178	fr:Saulchery	
Lavaqueresse		relation	153049	boundary	administrative	3.7192493	49.9452365	16	0.591932643699621		Lavaqueresse	Vervins	Metropolitan France	France	fr	Lavaqueresse, Vervins, Aisne, Hauts-de-France, Metropolitan France, France	3.6894560	49.9355208	3.7435088	49.9549415	Q1062161	fr:Lavaqueresse	
Chacrise		relation	412133	boundary	administrative	3.3895017	49.3006758	16	0.591932643699621		Chacrise	Soissons	Metropolitan France	France	fr	Chacrise, Soissons, Aisne, Hauts-de-France, Metropolitan France, France	3.3585711	49.2788646	3.4342713	49.3225669	Q847650	fr:Chacrise	
